product,category,neighbor,neighbor_category,rank,similarity_pct
Biquíni Alann Marrom,Biquínis,Biquíni Easton Marrom,Biquínis,1,98.44
Biquíni Alann Marrom,Biquínis,Biquíni Landon Marrom,Biquínis,2,96.25
Biquíni Alann Marrom,Biquínis,Biquíni Alann Pérola,Biquínis,3,93.64
Biquíni Alann Marrom,Biquínis,Biquíni Alann Preto,Biquínis,4,93.64
Biquíni Alann Marrom,Biquínis,Biquíni Castillo Preto,Biquínis,5,93.29
Biquíni Alann Marrom,Biquínis,Biquíni Castillo Off-White,Biquínis,6,93.29
Biquíni Alann Pérola,Biquínis,Biquíni Bonneville Pérola,Biquínis,1,99.12
Biquíni Alann Pérola,Biquínis,Biquíni Vitto Pérola,Biquínis,2,98.1
Biquíni Alann Pérola,Biquínis,Biquíni Landon Pérola,Biquínis,3,96.25
Biquíni Alann Pérola,Biquínis,Biquíni Alann Marrom,Biquínis,4,93.64
Biquíni Alann Pérola,Biquínis,Biquíni Alann Preto,Biquínis,5,93.64
Biquíni Alann Pérola,Biquínis,Biquíni Finca Pérola,Biquínis,6,93.58
Biquíni Alann Preto,Biquínis,Biquíni Castillo Preto,Biquínis,1,99.91
Biquíni Alann Preto,Biquínis,Biquíni Bonneville Preto,Biquínis,2,99.12
Biquíni Alann Preto,Biquínis,Biquíni Easton Preto,Biquínis,3,98.44
Biquíni Alann Preto,Biquínis,Biquíni Vitto Preto,Biquínis,4,98.1
Biquíni Alann Preto,Biquínis,Biquíni Taut Preto,Biquínis,5,96.75
Biquíni Alann Preto,Biquínis,Biquíni Landon Preto,Biquínis,6,96.25
Biquíni Alessio Castanho,Biquínis,Biquíni Vince Castanho,Biquínis,1,98.73
Biquíni Alessio Castanho,Biquínis,Biquíni Mark Castanho,Biquínis,2,98.62
Biquíni Alessio Castanho,Biquínis,Biquíni Conti Castanho,Biquínis,3,98.47
Biquíni Alessio Castanho,Biquínis,Biquíni Perez Castanho,Biquínis,4,92.8
Biquíni Alessio Castanho,Biquínis,Biquíni Alessio Preto,Biquínis,5,86.12
Biquíni Alessio Castanho,Biquínis,Biquíni Alessio Vermelho Carmim,Biquínis,6,86.12
Biquíni Alessio Preto,Biquínis,Biquíni Kobe Preto,Biquínis,1,98.73
Biquíni Alessio Preto,Biquínis,Biquíni Vince Preto,Biquínis,2,98.73
Biquíni Alessio Preto,Biquínis,Biquíni Mark Preto,Biquínis,3,98.62
Biquíni Alessio Preto,Biquínis,Biquíni Mies Preto,Biquínis,4,97.24
Biquíni Alessio Preto,Biquínis,Biquíni Azov Preto,Biquínis,5,94.92
Biquíni Alessio Preto,Biquínis,Biquíni Bardi Preto,Biquínis,6,93.9
Biquíni Alessio Vermelho Carmim,Biquínis,Biquíni Vince Vermelho Carmim,Biquínis,1,98.73
Biquíni Alessio Vermelho Carmim,Biquínis,Biquíni Conti Vermelho Carmim,Biquínis,2,98.47
Biquíni Alessio Vermelho Carmim,Biquínis,Biquíni Alessio Castanho,Biquínis,3,86.12
Biquíni Alessio Vermelho Carmim,Biquínis,Biquíni Alessio Preto,Biquínis,4,86.12
Biquíni Alessio Vermelho Carmim,Biquínis,Biquíni Hess Pérola,Biquínis,5,85.71
Biquíni Alessio Vermelho Carmim,Biquínis,Biquíni Duncan Cobre,Biquínis,6,85.42
Biquíni Arenella Azul Marinho,Biquínis,Biquíni Menorca Azul Marinho,Biquínis,1,89.84
Biquíni Arenella Azul Marinho,Biquínis,Biquíni Peter Preto,Biquínis,2,86.41
Biquíni Arenella Azul Marinho,Biquínis,Biquíni Peter Cobre,Biquínis,3,86.41
Biquíni Arenella Azul Marinho,Biquínis,Biquíni Harper Pérola,Biquínis,4,86.41
Biquíni Arenella Azul Marinho,Biquínis,Biquíni Harper Preto,Biquínis,5,86.41
Biquíni Arenella Azul Marinho,Biquínis,Biquíni Miller Preto,Biquínis,6,86.19
Biquíni Arenella Off-White,Biquínis,Biquíni Bardi Off-White,Biquínis,1,99.68
Biquíni Arenella Off-White,Biquínis,Biquíni Bernie Off-White,Biquínis,2,95.44
Biquíni Arenella Off-White,Biquínis,Biquíni Marzan Off-White,Biquínis,3,95.31
Biquíni Arenella Off-White,Biquínis,Biquíni Nari Off-White,Biquínis,4,93.2
Biquíni Arenella Off-White,Biquínis,Biquíni Mies Off-White,Biquínis,5,93.07
Biquíni Arenella Off-White,Biquínis,Biquíni Sopka Off-White,Biquínis,6,93.04
Biquíni Arenella Preto,Biquínis,Biquíni Harper Preto,Biquínis,1,99.74
Biquíni Arenella Preto,Biquínis,Biquíni Peter Preto,Biquínis,2,99.74
Biquíni Arenella Preto,Biquínis,Biquíni Bardi Preto,Biquínis,3,99.68
Biquíni Arenella Preto,Biquínis,Biquíni Perez Preto,Biquínis,4,99.67
Biquíni Arenella Preto,Biquínis,Biquíni Miller Preto,Biquínis,5,99.67
Biquíni Arenella Preto,Biquínis,Biquíni Galea Preto,Biquínis,6,99.0
Biquíni Arenella Rosê,Biquínis,Biquíni Peter Preto,Biquínis,1,86.41
Biquíni Arenella Rosê,Biquínis,Biquíni Peter Cobre,Biquínis,2,86.41
Biquíni Arenella Rosê,Biquínis,Biquíni Harper Preto,Biquínis,3,86.41
Biquíni Arenella Rosê,Biquínis,Biquíni Harper Pérola,Biquínis,4,86.41
Biquíni Arenella Rosê,Biquínis,Biquíni Miller Vermelho,Biquínis,5,86.19
Biquíni Arenella Rosê,Biquínis,Biquíni Miller Preto,Biquínis,6,86.19
Biquíni Atticus Pérola,Biquínis,Biquíni Riva Pérola,Biquínis,1,99.92
Biquíni Atticus Pérola,Biquínis,Biquíni Eaton Pérola,Biquínis,2,99.7
Biquíni Atticus Pérola,Biquínis,Biquíni Julian Pérola,Biquínis,3,99.36
Biquíni Atticus Pérola,Biquínis,Biquíni Malawi Pérola,Biquínis,4,99.17
Biquíni Atticus Pérola,Biquínis,Biquíni Hali Pérola,Biquínis,5,99.08
Biquíni Atticus Pérola,Biquínis,Biquíni Bercy Pérola,Biquínis,6,98.82
Biquíni Atticus Terracota,Biquínis,Biquíni Atticus Pérola,Biquínis,1,90.31
Biquíni Atticus Terracota,Biquínis,Biquíni Eaton Cobre,Biquínis,2,90.03
Biquíni Atticus Terracota,Biquínis,Biquíni Eaton Preto,Biquínis,3,90.03
Biquíni Atticus Terracota,Biquínis,Biquíni Eaton Pérola,Biquínis,4,90.03
Biquíni Atticus Terracota,Biquínis,Biquíni Riva Azul Índigo,Biquínis,5,90.0
Biquíni Atticus Terracota,Biquínis,Biquíni Riva Preto,Biquínis,6,90.0
Biquíni Azov Preto,Biquínis,Biquíni Menorca Preto,Biquínis,1,99.73
Biquíni Azov Preto,Biquínis,Biquíni Mies Preto,Biquínis,2,99.63
Biquíni Azov Preto,Biquínis,Biquíni Kobe Preto,Biquínis,3,98.71
Biquíni Azov Preto,Biquínis,Biquíni Vince Preto,Biquínis,4,98.71
Biquíni Azov Preto,Biquínis,Biquíni Alessio Preto,Biquínis,5,94.92
Biquíni Azov Preto,Biquínis,Biquíni Galea Preto,Biquínis,6,94.2
Biquíni Bardi Cobre,Biquínis,Biquíni Peter Cobre,Biquínis,1,98.92
Biquíni Bardi Cobre,Biquínis,Biquíni Miller Cobre,Biquínis,2,98.73
Biquíni Bardi Cobre,Biquínis,Biquíni Capanema Cobre,Biquínis,3,97.52
Biquíni Bardi Cobre,Biquínis,Biquíni Eaton Cobre,Biquínis,4,95.6
Biquíni Bardi Cobre,Biquínis,Biquíni Duncan Cobre,Biquínis,5,93.01
Biquíni Bardi Cobre,Biquínis,Biquíni Kobe Cobre,Biquínis,6,92.8
Biquíni Bardi Off-White,Biquínis,Biquíni Arenella Off-White,Biquínis,1,99.68
Biquíni Bardi Off-White,Biquínis,Biquíni Bernie Off-White,Biquínis,2,94.6
Biquíni Bardi Off-White,Biquínis,Biquíni Marzan Off-White,Biquínis,3,94.27
Biquíni Bardi Off-White,Biquínis,Biquíni Mies Off-White,Biquínis,4,91.53
Biquíni Bardi Off-White,Biquínis,Biquíni Nari Off-White,Biquínis,5,91.1
Biquíni Bardi Off-White,Biquínis,Biquíni Sopka Off-White,Biquínis,6,89.83
Biquíni Bardi Preto,Biquínis,Biquíni Arenella Preto,Biquínis,1,99.68
Biquíni Bardi Preto,Biquínis,Biquíni Peter Preto,Biquínis,2,98.92
Biquíni Bardi Preto,Biquínis,Biquíni Harper Preto,Biquínis,3,98.92
Biquíni Bardi Preto,Biquínis,Biquíni Miller Preto,Biquínis,4,98.73
Biquíni Bardi Preto,Biquínis,Biquíni Perez Preto,Biquínis,5,98.73
Biquíni Bardi Preto,Biquínis,Biquíni Galea Preto,Biquínis,6,97.58
Biquíni Bercy Pérola,Biquínis,Biquíni Malawi Pérola,Biquínis,1,99.97
Biquíni Bercy Pérola,Biquínis,Biquíni Eaton Pérola,Biquínis,2,99.67
Biquíni Bercy Pérola,Biquínis,Biquíni Riva Pérola,Biquínis,3,99.02
Biquíni Bercy Pérola,Biquínis,Biquíni Atticus Pérola,Biquínis,4,98.82
Biquíni Bercy Pérola,Biquínis,Biquíni Julian Pérola,Biquínis,5,96.46
Biquíni Bercy Pérola,Biquínis,Biquíni Hali Pérola,Biquínis,6,95.85
Biquíni Bercy Preto,Biquínis,Biquíni Eaton Preto,Biquínis,1,99.67
Biquíni Bercy Preto,Biquínis,Biquíni Riva Preto,Biquínis,2,99.02
Biquíni Bercy Preto,Biquínis,Biquíni Julian Preto,Biquínis,3,96.46
Biquíni Bercy Preto,Biquínis,Biquíni Dion Preto,Biquínis,4,95.85
Biquíni Bercy Preto,Biquínis,Biquíni Hali Preto,Biquínis,5,95.85
Biquíni Bercy Preto,Biquínis,Biquíni Marzan Preto,Biquínis,6,95.85
Biquíni Bernie Off-White,Biquínis,Biquíni Marzan Off-White,Biquínis,1,99.96
Biquíni Bernie Off-White,Biquínis,Biquíni Nari Off-White,Biquínis,2,98.7
Biquíni Bernie Off-White,Biquínis,Biquíni Arenella Off-White,Biquínis,3,95.44
Biquíni Bernie Off-White,Biquínis,Biquíni Bardi Off-White,Biquínis,4,94.6
Biquíni Bernie Off-White,Biquínis,Biquíni Sopka Off-White,Biquínis,5,91.24
Biquíni Bernie Off-White,Biquínis,Biquíni Marzan Preto,Biquínis,6,89.92
Biquíni Bonneville Pérola,Biquínis,Biquíni Alann Pérola,Biquínis,1,99.12
Biquíni Bonneville Pérola,Biquínis,Biquíni Vitto Pérola,Biquínis,2,98.8
Biquíni Bonneville Pérola,Biquínis,Biquíni Landon Pérola,Biquínis,3,97.22
Biquíni Bonneville Pérola,Biquínis,Biquíni Finca Pérola,Biquínis,4,94.9
Biquíni Bonneville Pérola,Biquínis,Biquíni Bonneville Preto,Biquínis,5,92.51
Biquíni Bonneville Pérola,Biquínis,Biquíni Castillo Preto,Biquínis,6,92.41
Biquíni Bonneville Preto,Biquínis,Biquíni Castillo Preto,Biquínis,1,99.58
Biquíni Bonneville Preto,Biquínis,Biquíni Alann Preto,Biquínis,2,99.12
Biquíni Bonneville Preto,Biquínis,Biquíni Easton Preto,Biquínis,3,99.02
Biquíni Bonneville Preto,Biquínis,Biquíni Vitto Preto,Biquínis,4,98.8
Biquíni Bonneville Preto,Biquínis,Biquíni Taut Preto,Biquínis,5,97.85
Biquíni Bonneville Preto,Biquínis,Biquíni Landon Preto,Biquínis,6,97.22
Biquíni Capanema Cobre,Biquínis,Biquíni Miller Cobre,Biquínis,1,99.75
Biquíni Capanema Cobre,Biquínis,Biquíni Peter Cobre,Biquínis,2,99.57
Biquíni Capanema Cobre,Biquínis,Biquíni Bardi Cobre,Biquínis,3,97.52
Biquíni Capanema Cobre,Biquínis,Biquíni Kobe Cobre,Biquínis,4,93.91
Biquíni Capanema Cobre,Biquínis,Biquíni Duncan Cobre,Biquínis,5,93.78
Biquíni Capanema Cobre,Biquínis,Biquíni Eaton Cobre,Biquínis,6,92.29
Biquíni Capanema Pérola,Biquínis,Biquíni Perez Pérola,Biquínis,1,99.75
Biquíni Capanema Pérola,Biquínis,Biquíni Harper Pérola,Biquínis,2,99.57
Biquíni Capanema Pérola,Biquínis,Biquíni Hali Pérola,Biquínis,3,95.63
Biquíni Capanema Pérola,Biquínis,Biquíni Julian Pérola,Biquínis,4,95.39
Biquíni Capanema Pérola,Biquínis,Biquíni Atticus Pérola,Biquínis,5,94.05
Biquíni Capanema Pérola,Biquínis,Biquíni Conti Pérola,Biquínis,6,94.01
Biquíni Capanema Preto,Biquínis,Biquíni Galea Preto,Biquínis,1,99.93
Biquíni Capanema Preto,Biquínis,Biquíni Perez Preto,Biquínis,2,99.75
Biquíni Capanema Preto,Biquínis,Biquíni Miller Preto,Biquínis,3,99.75
Biquíni Capanema Preto,Biquínis,Biquíni Peter Preto,Biquínis,4,99.57
Biquíni Capanema Preto,Biquínis,Biquíni Harper Preto,Biquínis,5,99.57
Biquíni Capanema Preto,Biquínis,Biquíni Arenella Preto,Biquínis,6,98.97
Biquíni Castillo Off-White,Biquínis,Biquíni Easton Off-White,Biquínis,1,98.95
Biquíni Castillo Off-White,Biquínis,Biquíni Taut Off-White,Biquínis,2,97.49
Biquíni Castillo Off-White,Biquínis,Biquíni Lorian Off-White,Biquínis,3,95.73
Biquíni Castillo Off-White,Biquínis,Biquíni Alann Preto,Biquínis,4,93.29
Biquíni Castillo Off-White,Biquínis,Biquíni Alann Pérola,Biquínis,5,93.29
Biquíni Castillo Off-White,Biquínis,Biquíni Alann Marrom,Biquínis,6,93.29
Biquíni Castillo Preto,Biquínis,Biquíni Alann Preto,Biquínis,1,99.91
Biquíni Castillo Preto,Biquínis,Biquíni Bonneville Preto,Biquínis,2,99.58
Biquíni Castillo Preto,Biquínis,Biquíni Easton Preto,Biquínis,3,98.95
Biquíni Castillo Preto,Biquínis,Biquíni Vitto Preto,Biquínis,4,98.66
Biquíni Castillo Preto,Biquínis,Biquíni Taut Preto,Biquínis,5,97.49
Biquíni Castillo Preto,Biquínis,Biquíni Landon Preto,Biquínis,6,96.5
Biquíni Castillo Terracota,Biquínis,Biquíni Alann Marrom,Biquínis,1,93.29
Biquíni Castillo Terracota,Biquínis,Biquíni Alann Preto,Biquínis,2,93.29
Biquíni Castillo Terracota,Biquínis,Biquíni Alann Pérola,Biquínis,3,93.29
Biquíni Castillo Terracota,Biquínis,Biquíni Castillo Off-White,Biquínis,4,93.13
Biquíni Castillo Terracota,Biquínis,Biquíni Castillo Preto,Biquínis,5,93.13
Biquíni Castillo Terracota,Biquínis,Biquíni Bonneville Pérola,Biquínis,6,92.41
Biquíni Clark Fúcsia,Biquínis,Biquíni Lusty Fúcsia,Biquínis,1,99.98
Biquíni Clark Fúcsia,Biquínis,Biquíni Cyprus Fúcsia,Biquínis,2,99.98
Biquíni Clark Fúcsia,Biquínis,Biquíni Menorca Azul Marinho,Biquínis,3,88.2
Biquíni Clark Fúcsia,Biquínis,Biquíni Menorca Preto,Biquínis,4,88.2
Biquíni Clark Fúcsia,Biquínis,Biquíni Cyprus Azul Turquesa,Biquínis,5,88.15
Biquíni Clark Fúcsia,Biquínis,Biquíni Cyprus Off-White,Biquínis,6,88.15
Biquíni Conti Castanho,Biquínis,Biquíni Vince Castanho,Biquínis,1,99.99
Biquíni Conti Castanho,Biquínis,Biquíni Alessio Castanho,Biquínis,2,98.47
Biquíni Conti Castanho,Biquínis,Biquíni Perez Castanho,Biquínis,3,94.25
Biquíni Conti Castanho,Biquínis,Biquíni Mark Castanho,Biquínis,4,94.23
Biquíni Conti Castanho,Biquínis,Biquíni Mies Preto,Biquínis,5,87.23
Biquíni Conti Castanho,Biquínis,Biquíni Mies Azul Turquesa,Biquínis,6,87.23
Biquíni Conti Pérola,Biquínis,Biquíni Kobe Pérola,Biquínis,1,99.99
Biquíni Conti Pérola,Biquínis,Biquíni Vince Pérola,Biquínis,2,99.99
Biquíni Conti Pérola,Biquínis,Biquíni Hess Pérola,Biquínis,3,99.91
Biquíni Conti Pérola,Biquínis,Biquíni Harper Pérola,Biquínis,4,94.27
Biquíni Conti Pérola,Biquínis,Biquíni Perez Pérola,Biquínis,5,94.25
Biquíni Conti Pérola,Biquínis,Biquíni Mark Pérola,Biquínis,6,94.23
Biquíni Conti Vermelho Carmim,Biquínis,Biquíni Vince Vermelho Carmim,Biquínis,1,99.99
Biquíni Conti Vermelho Carmim,Biquínis,Biquíni Alessio Vermelho Carmim,Biquínis,2,98.47
Biquíni Conti Vermelho Carmim,Biquínis,Biquíni Mies Off-White,Biquínis,3,87.23
Biquíni Conti Vermelho Carmim,Biquínis,Biquíni Mies Azul Turquesa,Biquínis,4,87.23
Biquíni Conti Vermelho Carmim,Biquínis,Biquíni Mies Preto,Biquínis,5,87.23
Biquíni Conti Vermelho Carmim,Biquínis,Biquíni Hess Pérola,Biquínis,6,87.19
Biquíni Cyprus Azul Turquesa,Biquínis,Biquíni Mies Azul Turquesa,Biquínis,1,98.51
Biquíni Cyprus Azul Turquesa,Biquínis,Biquíni Menorca Preto,Biquínis,2,88.15
Biquíni Cyprus Azul Turquesa,Biquínis,Biquíni Menorca Azul Marinho,Biquínis,3,88.15
Biquíni Cyprus Azul Turquesa,Biquínis,Biquíni Clark Fúcsia,Biquínis,4,88.15
Biquíni Cyprus Azul Turquesa,Biquínis,Biquíni Lusty Fúcsia,Biquínis,5,88.14
Biquíni Cyprus Azul Turquesa,Biquínis,Biquíni Cyprus Fúcsia,Biquínis,6,88.14
Biquíni Cyprus Fúcsia,Biquínis,Biquíni Lusty Fúcsia,Biquínis,1,100.0
Biquíni Cyprus Fúcsia,Biquínis,Biquíni Clark Fúcsia,Biquínis,2,99.98
Biquíni Cyprus Fúcsia,Biquínis,Biquíni Menorca Azul Marinho,Biquínis,3,88.15
Biquíni Cyprus Fúcsia,Biquínis,Biquíni Menorca Preto,Biquínis,4,88.15
Biquíni Cyprus Fúcsia,Biquínis,Biquíni Cyprus Azul Turquesa,Biquínis,5,88.14
Biquíni Cyprus Fúcsia,Biquínis,Biquíni Cyprus Off-White,Biquínis,6,88.14
Biquíni Cyprus Off-White,Biquínis,Biquíni Mies Off-White,Biquínis,1,98.51
Biquíni Cyprus Off-White,Biquínis,Biquíni Sopka Off-White,Biquínis,2,94.55
Biquíni Cyprus Off-White,Biquínis,Biquíni Arenella Off-White,Biquínis,3,89.31
Biquíni Cyprus Off-White,Biquínis,Biquíni Menorca Azul Marinho,Biquínis,4,88.15
Biquíni Cyprus Off-White,Biquínis,Biquíni Menorca Preto,Biquínis,5,88.15
Biquíni Cyprus Off-White,Biquínis,Biquíni Clark Fúcsia,Biquínis,6,88.15
Biquíni Dion Preto,Biquínis,Biquíni Marzan Preto,Biquínis,1,100.0
Biquíni Dion Preto,Biquínis,Biquíni Hali Preto,Biquínis,2,100.0
Biquíni Dion Preto,Biquínis,Biquíni Julian Preto,Biquínis,3,99.96
Biquíni Dion Preto,Biquínis,Biquíni Riva Preto,Biquínis,4,98.71
Biquíni Dion Preto,Biquínis,Biquíni Eaton Preto,Biquínis,5,97.74
Biquíni Dion Preto,Biquínis,Biquíni Bercy Preto,Biquínis,6,95.85
Biquíni Duncan Azul,Biquínis,Biquíni Kobe Azul,Biquínis,1,99.99
Biquíni Duncan Azul,Biquínis,Biquíni Hess Pérola,Biquínis,2,87.11
Biquíni Duncan Azul,Biquínis,Biquíni Mies Preto,Biquínis,3,86.89
Biquíni Duncan Azul,Biquínis,Biquíni Mies Azul Turquesa,Biquínis,4,86.89
Biquíni Duncan Azul,Biquínis,Biquíni Mies Off-White,Biquínis,5,86.89
Biquíni Duncan Azul,Biquínis,Biquíni Conti Castanho,Biquínis,6,86.85
Biquíni Duncan Cobre,Biquínis,Biquíni Kobe Cobre,Biquínis,1,99.99
Biquíni Duncan Cobre,Biquínis,Biquíni Peter Cobre,Biquínis,2,94.27
Biquíni Duncan Cobre,Biquínis,Biquíni Miller Cobre,Biquínis,3,94.2
Biquíni Duncan Cobre,Biquínis,Biquíni Capanema Cobre,Biquínis,4,93.78
Biquíni Duncan Cobre,Biquínis,Biquíni Bardi Cobre,Biquínis,5,93.01
Biquíni Duncan Cobre,Biquínis,Biquíni Hess Pérola,Biquínis,6,87.11
Biquíni Easton Azul Marinho,Biquínis,Biquíni Vitto Azul Marinho,Biquínis,1,99.98
Biquíni Easton Azul Marinho,Biquínis,Biquíni Castillo Preto,Biquínis,2,90.92
Biquíni Easton Azul Marinho,Biquínis,Biquíni Castillo Terracota,Biquínis,3,90.92
Biquíni Easton Azul Marinho,Biquínis,Biquíni Castillo Off-White,Biquínis,4,90.92
Biquíni Easton Azul Marinho,Biquínis,Biquíni Alann Marrom,Biquínis,5,90.72
Biquíni Easton Azul Marinho,Biquínis,Biquíni Alann Preto,Biquínis,6,90.72
Biquíni Easton Marrom,Biquínis,Biquíni Alann Marrom,Biquínis,1,98.44
Biquíni Easton Marrom,Biquínis,Biquíni Landon Marrom,Biquínis,2,93.02
Biquíni Easton Marrom,Biquínis,Biquíni Castillo Off-White,Biquínis,3,90.92
Biquíni Easton Marrom,Biquínis,Biquíni Castillo Preto,Biquínis,4,90.92
Biquíni Easton Marrom,Biquínis,Biquíni Castillo Terracota,Biquínis,5,90.92
Biquíni Easton Marrom,Biquínis,Biquíni Alann Preto,Biquínis,6,90.72
Biquíni Easton Off-White,Biquínis,Biquíni Taut Off-White,Biquínis,1,99.68
Biquíni Easton Off-White,Biquínis,Biquíni Castillo Off-White,Biquínis,2,98.95
Biquíni Easton Off-White,Biquínis,Biquíni Lorian Off-White,Biquínis,3,95.95
Biquíni Easton Off-White,Biquínis,Biquíni Castillo Preto,Biquínis,4,90.92
Biquíni Easton Off-White,Biquínis,Biquíni Castillo Terracota,Biquínis,5,90.92
Biquíni Easton Off-White,Biquínis,Biquíni Alann Preto,Biquínis,6,90.72
BIQUÍNI EASTON + PAREÔ GRAZIA | PRETO,Biquínis,BIQUÍNI VITTO + PAREÔ | PRETO,Biquínis,1,99.31
BIQUÍNI EASTON + PAREÔ GRAZIA | PRETO,Biquínis,BIQUÍNI VITTO + PAREÔ GRAZIA | PÉROLA,Biquínis,2,99.11
BIQUÍNI EASTON + PAREÔ GRAZIA | PRETO,Biquínis,BIQUÍNI EASTON + PAREÔ | OFF-WHITE,Biquínis,3,98.34
BIQUÍNI EASTON + PAREÔ GRAZIA | PRETO,Biquínis,BIQUÍNI EASTON + PAREÔ | MARROM,Biquínis,4,98.17
BIQUÍNI EASTON + PAREÔ GRAZIA | PRETO,Biquínis,Saia Remmy Preto,Saias,5,62.86
BIQUÍNI EASTON + PAREÔ GRAZIA | PRETO,Biquínis,Saia Remmy Marrom,Saias,6,58.1
BIQUÍNI EASTON + PAREÔ | MARROM,Biquínis,BIQUÍNI EASTON + PAREÔ | OFF-WHITE,Biquínis,1,98.57
BIQUÍNI EASTON + PAREÔ | MARROM,Biquínis,BIQUÍNI VITTO + PAREÔ | PRETO,Biquínis,2,98.48
BIQUÍNI EASTON + PAREÔ | MARROM,Biquínis,BIQUÍNI EASTON + PAREÔ GRAZIA | PRETO,Biquínis,3,98.17
BIQUÍNI EASTON + PAREÔ | MARROM,Biquínis,BIQUÍNI VITTO + PAREÔ GRAZIA | PÉROLA,Biquínis,4,98.17
BIQUÍNI EASTON + PAREÔ | MARROM,Biquínis,Saia Remmy Marrom,Saias,5,66.42
BIQUÍNI EASTON + PAREÔ | MARROM,Biquínis,Saia Remmy Preto,Saias,6,60.22
BIQUÍNI EASTON + PAREÔ | OFF-WHITE,Biquínis,BIQUÍNI EASTON + PAREÔ | MARROM,Biquínis,1,98.57
BIQUÍNI EASTON + PAREÔ | OFF-WHITE,Biquínis,BIQUÍNI VITTO + PAREÔ | PRETO,Biquínis,2,98.55
BIQUÍNI EASTON + PAREÔ | OFF-WHITE,Biquínis,BIQUÍNI EASTON + PAREÔ GRAZIA | PRETO,Biquínis,3,98.34
BIQUÍNI EASTON + PAREÔ | OFF-WHITE,Biquínis,BIQUÍNI VITTO + PAREÔ GRAZIA | PÉROLA,Biquínis,4,98.33
BIQUÍNI EASTON + PAREÔ | OFF-WHITE,Biquínis,BODY EMMA + PANTALONA BRAXTON | OFF-WHITE,Bodies,5,61.52
BIQUÍNI EASTON + PAREÔ | OFF-WHITE,Biquínis,Saia Remmy Preto,Saias,6,60.24
Biquíni Easton Preto,Biquínis,Biquíni Vitto Preto,Biquínis,1,99.98
Biquíni Easton Preto,Biquínis,Biquíni Taut Preto,Biquínis,2,99.68
Biquíni Easton Preto,Biquínis,Biquíni Bonneville Preto,Biquínis,3,99.02
Biquíni Easton Preto,Biquínis,Biquíni Castillo Preto,Biquínis,4,98.95
Biquíni Easton Preto,Biquínis,Biquíni Alann Preto,Biquínis,5,98.44
Biquíni Easton Preto,Biquínis,Biquíni Finca Preto,Biquínis,6,96.14
Biquíni Eaton Cobre,Biquínis,Biquíni Bardi Cobre,Biquínis,1,95.6
Biquíni Eaton Cobre,Biquínis,Biquíni Peter Cobre,Biquínis,2,94.21
Biquíni Eaton Cobre,Biquínis,Biquíni Miller Cobre,Biquínis,3,93.87
Biquíni Eaton Cobre,Biquínis,Biquíni Capanema Cobre,Biquínis,4,92.29
Biquíni Eaton Cobre,Biquínis,Biquíni Malawi Pérola,Biquínis,5,90.49
Biquíni Eaton Cobre,Biquínis,Biquíni Bercy Preto,Biquínis,6,90.4
Biquíni Eaton Pérola,Biquínis,Biquíni Malawi Pérola,Biquínis,1,99.83
Biquíni Eaton Pérola,Biquínis,Biquíni Riva Pérola,Biquínis,2,99.83
Biquíni Eaton Pérola,Biquínis,Biquíni Atticus Pérola,Biquínis,3,99.7
Biquíni Eaton Pérola,Biquínis,Biquíni Bercy Pérola,Biquínis,4,99.67
Biquíni Eaton Pérola,Biquínis,Biquíni Julian Pérola,Biquínis,5,98.22
Biquíni Eaton Pérola,Biquínis,Biquíni Hali Pérola,Biquínis,6,97.74
Biquíni Eaton Preto,Biquínis,Biquíni Riva Preto,Biquínis,1,99.83
Biquíni Eaton Preto,Biquínis,Biquíni Bercy Preto,Biquínis,2,99.67
Biquíni Eaton Preto,Biquínis,Biquíni Julian Preto,Biquínis,3,98.22
Biquíni Eaton Preto,Biquínis,Biquíni Marzan Preto,Biquínis,4,97.74
Biquíni Eaton Preto,Biquínis,Biquíni Hali Preto,Biquínis,5,97.74
Biquíni Eaton Preto,Biquínis,Biquíni Dion Preto,Biquínis,6,97.74
Biquíni Finca Pérola,Biquínis,Biquíni Vitto Pérola,Biquínis,1,96.23
Biquíni Finca Pérola,Biquínis,Biquíni Bonneville Pérola,Biquínis,2,94.9
Biquíni Finca Pérola,Biquínis,Biquíni Alann Pérola,Biquínis,3,93.58
Biquíni Finca Pérola,Biquínis,Biquíni Finca Vermelho,Biquínis,4,91.59
Biquíni Finca Pérola,Biquínis,Biquíni Finca Preto,Biquínis,5,91.59
Biquíni Finca Pérola,Biquínis,Biquíni Landon Pérola,Biquínis,6,88.48
Biquíni Finca Preto,Biquínis,Biquíni Taut Preto,Biquínis,1,96.3
Biquíni Finca Preto,Biquínis,Biquíni Vitto Preto,Biquínis,2,96.23
Biquíni Finca Preto,Biquínis,Biquíni Easton Preto,Biquínis,3,96.14
Biquíni Finca Preto,Biquínis,Biquíni Bonneville Preto,Biquínis,4,94.9
Biquíni Finca Preto,Biquínis,Biquíni Castillo Preto,Biquínis,5,94.34
Biquíni Finca Preto,Biquínis,Biquíni Alann Preto,Biquínis,6,93.58
Biquíni Finca Vermelho,Biquínis,Biquíni Finca Pérola,Biquínis,1,91.59
Biquíni Finca Vermelho,Biquínis,Biquíni Finca Preto,Biquínis,2,91.59
Biquíni Finca Vermelho,Biquínis,Biquíni Easton Azul Marinho,Biquínis,3,87.26
Biquíni Finca Vermelho,Biquínis,Biquíni Easton Marrom,Biquínis,4,87.26
Biquíni Finca Vermelho,Biquínis,Biquíni Easton Off-White,Biquínis,5,87.26
Biquíni Finca Vermelho,Biquínis,Biquíni Easton Preto,Biquínis,6,87.26
Biquíni Galea Azul Índigo,Biquínis,Biquíni Perez Azul Índigo,Biquínis,1,99.82
Biquíni Galea Azul Índigo,Biquínis,Biquíni Hali Azul Índigo,Biquínis,2,95.68
Biquíni Galea Azul Índigo,Biquínis,Biquíni Riva Azul Índigo,Biquínis,3,93.55
Biquíni Galea Azul Índigo,Biquínis,Biquíni Galea Preto,Biquínis,4,87.34
Biquíni Galea Azul Índigo,Biquínis,Biquíni Peter Cobre,Biquínis,5,86.96
Biquíni Galea Azul Índigo,Biquínis,Biquíni Peter Preto,Biquínis,6,86.96
Biquíni Galea Preto,Biquínis,Biquíni Capanema Preto,Biquínis,1,99.93
Biquíni Galea Preto,Biquínis,Biquíni Perez Preto,Biquínis,2,99.82
Biquíni Galea Preto,Biquínis,Biquíni Miller Preto,Biquínis,3,99.82
Biquíni Galea Preto,Biquínis,Biquíni Peter Preto,Biquínis,4,99.71
Biquíni Galea Preto,Biquínis,Biquíni Harper Preto,Biquínis,5,99.71
Biquíni Galea Preto,Biquínis,Biquíni Arenella Preto,Biquínis,6,99.0
Biquíni Hali Azul Índigo,Biquínis,Biquíni Riva Azul Índigo,Biquínis,1,98.71
Biquíni Hali Azul Índigo,Biquínis,Biquíni Perez Azul Índigo,Biquínis,2,95.75
Biquíni Hali Azul Índigo,Biquínis,Biquíni Galea Azul Índigo,Biquínis,3,95.68
Biquíni Hali Azul Índigo,Biquínis,Biquíni Marzan Off-White,Biquínis,4,90.07
Biquíni Hali Azul Índigo,Biquínis,Biquíni Marzan Preto,Biquínis,5,90.07
Biquíni Hali Azul Índigo,Biquínis,Biquíni Hali Preto,Biquínis,6,90.07
Biquíni Hali Pérola,Biquínis,Biquíni Julian Pérola,Biquínis,1,99.96
Biquíni Hali Pérola,Biquínis,Biquíni Atticus Pérola,Biquínis,2,99.08
Biquíni Hali Pérola,Biquínis,Biquíni Riva Pérola,Biquínis,3,98.71
Biquíni Hali Pérola,Biquínis,Biquíni Eaton Pérola,Biquínis,4,97.74
Biquíni Hali Pérola,Biquínis,Biquíni Malawi Pérola,Biquínis,5,96.52
Biquíni Hali Pérola,Biquínis,Biquíni Bercy Pérola,Biquínis,6,95.85
Biquíni Hali Preto,Biquínis,Biquíni Marzan Preto,Biquínis,1,100.0
Biquíni Hali Preto,Biquínis,Biquíni Dion Preto,Biquínis,2,100.0
Biquíni Hali Preto,Biquínis,Biquíni Julian Preto,Biquínis,3,99.96
Biquíni Hali Preto,Biquínis,Biquíni Riva Preto,Biquínis,4,98.71
Biquíni Hali Preto,Biquínis,Biquíni Eaton Preto,Biquínis,5,97.74
Biquíni Hali Preto,Biquínis,Biquíni Bercy Preto,Biquínis,6,95.85
Biquíni Harper Pérola,Biquínis,Biquíni Perez Pérola,Biquínis,1,99.97
Biquíni Harper Pérola,Biquínis,Biquíni Capanema Pérola,Biquínis,2,99.57
Biquíni Harper Pérola,Biquínis,Biquíni Hali Pérola,Biquínis,3,95.7
Biquíni Harper Pérola,Biquínis,Biquíni Julian Pérola,Biquínis,4,95.63
Biquíni Harper Pérola,Biquínis,Biquíni Atticus Pérola,Biquínis,5,95.33
Biquíni Harper Pérola,Biquínis,Biquíni Riva Pérola,Biquínis,6,94.79
Biquíni Harper Preto,Biquínis,Biquíni Peter Preto,Biquínis,1,100.0
Biquíni Harper Preto,Biquínis,Biquíni Perez Preto,Biquínis,2,99.97
Biquíni Harper Preto,Biquínis,Biquíni Miller Preto,Biquínis,3,99.97
Biquíni Harper Preto,Biquínis,Biquíni Arenella Preto,Biquínis,4,99.74
Biquíni Harper Preto,Biquínis,Biquíni Galea Preto,Biquínis,5,99.71
Biquíni Harper Preto,Biquínis,Biquíni Capanema Preto,Biquínis,6,99.57
Biquíni Hess Pérola,Biquínis,Biquíni Kobe Pérola,Biquínis,1,99.94
Biquíni Hess Pérola,Biquínis,Biquíni Vince Pérola,Biquínis,2,99.94
Biquíni Hess Pérola,Biquínis,Biquíni Conti Pérola,Biquínis,3,99.91
Biquíni Hess Pérola,Biquínis,Biquíni Mark Pérola,Biquínis,4,95.06
Biquíni Hess Pérola,Biquínis,Biquíni Harper Pérola,Biquínis,5,94.44
Biquíni Hess Pérola,Biquínis,Biquíni Perez Pérola,Biquínis,6,94.33
Biquíni Julian Bronze,Biquínis,Biquíni Marzan Off-White,Biquínis,1,89.92
Biquíni Julian Bronze,Biquínis,Biquíni Hali Azul Índigo,Biquínis,2,89.92
Biquíni Julian Bronze,Biquínis,Biquíni Marzan Preto,Biquínis,3,89.92
Biquíni Julian Bronze,Biquínis,Biquíni Hali Preto,Biquínis,4,89.92
Biquíni Julian Bronze,Biquínis,Biquíni Dion Preto,Biquínis,5,89.92
Biquíni Julian Bronze,Biquínis,Biquíni Hali Pérola,Biquínis,6,89.92
Biquíni Julian Pérola,Biquínis,Biquíni Hali Pérola,Biquínis,1,99.96
Biquíni Julian Pérola,Biquínis,Biquíni Atticus Pérola,Biquínis,2,99.36
Biquíni Julian Pérola,Biquínis,Biquíni Riva Pérola,Biquínis,3,99.09
Biquíni Julian Pérola,Biquínis,Biquíni Eaton Pérola,Biquínis,4,98.22
Biquíni Julian Pérola,Biquínis,Biquíni Malawi Pérola,Biquínis,5,97.07
Biquíni Julian Pérola,Biquínis,Biquíni Bercy Pérola,Biquínis,6,96.46
Biquíni Julian Preto,Biquínis,Biquíni Marzan Preto,Biquínis,1,99.96
Biquíni Julian Preto,Biquínis,Biquíni Hali Preto,Biquínis,2,99.96
Biquíni Julian Preto,Biquínis,Biquíni Dion Preto,Biquínis,3,99.96
Biquíni Julian Preto,Biquínis,Biquíni Riva Preto,Biquínis,4,99.09
Biquíni Julian Preto,Biquínis,Biquíni Eaton Preto,Biquínis,5,98.22
Biquíni Julian Preto,Biquínis,Biquíni Bercy Preto,Biquínis,6,96.46
Biquíni Kobe Azul,Biquínis,Biquíni Duncan Azul,Biquínis,1,99.99
Biquíni Kobe Azul,Biquínis,Biquíni Hess Pérola,Biquínis,2,87.16
Biquíni Kobe Azul,Biquínis,Biquíni Mies Off-White,Biquínis,3,87.07
Biquíni Kobe Azul,Biquínis,Biquíni Mies Azul Turquesa,Biquínis,4,87.07
Biquíni Kobe Azul,Biquínis,Biquíni Mies Preto,Biquínis,5,87.07
Biquíni Kobe Azul,Biquínis,Biquíni Conti Vermelho Carmim,Biquínis,6,86.94
Biquíni Kobe Cobre,Biquínis,Biquíni Duncan Cobre,Biquínis,1,99.99
Biquíni Kobe Cobre,Biquínis,Biquíni Peter Cobre,Biquínis,2,94.28
Biquíni Kobe Cobre,Biquínis,Biquíni Miller Cobre,Biquínis,3,94.24
Biquíni Kobe Cobre,Biquínis,Biquíni Capanema Cobre,Biquínis,4,93.91
Biquíni Kobe Cobre,Biquínis,Biquíni Bardi Cobre,Biquínis,5,92.8
Biquíni Kobe Cobre,Biquínis,Biquíni Hess Pérola,Biquínis,6,87.16
Biquíni Kobe Pérola,Biquínis,Biquíni Vince Pérola,Biquínis,1,100.0
Biquíni Kobe Pérola,Biquínis,Biquíni Conti Pérola,Biquínis,2,99.99
Biquíni Kobe Pérola,Biquínis,Biquíni Hess Pérola,Biquínis,3,99.94
Biquíni Kobe Pérola,Biquínis,Biquíni Mark Pérola,Biquínis,4,94.74
Biquíni Kobe Pérola,Biquínis,Biquíni Harper Pérola,Biquínis,5,94.28
Biquíni Kobe Pérola,Biquínis,Biquíni Perez Pérola,Biquínis,6,94.24
Biquíni Kobe Preto,Biquínis,Biquíni Vince Preto,Biquínis,1,100.0
Biquíni Kobe Preto,Biquínis,Biquíni Mies Preto,Biquínis,2,99.7
Biquíni Kobe Preto,Biquínis,Biquíni Alessio Preto,Biquínis,3,98.73
Biquíni Kobe Preto,Biquínis,Biquíni Azov Preto,Biquínis,4,98.71
Biquíni Kobe Preto,Biquínis,Biquíni Menorca Preto,Biquínis,5,97.5
Biquíni Kobe Preto,Biquínis,Biquíni Mark Preto,Biquínis,6,94.74
Biquíni Kobe Vermelho,Biquínis,Biquíni Miller Vermelho,Biquínis,1,94.24
Biquíni Kobe Vermelho,Biquínis,Biquíni Hess Pérola,Biquínis,2,87.16
Biquíni Kobe Vermelho,Biquínis,Biquíni Mies Off-White,Biquínis,3,87.07
Biquíni Kobe Vermelho,Biquínis,Biquíni Mies Azul Turquesa,Biquínis,4,87.07
Biquíni Kobe Vermelho,Biquínis,Biquíni Mies Preto,Biquínis,5,87.07
Biquíni Kobe Vermelho,Biquínis,Biquíni Conti Castanho,Biquínis,6,86.94
Biquíni Landon Marrom,Biquínis,Biquíni Alann Marrom,Biquínis,1,96.25
Biquíni Landon Marrom,Biquínis,Biquíni Landon Preto,Biquínis,2,95.89
Biquíni Landon Marrom,Biquínis,Biquíni Landon Pérola,Biquínis,3,95.89
Biquíni Landon Marrom,Biquínis,Biquíni Easton Marrom,Biquínis,4,93.02
Biquíni Landon Marrom,Biquínis,Biquíni Bonneville Pérola,Biquínis,5,91.67
Biquíni Landon Marrom,Biquínis,Biquíni Bonneville Preto,Biquínis,6,91.67
Biquíni Landon Pérola,Biquínis,Biquíni Bonneville Pérola,Biquínis,1,97.22
Biquíni Landon Pérola,Biquínis,Biquíni Alann Pérola,Biquínis,2,96.25
Biquíni Landon Pérola,Biquínis,Biquíni Landon Marrom,Biquínis,3,95.89
Biquíni Landon Pérola,Biquínis,Biquíni Landon Preto,Biquínis,4,95.89
Biquíni Landon Pérola,Biquínis,Biquíni Vitto Pérola,Biquínis,5,92.43
Biquíni Landon Pérola,Biquínis,Biquíni Bonneville Preto,Biquínis,6,91.67
Biquíni Landon Preto,Biquínis,Biquíni Bonneville Preto,Biquínis,1,97.22
Biquíni Landon Preto,Biquínis,Biquíni Castillo Preto,Biquínis,2,96.5
Biquíni Landon Preto,Biquínis,Biquíni Alann Preto,Biquínis,3,96.25
Biquíni Landon Preto,Biquínis,Biquíni Landon Marrom,Biquínis,4,95.89
Biquíni Landon Preto,Biquínis,Biquíni Landon Pérola,Biquínis,5,95.89
Biquíni Landon Preto,Biquínis,Biquíni Easton Preto,Biquínis,6,93.02
Biquíni Lorian Off-White,Biquínis,Biquíni Easton Off-White,Biquínis,1,95.95
Biquíni Lorian Off-White,Biquínis,Biquíni Castillo Off-White,Biquínis,2,95.73
Biquíni Lorian Off-White,Biquínis,Biquíni Taut Off-White,Biquínis,3,95.18
Biquíni Lorian Off-White,Biquínis,Biquíni Lorian Preto,Biquínis,4,90.97
Biquíni Lorian Off-White,Biquínis,Biquíni Castillo Terracota,Biquínis,5,87.85
Biquíni Lorian Off-White,Biquínis,Biquíni Castillo Preto,Biquínis,6,87.85
Biquíni Lorian Preto,Biquínis,Biquíni Easton Preto,Biquínis,1,95.95
Biquíni Lorian Preto,Biquínis,Biquíni Vitto Preto,Biquínis,2,95.82
Biquíni Lorian Preto,Biquínis,Biquíni Castillo Preto,Biquínis,3,95.73
Biquíni Lorian Preto,Biquínis,Biquíni Bonneville Preto,Biquínis,4,95.58
Biquíni Lorian Preto,Biquínis,Biquíni Alann Preto,Biquínis,5,95.4
Biquíni Lorian Preto,Biquínis,Biquíni Taut Preto,Biquínis,6,95.18
Biquíni Lusty Fúcsia,Biquínis,Biquíni Cyprus Fúcsia,Biquínis,1,100.0
Biquíni Lusty Fúcsia,Biquínis,Biquíni Clark Fúcsia,Biquínis,2,99.98
Biquíni Lusty Fúcsia,Biquínis,Biquíni Menorca Azul Marinho,Biquínis,3,88.15
Biquíni Lusty Fúcsia,Biquínis,Biquíni Menorca Preto,Biquínis,4,88.15
Biquíni Lusty Fúcsia,Biquínis,Biquíni Cyprus Azul Turquesa,Biquínis,5,88.14
Biquíni Lusty Fúcsia,Biquínis,Biquíni Cyprus Off-White,Biquínis,6,88.14
Biquíni Malawi Pérola,Biquínis,Biquíni Bercy Pérola,Biquínis,1,99.97
Biquíni Malawi Pérola,Biquínis,Biquíni Eaton Pérola,Biquínis,2,99.83
Biquíni Malawi Pérola,Biquínis,Biquíni Riva Pérola,Biquínis,3,99.32
Biquíni Malawi Pérola,Biquínis,Biquíni Atticus Pérola,Biquínis,4,99.17
Biquíni Malawi Pérola,Biquínis,Biquíni Julian Pérola,Biquínis,5,97.07
Biquíni Malawi Pérola,Biquínis,Biquíni Hali Pérola,Biquínis,6,96.52
Biquíni Mark Azul Índigo,Biquínis,Biquíni Perez Azul Índigo,Biquínis,1,88.77
Biquíni Mark Azul Índigo,Biquínis,Biquíni Galea Azul Índigo,Biquínis,2,86.75
Biquíni Mark Azul Índigo,Biquínis,Biquíni Mark Preto,Biquínis,3,85.96
Biquíni Mark Azul Índigo,Biquínis,Biquíni Mark Castanho,Biquínis,4,85.96
Biquíni Mark Azul Índigo,Biquínis,Biquíni Mark Pérola,Biquínis,5,85.96
Biquíni Mark Azul Índigo,Biquínis,Biquíni Alessio Vermelho Carmim,Biquínis,6,84.66
Biquíni Mark Castanho,Biquínis,Biquíni Alessio Castanho,Biquínis,1,98.62
Biquíni Mark Castanho,Biquínis,Biquíni Vince Castanho,Biquínis,2,94.74
Biquíni Mark Castanho,Biquínis,Biquíni Conti Castanho,Biquínis,3,94.23
Biquíni Mark Castanho,Biquínis,Biquíni Perez Castanho,Biquínis,4,88.77
Biquíni Mark Castanho,Biquínis,Biquíni Mark Pérola,Biquínis,5,85.96
Biquíni Mark Castanho,Biquínis,Biquíni Mark Preto,Biquínis,6,85.96
Biquíni Mark Pérola,Biquínis,Biquíni Hess Pérola,Biquínis,1,95.06
Biquíni Mark Pérola,Biquínis,Biquíni Kobe Pérola,Biquínis,2,94.74
Biquíni Mark Pérola,Biquínis,Biquíni Vince Pérola,Biquínis,3,94.74
Biquíni Mark Pérola,Biquínis,Biquíni Conti Pérola,Biquínis,4,94.23
Biquíni Mark Pérola,Biquínis,Biquíni Harper Pérola,Biquínis,5,89.24
Biquíni Mark Pérola,Biquínis,Biquíni Perez Pérola,Biquínis,6,88.77
Biquíni Mark Preto,Biquínis,Biquíni Alessio Preto,Biquínis,1,98.62
Biquíni Mark Preto,Biquínis,Biquíni Vince Preto,Biquínis,2,94.74
Biquíni Mark Preto,Biquínis,Biquíni Kobe Preto,Biquínis,3,94.74
Biquíni Mark Preto,Biquínis,Biquíni Bardi Preto,Biquínis,4,92.48
Biquíni Mark Preto,Biquínis,Biquíni Mies Preto,Biquínis,5,92.04
Biquíni Mark Preto,Biquínis,Biquíni Arenella Preto,Biquínis,6,90.88
Biquíni Marzan Off-White,Biquínis,Biquíni Bernie Off-White,Biquínis,1,99.96
Biquíni Marzan Off-White,Biquínis,Biquíni Nari Off-White,Biquínis,2,99.07
Biquíni Marzan Off-White,Biquínis,Biquíni Arenella Off-White,Biquínis,3,95.31
Biquíni Marzan Off-White,Biquínis,Biquíni Bardi Off-White,Biquínis,4,94.27
Biquíni Marzan Off-White,Biquínis,Biquíni Sopka Off-White,Biquínis,5,92.06
Biquíni Marzan Off-White,Biquínis,Biquíni Marzan Preto,Biquínis,6,90.07
Biquíni Marzan Preto,Biquínis,Biquíni Dion Preto,Biquínis,1,100.0
Biquíni Marzan Preto,Biquínis,Biquíni Hali Preto,Biquínis,2,100.0
Biquíni Marzan Preto,Biquínis,Biquíni Julian Preto,Biquínis,3,99.96
Biquíni Marzan Preto,Biquínis,Biquíni Riva Preto,Biquínis,4,98.71
Biquíni Marzan Preto,Biquínis,Biquíni Eaton Preto,Biquínis,5,97.74
Biquíni Marzan Preto,Biquínis,Biquíni Bercy Preto,Biquínis,6,95.85
Biquíni Menorca Azul Marinho,Biquínis,Biquíni Arenella Azul Marinho,Biquínis,1,89.84
Biquíni Menorca Azul Marinho,Biquínis,Biquíni Menorca Preto,Biquínis,2,88.2
Biquíni Menorca Azul Marinho,Biquínis,Biquíni Clark Fúcsia,Biquínis,3,88.2
Biquíni Menorca Azul Marinho,Biquínis,Biquíni Cyprus Fúcsia,Biquínis,4,88.15
Biquíni Menorca Azul Marinho,Biquínis,Biquíni Cyprus Off-White,Biquínis,5,88.15
Biquíni Menorca Azul Marinho,Biquínis,Biquíni Cyprus Azul Turquesa,Biquínis,6,88.15
Biquíni Menorca Preto,Biquínis,Biquíni Azov Preto,Biquínis,1,99.73
Biquíni Menorca Preto,Biquínis,Biquíni Mies Preto,Biquínis,2,98.81
Biquíni Menorca Preto,Biquínis,Biquíni Kobe Preto,Biquínis,3,97.5
Biquíni Menorca Preto,Biquínis,Biquíni Vince Preto,Biquínis,4,97.5
Biquíni Menorca Preto,Biquínis,Biquíni Galea Preto,Biquínis,5,93.29
Biquíni Menorca Preto,Biquínis,Biquíni Capanema Preto,Biquínis,6,93.16
Biquíni Mies Azul Turquesa,Biquínis,Biquíni Cyprus Azul Turquesa,Biquínis,1,98.51
Biquíni Mies Azul Turquesa,Biquínis,Biquíni Mies Preto,Biquínis,2,87.81
Biquíni Mies Azul Turquesa,Biquínis,Biquíni Mies Off-White,Biquínis,3,87.81
Biquíni Mies Azul Turquesa,Biquínis,Biquíni Azov Preto,Biquínis,4,87.77
Biquíni Mies Azul Turquesa,Biquínis,Biquíni Hess Pérola,Biquínis,5,87.28
Biquíni Mies Azul Turquesa,Biquínis,Biquíni Conti Vermelho Carmim,Biquínis,6,87.23
Biquíni Mies Off-White,Biquínis,Biquíni Cyprus Off-White,Biquínis,1,98.51
Biquíni Mies Off-White,Biquínis,Biquíni Arenella Off-White,Biquínis,2,93.07
Biquíni Mies Off-White,Biquínis,Biquíni Sopka Off-White,Biquínis,3,91.97
Biquíni Mies Off-White,Biquínis,Biquíni Bardi Off-White,Biquínis,4,91.53
Biquíni Mies Off-White,Biquínis,Biquíni Mies Azul Turquesa,Biquínis,5,87.81
Biquíni Mies Off-White,Biquínis,Biquíni Mies Preto,Biquínis,6,87.81
Biquíni Mies Preto,Biquínis,Biquíni Kobe Preto,Biquínis,1,99.7
Biquíni Mies Preto,Biquínis,Biquíni Vince Preto,Biquínis,2,99.7
Biquíni Mies Preto,Biquínis,Biquíni Azov Preto,Biquínis,3,99.63
Biquíni Mies Preto,Biquínis,Biquíni Menorca Preto,Biquínis,4,98.81
Biquíni Mies Preto,Biquínis,Biquíni Alessio Preto,Biquínis,5,97.24
Biquíni Mies Preto,Biquínis,Biquíni Galea Preto,Biquínis,6,94.53
Biquíni Miller Azul Nilo,Biquínis,Biquíni Harper Pérola,Biquínis,1,86.99
Biquíni Miller Azul Nilo,Biquínis,Biquíni Peter Preto,Biquínis,2,86.99
Biquíni Miller Azul Nilo,Biquínis,Biquíni Harper Preto,Biquínis,3,86.99
Biquíni Miller Azul Nilo,Biquínis,Biquíni Peter Cobre,Biquínis,4,86.99
Biquíni Miller Azul Nilo,Biquínis,Biquíni Galea Azul Índigo,Biquínis,5,86.92
Biquíni Miller Azul Nilo,Biquínis,Biquíni Galea Preto,Biquínis,6,86.92
Biquíni Miller Cobre,Biquínis,Biquíni Peter Cobre,Biquínis,1,99.97
Biquíni Miller Cobre,Biquínis,Biquíni Capanema Cobre,Biquínis,2,99.75
Biquíni Miller Cobre,Biquínis,Biquíni Bardi Cobre,Biquínis,3,98.73
Biquíni Miller Cobre,Biquínis,Biquíni Kobe Cobre,Biquínis,4,94.24
Biquíni Miller Cobre,Biquínis,Biquíni Duncan Cobre,Biquínis,5,94.2
Biquíni Miller Cobre,Biquínis,Biquíni Eaton Cobre,Biquínis,6,93.87
Biquíni Miller Preto,Biquínis,Biquíni Perez Preto,Biquínis,1,100.0
Biquíni Miller Preto,Biquínis,Biquíni Peter Preto,Biquínis,2,99.97
Biquíni Miller Preto,Biquínis,Biquíni Harper Preto,Biquínis,3,99.97
Biquíni Miller Preto,Biquínis,Biquíni Galea Preto,Biquínis,4,99.82
Biquíni Miller Preto,Biquínis,Biquíni Capanema Preto,Biquínis,5,99.75
Biquíni Miller Preto,Biquínis,Biquíni Arenella Preto,Biquínis,6,99.67
Biquíni Miller Vermelho,Biquínis,Biquíni Kobe Vermelho,Biquínis,1,94.24
Biquíni Miller Vermelho,Biquínis,Biquíni Peter Preto,Biquínis,2,86.99
Biquíni Miller Vermelho,Biquínis,Biquíni Harper Pérola,Biquínis,3,86.99
Biquíni Miller Vermelho,Biquínis,Biquíni Peter Cobre,Biquínis,4,86.99
Biquíni Miller Vermelho,Biquínis,Biquíni Harper Preto,Biquínis,5,86.99
Biquíni Miller Vermelho,Biquínis,Biquíni Galea Azul Índigo,Biquínis,6,86.92
Biquíni Nari Off-White,Biquínis,Biquíni Marzan Off-White,Biquínis,1,99.07
Biquíni Nari Off-White,Biquínis,Biquíni Bernie Off-White,Biquínis,2,98.7
Biquíni Nari Off-White,Biquínis,Biquíni Sopka Off-White,Biquínis,3,94.99
Biquíni Nari Off-White,Biquínis,Biquíni Arenella Off-White,Biquínis,4,93.2
Biquíni Nari Off-White,Biquínis,Biquíni Bardi Off-White,Biquínis,5,91.1
Biquíni Nari Off-White,Biquínis,Biquíni Marzan Preto,Biquínis,6,89.27
Biquíni Perez Azul Índigo,Biquínis,Biquíni Galea Azul Índigo,Biquínis,1,99.82
Biquíni Perez Azul Índigo,Biquínis,Biquíni Hali Azul Índigo,Biquínis,2,95.75
Biquíni Perez Azul Índigo,Biquínis,Biquíni Riva Azul Índigo,Biquínis,3,94.58
Biquíni Perez Azul Índigo,Biquínis,Biquíni Mark Azul Índigo,Biquínis,4,88.77
Biquíni Perez Azul Índigo,Biquínis,Biquíni Peter Preto,Biquínis,5,86.99
Biquíni Perez Azul Índigo,Biquínis,Biquíni Peter Cobre,Biquínis,6,86.99
Biquíni Perez Castanho,Biquínis,Biquíni Conti Castanho,Biquínis,1,94.25
Biquíni Perez Castanho,Biquínis,Biquíni Vince Castanho,Biquínis,2,94.24
Biquíni Perez Castanho,Biquínis,Biquíni Alessio Castanho,Biquínis,3,92.8
Biquíni Perez Castanho,Biquínis,Biquíni Mark Castanho,Biquínis,4,88.77
Biquíni Perez Castanho,Biquínis,Biquíni Peter Preto,Biquínis,5,86.99
Biquíni Perez Castanho,Biquínis,Biquíni Peter Cobre,Biquínis,6,86.99
Biquíni Perez Pérola,Biquínis,Biquíni Harper Pérola,Biquínis,1,99.97
Biquíni Perez Pérola,Biquínis,Biquíni Capanema Pérola,Biquínis,2,99.75
Biquíni Perez Pérola,Biquínis,Biquíni Hali Pérola,Biquínis,3,95.75
Biquíni Perez Pérola,Biquínis,Biquíni Julian Pérola,Biquínis,4,95.66
Biquíni Perez Pérola,Biquínis,Biquíni Atticus Pérola,Biquínis,5,95.12
Biquíni Perez Pérola,Biquínis,Biquíni Riva Pérola,Biquínis,6,94.58
Biquíni Perez Preto,Biquínis,Biquíni Miller Preto,Biquínis,1,100.0
Biquíni Perez Preto,Biquínis,Biquíni Peter Preto,Biquínis,2,99.97
Biquíni Perez Preto,Biquínis,Biquíni Harper Preto,Biquínis,3,99.97
Biquíni Perez Preto,Biquínis,Biquíni Galea Preto,Biquínis,4,99.82
Biquíni Perez Preto,Biquínis,Biquíni Capanema Preto,Biquínis,5,99.75
Biquíni Perez Preto,Biquínis,Biquíni Arenella Preto,Biquínis,6,99.67
Biquíni Peter Cobre,Biquínis,Biquíni Miller Cobre,Biquínis,1,99.97
Biquíni Peter Cobre,Biquínis,Biquíni Capanema Cobre,Biquínis,2,99.57
Biquíni Peter Cobre,Biquínis,Biquíni Bardi Cobre,Biquínis,3,98.92
Biquíni Peter Cobre,Biquínis,Biquíni Kobe Cobre,Biquínis,4,94.28
Biquíni Peter Cobre,Biquínis,Biquíni Duncan Cobre,Biquínis,5,94.27
Biquíni Peter Cobre,Biquínis,Biquíni Eaton Cobre,Biquínis,6,94.21
Biquíni Peter Preto,Biquínis,Biquíni Harper Preto,Biquínis,1,100.0
Biquíni Peter Preto,Biquínis,Biquíni Perez Preto,Biquínis,2,99.97
Biquíni Peter Preto,Biquínis,Biquíni Miller Preto,Biquínis,3,99.97
Biquíni Peter Preto,Biquínis,Biquíni Arenella Preto,Biquínis,4,99.74
Biquíni Peter Preto,Biquínis,Biquíni Galea Preto,Biquínis,5,99.71
Biquíni Peter Preto,Biquínis,Biquíni Capanema Preto,Biquínis,6,99.57
Biquíni Riva Azul Índigo,Biquínis,Biquíni Hali Azul Índigo,Biquínis,1,98.71
Biquíni Riva Azul Índigo,Biquínis,Biquíni Perez Azul Índigo,Biquínis,2,94.58
Biquíni Riva Azul Índigo,Biquínis,Biquíni Galea Azul Índigo,Biquínis,3,93.55
Biquíni Riva Azul Índigo,Biquínis,Biquíni Atticus Pérola,Biquínis,4,90.0
Biquíni Riva Azul Índigo,Biquínis,Biquíni Atticus Terracota,Biquínis,5,90.0
Biquíni Riva Azul Índigo,Biquínis,Biquíni Eaton Cobre,Biquínis,6,89.94
Biquíni Riva Pérola,Biquínis,Biquíni Atticus Pérola,Biquínis,1,99.92
Biquíni Riva Pérola,Biquínis,Biquíni Eaton Pérola,Biquínis,2,99.83
Biquíni Riva Pérola,Biquínis,Biquíni Malawi Pérola,Biquínis,3,99.32
Biquíni Riva Pérola,Biquínis,Biquíni Julian Pérola,Biquínis,4,99.09
Biquíni Riva Pérola,Biquínis,Biquíni Bercy Pérola,Biquínis,5,99.02
Biquíni Riva Pérola,Biquínis,Biquíni Hali Pérola,Biquínis,6,98.71
Biquíni Riva Preto,Biquínis,Biquíni Eaton Preto,Biquínis,1,99.83
Biquíni Riva Preto,Biquínis,Biquíni Julian Preto,Biquínis,2,99.09
Biquíni Riva Preto,Biquínis,Biquíni Bercy Preto,Biquínis,3,99.02
Biquíni Riva Preto,Biquínis,Biquíni Dion Preto,Biquínis,4,98.71
Biquíni Riva Preto,Biquínis,Biquíni Hali Preto,Biquínis,5,98.71
Biquíni Riva Preto,Biquínis,Biquíni Marzan Preto,Biquínis,6,98.71
Biquíni Sopka Off-White,Biquínis,Biquíni Nari Off-White,Biquínis,1,94.99
Biquíni Sopka Off-White,Biquínis,Biquíni Cyprus Off-White,Biquínis,2,94.55
Biquíni Sopka Off-White,Biquínis,Biquíni Arenella Off-White,Biquínis,3,93.04
Biquíni Sopka Off-White,Biquínis,Biquíni Marzan Off-White,Biquínis,4,92.06
Biquíni Sopka Off-White,Biquínis,Biquíni Mies Off-White,Biquínis,5,91.97
Biquíni Sopka Off-White,Biquínis,Biquíni Bernie Off-White,Biquínis,6,91.24
Biquíni Taut Off-White,Biquínis,Biquíni Easton Off-White,Biquínis,1,99.68
Biquíni Taut Off-White,Biquínis,Biquíni Castillo Off-White,Biquínis,2,97.49
Biquíni Taut Off-White,Biquínis,Biquíni Lorian Off-White,Biquínis,3,95.18
Biquíni Taut Off-White,Biquínis,Biquíni Easton Preto,Biquínis,4,89.59
Biquíni Taut Off-White,Biquínis,Biquíni Easton Azul Marinho,Biquínis,5,89.59
Biquíni Taut Off-White,Biquínis,Biquíni Easton Marrom,Biquínis,6,89.59
Biquíni Taut Preto,Biquínis,Biquíni Vitto Preto,Biquínis,1,99.81
Biquíni Taut Preto,Biquínis,Biquíni Easton Preto,Biquínis,2,99.68
Biquíni Taut Preto,Biquínis,Biquíni Bonneville Preto,Biquínis,3,97.85
Biquíni Taut Preto,Biquínis,Biquíni Castillo Preto,Biquínis,4,97.49
Biquíni Taut Preto,Biquínis,Biquíni Alann Preto,Biquínis,5,96.75
Biquíni Taut Preto,Biquínis,Biquíni Finca Preto,Biquínis,6,96.3
Biquíni Vince Castanho,Biquínis,Biquíni Conti Castanho,Biquínis,1,99.99
Biquíni Vince Castanho,Biquínis,Biquíni Alessio Castanho,Biquínis,2,98.73
Biquíni Vince Castanho,Biquínis,Biquíni Mark Castanho,Biquínis,3,94.74
Biquíni Vince Castanho,Biquínis,Biquíni Perez Castanho,Biquínis,4,94.24
Biquíni Vince Castanho,Biquínis,Biquíni Hess Pérola,Biquínis,5,87.16
Biquíni Vince Castanho,Biquínis,Biquíni Mies Off-White,Biquínis,6,87.07
Biquíni Vince Pérola,Biquínis,Biquíni Kobe Pérola,Biquínis,1,100.0
Biquíni Vince Pérola,Biquínis,Biquíni Conti Pérola,Biquínis,2,99.99
Biquíni Vince Pérola,Biquínis,Biquíni Hess Pérola,Biquínis,3,99.94
Biquíni Vince Pérola,Biquínis,Biquíni Mark Pérola,Biquínis,4,94.74
Biquíni Vince Pérola,Biquínis,Biquíni Harper Pérola,Biquínis,5,94.28
Biquíni Vince Pérola,Biquínis,Biquíni Perez Pérola,Biquínis,6,94.24
Biquíni Vince Preto,Biquínis,Biquíni Kobe Preto,Biquínis,1,100.0
Biquíni Vince Preto,Biquínis,Biquíni Mies Preto,Biquínis,2,99.7
Biquíni Vince Preto,Biquínis,Biquíni Alessio Preto,Biquínis,3,98.73
Biquíni Vince Preto,Biquínis,Biquíni Azov Preto,Biquínis,4,98.71
Biquíni Vince Preto,Biquínis,Biquíni Menorca Preto,Biquínis,5,97.5
Biquíni Vince Preto,Biquínis,Biquíni Mark Preto,Biquínis,6,94.74
Biquíni Vince Vermelho Carmim,Biquínis,Biquíni Conti Vermelho Carmim,Biquínis,1,99.99
Biquíni Vince Vermelho Carmim,Biquínis,Biquíni Alessio Vermelho Carmim,Biquínis,2,98.73
Biquíni Vince Vermelho Carmim,Biquínis,Biquíni Hess Pérola,Biquínis,3,87.16
Biquíni Vince Vermelho Carmim,Biquínis,Biquíni Mies Off-White,Biquínis,4,87.07
Biquíni Vince Vermelho Carmim,Biquínis,Biquíni Mies Preto,Biquínis,5,87.07
Biquíni Vince Vermelho Carmim,Biquínis,Biquíni Mies Azul Turquesa,Biquínis,6,87.07
Biquíni Vitto Azul Marinho,Biquínis,Biquíni Easton Azul Marinho,Biquínis,1,99.98
Biquíni Vitto Azul Marinho,Biquínis,Biquíni Castillo Preto,Biquínis,2,90.49
Biquíni Vitto Azul Marinho,Biquínis,Biquíni Castillo Terracota,Biquínis,3,90.49
Biquíni Vitto Azul Marinho,Biquínis,Biquíni Castillo Off-White,Biquínis,4,90.49
Biquíni Vitto Azul Marinho,Biquínis,Biquíni Easton Marrom,Biquínis,5,90.43
Biquíni Vitto Azul Marinho,Biquínis,Biquíni Easton Off-White,Biquínis,6,90.43
BIQUÍNI VITTO + PAREÔ GRAZIA | PÉROLA,Biquínis,BIQUÍNI EASTON + PAREÔ GRAZIA | PRETO,Biquínis,1,99.11
BIQUÍNI VITTO + PAREÔ GRAZIA | PÉROLA,Biquínis,BIQUÍNI EASTON + PAREÔ | OFF-WHITE,Biquínis,2,98.33
BIQUÍNI VITTO + PAREÔ GRAZIA | PÉROLA,Biquínis,BIQUÍNI EASTON + PAREÔ | MARROM,Biquínis,3,98.17
BIQUÍNI VITTO + PAREÔ GRAZIA | PÉROLA,Biquínis,BIQUÍNI VITTO + PAREÔ | PRETO,Biquínis,4,98.14
BIQUÍNI VITTO + PAREÔ GRAZIA | PÉROLA,Biquínis,Saia Remmy Marrom,Saias,5,58.08
BIQUÍNI VITTO + PAREÔ GRAZIA | PÉROLA,Biquínis,Saia Remmy Preto,Saias,6,58.08
BIQUÍNI VITTO + PAREÔ | PRETO,Biquínis,BIQUÍNI EASTON + PAREÔ GRAZIA | PRETO,Biquínis,1,99.31
BIQUÍNI VITTO + PAREÔ | PRETO,Biquínis,BIQUÍNI EASTON + PAREÔ | OFF-WHITE,Biquínis,2,98.55
BIQUÍNI VITTO + PAREÔ | PRETO,Biquínis,BIQUÍNI EASTON + PAREÔ | MARROM,Biquínis,3,98.48
BIQUÍNI VITTO + PAREÔ | PRETO,Biquínis,BIQUÍNI VITTO + PAREÔ GRAZIA | PÉROLA,Biquínis,4,98.14
BIQUÍNI VITTO + PAREÔ | PRETO,Biquínis,Saia Remmy Preto,Saias,5,66.48
BIQUÍNI VITTO + PAREÔ | PRETO,Biquínis,BODY EMMA + PANTALONA BRAXTON | PRETO,Bodies,6,61.5
Biquíni Vitto Pérola,Biquínis,Biquíni Bonneville Pérola,Biquínis,1,98.8
Biquíni Vitto Pérola,Biquínis,Biquíni Alann Pérola,Biquínis,2,98.1
Biquíni Vitto Pérola,Biquínis,Biquíni Finca Pérola,Biquínis,3,96.23
Biquíni Vitto Pérola,Biquínis,Biquíni Landon Pérola,Biquínis,4,92.43
Biquíni Vitto Pérola,Biquínis,Biquíni Castillo Terracota,Biquínis,5,90.49
Biquíni Vitto Pérola,Biquínis,Biquíni Castillo Preto,Biquínis,6,90.49
Biquíni Vitto Preto,Biquínis,Biquíni Easton Preto,Biquínis,1,99.98
Biquíni Vitto Preto,Biquínis,Biquíni Taut Preto,Biquínis,2,99.81
Biquíni Vitto Preto,Biquínis,Biquíni Bonneville Preto,Biquínis,3,98.8
Biquíni Vitto Preto,Biquínis,Biquíni Castillo Preto,Biquínis,4,98.66
Biquíni Vitto Preto,Biquínis,Biquíni Alann Preto,Biquínis,5,98.1
Biquíni Vitto Preto,Biquínis,Biquíni Finca Preto,Biquínis,6,96.23
Blazer Adonis Preto,Blazers,Blazer Vestido Schiffer Preto,Blazers,1,100.0
Blazer Adonis Preto,Blazers,Blazer Vestido Agatha Preto,Blazers,2,100.0
Blazer Adonis Preto,Blazers,Blazer Corrington Preto,Blazers,3,99.9
Blazer Adonis Preto,Blazers,Blazer Linho Fruges Preto,Blazers,4,99.5
Blazer Adonis Preto,Blazers,Blazer Vestido Alec Preto,Blazers,5,68.27
Blazer Adonis Preto,Blazers,Blazer Vestido Schiffer Off-White,Blazers,6,67.92
Blazer Alvar Azul Índigo,Blazers,Body Theron Azul Índigo,Bodies,1,80.62
Blazer Alvar Azul Índigo,Blazers,Body Rodd Off-White,Bodies,2,68.21
Blazer Alvar Azul Índigo,Blazers,Blazer Corrington Preto,Blazers,3,66.98
Blazer Alvar Azul Índigo,Blazers,Blazer Vestido Schiffer Preto,Blazers,4,65.95
Blazer Alvar Azul Índigo,Blazers,Blazer Adonis Preto,Blazers,5,65.95
Blazer Alvar Azul Índigo,Blazers,Blazer Vestido Agatha Bege,Blazers,6,65.95
Blazer Carmine Caramelo,Blazers,Blazer Vestido Vincent Caramelo,Blazers,1,99.18
Blazer Carmine Caramelo,Blazers,BLAZER CARMINE CARAMELO + CALÇA JEANS MALCOLM AZUL CLARO,Blazers,2,93.1
Blazer Carmine Caramelo,Blazers,Blazer Vestido Darleen Marrom,Blazers,3,83.45
Blazer Carmine Caramelo,Blazers,Blazer Vestido Darleen Preto,Blazers,4,83.45
Blazer Carmine Caramelo,Blazers,Blazer Vestido Vincent Off-White,Blazers,5,83.43
Blazer Carmine Caramelo,Blazers,Blazer Vestido Vincent Preto,Blazers,6,83.43
BLAZER CARMINE CARAMELO + CALÇA JEANS MALCOLM AZUL CLARO,Blazers,Blazer Vestido Vincent Caramelo,Blazers,1,97.01
BLAZER CARMINE CARAMELO + CALÇA JEANS MALCOLM AZUL CLARO,Blazers,Blazer Carmine Caramelo,Blazers,2,93.1
BLAZER CARMINE CARAMELO + CALÇA JEANS MALCOLM AZUL CLARO,Blazers,BLAZER CARMINE + PANTALONA SAVOYE | PRETO,Blazers,3,90.58
BLAZER CARMINE CARAMELO + CALÇA JEANS MALCOLM AZUL CLARO,Blazers,BLAZER CARMINE + PANTALONA SAVOYE | OFF-WHITE,Blazers,4,90.58
BLAZER CARMINE CARAMELO + CALÇA JEANS MALCOLM AZUL CLARO,Blazers,Blazer Vestido Vincent Off-White,Blazers,5,85.13
BLAZER CARMINE CARAMELO + CALÇA JEANS MALCOLM AZUL CLARO,Blazers,Blazer Vestido Vincent Preto,Blazers,6,85.13
Blazer Carmine Off-White,Blazers,Blazer Vestido Vincent Off-White,Blazers,1,99.18
Blazer Carmine Off-White,Blazers,BLAZER CARMINE + PANTALONA SAVOYE | OFF-WHITE,Blazers,2,92.19
Blazer Carmine Off-White,Blazers,Blazer Vestido Dustin Off-White,Blazers,3,92.09
Blazer Carmine Off-White,Blazers,Blazer Vestido Darleen Preto,Blazers,4,83.45
Blazer Carmine Off-White,Blazers,Blazer Vestido Darleen Marrom,Blazers,5,83.45
Blazer Carmine Off-White,Blazers,Blazer Vestido Vincent Caramelo,Blazers,6,83.43
BLAZER CARMINE + PANTALONA SAVOYE | OFF-WHITE,Blazers,Blazer Vestido Vincent Off-White,Blazers,1,96.4
BLAZER CARMINE + PANTALONA SAVOYE | OFF-WHITE,Blazers,Blazer Vestido Dustin Off-White,Blazers,2,92.6
BLAZER CARMINE + PANTALONA SAVOYE | OFF-WHITE,Blazers,Blazer Carmine Off-White,Blazers,3,92.19
BLAZER CARMINE + PANTALONA SAVOYE | OFF-WHITE,Blazers,BLAZER CARMINE + PANTALONA SAVOYE | PRETO,Blazers,4,90.86
BLAZER CARMINE + PANTALONA SAVOYE | OFF-WHITE,Blazers,BLAZER CARMINE CARAMELO + CALÇA JEANS MALCOLM AZUL CLARO,Blazers,5,90.58
BLAZER CARMINE + PANTALONA SAVOYE | OFF-WHITE,Blazers,Vestido Sartori Off-White,Vestidos,6,88.64
BLAZER CARMINE + PANTALONA SAVOYE | PRETO,Blazers,Blazer Vestido Vincent Preto,Blazers,1,96.4
BLAZER CARMINE + PANTALONA SAVOYE | PRETO,Blazers,Blazer Vestido Darleen Preto,Blazers,2,96.24
BLAZER CARMINE + PANTALONA SAVOYE | PRETO,Blazers,Blazer Vestido Dustin Preto,Blazers,3,92.6
BLAZER CARMINE + PANTALONA SAVOYE | PRETO,Blazers,Blazer Carmine Preto,Blazers,4,92.19
BLAZER CARMINE + PANTALONA SAVOYE | PRETO,Blazers,BLAZER CARMINE + PANTALONA SAVOYE | OFF-WHITE,Blazers,5,90.86
BLAZER CARMINE + PANTALONA SAVOYE | PRETO,Blazers,BLAZER CARMINE CARAMELO + CALÇA JEANS MALCOLM AZUL CLARO,Blazers,6,90.58
Blazer Carmine Preto,Blazers,Blazer Vestido Darleen Preto,Blazers,1,99.25
Blazer Carmine Preto,Blazers,Blazer Vestido Vincent Preto,Blazers,2,99.18
Blazer Carmine Preto,Blazers,BLAZER CARMINE + PANTALONA SAVOYE | PRETO,Blazers,3,92.19
Blazer Carmine Preto,Blazers,Blazer Vestido Dustin Preto,Blazers,4,92.09
Blazer Carmine Preto,Blazers,Blazer Vestido Darleen Marrom,Blazers,5,83.45
Blazer Carmine Preto,Blazers,Blazer Vestido Vincent Off-White,Blazers,6,83.43
Blazer Corrington Preto,Blazers,Blazer Vestido Schiffer Preto,Blazers,1,99.9
Blazer Corrington Preto,Blazers,Blazer Adonis Preto,Blazers,2,99.9
Blazer Corrington Preto,Blazers,Blazer Vestido Agatha Preto,Blazers,3,99.9
Blazer Corrington Preto,Blazers,Blazer Linho Fruges Preto,Blazers,4,98.97
Blazer Corrington Preto,Blazers,Blazer Vestido Agatha Bege,Blazers,5,68.14
Blazer Corrington Preto,Blazers,Blazer Vestido Agatha Off-White,Blazers,6,68.14
BLAZER DONATO MARROM + PANTALONA SAVOYE OFF-WHITE,Blazers,BLAZER DONATO + PANTALONA SAVOYE OFF-WHITE,Blazers,1,100.0
BLAZER DONATO MARROM + PANTALONA SAVOYE OFF-WHITE,Blazers,Blazer Carmine Off-White,Blazers,2,80.01
BLAZER DONATO MARROM + PANTALONA SAVOYE OFF-WHITE,Blazers,Vestido Bianchi Off-White,Vestidos,3,77.38
BLAZER DONATO MARROM + PANTALONA SAVOYE OFF-WHITE,Blazers,BLAZER DONATO + PANTALONA SAVOYE PRETO,Blazers,4,77.38
BLAZER DONATO MARROM + PANTALONA SAVOYE OFF-WHITE,Blazers,BLUSA TOMMASO + SHORT CALEB | OFF-WHITE,Blusas,5,77.38
BLAZER DONATO MARROM + PANTALONA SAVOYE OFF-WHITE,Blazers,Blusa Alpheus Off-White,Blusas,6,76.81
BLAZER DONATO + PANTALONA SAVOYE OFF-WHITE,Blazers,BLAZER DONATO MARROM + PANTALONA SAVOYE OFF-WHITE,Blazers,1,100.0
BLAZER DONATO + PANTALONA SAVOYE OFF-WHITE,Blazers,Blazer Carmine Off-White,Blazers,2,80.01
BLAZER DONATO + PANTALONA SAVOYE OFF-WHITE,Blazers,Vestido Bianchi Off-White,Vestidos,3,77.38
BLAZER DONATO + PANTALONA SAVOYE OFF-WHITE,Blazers,BLAZER DONATO + PANTALONA SAVOYE PRETO,Blazers,4,77.38
BLAZER DONATO + PANTALONA SAVOYE OFF-WHITE,Blazers,BLUSA TOMMASO + SHORT CALEB | OFF-WHITE,Blusas,5,77.38
BLAZER DONATO + PANTALONA SAVOYE OFF-WHITE,Blazers,Blusa Alpheus Off-White,Blusas,6,76.81
BLAZER DONATO + PANTALONA SAVOYE PRETO,Blazers,Blazer Carmine Preto,Blazers,1,80.01
BLAZER DONATO + PANTALONA SAVOYE PRETO,Blazers,Vestido Bianchi Preto,Vestidos,2,77.38
BLAZER DONATO + PANTALONA SAVOYE PRETO,Blazers,Macacão Linho Armand Preto,Macacões,3,77.38
BLAZER DONATO + PANTALONA SAVOYE PRETO,Blazers,BLAZER DONATO MARROM + PANTALONA SAVOYE OFF-WHITE,Blazers,4,77.38
BLAZER DONATO + PANTALONA SAVOYE PRETO,Blazers,BLAZER DONATO + PANTALONA SAVOYE OFF-WHITE,Blazers,5,77.38
BLAZER DONATO + PANTALONA SAVOYE PRETO,Blazers,Blusa Alpheus Preto,Blusas,6,76.81
Blazer Linho Fruges Caramelo,Blazers,Blazer Linho Fruges Preto,Blazers,1,66.94
Blazer Linho Fruges Caramelo,Blazers,Blazer Vestido Agatha Preto,Blazers,2,66.94
Blazer Linho Fruges Caramelo,Blazers,Blazer Vestido Schiffer Off-White,Blazers,3,66.94
Blazer Linho Fruges Caramelo,Blazers,Blazer Vestido Schiffer Preto,Blazers,4,66.94
Blazer Linho Fruges Caramelo,Blazers,Blazer Adonis Preto,Blazers,5,66.94
Blazer Linho Fruges Caramelo,Blazers,Blazer Vestido Agatha Off-White,Blazers,6,66.94
Blazer Linho Fruges Preto,Blazers,Blazer Vestido Schiffer Preto,Blazers,1,99.5
Blazer Linho Fruges Preto,Blazers,Blazer Adonis Preto,Blazers,2,99.5
Blazer Linho Fruges Preto,Blazers,Blazer Vestido Agatha Preto,Blazers,3,99.5
Blazer Linho Fruges Preto,Blazers,Blazer Corrington Preto,Blazers,4,98.97
Blazer Linho Fruges Preto,Blazers,Blazer Vestido Alec Preto,Blazers,5,75.22
Blazer Linho Fruges Preto,Blazers,Blazer Linho Fruges Caramelo,Blazers,6,66.94
Blazer Vestido Agatha Bege,Blazers,Blazer Corrington Preto,Blazers,1,68.14
Blazer Vestido Agatha Bege,Blazers,Blazer Adonis Preto,Blazers,2,67.92
Blazer Vestido Agatha Bege,Blazers,Blazer Vestido Agatha Off-White,Blazers,3,67.92
Blazer Vestido Agatha Bege,Blazers,Blazer Vestido Agatha Preto,Blazers,4,67.92
Blazer Vestido Agatha Bege,Blazers,Blazer Vestido Schiffer Off-White,Blazers,5,67.92
Blazer Vestido Agatha Bege,Blazers,Blazer Vestido Schiffer Preto,Blazers,6,67.92
Blazer Vestido Agatha Off-White,Blazers,Blazer Vestido Schiffer Off-White,Blazers,1,100.0
Blazer Vestido Agatha Off-White,Blazers,Blazer Corrington Preto,Blazers,2,68.14
Blazer Vestido Agatha Off-White,Blazers,Macacão Avia Off-White,Macacões,3,67.97
Blazer Vestido Agatha Off-White,Blazers,Blazer Adonis Preto,Blazers,4,67.92
Blazer Vestido Agatha Off-White,Blazers,Blazer Vestido Schiffer Preto,Blazers,5,67.92
Blazer Vestido Agatha Off-White,Blazers,Blazer Vestido Agatha Preto,Blazers,6,67.92
Blazer Vestido Agatha Preto,Blazers,Blazer Vestido Schiffer Preto,Blazers,1,100.0
Blazer Vestido Agatha Preto,Blazers,Blazer Adonis Preto,Blazers,2,100.0
Blazer Vestido Agatha Preto,Blazers,Blazer Corrington Preto,Blazers,3,99.9
Blazer Vestido Agatha Preto,Blazers,Blazer Linho Fruges Preto,Blazers,4,99.5
Blazer Vestido Agatha Preto,Blazers,Blazer Vestido Alec Preto,Blazers,5,68.27
Blazer Vestido Agatha Preto,Blazers,Blazer Vestido Schiffer Off-White,Blazers,6,67.92
Blazer Vestido Alec Preto,Blazers,Blazer Vestido Dustin Preto,Blazers,1,90.31
Blazer Vestido Alec Preto,Blazers,Macacão Mila Preto,Macacões,2,78.91
Blazer Vestido Alec Preto,Blazers,Blazer Linho Fruges Preto,Blazers,3,75.22
Blazer Vestido Alec Preto,Blazers,Vestido Filippo Preto,Vestidos,4,74.87
Blazer Vestido Alec Preto,Blazers,Vestido Tess Preto,Vestidos,5,74.4
Blazer Vestido Alec Preto,Blazers,BLAZER CARMINE + PANTALONA SAVOYE | PRETO,Blazers,6,73.93
Blazer Vestido Darleen Marrom,Blazers,Blazer Vestido Vincent Preto,Blazers,1,85.31
Blazer Vestido Darleen Marrom,Blazers,Blazer Vestido Vincent Off-White,Blazers,2,85.31
Blazer Vestido Darleen Marrom,Blazers,Blazer Vestido Vincent Caramelo,Blazers,3,85.31
Blazer Vestido Darleen Marrom,Blazers,Blazer Vestido Darleen Preto,Blazers,4,85.25
Blazer Vestido Darleen Marrom,Blazers,Macacão Breddon Marrom,Macacões,5,85.2
Blazer Vestido Darleen Marrom,Blazers,BLAZER CARMINE CARAMELO + CALÇA JEANS MALCOLM AZUL CLARO,Blazers,6,84.95
Blazer Vestido Darleen Preto,Blazers,Blazer Vestido Vincent Preto,Blazers,1,100.0
Blazer Vestido Darleen Preto,Blazers,Blazer Carmine Preto,Blazers,2,99.25
Blazer Vestido Darleen Preto,Blazers,BLAZER CARMINE + PANTALONA SAVOYE | PRETO,Blazers,3,96.24
Blazer Vestido Darleen Preto,Blazers,Blazer Vestido Dustin Preto,Blazers,4,93.83
Blazer Vestido Darleen Preto,Blazers,Blazer Vestido Vincent Caramelo,Blazers,5,85.31
Blazer Vestido Darleen Preto,Blazers,Blazer Vestido Vincent Off-White,Blazers,6,85.31
Blazer Vestido Dustin Off-White,Blazers,Blazer Vestido Vincent Off-White,Blazers,1,93.88
Blazer Vestido Dustin Off-White,Blazers,BLAZER CARMINE + PANTALONA SAVOYE | OFF-WHITE,Blazers,2,92.6
Blazer Vestido Dustin Off-White,Blazers,Blazer Carmine Off-White,Blazers,3,92.09
Blazer Vestido Dustin Off-White,Blazers,Macacão Aaron Off-White,Macacões,4,78.6
Blazer Vestido Dustin Off-White,Blazers,BLAZER CARMINE CARAMELO + CALÇA JEANS MALCOLM AZUL CLARO,Blazers,5,78.41
Blazer Vestido Dustin Off-White,Blazers,BLAZER CARMINE + PANTALONA SAVOYE | PRETO,Blazers,6,78.4
Blazer Vestido Dustin Preto,Blazers,Blazer Vestido Vincent Preto,Blazers,1,93.88
Blazer Vestido Dustin Preto,Blazers,Blazer Vestido Darleen Preto,Blazers,2,93.83
Blazer Vestido Dustin Preto,Blazers,BLAZER CARMINE + PANTALONA SAVOYE | PRETO,Blazers,3,92.6
Blazer Vestido Dustin Preto,Blazers,Blazer Carmine Preto,Blazers,4,92.09
Blazer Vestido Dustin Preto,Blazers,Blazer Vestido Alec Preto,Blazers,5,90.31
Blazer Vestido Dustin Preto,Blazers,Macacão Megan Preto,Macacões,6,78.6
Blazer Vestido Dustin Vermelho,Blazers,Macacão Megan Vermelho,Macacões,1,78.6
Blazer Vestido Dustin Vermelho,Blazers,BLAZER CARMINE CARAMELO + CALÇA JEANS MALCOLM AZUL CLARO,Blazers,2,78.41
Blazer Vestido Dustin Vermelho,Blazers,BLAZER CARMINE + PANTALONA SAVOYE | OFF-WHITE,Blazers,3,78.4
Blazer Vestido Dustin Vermelho,Blazers,BLAZER CARMINE + PANTALONA SAVOYE | PRETO,Blazers,4,78.4
Blazer Vestido Dustin Vermelho,Blazers,Blazer Vestido Dustin Off-White,Blazers,5,77.96
Blazer Vestido Dustin Vermelho,Blazers,Blazer Vestido Dustin Preto,Blazers,6,77.96
Blazer Vestido Schiffer Off-White,Blazers,Blazer Vestido Agatha Off-White,Blazers,1,100.0
Blazer Vestido Schiffer Off-White,Blazers,Blazer Corrington Preto,Blazers,2,68.14
Blazer Vestido Schiffer Off-White,Blazers,Macacão Avia Off-White,Macacões,3,67.97
Blazer Vestido Schiffer Off-White,Blazers,Blazer Adonis Preto,Blazers,4,67.92
Blazer Vestido Schiffer Off-White,Blazers,Blazer Vestido Schiffer Preto,Blazers,5,67.92
Blazer Vestido Schiffer Off-White,Blazers,Blazer Vestido Agatha Preto,Blazers,6,67.92
Blazer Vestido Schiffer Preto,Blazers,Blazer Vestido Agatha Preto,Blazers,1,100.0
Blazer Vestido Schiffer Preto,Blazers,Blazer Adonis Preto,Blazers,2,100.0
Blazer Vestido Schiffer Preto,Blazers,Blazer Corrington Preto,Blazers,3,99.9
Blazer Vestido Schiffer Preto,Blazers,Blazer Linho Fruges Preto,Blazers,4,99.5
Blazer Vestido Schiffer Preto,Blazers,Blazer Vestido Alec Preto,Blazers,5,68.27
Blazer Vestido Schiffer Preto,Blazers,Blazer Vestido Schiffer Off-White,Blazers,6,67.92
Blazer Vestido Vincent Caramelo,Blazers,Blazer Carmine Caramelo,Blazers,1,99.18
Blazer Vestido Vincent Caramelo,Blazers,BLAZER CARMINE CARAMELO + CALÇA JEANS MALCOLM AZUL CLARO,Blazers,2,97.01
Blazer Vestido Vincent Caramelo,Blazers,Blazer Vestido Vincent Off-White,Blazers,3,85.36
Blazer Vestido Vincent Caramelo,Blazers,Blazer Vestido Vincent Preto,Blazers,4,85.36
Blazer Vestido Vincent Caramelo,Blazers,Blazer Vestido Darleen Marrom,Blazers,5,85.31
Blazer Vestido Vincent Caramelo,Blazers,Blazer Vestido Darleen Preto,Blazers,6,85.31
Blazer Vestido Vincent Off-White,Blazers,Blazer Carmine Off-White,Blazers,1,99.18
Blazer Vestido Vincent Off-White,Blazers,BLAZER CARMINE + PANTALONA SAVOYE | OFF-WHITE,Blazers,2,96.4
Blazer Vestido Vincent Off-White,Blazers,Blazer Vestido Dustin Off-White,Blazers,3,93.88
Blazer Vestido Vincent Off-White,Blazers,Blazer Vestido Vincent Preto,Blazers,4,85.36
Blazer Vestido Vincent Off-White,Blazers,Blazer Vestido Vincent Caramelo,Blazers,5,85.36
Blazer Vestido Vincent Off-White,Blazers,Blazer Vestido Darleen Preto,Blazers,6,85.31
Blazer Vestido Vincent Preto,Blazers,Blazer Vestido Darleen Preto,Blazers,1,100.0
Blazer Vestido Vincent Preto,Blazers,Blazer Carmine Preto,Blazers,2,99.18
Blazer Vestido Vincent Preto,Blazers,BLAZER CARMINE + PANTALONA SAVOYE | PRETO,Blazers,3,96.4
Blazer Vestido Vincent Preto,Blazers,Blazer Vestido Dustin Preto,Blazers,4,93.88
Blazer Vestido Vincent Preto,Blazers,Blazer Vestido Vincent Caramelo,Blazers,5,85.36
Blazer Vestido Vincent Preto,Blazers,Blazer Vestido Vincent Off-White,Blazers,6,85.36
Blusa Alexis Off-White,Blusas,Blusa Percy Off-White,Blusas,1,100.0
Blusa Alexis Off-White,Blusas,BLUSA TOMMASO + SHORT CALEB | OFF-WHITE,Blusas,2,97.31
Blusa Alexis Off-White,Blusas,Blusa Alpheus Off-White,Blusas,3,96.18
Blusa Alexis Off-White,Blusas,BLUSA CESARE + SAIA RILEY | OFF-WHITE,Blusas,4,86.27
Blusa Alexis Off-White,Blusas,BLUSA MAYFAR + PANTALONA SAVOYE | OFF-WHITE,Blusas,5,83.07
Blusa Alexis Off-White,Blusas,BLUSA ALEXIS OFF-WHITE + CALÇA JEANS MALCOLM AZUL ESCURO,Blusas,6,82.1
BLUSA ALEXIS OFF-WHITE + CALÇA JEANS MALCOLM AZUL ESCURO,Blusas,BLUSA PERCY OFF-WHITE + CALÇA JEANS MALCOLM AZUL CLARO,Blusas,1,100.0
BLUSA ALEXIS OFF-WHITE + CALÇA JEANS MALCOLM AZUL ESCURO,Blusas,BLUSA MAYFAR + PANTALONA SAVOYE | OFF-WHITE,Blusas,2,99.99
BLUSA ALEXIS OFF-WHITE + CALÇA JEANS MALCOLM AZUL ESCURO,Blusas,BLUSA CESARE + SAIA RILEY | OFF-WHITE,Blusas,3,99.7
BLUSA ALEXIS OFF-WHITE + CALÇA JEANS MALCOLM AZUL ESCURO,Blusas,Vestido Walker Off-White,Vestidos,4,86.44
BLUSA ALEXIS OFF-WHITE + CALÇA JEANS MALCOLM AZUL ESCURO,Blusas,Vestido Salvi Off-White,Vestidos,5,86.44
BLUSA ALEXIS OFF-WHITE + CALÇA JEANS MALCOLM AZUL ESCURO,Blusas,Vestido Fontaine Off-White,Vestidos,6,86.44
BLUSA ALEXIS PRETA + CALÇA JEANS MALCOLM AZUL ESCURO,Blusas,BLUSA PERCY PRETA + CALÇA JEANS MALCOLM AZUL ESCURO,Blusas,1,100.0
BLUSA ALEXIS PRETA + CALÇA JEANS MALCOLM AZUL ESCURO,Blusas,Vestido Salvi Azul,Vestidos,2,86.44
BLUSA ALEXIS PRETA + CALÇA JEANS MALCOLM AZUL ESCURO,Blusas,BLUSA PERCY + SAIA REMMY | PRETO,Blusas,3,86.3
BLUSA ALEXIS PRETA + CALÇA JEANS MALCOLM AZUL ESCURO,Blusas,Vestido Cameron Azul,Vestidos,4,86.2
BLUSA ALEXIS PRETA + CALÇA JEANS MALCOLM AZUL ESCURO,Blusas,BLUSA PERCY OFF-WHITE + CALÇA JEANS MALCOLM AZUL CLARO,Blusas,5,85.76
BLUSA ALEXIS PRETA + CALÇA JEANS MALCOLM AZUL ESCURO,Blusas,BLUSA ALEXIS OFF-WHITE + CALÇA JEANS MALCOLM AZUL ESCURO,Blusas,6,85.76
Blusa Alexis Preto,Blusas,Blusa Percy Preto,Blusas,1,100.0
Blusa Alexis Preto,Blusas,Blusa Tommaso Preto,Blusas,2,99.26
Blusa Alexis Preto,Blusas,Blusa Cesare Preto,Blusas,3,99.26
Blusa Alexis Preto,Blusas,Blusa Alpheus Preto,Blusas,4,96.18
Blusa Alexis Preto,Blusas,BLUSA TOMMASO + SAIA RILEY | PRETO,Blusas,5,86.27
Blusa Alexis Preto,Blusas,BLUSA PERCY + SAIA REMMY | PRETO,Blusas,6,77.96
Blusa Alpheus Off-White,Blusas,BLUSA TOMMASO + SHORT CALEB | OFF-WHITE,Blusas,1,98.81
Blusa Alpheus Off-White,Blusas,Blusa Percy Off-White,Blusas,2,96.18
Blusa Alpheus Off-White,Blusas,Blusa Alexis Off-White,Blusas,3,96.18
Blusa Alpheus Off-White,Blusas,Blusa Alpheus Preto,Blusas,4,78.61
Blusa Alpheus Off-White,Blusas,Blusa Tommaso Preto,Blusas,5,76.88
Blusa Alpheus Off-White,Blusas,Blusa Cesare Preto,Blusas,6,76.88
Blusa Alpheus Preto,Blusas,Blusa Tommaso Preto,Blusas,1,98.79
Blusa Alpheus Preto,Blusas,Blusa Cesare Preto,Blusas,2,98.79
Blusa Alpheus Preto,Blusas,Blusa Percy Preto,Blusas,3,96.18
Blusa Alpheus Preto,Blusas,Blusa Alexis Preto,Blusas,4,96.18
Blusa Alpheus Preto,Blusas,Blusa Alpheus Off-White,Blusas,5,78.61
Blusa Alpheus Preto,Blusas,Vestido Bianchi Preto,Vestidos,6,76.81
Blusa Cesare Preto,Blusas,Blusa Tommaso Preto,Blusas,1,100.0
Blusa Cesare Preto,Blusas,Blusa Percy Preto,Blusas,2,99.26
Blusa Cesare Preto,Blusas,Blusa Alexis Preto,Blusas,3,99.26
Blusa Cesare Preto,Blusas,Blusa Alpheus Preto,Blusas,4,98.79
Blusa Cesare Preto,Blusas,BLUSA TOMMASO + SAIA RILEY | PRETO,Blusas,5,79.48
Blusa Cesare Preto,Blusas,Blusa Alpheus Off-White,Blusas,6,76.88
BLUSA CESARE + SAIA RILEY | OFF-WHITE,Blusas,BLUSA MAYFAR + PANTALONA SAVOYE | OFF-WHITE,Blusas,1,99.82
BLUSA CESARE + SAIA RILEY | OFF-WHITE,Blusas,BLUSA ALEXIS OFF-WHITE + CALÇA JEANS MALCOLM AZUL ESCURO,Blusas,2,99.7
BLUSA CESARE + SAIA RILEY | OFF-WHITE,Blusas,BLUSA PERCY OFF-WHITE + CALÇA JEANS MALCOLM AZUL CLARO,Blusas,3,99.7
BLUSA CESARE + SAIA RILEY | OFF-WHITE,Blusas,Blusa Percy Off-White,Blusas,4,86.27
BLUSA CESARE + SAIA RILEY | OFF-WHITE,Blusas,Blusa Alexis Off-White,Blusas,5,86.27
BLUSA CESARE + SAIA RILEY | OFF-WHITE,Blusas,Vestido Cameron Off-White,Vestidos,6,84.79
Blusa Mayfar Bege,Blusas,Blusa Moonsoon Bege,Blusas,1,99.42
Blusa Mayfar Bege,Blusas,Blusa Mayfar Preto,Blusas,2,62.19
Blusa Mayfar Bege,Blusas,Blusa Mayfar Off-White,Blusas,3,62.19
Blusa Mayfar Bege,Blusas,Blazer Vestido Agatha Bege,Blazers,4,61.73
Blusa Mayfar Bege,Blusas,Vestido Linho Frank Bege,Vestidos,5,61.72
Blusa Mayfar Bege,Blusas,Vestido Ethan Bege,Vestidos,6,61.43
Blusa Mayfar Off-White,Blusas,BLUSA ZENO + CALÇA ZENO | OFF-WHITE,Blusas,1,97.76
Blusa Mayfar Off-White,Blusas,Blusa Soho Off-White,Blusas,2,97.52
Blusa Mayfar Off-White,Blusas,Blusa Zeno Off-White,Blusas,3,84.49
Blusa Mayfar Off-White,Blusas,Macacão Damian Off-White,Macacões,4,62.58
Blusa Mayfar Off-White,Blusas,Macacão Linho Braid Off-White,Macacões,5,62.55
Blusa Mayfar Off-White,Blusas,Macacão Rith Off-White,Macacões,6,62.55
BLUSA MAYFAR + PANTALONA SAVOYE | OFF-WHITE,Blusas,BLUSA ALEXIS OFF-WHITE + CALÇA JEANS MALCOLM AZUL ESCURO,Blusas,1,99.99
BLUSA MAYFAR + PANTALONA SAVOYE | OFF-WHITE,Blusas,BLUSA PERCY OFF-WHITE + CALÇA JEANS MALCOLM AZUL CLARO,Blusas,2,99.99
BLUSA MAYFAR + PANTALONA SAVOYE | OFF-WHITE,Blusas,BLUSA CESARE + SAIA RILEY | OFF-WHITE,Blusas,3,99.82
BLUSA MAYFAR + PANTALONA SAVOYE | OFF-WHITE,Blusas,Vestido Walker Off-White,Vestidos,4,86.09
BLUSA MAYFAR + PANTALONA SAVOYE | OFF-WHITE,Blusas,Vestido Salvi Off-White,Vestidos,5,86.09
BLUSA MAYFAR + PANTALONA SAVOYE | OFF-WHITE,Blusas,Vestido Fontaine Off-White,Vestidos,6,86.09
Blusa Mayfar Preto,Blusas,BLUSA ZENO + CALÇA ZENO | PRETO,Blusas,1,97.76
Blusa Mayfar Preto,Blusas,Blusa Soho Preto,Blusas,2,97.52
Blusa Mayfar Preto,Blusas,Macacão Damian Preto,Macacões,3,62.58
Blusa Mayfar Preto,Blusas,Macacão Rith Preto,Macacões,4,62.55
Blusa Mayfar Preto,Blusas,Macacão Linho Braid Preto,Macacões,5,62.55
Blusa Mayfar Preto,Blusas,Vestido Tricot Nau Preto,Vestidos,6,62.46
Blusa Moonsoon Bege,Blusas,Blusa Mayfar Bege,Blusas,1,99.42
Blusa Moonsoon Bege,Blusas,Blazer Vestido Agatha Bege,Blazers,2,63.87
Blusa Moonsoon Bege,Blusas,Vestido Linho Frank Bege,Vestidos,3,63.64
Blusa Moonsoon Bege,Blusas,Vestido Ethan Bege,Vestidos,4,63.64
Blusa Moonsoon Bege,Blusas,Blusa Soho Off-White,Blusas,5,63.45
Blusa Moonsoon Bege,Blusas,Blusa Soho Preto,Blusas,6,63.45
Blusa Percy Off-White,Blusas,Blusa Alexis Off-White,Blusas,1,100.0
Blusa Percy Off-White,Blusas,BLUSA TOMMASO + SHORT CALEB | OFF-WHITE,Blusas,2,97.31
Blusa Percy Off-White,Blusas,Blusa Alpheus Off-White,Blusas,3,96.18
Blusa Percy Off-White,Blusas,BLUSA CESARE + SAIA RILEY | OFF-WHITE,Blusas,4,86.27
Blusa Percy Off-White,Blusas,BLUSA MAYFAR + PANTALONA SAVOYE | OFF-WHITE,Blusas,5,83.07
Blusa Percy Off-White,Blusas,BLUSA ALEXIS OFF-WHITE + CALÇA JEANS MALCOLM AZUL ESCURO,Blusas,6,82.1
BLUSA PERCY OFF-WHITE + CALÇA JEANS MALCOLM AZUL CLARO,Blusas,BLUSA ALEXIS OFF-WHITE + CALÇA JEANS MALCOLM AZUL ESCURO,Blusas,1,100.0
BLUSA PERCY OFF-WHITE + CALÇA JEANS MALCOLM AZUL CLARO,Blusas,BLUSA MAYFAR + PANTALONA SAVOYE | OFF-WHITE,Blusas,2,99.99
BLUSA PERCY OFF-WHITE + CALÇA JEANS MALCOLM AZUL CLARO,Blusas,BLUSA CESARE + SAIA RILEY | OFF-WHITE,Blusas,3,99.7
BLUSA PERCY OFF-WHITE + CALÇA JEANS MALCOLM AZUL CLARO,Blusas,Vestido Walker Off-White,Vestidos,4,86.44
BLUSA PERCY OFF-WHITE + CALÇA JEANS MALCOLM AZUL CLARO,Blusas,Vestido Salvi Off-White,Vestidos,5,86.44
BLUSA PERCY OFF-WHITE + CALÇA JEANS MALCOLM AZUL CLARO,Blusas,Vestido Fontaine Off-White,Vestidos,6,86.44
BLUSA PERCY PRETA + CALÇA JEANS MALCOLM AZUL ESCURO,Blusas,BLUSA ALEXIS PRETA + CALÇA JEANS MALCOLM AZUL ESCURO,Blusas,1,100.0
BLUSA PERCY PRETA + CALÇA JEANS MALCOLM AZUL ESCURO,Blusas,Vestido Salvi Azul,Vestidos,2,86.44
BLUSA PERCY PRETA + CALÇA JEANS MALCOLM AZUL ESCURO,Blusas,BLUSA PERCY + SAIA REMMY | PRETO,Blusas,3,86.3
BLUSA PERCY PRETA + CALÇA JEANS MALCOLM AZUL ESCURO,Blusas,Vestido Cameron Azul,Vestidos,4,86.2
BLUSA PERCY PRETA + CALÇA JEANS MALCOLM AZUL ESCURO,Blusas,BLUSA PERCY OFF-WHITE + CALÇA JEANS MALCOLM AZUL CLARO,Blusas,5,85.76
BLUSA PERCY PRETA + CALÇA JEANS MALCOLM AZUL ESCURO,Blusas,BLUSA ALEXIS OFF-WHITE + CALÇA JEANS MALCOLM AZUL ESCURO,Blusas,6,85.76
Blusa Percy Preto,Blusas,Blusa Alexis Preto,Blusas,1,100.0
Blusa Percy Preto,Blusas,Blusa Tommaso Preto,Blusas,2,99.26
Blusa Percy Preto,Blusas,Blusa Cesare Preto,Blusas,3,99.26
Blusa Percy Preto,Blusas,Blusa Alpheus Preto,Blusas,4,96.18
Blusa Percy Preto,Blusas,BLUSA TOMMASO + SAIA RILEY | PRETO,Blusas,5,86.27
Blusa Percy Preto,Blusas,BLUSA PERCY + SAIA REMMY | PRETO,Blusas,6,77.96
BLUSA PERCY + SAIA REMMY | PRETO,Blusas,BLUSA TOMMASO + SAIA RILEY | PRETO,Blusas,1,98.93
BLUSA PERCY + SAIA REMMY | PRETO,Blusas,Vestido Sartori Preto,Vestidos,2,87.86
BLUSA PERCY + SAIA REMMY | PRETO,Blusas,Vestido Salvi Preto,Vestidos,3,87.58
BLUSA PERCY + SAIA REMMY | PRETO,Blusas,Vestido Roland Preto,Vestidos,4,87.58
BLUSA PERCY + SAIA REMMY | PRETO,Blusas,Vestido Walker Preto,Vestidos,5,87.58
BLUSA PERCY + SAIA REMMY | PRETO,Blusas,Vestido Fontaine Preto,Vestidos,6,87.58
Blusa Soho Off-White,Blusas,BLUSA ZENO + CALÇA ZENO | OFF-WHITE,Blusas,1,98.18
Blusa Soho Off-White,Blusas,Blusa Mayfar Off-White,Blusas,2,97.52
Blusa Soho Off-White,Blusas,Blusa Zeno Off-White,Blusas,3,94.23
Blusa Soho Off-White,Blusas,Macacão Avia Off-White,Macacões,4,66.25
Blusa Soho Off-White,Blusas,Vestido Tricot Effie Off-White,Vestidos,5,65.85
Blusa Soho Off-White,Blusas,Vestido Loren Off-White,Vestidos,6,65.85
Blusa Soho Preto,Blusas,BLUSA ZENO + CALÇA ZENO | PRETO,Blusas,1,98.18
Blusa Soho Preto,Blusas,Blusa Mayfar Preto,Blusas,2,97.52
Blusa Soho Preto,Blusas,Vestido Loren Preto,Vestidos,3,65.85
Blusa Soho Preto,Blusas,Vestido Archie Preto,Vestidos,4,65.81
Blusa Soho Preto,Blusas,Vestido Linho Sugarloaf Preto,Vestidos,5,65.81
Blusa Soho Preto,Blusas,Vestido Calla Preto,Vestidos,6,65.81
Blusa Tommaso Preto,Blusas,Blusa Cesare Preto,Blusas,1,100.0
Blusa Tommaso Preto,Blusas,Blusa Percy Preto,Blusas,2,99.26
Blusa Tommaso Preto,Blusas,Blusa Alexis Preto,Blusas,3,99.26
Blusa Tommaso Preto,Blusas,Blusa Alpheus Preto,Blusas,4,98.79
Blusa Tommaso Preto,Blusas,BLUSA TOMMASO + SAIA RILEY | PRETO,Blusas,5,79.48
Blusa Tommaso Preto,Blusas,Blusa Alpheus Off-White,Blusas,6,76.88
BLUSA TOMMASO + SAIA RILEY | PRETO,Blusas,BLUSA PERCY + SAIA REMMY | PRETO,Blusas,1,98.93
BLUSA TOMMASO + SAIA RILEY | PRETO,Blusas,Blusa Alexis Preto,Blusas,2,86.27
BLUSA TOMMASO + SAIA RILEY | PRETO,Blusas,Blusa Percy Preto,Blusas,3,86.27
BLUSA TOMMASO + SAIA RILEY | PRETO,Blusas,Vestido Cameron Preto,Vestidos,4,84.79
BLUSA TOMMASO + SAIA RILEY | PRETO,Blusas,Vestido Fontaine Preto,Vestidos,5,84.68
BLUSA TOMMASO + SAIA RILEY | PRETO,Blusas,Vestido Salvi Preto,Vestidos,6,84.68
BLUSA TOMMASO + SHORT CALEB | OFF-WHITE,Blusas,Blusa Alpheus Off-White,Blusas,1,98.81
BLUSA TOMMASO + SHORT CALEB | OFF-WHITE,Blusas,Blusa Alexis Off-White,Blusas,2,97.31
BLUSA TOMMASO + SHORT CALEB | OFF-WHITE,Blusas,Blusa Percy Off-White,Blusas,3,97.31
BLUSA TOMMASO + SHORT CALEB | OFF-WHITE,Blusas,BLAZER DONATO MARROM + PANTALONA SAVOYE OFF-WHITE,Blazers,4,77.38
BLUSA TOMMASO + SHORT CALEB | OFF-WHITE,Blusas,BLAZER DONATO + PANTALONA SAVOYE OFF-WHITE,Blazers,5,77.38
BLUSA TOMMASO + SHORT CALEB | OFF-WHITE,Blusas,Vestido Bianchi Off-White,Vestidos,6,77.38
BLUSA ZENO + CALÇA ZENO | OFF-WHITE,Blusas,Blusa Soho Off-White,Blusas,1,98.18
BLUSA ZENO + CALÇA ZENO | OFF-WHITE,Blusas,Blusa Mayfar Off-White,Blusas,2,97.76
BLUSA ZENO + CALÇA ZENO | OFF-WHITE,Blusas,Blusa Zeno Off-White,Blusas,3,89.48
BLUSA ZENO + CALÇA ZENO | OFF-WHITE,Blusas,Pantalona Linho Abbie Off-White,Calças,4,62.37
BLUSA ZENO + CALÇA ZENO | OFF-WHITE,Blusas,Pantalona Ozuna Off-White,Calças,5,62.36
BLUSA ZENO + CALÇA ZENO | OFF-WHITE,Blusas,Macaquinho Martin Off-White,Unknown,6,62.27
BLUSA ZENO + CALÇA ZENO | PRETO,Blusas,Blusa Soho Preto,Blusas,1,98.18
BLUSA ZENO + CALÇA ZENO | PRETO,Blusas,Blusa Mayfar Preto,Blusas,2,97.76
BLUSA ZENO + CALÇA ZENO | PRETO,Blusas,Pantalona Linho Abbie Preto,Calças,3,62.37
BLUSA ZENO + CALÇA ZENO | PRETO,Blusas,Pantalona Ozuna Preto,Calças,4,62.36
BLUSA ZENO + CALÇA ZENO | PRETO,Blusas,Saída Clarke Preto,Saídas,5,62.15
BLUSA ZENO + CALÇA ZENO | PRETO,Blusas,Body Dominic Preto,Bodies,6,62.09
Blusa Zeno Off-White,Blusas,Blusa Soho Off-White,Blusas,1,94.23
Blusa Zeno Off-White,Blusas,BLUSA ZENO + CALÇA ZENO | OFF-WHITE,Blusas,2,89.48
Blusa Zeno Off-White,Blusas,Blusa Mayfar Off-White,Blusas,3,84.49
Blusa Zeno Off-White,Blusas,Body Rinaldi Off-White,Bodies,4,74.66
Blusa Zeno Off-White,Blusas,Body Aliyev Off-White,Bodies,5,74.26
Blusa Zeno Off-White,Blusas,Vestido Tricot Effie Off-White,Vestidos,6,72.5
Body Aliyev Cobre,Bodies,Body Kenzo Cobre,Bodies,1,82.97
Body Aliyev Cobre,Bodies,Body Rinaldi Preto,Bodies,2,74.32
Body Aliyev Cobre,Bodies,Body Rinaldi Off-White,Bodies,3,74.32
Body Aliyev Cobre,Bodies,Body Aliyev Preto,Bodies,4,73.98
Body Aliyev Cobre,Bodies,Body Aliyev Off-White,Bodies,5,73.98
Body Aliyev Cobre,Bodies,Pareô Heidi Cobre,Pareôs,6,73.17
Body Aliyev Off-White,Bodies,Body Rinaldi Off-White,Bodies,1,99.98
Body Aliyev Off-White,Bodies,Body Otto Off-White,Bodies,2,99.61
Body Aliyev Off-White,Bodies,Body Theron Off-White,Bodies,3,91.82
Body Aliyev Off-White,Bodies,Body Ezio Off-White,Bodies,4,91.82
Body Aliyev Off-White,Bodies,Body Foster Off-White,Bodies,5,89.61
Body Aliyev Off-White,Bodies,Body Claude Off-White,Bodies,6,82.17
Body Aliyev Preto,Bodies,Body Rinaldi Preto,Bodies,1,99.98
Body Aliyev Preto,Bodies,Body Otto Preto,Bodies,2,99.61
Body Aliyev Preto,Bodies,Body Heydar Preto,Bodies,3,99.04
Body Aliyev Preto,Bodies,Body Rodd Preto,Bodies,4,92.63
Body Aliyev Preto,Bodies,Body Dominic Preto,Bodies,5,91.99
Body Aliyev Preto,Bodies,Body Lyra Preto,Bodies,6,91.9
Body Alkash Magenta,Bodies,Body Alkash Vermelho,Bodies,1,83.37
Body Alkash Magenta,Bodies,Body Rodd Off-White,Bodies,2,82.93
Body Alkash Magenta,Bodies,Body Rodd Preto,Bodies,3,82.92
Body Alkash Magenta,Bodies,Body Bonnie Pérola,Bodies,4,82.25
Body Alkash Magenta,Bodies,Body Lyra Preto,Bodies,5,82.17
Body Alkash Magenta,Bodies,Body Darius Pérola,Bodies,6,82.09
Body Alkash Vermelho,Bodies,Body Espanya Vermelho,Bodies,1,94.17
Body Alkash Vermelho,Bodies,Body Alkash Magenta,Bodies,2,83.37
Body Alkash Vermelho,Bodies,Body Rodd Off-White,Bodies,3,82.93
Body Alkash Vermelho,Bodies,Body Rodd Preto,Bodies,4,82.92
Body Alkash Vermelho,Bodies,Body Bonnie Pérola,Bodies,5,82.25
Body Alkash Vermelho,Bodies,Saia Bitar Vermelho,Saias,6,82.22
Body Bonnie Pérola,Bodies,Body Darius Pérola,Bodies,1,100.0
Body Bonnie Pérola,Bodies,Body Kenzo Pérola,Bodies,2,95.67
Body Bonnie Pérola,Bodies,Body Dominic Pérola,Bodies,3,87.89
Body Bonnie Pérola,Bodies,Body Rodd Off-White,Bodies,4,83.11
Body Bonnie Pérola,Bodies,Body Alkash Magenta,Bodies,5,82.25
Body Bonnie Pérola,Bodies,Body Alkash Vermelho,Bodies,6,82.25
Body Chiara Marrom,Bodies,Body Giorgia Marrom,Bodies,1,98.95
Body Chiara Marrom,Bodies,Body Steffano Marrom,Bodies,2,94.34
Body Chiara Marrom,Bodies,Body Dominic Marrom,Bodies,3,81.34
Body Chiara Marrom,Bodies,Body Chiara Off-White,Bodies,4,77.61
Body Chiara Marrom,Bodies,Body Rocco Preto,Bodies,5,73.51
Body Chiara Marrom,Bodies,Body Rocco Off-White,Bodies,6,73.51
Body Chiara Off-White,Bodies,Body Rocco Off-White,Bodies,1,96.37
Body Chiara Off-White,Bodies,Body Steffano Off-White,Bodies,2,94.34
Body Chiara Off-White,Bodies,Body Claude Off-White,Bodies,3,87.7
Body Chiara Off-White,Bodies,Body Foster Off-White,Bodies,4,83.48
Body Chiara Off-White,Bodies,Body Rodd Off-White,Bodies,5,78.41
Body Chiara Off-White,Bodies,Body Chiara Marrom,Bodies,6,77.61
BODY CHIARA + PANTALONA SAVOYE | OFF-WHITE,Bodies,BODY ROCCO + PANTALONA FLARE | OFF-WHITE,Bodies,1,99.74
BODY CHIARA + PANTALONA SAVOYE | OFF-WHITE,Bodies,BODY ROCCO + PANTALONA FLARE | PRETO,Bodies,2,95.75
BODY CHIARA + PANTALONA SAVOYE | OFF-WHITE,Bodies,BODY EMMA + PANTALONA BRAXTON | OFF-WHITE,Bodies,3,88.72
BODY CHIARA + PANTALONA SAVOYE | OFF-WHITE,Bodies,BODY EMMA + SHORT CALEB | PRETO,Bodies,4,83.54
BODY CHIARA + PANTALONA SAVOYE | OFF-WHITE,Bodies,BODY EMMA + PANTALONA BRAXTON | PRETO,Bodies,5,82.07
BODY CHIARA + PANTALONA SAVOYE | OFF-WHITE,Bodies,CORSELET KIMBELL + PANTALONA SAVOYE | OFF-WHITE,Unknown,6,81.34
Body Claude Off-White,Bodies,Body Foster Off-White,Bodies,1,98.93
Body Claude Off-White,Bodies,Body Rocco Off-White,Bodies,2,90.01
Body Claude Off-White,Bodies,Body Steffano Off-White,Bodies,3,89.56
Body Claude Off-White,Bodies,Body Chiara Off-White,Bodies,4,87.7
Body Claude Off-White,Bodies,Body Otto Off-White,Bodies,5,86.86
Body Claude Off-White,Bodies,Body Aliyev Off-White,Bodies,6,82.17
Body Darius Pérola,Bodies,Body Bonnie Pérola,Bodies,1,100.0
Body Darius Pérola,Bodies,Body Kenzo Pérola,Bodies,2,95.93
Body Darius Pérola,Bodies,Body Dominic Pérola,Bodies,3,88.08
Body Darius Pérola,Bodies,Body Rodd Off-White,Bodies,4,83.1
Body Darius Pérola,Bodies,Body Alkash Magenta,Bodies,5,82.09
Body Darius Pérola,Bodies,Body Alkash Vermelho,Bodies,6,82.09
Body Dominic Marrom,Bodies,Body Steffano Marrom,Bodies,1,89.95
Body Dominic Marrom,Bodies,Body Giorgia Marrom,Bodies,2,86.25
Body Dominic Marrom,Bodies,Body Mattia Marrom,Bodies,3,83.56
Body Dominic Marrom,Bodies,Body Chiara Marrom,Bodies,4,81.34
Body Dominic Marrom,Bodies,Body Heydar Preto,Bodies,5,62.44
Body Dominic Marrom,Bodies,Body Dominic Preto,Bodies,6,62.41
Body Dominic Pérola,Bodies,Body Kenzo Pérola,Bodies,1,90.46
Body Dominic Pérola,Bodies,Body Darius Pérola,Bodies,2,88.08
Body Dominic Pérola,Bodies,Body Bonnie Pérola,Bodies,3,87.89
Body Dominic Pérola,Bodies,Saída Clarke Pérola,Saídas,4,62.69
Body Dominic Pérola,Bodies,Body Heydar Preto,Bodies,5,62.44
Body Dominic Pérola,Bodies,Body Dominic Marrom,Bodies,6,62.41
Body Dominic Preto,Bodies,Body Foster Preto,Bodies,1,99.84
Body Dominic Preto,Bodies,Body Heydar Preto,Bodies,2,96.53
Body Dominic Preto,Bodies,Body Otto Preto,Bodies,3,95.08
Body Dominic Preto,Bodies,Body Aliyev Preto,Bodies,4,91.99
Body Dominic Preto,Bodies,Body Rinaldi Preto,Bodies,5,91.22
Body Dominic Preto,Bodies,Body Espanya Preto,Bodies,6,90.56
Body Eli Off-White,Bodies,Body Mattia Off-White,Bodies,1,93.96
Body Eli Off-White,Bodies,Body Emma Off-White,Bodies,2,89.36
Body Eli Off-White,Bodies,Body Claude Off-White,Bodies,3,81.81
Body Eli Off-White,Bodies,Body Foster Off-White,Bodies,4,78.85
Body Eli Off-White,Bodies,BODY EMMA + PANTALONA BRAXTON | OFF-WHITE,Bodies,5,72.31
Body Eli Off-White,Bodies,Body Otto Off-White,Bodies,6,63.96
Body Eli Preto,Bodies,Body Mattia Preto,Bodies,1,93.96
Body Eli Preto,Bodies,Body Emma Preto,Bodies,2,89.36
Body Eli Preto,Bodies,BODY EMMA + SHORT CALEB | PRETO,Bodies,3,81.23
Body Eli Preto,Bodies,Body Foster Preto,Bodies,4,78.85
Body Eli Preto,Bodies,Body Dominic Preto,Bodies,5,77.23
Body Eli Preto,Bodies,BODY EMMA + PANTALONA BRAXTON | PRETO,Bodies,6,72.31
Body Emma Off-White,Bodies,Body Eli Off-White,Bodies,1,89.36
Body Emma Off-White,Bodies,Body Mattia Off-White,Bodies,2,88.4
Body Emma Off-White,Bodies,BODY ROCCO + PANTALONA FLARE | OFF-WHITE,Bodies,3,80.64
Body Emma Off-White,Bodies,BODY CHIARA + PANTALONA SAVOYE | OFF-WHITE,Bodies,4,77.73
Body Emma Off-White,Bodies,Body Emma Preto,Bodies,5,76.9
Body Emma Off-White,Bodies,Pantalona Savoye Off-White,Calças,6,76.22
BODY EMMA + PANTALONA BRAXTON | OFF-WHITE,Bodies,CORSELET KIMBELL + PANTALONA SAVOYE | OFF-WHITE,Unknown,1,88.79
BODY EMMA + PANTALONA BRAXTON | OFF-WHITE,Bodies,BODY CHIARA + PANTALONA SAVOYE | OFF-WHITE,Bodies,2,88.72
BODY EMMA + PANTALONA BRAXTON | OFF-WHITE,Bodies,BODY EMMA + PANTALONA BRAXTON | PRETO,Bodies,3,88.52
BODY EMMA + PANTALONA BRAXTON | OFF-WHITE,Bodies,BODY ROCCO + PANTALONA FLARE | OFF-WHITE,Bodies,4,86.11
BODY EMMA + PANTALONA BRAXTON | OFF-WHITE,Bodies,BODY EMMA + SHORT CALEB | PRETO,Bodies,5,84.77
BODY EMMA + PANTALONA BRAXTON | OFF-WHITE,Bodies,Vestido Sartori Off-White,Vestidos,6,84.48
BODY EMMA + PANTALONA BRAXTON | PRETO,Bodies,BODY EMMA + SHORT CALEB | PRETO,Bodies,1,98.22
BODY EMMA + PANTALONA BRAXTON | PRETO,Bodies,CORSELET KIMBELL + PANTALONA SAVOYE | PRETO,Unknown,2,88.79
BODY EMMA + PANTALONA BRAXTON | PRETO,Bodies,BODY EMMA + PANTALONA BRAXTON | OFF-WHITE,Bodies,3,88.52
BODY EMMA + PANTALONA BRAXTON | PRETO,Bodies,BODY ROCCO + PANTALONA FLARE | PRETO,Bodies,4,86.11
BODY EMMA + PANTALONA BRAXTON | PRETO,Bodies,Vestido Sartori Preto,Vestidos,5,84.48
BODY EMMA + PANTALONA BRAXTON | PRETO,Bodies,BLUSA PERCY + SAIA REMMY | PRETO,Blusas,6,83.84
Body Emma Preto,Bodies,Body Eli Preto,Bodies,1,89.36
Body Emma Preto,Bodies,Body Mattia Preto,Bodies,2,88.4
Body Emma Preto,Bodies,BODY EMMA + SHORT CALEB | PRETO,Bodies,3,81.83
Body Emma Preto,Bodies,BODY ROCCO + PANTALONA FLARE | PRETO,Bodies,4,80.64
Body Emma Preto,Bodies,Body Emma Off-White,Bodies,5,76.9
Body Emma Preto,Bodies,Vestido Bianchi Preto,Vestidos,6,76.2
BODY EMMA + SHORT CALEB | PRETO,Bodies,BODY EMMA + PANTALONA BRAXTON | PRETO,Bodies,1,98.22
BODY EMMA + SHORT CALEB | PRETO,Bodies,BODY ROCCO + PANTALONA FLARE | PRETO,Bodies,2,89.99
BODY EMMA + SHORT CALEB | PRETO,Bodies,BODY EMMA + PANTALONA BRAXTON | OFF-WHITE,Bodies,3,84.77
BODY EMMA + SHORT CALEB | PRETO,Bodies,CORSELET KIMBELL + PANTALONA SAVOYE | PRETO,Unknown,4,84.39
BODY EMMA + SHORT CALEB | PRETO,Bodies,BODY CHIARA + PANTALONA SAVOYE | OFF-WHITE,Bodies,5,83.54
BODY EMMA + SHORT CALEB | PRETO,Bodies,Macaquinho Neil Preto,Unknown,6,81.99
Body Espanya Preto,Bodies,Body Steffano Preto,Bodies,1,99.51
Body Espanya Preto,Bodies,Body Rocco Preto,Bodies,2,98.61
Body Espanya Preto,Bodies,Body Waud Preto,Bodies,3,97.85
Body Espanya Preto,Bodies,Body Ezio Preto,Bodies,4,96.8
Body Espanya Preto,Bodies,Body Lyra Preto,Bodies,5,96.69
Body Espanya Preto,Bodies,Body Rodd Preto,Bodies,6,95.36
Body Espanya Vermelho,Bodies,Body Alkash Vermelho,Bodies,1,94.17
Body Espanya Vermelho,Bodies,Body Rodd Off-White,Bodies,2,79.97
Body Espanya Vermelho,Bodies,Pareô Vermelho,Pareôs,3,79.79
Body Espanya Vermelho,Bodies,Body Mariani Vermelho Carmim,Bodies,4,77.75
Body Espanya Vermelho,Bodies,Body Espanya Preto,Bodies,5,77.75
Body Espanya Vermelho,Bodies,Body Kenzo Pérola,Bodies,6,77.54
Body Ezio Off-White,Bodies,Body Theron Off-White,Bodies,1,100.0
Body Ezio Off-White,Bodies,Body Rodd Off-White,Bodies,2,97.23
Body Ezio Off-White,Bodies,Body Steffano Off-White,Bodies,3,93.84
Body Ezio Off-White,Bodies,Body Otto Off-White,Bodies,4,92.27
Body Ezio Off-White,Bodies,Body Aliyev Off-White,Bodies,5,91.82
Body Ezio Off-White,Bodies,Body Rinaldi Off-White,Bodies,6,91.62
Body Ezio Preto,Bodies,Body Lyra Preto,Bodies,1,100.0
Body Ezio Preto,Bodies,Body Waud Preto,Bodies,2,99.89
Body Ezio Preto,Bodies,Body Rodd Preto,Bodies,3,99.86
Body Ezio Preto,Bodies,Body Espanya Preto,Bodies,4,96.8
Body Ezio Preto,Bodies,Body Steffano Preto,Bodies,5,93.84
Body Ezio Preto,Bodies,Body Otto Preto,Bodies,6,92.27
Body Foster Off-White,Bodies,Body Claude Off-White,Bodies,1,98.93
Body Foster Off-White,Bodies,Body Otto Off-White,Bodies,2,93.16
Body Foster Off-White,Bodies,Body Steffano Off-White,Bodies,3,90.22
Body Foster Off-White,Bodies,Body Rocco Off-White,Bodies,4,89.68
Body Foster Off-White,Bodies,Body Aliyev Off-White,Bodies,5,89.61
Body Foster Off-White,Bodies,Body Rinaldi Off-White,Bodies,6,88.74
Body Foster Preto,Bodies,Body Dominic Preto,Bodies,1,99.84
Body Foster Preto,Bodies,Body Heydar Preto,Bodies,2,94.88
Body Foster Preto,Bodies,Body Otto Preto,Bodies,3,93.16
Body Foster Preto,Bodies,Body Espanya Preto,Bodies,4,90.27
Body Foster Preto,Bodies,Body Steffano Preto,Bodies,5,90.22
Body Foster Preto,Bodies,Body Rocco Preto,Bodies,6,89.68
Body Giorgia Marrom,Bodies,Body Chiara Marrom,Bodies,1,98.95
Body Giorgia Marrom,Bodies,Body Steffano Marrom,Bodies,2,98.14
Body Giorgia Marrom,Bodies,Body Dominic Marrom,Bodies,3,86.25
Body Giorgia Marrom,Bodies,Pareô Marrom,Pareôs,4,76.5
Body Giorgia Marrom,Bodies,Body Chiara Off-White,Bodies,5,76.1
Body Giorgia Marrom,Bodies,Body Rocco Preto,Bodies,6,75.89
Body Heydar Preto,Bodies,Body Otto Preto,Bodies,1,99.87
Body Heydar Preto,Bodies,Body Aliyev Preto,Bodies,2,99.04
Body Heydar Preto,Bodies,Body Rinaldi Preto,Bodies,3,98.76
Body Heydar Preto,Bodies,Body Dominic Preto,Bodies,4,96.53
Body Heydar Preto,Bodies,Body Foster Preto,Bodies,5,94.88
Body Heydar Preto,Bodies,Body Rodd Preto,Bodies,6,92.32
Body Kenzo Cobre,Bodies,Body Aliyev Cobre,Bodies,1,82.97
Body Kenzo Cobre,Bodies,Pareô Lenk Cobre,Pareôs,2,79.38
Body Kenzo Cobre,Bodies,Body Rodd Off-White,Bodies,3,79.19
Body Kenzo Cobre,Bodies,Body Espanya Preto,Bodies,4,77.54
Body Kenzo Cobre,Bodies,Body Espanya Vermelho,Bodies,5,77.54
Body Kenzo Cobre,Bodies,Body Mariani Vermelho Carmim,Bodies,6,77.54
Body Kenzo Pérola,Bodies,Body Darius Pérola,Bodies,1,95.93
Body Kenzo Pérola,Bodies,Body Bonnie Pérola,Bodies,2,95.67
Body Kenzo Pérola,Bodies,Body Dominic Pérola,Bodies,3,90.46
Body Kenzo Pérola,Bodies,Pareô Lenk Pérola,Pareôs,4,79.38
Body Kenzo Pérola,Bodies,Body Rodd Off-White,Bodies,5,79.19
Body Kenzo Pérola,Bodies,Body Mariani Vermelho Carmim,Bodies,6,77.54
Body Lyra Preto,Bodies,Body Ezio Preto,Bodies,1,100.0
Body Lyra Preto,Bodies,Body Rodd Preto,Bodies,2,99.89
Body Lyra Preto,Bodies,Body Waud Preto,Bodies,3,99.87
Body Lyra Preto,Bodies,Body Espanya Preto,Bodies,4,96.69
Body Lyra Preto,Bodies,Body Steffano Preto,Bodies,5,93.68
Body Lyra Preto,Bodies,Body Otto Preto,Bodies,6,92.31
Body Mariani Vermelho Carmim,Bodies,Body Rodd Off-White,Bodies,1,79.97
Body Mariani Vermelho Carmim,Bodies,Body Espanya Vermelho,Bodies,2,77.75
Body Mariani Vermelho Carmim,Bodies,Body Espanya Preto,Bodies,3,77.75
Body Mariani Vermelho Carmim,Bodies,Body Kenzo Pérola,Bodies,4,77.54
Body Mariani Vermelho Carmim,Bodies,Body Kenzo Cobre,Bodies,5,77.54
Body Mariani Vermelho Carmim,Bodies,Body Waud Preto,Bodies,6,77.13
Body Mattia Marrom,Bodies,Body Dominic Marrom,Bodies,1,83.56
Body Mattia Marrom,Bodies,Body Mattia Preto,Bodies,2,62.68
Body Mattia Marrom,Bodies,Body Mattia Off-White,Bodies,3,62.68
Body Mattia Marrom,Bodies,Vestido Bianchi Marrom,Vestidos,4,61.28
Body Mattia Marrom,Bodies,Body Emma Preto,Bodies,5,59.04
Body Mattia Marrom,Bodies,Body Emma Off-White,Bodies,6,59.04
Body Mattia Off-White,Bodies,Body Eli Off-White,Bodies,1,93.96
Body Mattia Off-White,Bodies,Body Emma Off-White,Bodies,2,88.4
Body Mattia Off-White,Bodies,Body Foster Off-White,Bodies,3,83.22
Body Mattia Off-White,Bodies,Body Claude Off-White,Bodies,4,81.11
Body Mattia Off-White,Bodies,Body Otto Off-White,Bodies,5,80.57
Body Mattia Off-White,Bodies,Body Aliyev Off-White,Bodies,6,78.28
Body Mattia Preto,Bodies,Body Eli Preto,Bodies,1,93.96
Body Mattia Preto,Bodies,Body Emma Preto,Bodies,2,88.4
Body Mattia Preto,Bodies,Body Dominic Preto,Bodies,3,83.56
Body Mattia Preto,Bodies,Body Foster Preto,Bodies,4,83.22
Body Mattia Preto,Bodies,Body Heydar Preto,Bodies,5,81.6
Body Mattia Preto,Bodies,Body Otto Preto,Bodies,6,80.57
Body Otto Off-White,Bodies,Body Aliyev Off-White,Bodies,1,99.61
Body Otto Off-White,Bodies,Body Rinaldi Off-White,Bodies,2,99.43
Body Otto Off-White,Bodies,Body Foster Off-White,Bodies,3,93.16
Body Otto Off-White,Bodies,Body Ezio Off-White,Bodies,4,92.27
Body Otto Off-White,Bodies,Body Theron Off-White,Bodies,5,92.27
Body Otto Off-White,Bodies,Body Claude Off-White,Bodies,6,86.86
Body Otto Preto,Bodies,Body Heydar Preto,Bodies,1,99.87
Body Otto Preto,Bodies,Body Aliyev Preto,Bodies,2,99.61
Body Otto Preto,Bodies,Body Rinaldi Preto,Bodies,3,99.43
Body Otto Preto,Bodies,Body Dominic Preto,Bodies,4,95.08
Body Otto Preto,Bodies,Body Foster Preto,Bodies,5,93.16
Body Otto Preto,Bodies,Body Rodd Preto,Bodies,6,92.64
Body Rinaldi Off-White,Bodies,Body Aliyev Off-White,Bodies,1,99.98
Body Rinaldi Off-White,Bodies,Body Otto Off-White,Bodies,2,99.43
Body Rinaldi Off-White,Bodies,Body Theron Off-White,Bodies,3,91.62
Body Rinaldi Off-White,Bodies,Body Ezio Off-White,Bodies,4,91.62
Body Rinaldi Off-White,Bodies,Body Foster Off-White,Bodies,5,88.74
Body Rinaldi Off-White,Bodies,Body Claude Off-White,Bodies,6,81.06
Body Rinaldi Preto,Bodies,Body Aliyev Preto,Bodies,1,99.98
Body Rinaldi Preto,Bodies,Body Otto Preto,Bodies,2,99.43
Body Rinaldi Preto,Bodies,Body Heydar Preto,Bodies,3,98.76
Body Rinaldi Preto,Bodies,Body Rodd Preto,Bodies,4,92.54
Body Rinaldi Preto,Bodies,Body Lyra Preto,Bodies,5,91.71
Body Rinaldi Preto,Bodies,Body Ezio Preto,Bodies,6,91.62
Body Rocco Off-White,Bodies,Body Steffano Off-White,Bodies,1,99.77
Body Rocco Off-White,Bodies,Body Chiara Off-White,Bodies,2,96.37
Body Rocco Off-White,Bodies,Body Ezio Off-White,Bodies,3,91.28
Body Rocco Off-White,Bodies,Body Theron Off-White,Bodies,4,91.28
Body Rocco Off-White,Bodies,Body Rodd Off-White,Bodies,5,90.98
Body Rocco Off-White,Bodies,Body Claude Off-White,Bodies,6,90.01
BODY ROCCO + PANTALONA FLARE | OFF-WHITE,Bodies,BODY CHIARA + PANTALONA SAVOYE | OFF-WHITE,Bodies,1,99.74
BODY ROCCO + PANTALONA FLARE | OFF-WHITE,Bodies,BODY ROCCO + PANTALONA FLARE | PRETO,Bodies,2,95.87
BODY ROCCO + PANTALONA FLARE | OFF-WHITE,Bodies,BODY EMMA + PANTALONA BRAXTON | OFF-WHITE,Bodies,3,86.11
BODY ROCCO + PANTALONA FLARE | OFF-WHITE,Bodies,BODY EMMA + SHORT CALEB | PRETO,Bodies,4,81.93
BODY ROCCO + PANTALONA FLARE | OFF-WHITE,Bodies,Body Emma Off-White,Bodies,5,80.64
BODY ROCCO + PANTALONA FLARE | OFF-WHITE,Bodies,BLUSA CESARE + SAIA RILEY | OFF-WHITE,Blusas,6,79.49
BODY ROCCO + PANTALONA FLARE | PRETO,Bodies,BODY ROCCO + PANTALONA FLARE | OFF-WHITE,Bodies,1,95.87
BODY ROCCO + PANTALONA FLARE | PRETO,Bodies,BODY CHIARA + PANTALONA SAVOYE | OFF-WHITE,Bodies,2,95.75
BODY ROCCO + PANTALONA FLARE | PRETO,Bodies,BODY EMMA + SHORT CALEB | PRETO,Bodies,3,89.99
BODY ROCCO + PANTALONA FLARE | PRETO,Bodies,BODY EMMA + PANTALONA BRAXTON | PRETO,Bodies,4,86.11
BODY ROCCO + PANTALONA FLARE | PRETO,Bodies,Macaquinho Neil Preto,Unknown,5,82.05
BODY ROCCO + PANTALONA FLARE | PRETO,Bodies,Body Emma Preto,Bodies,6,80.64
Body Rocco Preto,Bodies,Body Steffano Preto,Bodies,1,99.77
Body Rocco Preto,Bodies,Body Espanya Preto,Bodies,2,98.61
Body Rocco Preto,Bodies,Body Waud Preto,Bodies,3,93.06
Body Rocco Preto,Bodies,Body Ezio Preto,Bodies,4,91.28
Body Rocco Preto,Bodies,Body Lyra Preto,Bodies,5,91.1
Body Rocco Preto,Bodies,Body Foster Preto,Bodies,6,89.68
Body Rodd Off-White,Bodies,Body Ezio Off-White,Bodies,1,97.23
Body Rodd Off-White,Bodies,Body Theron Off-White,Bodies,2,97.23
Body Rodd Off-White,Bodies,Body Steffano Off-White,Bodies,3,93.13
Body Rodd Off-White,Bodies,Body Rocco Off-White,Bodies,4,90.98
Body Rodd Off-White,Bodies,Pareô Off-White,Pareôs,5,86.52
Body Rodd Off-White,Bodies,Body Bonnie Pérola,Bodies,6,83.11
Body Rodd Preto,Bodies,Body Lyra Preto,Bodies,1,99.89
Body Rodd Preto,Bodies,Body Ezio Preto,Bodies,2,99.86
Body Rodd Preto,Bodies,Body Waud Preto,Bodies,3,99.52
Body Rodd Preto,Bodies,Body Espanya Preto,Bodies,4,95.36
Body Rodd Preto,Bodies,Body Otto Preto,Bodies,5,92.64
Body Rodd Preto,Bodies,Body Aliyev Preto,Bodies,6,92.63
Body Steffano Marrom,Bodies,Body Giorgia Marrom,Bodies,1,98.14
Body Steffano Marrom,Bodies,Body Chiara Marrom,Bodies,2,94.34
Body Steffano Marrom,Bodies,Body Dominic Marrom,Bodies,3,89.95
Body Steffano Marrom,Bodies,Pareô Marrom,Pareôs,4,79.31
Body Steffano Marrom,Bodies,Body Rodd Off-White,Bodies,5,77.33
Body Steffano Marrom,Bodies,Body Kenzo Pérola,Bodies,6,76.97
Body Steffano Off-White,Bodies,Body Rocco Off-White,Bodies,1,99.77
Body Steffano Off-White,Bodies,Body Chiara Off-White,Bodies,2,94.34
Body Steffano Off-White,Bodies,Body Ezio Off-White,Bodies,3,93.84
Body Steffano Off-White,Bodies,Body Theron Off-White,Bodies,4,93.84
Body Steffano Off-White,Bodies,Body Rodd Off-White,Bodies,5,93.13
Body Steffano Off-White,Bodies,Body Foster Off-White,Bodies,6,90.22
Body Steffano Preto,Bodies,Body Rocco Preto,Bodies,1,99.77
Body Steffano Preto,Bodies,Body Espanya Preto,Bodies,2,99.51
Body Steffano Preto,Bodies,Body Waud Preto,Bodies,3,95.32
Body Steffano Preto,Bodies,Body Ezio Preto,Bodies,4,93.84
Body Steffano Preto,Bodies,Body Lyra Preto,Bodies,5,93.68
Body Steffano Preto,Bodies,Body Rodd Preto,Bodies,6,91.9
Body Theron Azul Índigo,Bodies,Body Rodd Off-White,Bodies,1,83.1
Body Theron Azul Índigo,Bodies,Body Alkash Vermelho,Bodies,2,82.09
Body Theron Azul Índigo,Bodies,Body Alkash Magenta,Bodies,3,82.09
Body Theron Azul Índigo,Bodies,Body Rodd Preto,Bodies,4,81.95
Body Theron Azul Índigo,Bodies,Body Bonnie Pérola,Bodies,5,81.64
Body Theron Azul Índigo,Bodies,Body Lyra Preto,Bodies,6,81.6
Body Theron Off-White,Bodies,Body Ezio Off-White,Bodies,1,100.0
Body Theron Off-White,Bodies,Body Rodd Off-White,Bodies,2,97.23
Body Theron Off-White,Bodies,Body Steffano Off-White,Bodies,3,93.84
Body Theron Off-White,Bodies,Body Otto Off-White,Bodies,4,92.27
Body Theron Off-White,Bodies,Body Aliyev Off-White,Bodies,5,91.82
Body Theron Off-White,Bodies,Body Rinaldi Off-White,Bodies,6,91.62
Body Waud Preto,Bodies,Body Ezio Preto,Bodies,1,99.89
Body Waud Preto,Bodies,Body Lyra Preto,Bodies,2,99.87
Body Waud Preto,Bodies,Body Rodd Preto,Bodies,3,99.52
Body Waud Preto,Bodies,Body Espanya Preto,Bodies,4,97.85
Body Waud Preto,Bodies,Body Steffano Preto,Bodies,5,95.32
Body Waud Preto,Bodies,Body Rocco Preto,Bodies,6,93.06
Calça Jeans Dihl Azul Claro,Calças,Calça Jeans Dihl Azul Escuro,Calças,1,100.0
Calça Jeans Dihl Azul Claro,Calças,Calça Jeans Malcolm Azul Escuro,Calças,2,74.98
Calça Jeans Dihl Azul Claro,Calças,Calça Jeans Malcolm Azul Claro,Calças,3,74.98
Calça Jeans Dihl Azul Claro,Calças,Pantalona Suytun Preta,Calças,4,71.04
Calça Jeans Dihl Azul Claro,Calças,Cropped Fiore Azul,Croppeds,5,63.38
Calça Jeans Dihl Azul Claro,Calças,Pareô Maya Azul,Pareôs,6,60.53
Calça Jeans Dihl Azul Escuro,Calças,Calça Jeans Dihl Azul Claro,Calças,1,100.0
Calça Jeans Dihl Azul Escuro,Calças,Calça Jeans Malcolm Azul Escuro,Calças,2,74.98
Calça Jeans Dihl Azul Escuro,Calças,Calça Jeans Malcolm Azul Claro,Calças,3,74.98
Calça Jeans Dihl Azul Escuro,Calças,Pantalona Suytun Preta,Calças,4,71.04
Calça Jeans Dihl Azul Escuro,Calças,Cropped Fiore Azul,Croppeds,5,63.38
Calça Jeans Dihl Azul Escuro,Calças,Pareô Maya Azul,Pareôs,6,60.53
Calça Jeans Malcolm Azul Claro,Calças,Calça Jeans Malcolm Azul Escuro,Calças,1,100.0
Calça Jeans Malcolm Azul Claro,Calças,Pantalona Savoye Off-White,Calças,2,76.73
Calça Jeans Malcolm Azul Claro,Calças,Pantalona Savoye Preta,Calças,3,76.73
Calça Jeans Malcolm Azul Claro,Calças,Pantalona Flare Off-White,Calças,4,76.25
Calça Jeans Malcolm Azul Claro,Calças,Pantalona Flare Preta,Calças,5,76.25
Calça Jeans Malcolm Azul Claro,Calças,Calça Jeans Dihl Azul Escuro,Calças,6,74.98
Calça Jeans Malcolm Azul Escuro,Calças,Calça Jeans Malcolm Azul Claro,Calças,1,100.0
Calça Jeans Malcolm Azul Escuro,Calças,Pantalona Savoye Off-White,Calças,2,76.73
Calça Jeans Malcolm Azul Escuro,Calças,Pantalona Savoye Preta,Calças,3,76.73
Calça Jeans Malcolm Azul Escuro,Calças,Pantalona Flare Off-White,Calças,4,76.25
Calça Jeans Malcolm Azul Escuro,Calças,Pantalona Flare Preta,Calças,5,76.25
Calça Jeans Malcolm Azul Escuro,Calças,Calça Jeans Dihl Azul Escuro,Calças,6,74.98
Calça Zeno Off-White,Calças,Pantalona Linho Abbie Off-White,Calças,1,93.58
Calça Zeno Off-White,Calças,Pantalona Ozuna Off-White,Calças,2,93.35
Calça Zeno Off-White,Calças,Pantalona Touret Off-White,Calças,3,88.25
Calça Zeno Off-White,Calças,Pantalona Braxton Off-White,Calças,4,81.52
Calça Zeno Off-White,Calças,Pantalona Savoye Avelã,Calças,5,60.56
Calça Zeno Off-White,Calças,Calça Zeno Preto,Calças,6,60.54
Calça Zeno Preto,Calças,Pantalona Linho Abbie Preto,Calças,1,93.58
Calça Zeno Preto,Calças,Pantalona Ozuna Preto,Calças,2,93.35
Calça Zeno Preto,Calças,Pantalona Touret Preto,Calças,3,88.25
Calça Zeno Preto,Calças,Pantalona Braxton Preto,Calças,4,81.52
Calça Zeno Preto,Calças,Pantalona Savoye Avelã,Calças,5,60.56
Calça Zeno Preto,Calças,Calça Zeno Off-White,Calças,6,60.54
Conjunto Althea Off-White,Conjuntos,Conjunto Guillen Off-White,Conjuntos,1,99.67
Conjunto Althea Off-White,Conjuntos,Conjunto Lamellae Off-White,Conjuntos,2,98.27
Conjunto Althea Off-White,Conjuntos,Conjunto Denver Off-White,Conjuntos,3,98.23
Conjunto Althea Off-White,Conjuntos,Conjunto Ivy Off-White,Conjuntos,4,98.21
Conjunto Althea Off-White,Conjuntos,Conjunto Fellicce Off-White,Conjuntos,5,98.05
Conjunto Althea Off-White,Conjuntos,Conjunto Althea Preto,Conjuntos,6,96.84
Conjunto Althea Preto,Conjuntos,Conjunto Denver Preto,Conjuntos,1,99.68
Conjunto Althea Preto,Conjuntos,Conjunto Guillen Preto,Conjuntos,2,99.67
Conjunto Althea Preto,Conjuntos,Conjunto Lamellae Preto,Conjuntos,3,98.27
Conjunto Althea Preto,Conjuntos,Conjunto Ivy Preto,Conjuntos,4,98.21
Conjunto Althea Preto,Conjuntos,Conjunto Fellicce Preto,Conjuntos,5,98.05
Conjunto Althea Preto,Conjuntos,Conjunto Mitchell Preto,Conjuntos,6,97.9
Conjunto Althea Vermelho,Conjuntos,Conjunto Fellicce Vermelho,Conjuntos,1,98.05
Conjunto Althea Vermelho,Conjuntos,Conjunto Althea Preto,Conjuntos,2,96.84
Conjunto Althea Vermelho,Conjuntos,Conjunto Althea Off-White,Conjuntos,3,96.84
Conjunto Althea Vermelho,Conjuntos,Conjunto Denver Preto,Conjuntos,4,96.38
Conjunto Althea Vermelho,Conjuntos,Conjunto Guillen Preto,Conjuntos,5,95.66
Conjunto Althea Vermelho,Conjuntos,Conjunto Guillen Off-White,Conjuntos,6,95.66
Conjunto Campbell Rosê,Conjuntos,Conjunto Murano Rosê,Conjuntos,1,99.31
Conjunto Campbell Rosê,Conjuntos,Conjunto Guillen Off-White,Conjuntos,2,88.82
Conjunto Campbell Rosê,Conjuntos,Conjunto Guillen Preto,Conjuntos,3,88.82
Conjunto Campbell Rosê,Conjuntos,Conjunto Murano Preto,Conjuntos,4,88.78
Conjunto Campbell Rosê,Conjuntos,Conjunto Murano Pink,Conjuntos,5,88.78
Conjunto Campbell Rosê,Conjuntos,Conjunto Althea Preto,Conjuntos,6,88.34
Conjunto Denver Off-White,Conjuntos,Conjunto Ivy Off-White,Conjuntos,1,100.0
Conjunto Denver Off-White,Conjuntos,Conjunto Lamellae Off-White,Conjuntos,2,99.9
Conjunto Denver Off-White,Conjuntos,Conjunto Fellicce Off-White,Conjuntos,3,99.54
Conjunto Denver Off-White,Conjuntos,Conjunto Althea Off-White,Conjuntos,4,98.23
Conjunto Denver Off-White,Conjuntos,Conjunto Guillen Off-White,Conjuntos,5,97.5
Conjunto Denver Off-White,Conjuntos,Conjunto Lamellae Preto,Conjuntos,6,96.92
Conjunto Denver Preto,Conjuntos,Conjunto Althea Preto,Conjuntos,1,99.68
Conjunto Denver Preto,Conjuntos,Conjunto Guillen Preto,Conjuntos,2,99.33
Conjunto Denver Preto,Conjuntos,Conjunto Lamellae Preto,Conjuntos,3,98.6
Conjunto Denver Preto,Conjuntos,Conjunto Ivy Preto,Conjuntos,4,98.5
Conjunto Denver Preto,Conjuntos,Conjunto Fellicce Preto,Conjuntos,5,97.75
Conjunto Denver Preto,Conjuntos,Conjunto Mitchell Preto,Conjuntos,6,97.48
Conjunto Fellicce Framboesa,Conjuntos,Conjunto Lamellae Azul,Conjuntos,1,95.59
Conjunto Fellicce Framboesa,Conjuntos,Conjunto Lamellae Preto,Conjuntos,2,95.59
Conjunto Fellicce Framboesa,Conjuntos,Conjunto Lamellae Off-White,Conjuntos,3,95.59
Conjunto Fellicce Framboesa,Conjuntos,Conjunto Denver Off-White,Conjuntos,4,95.47
Conjunto Fellicce Framboesa,Conjuntos,Conjunto Ivy Preto,Conjuntos,5,95.46
Conjunto Fellicce Framboesa,Conjuntos,Conjunto Ivy Off-White,Conjuntos,6,95.46
Conjunto Fellicce Off-White,Conjuntos,Conjunto Denver Off-White,Conjuntos,1,99.54
Conjunto Fellicce Off-White,Conjuntos,Conjunto Ivy Off-White,Conjuntos,2,99.48
Conjunto Fellicce Off-White,Conjuntos,Conjunto Lamellae Off-White,Conjuntos,3,99.1
Conjunto Fellicce Off-White,Conjuntos,Conjunto Althea Off-White,Conjuntos,4,98.05
Conjunto Fellicce Off-White,Conjuntos,Conjunto Guillen Off-White,Conjuntos,5,97.81
Conjunto Fellicce Off-White,Conjuntos,Conjunto Lamellae Preto,Conjuntos,6,95.59
Conjunto Fellicce Preto,Conjuntos,Conjunto Mitchell Preto,Conjuntos,1,99.98
Conjunto Fellicce Preto,Conjuntos,Conjunto Ivy Preto,Conjuntos,2,99.48
Conjunto Fellicce Preto,Conjuntos,Conjunto Lamellae Preto,Conjuntos,3,99.1
Conjunto Fellicce Preto,Conjuntos,Conjunto Althea Preto,Conjuntos,4,98.05
Conjunto Fellicce Preto,Conjuntos,Conjunto Guillen Preto,Conjuntos,5,97.81
Conjunto Fellicce Preto,Conjuntos,Conjunto Denver Preto,Conjuntos,6,97.75
Conjunto Fellicce Vermelho,Conjuntos,Conjunto Althea Vermelho,Conjuntos,1,98.05
Conjunto Fellicce Vermelho,Conjuntos,Conjunto Lamellae Off-White,Conjuntos,2,95.59
Conjunto Fellicce Vermelho,Conjuntos,Conjunto Lamellae Preto,Conjuntos,3,95.59
Conjunto Fellicce Vermelho,Conjuntos,Conjunto Lamellae Azul,Conjuntos,4,95.59
Conjunto Fellicce Vermelho,Conjuntos,Conjunto Denver Off-White,Conjuntos,5,95.47
Conjunto Fellicce Vermelho,Conjuntos,Conjunto Ivy Off-White,Conjuntos,6,95.46
Conjunto Guillen Off-White,Conjuntos,Conjunto Althea Off-White,Conjuntos,1,99.67
Conjunto Guillen Off-White,Conjuntos,Conjunto Fellicce Off-White,Conjuntos,2,97.81
Conjunto Guillen Off-White,Conjuntos,Conjunto Denver Off-White,Conjuntos,3,97.5
Conjunto Guillen Off-White,Conjuntos,Conjunto Ivy Off-White,Conjuntos,4,97.44
Conjunto Guillen Off-White,Conjuntos,Conjunto Lamellae Off-White,Conjuntos,5,97.24
Conjunto Guillen Off-White,Conjuntos,Conjunto Althea Preto,Conjuntos,6,95.66
Conjunto Guillen Preto,Conjuntos,Conjunto Althea Preto,Conjuntos,1,99.67
Conjunto Guillen Preto,Conjuntos,Conjunto Denver Preto,Conjuntos,2,99.33
Conjunto Guillen Preto,Conjuntos,Conjunto Fellicce Preto,Conjuntos,3,97.81
Conjunto Guillen Preto,Conjuntos,Conjunto Mitchell Preto,Conjuntos,4,97.76
Conjunto Guillen Preto,Conjuntos,Conjunto Ivy Preto,Conjuntos,5,97.44
Conjunto Guillen Preto,Conjuntos,Conjunto Lamellae Preto,Conjuntos,6,97.24
Conjunto Ivy Off-White,Conjuntos,Conjunto Denver Off-White,Conjuntos,1,100.0
Conjunto Ivy Off-White,Conjuntos,Conjunto Lamellae Off-White,Conjuntos,2,99.92
Conjunto Ivy Off-White,Conjuntos,Conjunto Fellicce Off-White,Conjuntos,3,99.48
Conjunto Ivy Off-White,Conjuntos,Conjunto Althea Off-White,Conjuntos,4,98.21
Conjunto Ivy Off-White,Conjuntos,Conjunto Guillen Off-White,Conjuntos,5,97.44
Conjunto Ivy Off-White,Conjuntos,Conjunto Lamellae Azul,Conjuntos,6,96.98
Conjunto Ivy Preto,Conjuntos,Conjunto Lamellae Preto,Conjuntos,1,99.92
Conjunto Ivy Preto,Conjuntos,Conjunto Fellicce Preto,Conjuntos,2,99.48
Conjunto Ivy Preto,Conjuntos,Conjunto Mitchell Preto,Conjuntos,3,99.25
Conjunto Ivy Preto,Conjuntos,Conjunto Denver Preto,Conjuntos,4,98.5
Conjunto Ivy Preto,Conjuntos,Conjunto Althea Preto,Conjuntos,5,98.21
Conjunto Ivy Preto,Conjuntos,Conjunto Guillen Preto,Conjuntos,6,97.44
Conjunto Lamellae Azul,Conjuntos,Conjunto Lamellae Off-White,Conjuntos,1,97.43
Conjunto Lamellae Azul,Conjuntos,Conjunto Lamellae Preto,Conjuntos,2,97.43
Conjunto Lamellae Azul,Conjuntos,Conjunto Ivy Off-White,Conjuntos,3,96.98
Conjunto Lamellae Azul,Conjuntos,Conjunto Ivy Preto,Conjuntos,4,96.98
Conjunto Lamellae Azul,Conjuntos,Conjunto Denver Off-White,Conjuntos,5,96.92
Conjunto Lamellae Azul,Conjuntos,Conjunto Denver Preto,Conjuntos,6,95.61
Conjunto Lamellae Off-White,Conjuntos,Conjunto Ivy Off-White,Conjuntos,1,99.92
Conjunto Lamellae Off-White,Conjuntos,Conjunto Denver Off-White,Conjuntos,2,99.9
Conjunto Lamellae Off-White,Conjuntos,Conjunto Fellicce Off-White,Conjuntos,3,99.1
Conjunto Lamellae Off-White,Conjuntos,Conjunto Althea Off-White,Conjuntos,4,98.27
Conjunto Lamellae Off-White,Conjuntos,Conjunto Lamellae Preto,Conjuntos,5,97.43
Conjunto Lamellae Off-White,Conjuntos,Conjunto Lamellae Azul,Conjuntos,6,97.43
Conjunto Lamellae Preto,Conjuntos,Conjunto Ivy Preto,Conjuntos,1,99.92
Conjunto Lamellae Preto,Conjuntos,Conjunto Fellicce Preto,Conjuntos,2,99.1
Conjunto Lamellae Preto,Conjuntos,Conjunto Mitchell Preto,Conjuntos,3,98.81
Conjunto Lamellae Preto,Conjuntos,Conjunto Denver Preto,Conjuntos,4,98.6
Conjunto Lamellae Preto,Conjuntos,Conjunto Althea Preto,Conjuntos,5,98.27
Conjunto Lamellae Preto,Conjuntos,Conjunto Lamellae Azul,Conjuntos,6,97.43
Conjunto Mitchell Preto,Conjuntos,Conjunto Fellicce Preto,Conjuntos,1,99.98
Conjunto Mitchell Preto,Conjuntos,Conjunto Ivy Preto,Conjuntos,2,99.25
Conjunto Mitchell Preto,Conjuntos,Conjunto Lamellae Preto,Conjuntos,3,98.81
Conjunto Mitchell Preto,Conjuntos,Conjunto Althea Preto,Conjuntos,4,97.9
Conjunto Mitchell Preto,Conjuntos,Conjunto Guillen Preto,Conjuntos,5,97.76
Conjunto Mitchell Preto,Conjuntos,Conjunto Denver Preto,Conjuntos,6,97.48
Conjunto Murano Pink,Conjuntos,Conjunto Campbell Rosê,Conjuntos,1,88.78
Conjunto Murano Pink,Conjuntos,Conjunto Murano Rosê,Conjuntos,2,88.54
Conjunto Murano Pink,Conjuntos,Conjunto Murano Preto,Conjuntos,3,88.54
Conjunto Murano Pink,Conjuntos,Conjunto Guillen Preto,Conjuntos,4,84.17
Conjunto Murano Pink,Conjuntos,Conjunto Guillen Off-White,Conjuntos,5,84.17
Conjunto Murano Pink,Conjuntos,Conjunto Platte Off-White,Conjuntos,6,83.49
Conjunto Murano Preto,Conjuntos,Conjunto Guillen Preto,Conjuntos,1,91.82
Conjunto Murano Preto,Conjuntos,Conjunto Althea Preto,Conjuntos,2,89.21
Conjunto Murano Preto,Conjuntos,Conjunto Campbell Rosê,Conjuntos,3,88.78
Conjunto Murano Preto,Conjuntos,Conjunto Murano Rosê,Conjuntos,4,88.54
Conjunto Murano Preto,Conjuntos,Conjunto Murano Pink,Conjuntos,5,88.54
Conjunto Murano Preto,Conjuntos,Conjunto Mitchell Preto,Conjuntos,6,88.49
Conjunto Murano Rosê,Conjuntos,Conjunto Campbell Rosê,Conjuntos,1,99.31
Conjunto Murano Rosê,Conjuntos,Conjunto Murano Preto,Conjuntos,2,88.54
Conjunto Murano Rosê,Conjuntos,Conjunto Murano Pink,Conjuntos,3,88.54
Conjunto Murano Rosê,Conjuntos,Conjunto Guillen Off-White,Conjuntos,4,84.17
Conjunto Murano Rosê,Conjuntos,Conjunto Guillen Preto,Conjuntos,5,84.17
Conjunto Murano Rosê,Conjuntos,Conjunto Platte Off-White,Conjuntos,6,83.49
Conjunto Platte Off-White,Conjuntos,Conjunto Murano Preto,Conjuntos,1,83.49
Conjunto Platte Off-White,Conjuntos,Conjunto Murano Rosê,Conjuntos,2,83.49
Conjunto Platte Off-White,Conjuntos,Conjunto Murano Pink,Conjuntos,3,83.49
Conjunto Platte Off-White,Conjuntos,Conjunto Campbell Rosê,Conjuntos,4,80.77
Conjunto Platte Off-White,Conjuntos,Conjunto Guillen Off-White,Conjuntos,5,78.12
Conjunto Platte Off-White,Conjuntos,Conjunto Althea Off-White,Conjuntos,6,74.23
Corselet Adrian Framboesa,Unknown,Corselet Vicenzo Vanilla,Unknown,1,68.08
Corselet Adrian Framboesa,Unknown,Corselet Kimbell Off-White,Unknown,2,67.82
Corselet Adrian Framboesa,Unknown,Corselet Adrian Vermelho,Unknown,3,67.82
Corselet Adrian Framboesa,Unknown,Corselet Adrian Off-White,Unknown,4,67.82
Corselet Adrian Framboesa,Unknown,Corselet Adrian Preto,Unknown,5,67.82
Corselet Adrian Framboesa,Unknown,Vestido Rizzo Framboesa,Vestidos,6,65.1
Corselet Adrian Off-White,Unknown,Corselet Kimbell Off-White,Unknown,1,100.0
Corselet Adrian Off-White,Unknown,Macaquinho Martin Off-White,Unknown,2,98.23
Corselet Adrian Off-White,Unknown,Macaquinho Linho Tau Off-White,Unknown,3,96.73
Corselet Adrian Off-White,Unknown,Corselet Steven Off-White,Unknown,4,72.02
Corselet Adrian Off-White,Unknown,Body Rinaldi Off-White,Bodies,5,69.52
Corselet Adrian Off-White,Unknown,Body Aliyev Off-White,Bodies,6,69.47
Corselet Adrian Preto,Unknown,Macaquinho Evans Preto,Unknown,1,96.73
Corselet Adrian Preto,Unknown,Macaquinho Linho Tau Preto,Unknown,2,96.73
Corselet Adrian Preto,Unknown,Corselet Steven Preto,Unknown,3,72.02
Corselet Adrian Preto,Unknown,Body Rinaldi Preto,Bodies,4,69.52
Corselet Adrian Preto,Unknown,Body Aliyev Preto,Bodies,5,69.47
Corselet Adrian Preto,Unknown,Body Otto Preto,Bodies,6,68.92
Corselet Adrian Vermelho,Unknown,Pareô Heidi Vermelho,Pareôs,1,69.13
Corselet Adrian Vermelho,Unknown,Vestido Tricot Effie Vermelho,Vestidos,2,68.58
Corselet Adrian Vermelho,Unknown,Body Alkash Vermelho,Bodies,3,68.56
Corselet Adrian Vermelho,Unknown,Corselet Vicenzo Vanilla,Unknown,4,68.08
Corselet Adrian Vermelho,Unknown,Corselet Adrian Preto,Unknown,5,67.82
Corselet Adrian Vermelho,Unknown,Corselet Adrian Off-White,Unknown,6,67.82
Corselet Kimbell Off-White,Unknown,Corselet Adrian Off-White,Unknown,1,100.0
Corselet Kimbell Off-White,Unknown,Macaquinho Martin Off-White,Unknown,2,98.23
Corselet Kimbell Off-White,Unknown,Macaquinho Linho Tau Off-White,Unknown,3,96.73
Corselet Kimbell Off-White,Unknown,Corselet Steven Off-White,Unknown,4,72.02
Corselet Kimbell Off-White,Unknown,Body Rinaldi Off-White,Bodies,5,69.52
Corselet Kimbell Off-White,Unknown,Body Aliyev Off-White,Bodies,6,69.47
CORSELET KIMBELL + PANTALONA SAVOYE | OFF-WHITE,Unknown,CORSELET KIMBELL + PANTALONA SAVOYE | PRETO,Unknown,1,89.4
CORSELET KIMBELL + PANTALONA SAVOYE | OFF-WHITE,Unknown,BODY EMMA + PANTALONA BRAXTON | OFF-WHITE,Bodies,2,88.79
CORSELET KIMBELL + PANTALONA SAVOYE | OFF-WHITE,Unknown,Vestido Sartori Off-White,Vestidos,3,86.57
CORSELET KIMBELL + PANTALONA SAVOYE | OFF-WHITE,Unknown,Vestido Walker Off-White,Vestidos,4,84.56
CORSELET KIMBELL + PANTALONA SAVOYE | OFF-WHITE,Unknown,Vestido Salvi Off-White,Vestidos,5,84.56
CORSELET KIMBELL + PANTALONA SAVOYE | OFF-WHITE,Unknown,Vestido Roland Off-White,Vestidos,6,84.56
CORSELET KIMBELL + PANTALONA SAVOYE | PRETO,Unknown,Macaquinho Neil Preto,Unknown,1,93.57
CORSELET KIMBELL + PANTALONA SAVOYE | PRETO,Unknown,CORSELET KIMBELL + PANTALONA SAVOYE | OFF-WHITE,Unknown,2,89.4
CORSELET KIMBELL + PANTALONA SAVOYE | PRETO,Unknown,BODY EMMA + PANTALONA BRAXTON | PRETO,Bodies,3,88.79
CORSELET KIMBELL + PANTALONA SAVOYE | PRETO,Unknown,Vestido Sartori Preto,Vestidos,4,86.57
CORSELET KIMBELL + PANTALONA SAVOYE | PRETO,Unknown,BLUSA PERCY + SAIA REMMY | PRETO,Blusas,5,85.06
CORSELET KIMBELL + PANTALONA SAVOYE | PRETO,Unknown,Vestido Roland Preto,Vestidos,6,84.56
Corselet Steven Marrom,Unknown,Corselet Steven Off-White,Unknown,1,60.89
Corselet Steven Marrom,Unknown,Corselet Steven Preto,Unknown,2,60.89
Corselet Steven Marrom,Unknown,Vestido Bianchi Marrom,Vestidos,3,58.56
Corselet Steven Marrom,Unknown,Body Mattia Marrom,Bodies,4,57.9
Corselet Steven Marrom,Unknown,Macaquinho Neil Preto,Unknown,5,56.23
Corselet Steven Marrom,Unknown,Vestido Brent Marrom,Vestidos,6,53.77
Corselet Steven Off-White,Unknown,Macaquinho Linho Tau Off-White,Unknown,1,80.01
Corselet Steven Off-White,Unknown,Macaquinho Martin Off-White,Unknown,2,78.39
Corselet Steven Off-White,Unknown,Corselet Adrian Off-White,Unknown,3,72.02
Corselet Steven Off-White,Unknown,Corselet Kimbell Off-White,Unknown,4,72.02
Corselet Steven Off-White,Unknown,CORSELET KIMBELL + PANTALONA SAVOYE | OFF-WHITE,Unknown,5,65.25
Corselet Steven Off-White,Unknown,Corselet Steven Marrom,Unknown,6,60.89
Corselet Steven Preto,Unknown,Macaquinho Neil Preto,Unknown,1,83.08
Corselet Steven Preto,Unknown,Macaquinho Linho Tau Preto,Unknown,2,80.01
Corselet Steven Preto,Unknown,Macaquinho Evans Preto,Unknown,3,80.01
Corselet Steven Preto,Unknown,Corselet Adrian Preto,Unknown,4,72.02
Corselet Steven Preto,Unknown,CORSELET KIMBELL + PANTALONA SAVOYE | PRETO,Unknown,5,65.25
Corselet Steven Preto,Unknown,Corselet Steven Marrom,Unknown,6,60.89
Corselet Vicenzo Vanilla,Unknown,Corselet Adrian Framboesa,Unknown,1,68.08
Corselet Vicenzo Vanilla,Unknown,Corselet Adrian Preto,Unknown,2,68.08
Corselet Vicenzo Vanilla,Unknown,Corselet Adrian Off-White,Unknown,3,68.08
Corselet Vicenzo Vanilla,Unknown,Corselet Kimbell Off-White,Unknown,4,68.08
Corselet Vicenzo Vanilla,Unknown,Corselet Adrian Vermelho,Unknown,5,68.08
Corselet Vicenzo Vanilla,Unknown,Vestido Calla Vanilla,Vestidos,6,66.46
Cropped Adams Off-White,Croppeds,Cropped Wiley Off-White,Croppeds,1,99.91
Cropped Adams Off-White,Croppeds,Cropped Saarinen Off-White,Croppeds,2,99.71
Cropped Adams Off-White,Croppeds,Cropped Robie Off-White,Croppeds,3,99.56
Cropped Adams Off-White,Croppeds,Cropped Linho Brett Off-White,Croppeds,4,99.56
Cropped Adams Off-White,Croppeds,Cropped Linho Carl Off-White,Croppeds,5,99.48
Cropped Adams Off-White,Croppeds,Cropped Petal Off-White,Croppeds,6,98.15
Cropped Adams Preto,Croppeds,Cropped Robie Preto,Croppeds,1,99.56
Cropped Adams Preto,Croppeds,Cropped Linho Brett Preto,Croppeds,2,99.56
Cropped Adams Preto,Croppeds,Cropped Linho Carl Preto,Croppeds,3,99.48
Cropped Adams Preto,Croppeds,Cropped Petal Preto,Croppeds,4,98.15
Cropped Adams Preto,Croppeds,Cropped Ophelia Preto,Croppeds,5,96.18
Cropped Adams Preto,Croppeds,Cropped Mancini Preto,Croppeds,6,85.82
Cropped Brooks Azul Marinho,Croppeds,Short Saia Raff Azul Marinho,Shorts,1,68.19
Cropped Brooks Azul Marinho,Croppeds,Cropped Linho Lugano Pink,Croppeds,2,68.11
Cropped Brooks Azul Marinho,Croppeds,Cropped Daksa Pink Juice,Croppeds,3,67.9
Cropped Brooks Azul Marinho,Croppeds,Cropped Mancini Preto,Croppeds,4,67.59
Cropped Brooks Azul Marinho,Croppeds,Cropped Mancini Vermelho,Croppeds,5,67.59
Cropped Brooks Azul Marinho,Croppeds,Cropped Mancini Bege,Croppeds,6,67.59
Cropped Carlo Off-White,Croppeds,Cropped Carlo Preto,Croppeds,1,81.83
Cropped Carlo Off-White,Croppeds,Saia Riley Off-White,Saias,2,80.34
Cropped Carlo Off-White,Croppeds,Short Caleb Off-White,Shorts,3,78.94
Cropped Carlo Off-White,Croppeds,BODY CHIARA + PANTALONA SAVOYE | OFF-WHITE,Bodies,4,77.91
Cropped Carlo Off-White,Croppeds,BODY ROCCO + PANTALONA FLARE | OFF-WHITE,Bodies,5,77.87
Cropped Carlo Off-White,Croppeds,BODY EMMA + PANTALONA BRAXTON | OFF-WHITE,Bodies,6,73.38
Cropped Carlo Preto,Croppeds,Cropped Carlo Off-White,Croppeds,1,81.83
Cropped Carlo Preto,Croppeds,Saia Riley Preto,Saias,2,80.34
Cropped Carlo Preto,Croppeds,Short Caleb Preto,Shorts,3,78.94
Cropped Carlo Preto,Croppeds,BODY ROCCO + PANTALONA FLARE | PRETO,Bodies,4,77.87
Cropped Carlo Preto,Croppeds,BODY EMMA + SHORT CALEB | PRETO,Bodies,5,76.66
Cropped Carlo Preto,Croppeds,Macaquinho Neil Preto,Unknown,6,76.05
Cropped Daksa Pink Juice,Croppeds,Cropped Nahanni Pink Juice,Croppeds,1,88.22
Cropped Daksa Pink Juice,Croppeds,Cropped Phuket Pink Juice,Croppeds,2,86.45
Cropped Daksa Pink Juice,Croppeds,Cropped Linho Lugano Pink,Croppeds,3,73.67
Cropped Daksa Pink Juice,Croppeds,Cropped Mancini Preto,Croppeds,4,68.2
Cropped Daksa Pink Juice,Croppeds,Cropped Mancini Vermelho,Croppeds,5,68.2
Cropped Daksa Pink Juice,Croppeds,Cropped Mancini Bege,Croppeds,6,68.2
Cropped Fiore Azul,Croppeds,Cropped Linho Carl Azul,Croppeds,1,85.04
Cropped Fiore Azul,Croppeds,Cropped Mancini Bege,Croppeds,2,66.48
Cropped Fiore Azul,Croppeds,Cropped Mancini Off-White,Croppeds,3,66.48
Cropped Fiore Azul,Croppeds,Cropped Mancini Vermelho,Croppeds,4,66.48
Cropped Fiore Azul,Croppeds,Cropped Mancini Preto,Croppeds,5,66.48
Cropped Fiore Azul,Croppeds,Cropped Brooks Azul Marinho,Croppeds,6,66.46
Cropped Lelac Bege,Croppeds,Cropped Mancini Bege,Croppeds,1,85.77
Cropped Lelac Bege,Croppeds,Cropped Nahanni Pink Juice,Croppeds,2,68.24
Cropped Lelac Bege,Croppeds,Cropped Adams Off-White,Croppeds,3,68.17
Cropped Lelac Bege,Croppeds,Cropped Adams Preto,Croppeds,4,68.17
Cropped Lelac Bege,Croppeds,Cropped Phuket Pink Juice,Croppeds,5,68.13
Cropped Lelac Bege,Croppeds,Cropped Wiley Off-White,Croppeds,6,67.94
Cropped Linho Brett Caramelo,Croppeds,Cropped Linho Carl Caramelo,Croppeds,1,100.0
Cropped Linho Brett Caramelo,Croppeds,Cropped Nahanni Pink Juice,Croppeds,2,68.24
Cropped Linho Brett Caramelo,Croppeds,Cropped Adams Preto,Croppeds,3,68.17
Cropped Linho Brett Caramelo,Croppeds,Cropped Adams Off-White,Croppeds,4,68.17
Cropped Linho Brett Caramelo,Croppeds,Cropped Phuket Pink Juice,Croppeds,5,68.13
Cropped Linho Brett Caramelo,Croppeds,Cropped Wiley Off-White,Croppeds,6,67.94
Cropped Linho Brett Off-White,Croppeds,Cropped Robie Off-White,Croppeds,1,100.0
Cropped Linho Brett Off-White,Croppeds,Cropped Linho Carl Off-White,Croppeds,2,100.0
Cropped Linho Brett Off-White,Croppeds,Cropped Saarinen Off-White,Croppeds,3,99.98
Cropped Linho Brett Off-White,Croppeds,Cropped Wiley Off-White,Croppeds,4,99.87
Cropped Linho Brett Off-White,Croppeds,Cropped Adams Off-White,Croppeds,5,99.56
Cropped Linho Brett Off-White,Croppeds,Cropped Petal Off-White,Croppeds,6,99.51
Cropped Linho Brett Preto,Croppeds,Cropped Robie Preto,Croppeds,1,100.0
Cropped Linho Brett Preto,Croppeds,Cropped Linho Carl Preto,Croppeds,2,100.0
Cropped Linho Brett Preto,Croppeds,Cropped Adams Preto,Croppeds,3,99.56
Cropped Linho Brett Preto,Croppeds,Cropped Petal Preto,Croppeds,4,99.51
Cropped Linho Brett Preto,Croppeds,Cropped Ophelia Preto,Croppeds,5,98.31
Cropped Linho Brett Preto,Croppeds,Cropped Mancini Preto,Croppeds,6,85.77
Cropped Linho Carl Azul,Croppeds,Cropped Fiore Azul,Croppeds,1,85.04
Cropped Linho Carl Azul,Croppeds,Cropped Adams Preto,Croppeds,2,67.99
Cropped Linho Carl Azul,Croppeds,Cropped Adams Off-White,Croppeds,3,67.99
Cropped Linho Carl Azul,Croppeds,Cropped Nahanni Pink Juice,Croppeds,4,67.99
Cropped Linho Carl Azul,Croppeds,Cropped Phuket Pink Juice,Croppeds,5,67.97
Cropped Linho Carl Azul,Croppeds,Cropped Wiley Off-White,Croppeds,6,67.8
Cropped Linho Carl Caramelo,Croppeds,Cropped Linho Brett Caramelo,Croppeds,1,100.0
Cropped Linho Carl Caramelo,Croppeds,Cropped Adams Off-White,Croppeds,2,67.99
Cropped Linho Carl Caramelo,Croppeds,Cropped Adams Preto,Croppeds,3,67.99
Cropped Linho Carl Caramelo,Croppeds,Cropped Nahanni Pink Juice,Croppeds,4,67.99
Cropped Linho Carl Caramelo,Croppeds,Cropped Phuket Pink Juice,Croppeds,5,67.97
Cropped Linho Carl Caramelo,Croppeds,Cropped Wiley Off-White,Croppeds,6,67.8
Cropped Linho Carl Off-White,Croppeds,Cropped Robie Off-White,Croppeds,1,100.0
Cropped Linho Carl Off-White,Croppeds,Cropped Linho Brett Off-White,Croppeds,2,100.0
Cropped Linho Carl Off-White,Croppeds,Cropped Saarinen Off-White,Croppeds,3,99.97
Cropped Linho Carl Off-White,Croppeds,Cropped Wiley Off-White,Croppeds,4,99.82
Cropped Linho Carl Off-White,Croppeds,Cropped Petal Off-White,Croppeds,5,99.59
Cropped Linho Carl Off-White,Croppeds,Cropped Adams Off-White,Croppeds,6,99.48
Cropped Linho Carl Preto,Croppeds,Cropped Robie Preto,Croppeds,1,100.0
Cropped Linho Carl Preto,Croppeds,Cropped Linho Brett Preto,Croppeds,2,100.0
Cropped Linho Carl Preto,Croppeds,Cropped Petal Preto,Croppeds,3,99.59
Cropped Linho Carl Preto,Croppeds,Cropped Adams Preto,Croppeds,4,99.48
Cropped Linho Carl Preto,Croppeds,Cropped Ophelia Preto,Croppeds,5,98.47
Cropped Linho Carl Preto,Croppeds,Cropped Mancini Preto,Croppeds,6,85.73
Cropped Linho Lugano Pink,Croppeds,Cropped Daksa Pink Juice,Croppeds,1,73.67
Cropped Linho Lugano Pink,Croppeds,Saia Hill Pink,Saias,2,71.97
Cropped Linho Lugano Pink,Croppeds,Cropped Mancini Bege,Croppeds,3,68.38
Cropped Linho Lugano Pink,Croppeds,Cropped Mancini Preto,Croppeds,4,68.38
Cropped Linho Lugano Pink,Croppeds,Cropped Mancini Vermelho,Croppeds,5,68.38
Cropped Linho Lugano Pink,Croppeds,Cropped Mancini Off-White,Croppeds,6,68.38
Cropped Mancini Bege,Croppeds,Cropped Lelac Bege,Croppeds,1,85.77
Cropped Mancini Bege,Croppeds,Cropped Linho Lugano Pink,Croppeds,2,68.38
Cropped Mancini Bege,Croppeds,Cropped Daksa Pink Juice,Croppeds,3,68.2
Cropped Mancini Bege,Croppeds,Cropped Mancini Vermelho,Croppeds,4,67.68
Cropped Mancini Bege,Croppeds,Cropped Mancini Off-White,Croppeds,5,67.68
Cropped Mancini Bege,Croppeds,Cropped Mancini Preto,Croppeds,6,67.68
Cropped Mancini Off-White,Croppeds,Cropped Wiley Off-White,Croppeds,1,85.89
Cropped Mancini Off-White,Croppeds,Cropped Saarinen Off-White,Croppeds,2,85.84
Cropped Mancini Off-White,Croppeds,Cropped Adams Off-White,Croppeds,3,85.82
Cropped Mancini Off-White,Croppeds,Cropped Robie Off-White,Croppeds,4,85.77
Cropped Mancini Off-White,Croppeds,Cropped Linho Brett Off-White,Croppeds,5,85.77
Cropped Mancini Off-White,Croppeds,Cropped Linho Carl Off-White,Croppeds,6,85.73
Cropped Mancini Preto,Croppeds,Cropped Adams Preto,Croppeds,1,85.82
Cropped Mancini Preto,Croppeds,Cropped Linho Brett Preto,Croppeds,2,85.77
Cropped Mancini Preto,Croppeds,Cropped Robie Preto,Croppeds,3,85.77
Cropped Mancini Preto,Croppeds,Cropped Linho Carl Preto,Croppeds,4,85.73
Cropped Mancini Preto,Croppeds,Cropped Petal Preto,Croppeds,5,84.9
Cropped Mancini Preto,Croppeds,Cropped Ophelia Preto,Croppeds,6,83.5
Cropped Mancini Vermelho,Croppeds,Cropped Petal Vermelho,Croppeds,1,84.9
Cropped Mancini Vermelho,Croppeds,Cropped Linho Lugano Pink,Croppeds,2,68.38
Cropped Mancini Vermelho,Croppeds,Cropped Daksa Pink Juice,Croppeds,3,68.2
Cropped Mancini Vermelho,Croppeds,Saia Moretti Vermelho,Saias,4,67.8
Cropped Mancini Vermelho,Croppeds,Cropped Mancini Off-White,Croppeds,5,67.68
Cropped Mancini Vermelho,Croppeds,Cropped Mancini Preto,Croppeds,6,67.68
Cropped Nahanni Pink Juice,Croppeds,Cropped Phuket Pink Juice,Croppeds,1,99.4
Cropped Nahanni Pink Juice,Croppeds,Cropped Daksa Pink Juice,Croppeds,2,88.22
Cropped Nahanni Pink Juice,Croppeds,Top Orion Branco | Orion Top White,Croppeds,3,74.14
Cropped Nahanni Pink Juice,Croppeds,Cropped Adams Off-White,Croppeds,4,70.65
Cropped Nahanni Pink Juice,Croppeds,Cropped Adams Preto,Croppeds,5,70.65
Cropped Nahanni Pink Juice,Croppeds,Cropped Wiley Off-White,Croppeds,6,69.65
Cropped Ophelia Off-White,Croppeds,Cropped Petal Off-White,Croppeds,1,99.64
Cropped Ophelia Off-White,Croppeds,Cropped Linho Carl Off-White,Croppeds,2,98.47
Cropped Ophelia Off-White,Croppeds,Cropped Robie Off-White,Croppeds,3,98.31
Cropped Ophelia Off-White,Croppeds,Cropped Linho Brett Off-White,Croppeds,4,98.31
Cropped Ophelia Off-White,Croppeds,Cropped Saarinen Off-White,Croppeds,5,97.98
Cropped Ophelia Off-White,Croppeds,Cropped Wiley Off-White,Croppeds,6,97.23
Cropped Ophelia Preto,Croppeds,Cropped Petal Preto,Croppeds,1,99.64
Cropped Ophelia Preto,Croppeds,Cropped Linho Carl Preto,Croppeds,2,98.47
Cropped Ophelia Preto,Croppeds,Cropped Robie Preto,Croppeds,3,98.31
Cropped Ophelia Preto,Croppeds,Cropped Linho Brett Preto,Croppeds,4,98.31
Cropped Ophelia Preto,Croppeds,Cropped Adams Preto,Croppeds,5,96.18
Cropped Ophelia Preto,Croppeds,Cropped Mancini Preto,Croppeds,6,83.5
Cropped Petal Off-White,Croppeds,Cropped Ophelia Off-White,Croppeds,1,99.64
Cropped Petal Off-White,Croppeds,Cropped Linho Carl Off-White,Croppeds,2,99.59
Cropped Petal Off-White,Croppeds,Cropped Robie Off-White,Croppeds,3,99.51
Cropped Petal Off-White,Croppeds,Cropped Linho Brett Off-White,Croppeds,4,99.51
Cropped Petal Off-White,Croppeds,Cropped Saarinen Off-White,Croppeds,5,99.32
Cropped Petal Off-White,Croppeds,Cropped Wiley Off-White,Croppeds,6,98.86
Cropped Petal Preto,Croppeds,Cropped Ophelia Preto,Croppeds,1,99.64
Cropped Petal Preto,Croppeds,Cropped Linho Carl Preto,Croppeds,2,99.59
Cropped Petal Preto,Croppeds,Cropped Robie Preto,Croppeds,3,99.51
Cropped Petal Preto,Croppeds,Cropped Linho Brett Preto,Croppeds,4,99.51
Cropped Petal Preto,Croppeds,Cropped Adams Preto,Croppeds,5,98.15
Cropped Petal Preto,Croppeds,Cropped Mancini Preto,Croppeds,6,84.9
Cropped Petal Vermelho,Croppeds,Cropped Mancini Vermelho,Croppeds,1,84.9
Cropped Petal Vermelho,Croppeds,Cropped Saarinen Off-White,Croppeds,2,66.11
Cropped Petal Vermelho,Croppeds,Cropped Robie Off-White,Croppeds,3,66.1
Cropped Petal Vermelho,Croppeds,Cropped Linho Brett Caramelo,Croppeds,4,66.1
Cropped Petal Vermelho,Croppeds,Cropped Lelac Bege,Croppeds,5,66.1
Cropped Petal Vermelho,Croppeds,Cropped Robie Preto,Croppeds,6,66.1
Cropped Phuket Pink Juice,Croppeds,Cropped Nahanni Pink Juice,Croppeds,1,99.4
Cropped Phuket Pink Juice,Croppeds,Cropped Daksa Pink Juice,Croppeds,2,86.45
Cropped Phuket Pink Juice,Croppeds,Top Orion Branco | Orion Top White,Croppeds,3,69.75
Cropped Phuket Pink Juice,Croppeds,Cropped Adams Preto,Croppeds,4,69.58
Cropped Phuket Pink Juice,Croppeds,Cropped Adams Off-White,Croppeds,5,69.58
Cropped Phuket Pink Juice,Croppeds,Cropped Wiley Off-White,Croppeds,6,69.01
Cropped Robie Off-White,Croppeds,Cropped Linho Brett Off-White,Croppeds,1,100.0
Cropped Robie Off-White,Croppeds,Cropped Linho Carl Off-White,Croppeds,2,100.0
Cropped Robie Off-White,Croppeds,Cropped Saarinen Off-White,Croppeds,3,99.98
Cropped Robie Off-White,Croppeds,Cropped Wiley Off-White,Croppeds,4,99.87
Cropped Robie Off-White,Croppeds,Cropped Adams Off-White,Croppeds,5,99.56
Cropped Robie Off-White,Croppeds,Cropped Petal Off-White,Croppeds,6,99.51
Cropped Robie Preto,Croppeds,Cropped Linho Brett Preto,Croppeds,1,100.0
Cropped Robie Preto,Croppeds,Cropped Linho Carl Preto,Croppeds,2,100.0
Cropped Robie Preto,Croppeds,Cropped Adams Preto,Croppeds,3,99.56
Cropped Robie Preto,Croppeds,Cropped Petal Preto,Croppeds,4,99.51
Cropped Robie Preto,Croppeds,Cropped Ophelia Preto,Croppeds,5,98.31
Cropped Robie Preto,Croppeds,Cropped Mancini Preto,Croppeds,6,85.77
Cropped Saarinen Off-White,Croppeds,Cropped Robie Off-White,Croppeds,1,99.98
Cropped Saarinen Off-White,Croppeds,Cropped Linho Brett Off-White,Croppeds,2,99.98
Cropped Saarinen Off-White,Croppeds,Cropped Linho Carl Off-White,Croppeds,3,99.97
Cropped Saarinen Off-White,Croppeds,Cropped Wiley Off-White,Croppeds,4,99.94
Cropped Saarinen Off-White,Croppeds,Cropped Adams Off-White,Croppeds,5,99.71
Cropped Saarinen Off-White,Croppeds,Cropped Petal Off-White,Croppeds,6,99.32
Cropped Wiley Off-White,Croppeds,Cropped Saarinen Off-White,Croppeds,1,99.94
Cropped Wiley Off-White,Croppeds,Cropped Adams Off-White,Croppeds,2,99.91
Cropped Wiley Off-White,Croppeds,Cropped Robie Off-White,Croppeds,3,99.87
Cropped Wiley Off-White,Croppeds,Cropped Linho Brett Off-White,Croppeds,4,99.87
Cropped Wiley Off-White,Croppeds,Cropped Linho Carl Off-White,Croppeds,5,99.82
Cropped Wiley Off-White,Croppeds,Cropped Petal Off-White,Croppeds,6,98.86
Macacão Aaron Off-White,Macacões,Macacão Megan Off-White,Macacões,1,93.62
Macacão Aaron Off-White,Macacões,Macacão Amber Off-White,Macacões,2,93.62
Macacão Aaron Off-White,Macacões,Macacão Breddon Off-White,Macacões,3,93.62
Macacão Aaron Off-White,Macacões,Macacão Novari Off-White,Macacões,4,92.56
Macacão Aaron Off-White,Macacões,Macacão Mila Off-White,Macacões,5,91.47
Macacão Aaron Off-White,Macacões,Macacão Orpheus Off-White,Macacões,6,87.57
Macacão Aaron Preto,Macacões,Macacão Megan Preto,Macacões,1,100.0
Macacão Aaron Preto,Macacões,Macacão Breddon Preto,Macacões,2,93.62
Macacão Aaron Preto,Macacões,Macacão Amber Preto,Macacões,3,93.62
Macacão Aaron Preto,Macacões,Macacão Novari Preto,Macacões,4,92.56
Macacão Aaron Preto,Macacões,Macacão Mila Preto,Macacões,5,91.47
Macacão Aaron Preto,Macacões,Macacão Alberts Preto,Macacões,6,90.91
Macacão Alberts Bege,Macacões,Macacão Alberts Off-White,Macacões,1,69.13
Macacão Alberts Bege,Macacões,Macacão Oliver Framboesa,Macacões,2,68.59
Macacão Alberts Bege,Macacões,Macacão Zander Off-White,Macacões,3,68.59
Macacão Alberts Bege,Macacões,Macacão Oliver Off-White,Macacões,4,68.59
Macacão Alberts Bege,Macacões,Macacão Oliver Vermelho,Macacões,5,68.59
Macacão Alberts Bege,Macacões,Macacão Sleuk Preto,Macacões,6,66.97
Macacão Alberts Off-White,Macacões,Macacão Oliver Off-White,Macacões,1,99.88
Macacão Alberts Off-White,Macacões,Macacão Zander Off-White,Macacões,2,99.88
Macacão Alberts Off-White,Macacões,Macacão Sleuk Off-White,Macacões,3,98.91
Macacão Alberts Off-White,Macacões,Macacão Avia Off-White,Macacões,4,86.51
Macacão Alberts Off-White,Macacões,Macacão Fiorese Off-White,Macacões,5,84.85
Macacão Alberts Off-White,Macacões,Macacão Linho Braid Off-White,Macacões,6,83.87
Macacão Alberts Preto,Macacões,Macacão Sleuk Preto,Macacões,1,91.52
Macacão Alberts Preto,Macacões,Macacão Aaron Preto,Macacões,2,90.91
Macacão Alberts Preto,Macacões,Macacão Megan Preto,Macacões,3,90.91
Macacão Alberts Preto,Macacões,Macacão Novari Preto,Macacões,4,89.2
Macacão Alberts Preto,Macacões,Macacão Breddon Preto,Macacões,5,87.77
Macacão Alberts Preto,Macacões,Macacão Amber Preto,Macacões,6,87.77
Macacão Amber Off-White,Macacões,Macacão Breddon Off-White,Macacões,1,100.0
Macacão Amber Off-White,Macacões,Macacão Megan Off-White,Macacões,2,100.0
Macacão Amber Off-White,Macacões,Macacão Novari Off-White,Macacões,3,99.82
Macacão Amber Off-White,Macacões,Macacão Aaron Off-White,Macacões,4,93.62
Macacão Amber Off-White,Macacões,Blazer Vestido Vincent Off-White,Blazers,5,85.26
Macacão Amber Off-White,Macacões,Macacão Breddon Marrom,Macacões,6,85.24
Macacão Amber Preto,Macacões,Macacão Breddon Preto,Macacões,1,100.0
Macacão Amber Preto,Macacões,Macacão Novari Preto,Macacões,2,99.82
Macacão Amber Preto,Macacões,Macacão Aaron Preto,Macacões,3,93.62
Macacão Amber Preto,Macacões,Macacão Megan Preto,Macacões,4,93.62
Macacão Amber Preto,Macacões,Macacão Alberts Preto,Macacões,5,87.77
Macacão Amber Preto,Macacões,Blazer Vestido Vincent Preto,Blazers,6,85.26
Macacão Amber Vermelho,Macacões,Macacão Breddon Vermelho,Macacões,1,100.0
Macacão Amber Vermelho,Macacões,Macacão Novari Vermelho,Macacões,2,99.82
Macacão Amber Vermelho,Macacões,Macacão Megan Vermelho,Macacões,3,93.62
Macacão Amber Vermelho,Macacões,Macacão Amber Preto,Macacões,4,85.24
Macacão Amber Vermelho,Macacões,Macacão Breddon Preto,Macacões,5,85.24
Macacão Amber Vermelho,Macacões,Macacão Breddon Off-White,Macacões,6,85.24
Macacão Avia Off-White,Macacões,Macacão Fiorese Off-White,Macacões,1,98.1
Macacão Avia Off-White,Macacões,Macacão Linho Braid Off-White,Macacões,2,96.97
Macacão Avia Off-White,Macacões,Macacão Rith Off-White,Macacões,3,96.97
Macacão Avia Off-White,Macacões,Macacão Damian Off-White,Macacões,4,93.91
Macacão Avia Off-White,Macacões,Macacão Alberts Off-White,Macacões,5,86.51
Macacão Avia Off-White,Macacões,Macacão Zander Off-White,Macacões,6,85.98
Macacão Breddon Marrom,Macacões,Macacão Linho Armand Marrom,Macacões,1,99.82
Macacão Breddon Marrom,Macacões,Macacão Breddon Preto,Macacões,2,85.24
Macacão Breddon Marrom,Macacões,Macacão Breddon Vermelho,Macacões,3,85.24
Macacão Breddon Marrom,Macacões,Macacão Amber Vermelho,Macacões,4,85.24
Macacão Breddon Marrom,Macacões,Macacão Breddon Off-White,Macacões,5,85.24
Macacão Breddon Marrom,Macacões,Macacão Megan Off-White,Macacões,6,85.24
Macacão Breddon Off-White,Macacões,Macacão Amber Off-White,Macacões,1,100.0
Macacão Breddon Off-White,Macacões,Macacão Megan Off-White,Macacões,2,100.0
Macacão Breddon Off-White,Macacões,Macacão Novari Off-White,Macacões,3,99.82
Macacão Breddon Off-White,Macacões,Macacão Aaron Off-White,Macacões,4,93.62
Macacão Breddon Off-White,Macacões,Blazer Vestido Vincent Off-White,Blazers,5,85.26
Macacão Breddon Off-White,Macacões,Macacão Breddon Marrom,Macacões,6,85.24
Macacão Breddon Preto,Macacões,Macacão Amber Preto,Macacões,1,100.0
Macacão Breddon Preto,Macacões,Macacão Novari Preto,Macacões,2,99.82
Macacão Breddon Preto,Macacões,Macacão Aaron Preto,Macacões,3,93.62
Macacão Breddon Preto,Macacões,Macacão Megan Preto,Macacões,4,93.62
Macacão Breddon Preto,Macacões,Macacão Alberts Preto,Macacões,5,87.77
Macacão Breddon Preto,Macacões,Blazer Vestido Vincent Preto,Blazers,6,85.26
Macacão Breddon Vermelho,Macacões,Macacão Amber Vermelho,Macacões,1,100.0
Macacão Breddon Vermelho,Macacões,Macacão Novari Vermelho,Macacões,2,99.82
Macacão Breddon Vermelho,Macacões,Macacão Megan Vermelho,Macacões,3,93.62
Macacão Breddon Vermelho,Macacões,Macacão Amber Preto,Macacões,4,85.24
Macacão Breddon Vermelho,Macacões,Macacão Breddon Preto,Macacões,5,85.24
Macacão Breddon Vermelho,Macacões,Macacão Breddon Off-White,Macacões,6,85.24
Macacão Damian Off-White,Macacões,Macacão Rith Off-White,Macacões,1,99.46
Macacão Damian Off-White,Macacões,Macacão Linho Braid Off-White,Macacões,2,99.46
Macacão Damian Off-White,Macacões,Macacão Fiorese Off-White,Macacões,3,98.79
Macacão Damian Off-White,Macacões,Macacão Avia Off-White,Macacões,4,93.91
Macacão Damian Off-White,Macacões,Macacão Orpheus Off-White,Macacões,5,88.89
Macacão Damian Off-White,Macacões,Macacão Sleuk Off-White,Macacões,6,84.09
Macacão Damian Preto,Macacões,Macacão Linho Braid Preto,Macacões,1,99.46
Macacão Damian Preto,Macacões,Macacão Rith Preto,Macacões,2,99.46
Macacão Damian Preto,Macacões,Macacão Sleuk Preto,Macacões,3,84.09
Macacão Damian Preto,Macacões,Macacão Alberts Preto,Macacões,4,82.27
Macacão Damian Preto,Macacões,Macacão Mila Preto,Macacões,5,73.2
Macacão Damian Preto,Macacões,Macacão Damian Off-White,Macacões,6,65.97
Macacão Fiorese Off-White,Macacões,Macacão Rith Off-White,Macacões,1,99.87
Macacão Fiorese Off-White,Macacões,Macacão Linho Braid Off-White,Macacões,2,99.87
Macacão Fiorese Off-White,Macacões,Macacão Damian Off-White,Macacões,3,98.79
Macacão Fiorese Off-White,Macacões,Macacão Avia Off-White,Macacões,4,98.1
Macacão Fiorese Off-White,Macacões,Macacão Sleuk Off-White,Macacões,5,85.45
Macacão Fiorese Off-White,Macacões,Macacão Oliver Off-White,Macacões,6,85.25
Macacão Linho Armand Azul,Macacões,Macacão Amber Off-White,Macacões,1,84.51
Macacão Linho Armand Azul,Macacões,Macacão Megan Off-White,Macacões,2,84.51
Macacão Linho Armand Azul,Macacões,Macacão Breddon Preto,Macacões,3,84.51
Macacão Linho Armand Azul,Macacões,Macacão Breddon Marrom,Macacões,4,84.51
Macacão Linho Armand Azul,Macacões,Macacão Breddon Off-White,Macacões,5,84.51
Macacão Linho Armand Azul,Macacões,Macacão Amber Vermelho,Macacões,6,84.51
Macacão Linho Armand Marrom,Macacões,Macacão Breddon Marrom,Macacões,1,99.82
Macacão Linho Armand Marrom,Macacões,Blazer Vestido Darleen Marrom,Blazers,2,84.56
Macacão Linho Armand Marrom,Macacões,Macacão Breddon Vermelho,Macacões,3,84.51
Macacão Linho Armand Marrom,Macacões,Macacão Amber Vermelho,Macacões,4,84.51
Macacão Linho Armand Marrom,Macacões,Macacão Breddon Off-White,Macacões,5,84.51
Macacão Linho Armand Marrom,Macacões,Macacão Megan Off-White,Macacões,6,84.51
Macacão Linho Armand Preto,Macacões,Macacão Sleuk Preto,Macacões,1,85.81
Macacão Linho Armand Preto,Macacões,Macacão Alberts Preto,Macacões,2,78.09
Macacão Linho Armand Preto,Macacões,Vestido Bianchi Preto,Vestidos,3,77.38
Macacão Linho Armand Preto,Macacões,BLAZER DONATO + PANTALONA SAVOYE PRETO,Blazers,4,77.38
Macacão Linho Armand Preto,Macacões,Blusa Alpheus Preto,Blusas,5,76.81
Macacão Linho Armand Preto,Macacões,Blusa Tommaso Preto,Blusas,6,76.37
Macacão Linho Braid Off-White,Macacões,Macacão Rith Off-White,Macacões,1,100.0
Macacão Linho Braid Off-White,Macacões,Macacão Fiorese Off-White,Macacões,2,99.87
Macacão Linho Braid Off-White,Macacões,Macacão Damian Off-White,Macacões,3,99.46
Macacão Linho Braid Off-White,Macacões,Macacão Avia Off-White,Macacões,4,96.97
Macacão Linho Braid Off-White,Macacões,Macacão Sleuk Off-White,Macacões,5,85.23
Macacão Linho Braid Off-White,Macacões,Macacão Oliver Off-White,Macacões,6,84.52
Macacão Linho Braid Preto,Macacões,Macacão Rith Preto,Macacões,1,100.0
Macacão Linho Braid Preto,Macacões,Macacão Damian Preto,Macacões,2,99.46
Macacão Linho Braid Preto,Macacões,Macacão Sleuk Preto,Macacões,3,85.23
Macacão Linho Braid Preto,Macacões,Macacão Alberts Preto,Macacões,4,79.15
Macacão Linho Braid Preto,Macacões,Blazer Linho Fruges Preto,Blazers,5,66.6
Macacão Linho Braid Preto,Macacões,Blazer Adonis Preto,Blazers,6,66.52
Macacão Megan Off-White,Macacões,Macacão Amber Off-White,Macacões,1,100.0
Macacão Megan Off-White,Macacões,Macacão Breddon Off-White,Macacões,2,100.0
Macacão Megan Off-White,Macacões,Macacão Novari Off-White,Macacões,3,99.82
Macacão Megan Off-White,Macacões,Macacão Aaron Off-White,Macacões,4,93.62
Macacão Megan Off-White,Macacões,Blazer Vestido Vincent Off-White,Blazers,5,85.26
Macacão Megan Off-White,Macacões,Macacão Breddon Marrom,Macacões,6,85.24
Macacão Megan Preto,Macacões,Macacão Aaron Preto,Macacões,1,100.0
Macacão Megan Preto,Macacões,Macacão Breddon Preto,Macacões,2,93.62
Macacão Megan Preto,Macacões,Macacão Amber Preto,Macacões,3,93.62
Macacão Megan Preto,Macacões,Macacão Novari Preto,Macacões,4,92.56
Macacão Megan Preto,Macacões,Macacão Mila Preto,Macacões,5,91.47
Macacão Megan Preto,Macacões,Macacão Alberts Preto,Macacões,6,90.91
Macacão Megan Vermelho,Macacões,Macacão Amber Vermelho,Macacões,1,93.62
Macacão Megan Vermelho,Macacões,Macacão Breddon Vermelho,Macacões,2,93.62
Macacão Megan Vermelho,Macacões,Macacão Novari Vermelho,Macacões,3,92.56
Macacão Megan Vermelho,Macacões,Macacão Orpheus Vermelho,Macacões,4,87.57
Macacão Megan Vermelho,Macacões,Macacão Aaron Off-White,Macacões,5,80.0
Macacão Megan Vermelho,Macacões,Macacão Megan Preto,Macacões,6,80.0
Macacão Mila Avelã,Macacões,Macacão Mila Off-White,Macacões,1,81.9
Macacão Mila Avelã,Macacões,Macacão Mila Preto,Macacões,2,81.9
Macacão Mila Avelã,Macacões,Macacão Orpheus Off-White,Macacões,3,74.27
Macacão Mila Avelã,Macacões,Macacão Orpheus Vermelho,Macacões,4,74.27
Macacão Mila Avelã,Macacões,Macacão Megan Vermelho,Macacões,5,72.45
Macacão Mila Avelã,Macacões,Macacão Aaron Preto,Macacões,6,72.45
Macacão Mila Off-White,Macacões,Macacão Orpheus Off-White,Macacões,1,96.28
Macacão Mila Off-White,Macacões,Macacão Aaron Off-White,Macacões,2,91.47
Macacão Mila Off-White,Macacões,Macacão Mila Avelã,Macacões,3,81.9
Macacão Mila Off-White,Macacões,Macacão Mila Preto,Macacões,4,81.9
Macacão Mila Off-White,Macacões,Vestido Zephyr Off-White,Vestidos,5,80.2
Macacão Mila Off-White,Macacões,Vestido Tess Off-White,Vestidos,6,80.2
Macacão Mila Preto,Macacões,Macacão Megan Preto,Macacões,1,91.47
Macacão Mila Preto,Macacões,Macacão Aaron Preto,Macacões,2,91.47
Macacão Mila Preto,Macacões,Macacão Mila Avelã,Macacões,3,81.9
Macacão Mila Preto,Macacões,Macacão Mila Off-White,Macacões,4,81.9
Macacão Mila Preto,Macacões,Vestido Tess Preto,Vestidos,5,80.2
Macacão Mila Preto,Macacões,Vestido Filippo Preto,Vestidos,6,79.39
Macacão Novari Off-White,Macacões,Macacão Breddon Off-White,Macacões,1,99.82
Macacão Novari Off-White,Macacões,Macacão Amber Off-White,Macacões,2,99.82
Macacão Novari Off-White,Macacões,Macacão Megan Off-White,Macacões,3,99.82
Macacão Novari Off-White,Macacões,Macacão Aaron Off-White,Macacões,4,92.56
Macacão Novari Off-White,Macacões,Blazer Vestido Vincent Off-White,Blazers,5,84.59
Macacão Novari Off-White,Macacões,Macacão Breddon Marrom,Macacões,6,84.51
Macacão Novari Preto,Macacões,Macacão Breddon Preto,Macacões,1,99.82
Macacão Novari Preto,Macacões,Macacão Amber Preto,Macacões,2,99.82
Macacão Novari Preto,Macacões,Macacão Aaron Preto,Macacões,3,92.56
Macacão Novari Preto,Macacões,Macacão Megan Preto,Macacões,4,92.56
Macacão Novari Preto,Macacões,Macacão Alberts Preto,Macacões,5,89.2
Macacão Novari Preto,Macacões,Blazer Vestido Vincent Preto,Blazers,6,84.59
Macacão Novari Vermelho,Macacões,Macacão Amber Vermelho,Macacões,1,99.82
Macacão Novari Vermelho,Macacões,Macacão Breddon Vermelho,Macacões,2,99.82
Macacão Novari Vermelho,Macacões,Macacão Megan Vermelho,Macacões,3,92.56
Macacão Novari Vermelho,Macacões,Macacão Breddon Off-White,Macacões,4,84.51
Macacão Novari Vermelho,Macacões,Macacão Breddon Preto,Macacões,5,84.51
Macacão Novari Vermelho,Macacões,Macacão Megan Off-White,Macacões,6,84.51
Macacão Oliver Framboesa,Macacões,Macacão Alberts Off-White,Macacões,1,68.59
Macacão Oliver Framboesa,Macacões,Macacão Alberts Bege,Macacões,2,68.59
Macacão Oliver Framboesa,Macacões,Macacão Zander Off-White,Macacões,3,68.28
Macacão Oliver Framboesa,Macacões,Macacão Oliver Vermelho,Macacões,4,68.28
Macacão Oliver Framboesa,Macacões,Macacão Oliver Off-White,Macacões,5,68.28
Macacão Oliver Framboesa,Macacões,Macacão Sleuk Preto,Macacões,6,67.13
Macacão Oliver Off-White,Macacões,Macacão Zander Off-White,Macacões,1,100.0
Macacão Oliver Off-White,Macacões,Macacão Alberts Off-White,Macacões,2,99.88
Macacão Oliver Off-White,Macacões,Macacão Sleuk Off-White,Macacões,3,99.5
Macacão Oliver Off-White,Macacões,Macacão Avia Off-White,Macacões,4,85.98
Macacão Oliver Off-White,Macacões,Macacão Fiorese Off-White,Macacões,5,85.25
Macacão Oliver Off-White,Macacões,Macacão Rith Off-White,Macacões,6,84.52
Macacão Oliver Vermelho,Macacões,Macacão Sleuk Vermelho,Macacões,1,99.5
Macacão Oliver Vermelho,Macacões,Macacão Alberts Bege,Macacões,2,68.59
Macacão Oliver Vermelho,Macacões,Macacão Alberts Off-White,Macacões,3,68.59
Macacão Oliver Vermelho,Macacões,Macacão Oliver Framboesa,Macacões,4,68.28
Macacão Oliver Vermelho,Macacões,Macacão Zander Off-White,Macacões,5,68.28
Macacão Oliver Vermelho,Macacões,Macacão Oliver Off-White,Macacões,6,68.28
Macacão Orpheus Off-White,Macacões,Macacão Mila Off-White,Macacões,1,96.28
Macacão Orpheus Off-White,Macacões,Macacão Damian Off-White,Macacões,2,88.89
Macacão Orpheus Off-White,Macacões,Macacão Aaron Off-White,Macacões,3,87.57
Macacão Orpheus Off-White,Macacões,Macacão Linho Braid Off-White,Macacões,4,83.64
Macacão Orpheus Off-White,Macacões,Macacão Rith Off-White,Macacões,5,83.64
Macacão Orpheus Off-White,Macacões,Macacão Fiorese Off-White,Macacões,6,80.72
Macacão Orpheus Vermelho,Macacões,Macacão Megan Vermelho,Macacões,1,87.57
Macacão Orpheus Vermelho,Macacões,Macacão Mila Avelã,Macacões,2,74.27
Macacão Orpheus Vermelho,Macacões,Macacão Mila Off-White,Macacões,3,74.27
Macacão Orpheus Vermelho,Macacões,Macacão Mila Preto,Macacões,4,74.27
Macacão Orpheus Vermelho,Macacões,Macacão Orpheus Off-White,Macacões,5,73.22
Macacão Orpheus Vermelho,Macacões,Vestido Collins Vermelho,Vestidos,6,70.0
Macacão Rith Avelã,Macacões,Macacão Fiorese Off-White,Macacões,1,66.4
Macacão Rith Avelã,Macacões,Macacão Linho Braid Preto,Macacões,2,66.31
Macacão Rith Avelã,Macacões,Macacão Linho Braid Off-White,Macacões,3,66.31
Macacão Rith Avelã,Macacões,Macacão Rith Off-White,Macacões,4,66.31
Macacão Rith Avelã,Macacões,Macacão Rith Preto,Macacões,5,66.31
Macacão Rith Avelã,Macacões,Macacão Mila Avelã,Macacões,6,65.72
Macacão Rith Off-White,Macacões,Macacão Linho Braid Off-White,Macacões,1,100.0
Macacão Rith Off-White,Macacões,Macacão Fiorese Off-White,Macacões,2,99.87
Macacão Rith Off-White,Macacões,Macacão Damian Off-White,Macacões,3,99.46
Macacão Rith Off-White,Macacões,Macacão Avia Off-White,Macacões,4,96.97
Macacão Rith Off-White,Macacões,Macacão Sleuk Off-White,Macacões,5,85.23
Macacão Rith Off-White,Macacões,Macacão Oliver Off-White,Macacões,6,84.52
Macacão Rith Preto,Macacões,Macacão Linho Braid Preto,Macacões,1,100.0
Macacão Rith Preto,Macacões,Macacão Damian Preto,Macacões,2,99.46
Macacão Rith Preto,Macacões,Macacão Sleuk Preto,Macacões,3,85.23
Macacão Rith Preto,Macacões,Macacão Alberts Preto,Macacões,4,79.15
Macacão Rith Preto,Macacões,Blazer Linho Fruges Preto,Blazers,5,66.6
Macacão Rith Preto,Macacões,Blazer Adonis Preto,Blazers,6,66.52
Macacão Sleuk Off-White,Macacões,Macacão Oliver Off-White,Macacões,1,99.5
Macacão Sleuk Off-White,Macacões,Macacão Zander Off-White,Macacões,2,99.5
Macacão Sleuk Off-White,Macacões,Macacão Alberts Off-White,Macacões,3,98.91
Macacão Sleuk Off-White,Macacões,Macacão Fiorese Off-White,Macacões,4,85.45
Macacão Sleuk Off-White,Macacões,Macacão Rith Off-White,Macacões,5,85.23
Macacão Sleuk Off-White,Macacões,Macacão Linho Braid Off-White,Macacões,6,85.23
Macacão Sleuk Preto,Macacões,Macacão Alberts Preto,Macacões,1,91.52
Macacão Sleuk Preto,Macacões,Macacão Linho Armand Preto,Macacões,2,85.81
Macacão Sleuk Preto,Macacões,Macacão Rith Preto,Macacões,3,85.23
Macacão Sleuk Preto,Macacões,Macacão Linho Braid Preto,Macacões,4,85.23
Macacão Sleuk Preto,Macacões,Macacão Damian Preto,Macacões,5,84.09
Macacão Sleuk Preto,Macacões,Macacão Novari Preto,Macacões,6,70.54
Macacão Sleuk Vermelho,Macacões,Macacão Oliver Vermelho,Macacões,1,99.5
Macacão Sleuk Vermelho,Macacões,Macacão Novari Vermelho,Macacões,2,70.54
Macacão Sleuk Vermelho,Macacões,Macacão Orpheus Vermelho,Macacões,3,67.69
Macacão Sleuk Vermelho,Macacões,Macacão Oliver Off-White,Macacões,4,67.13
Macacão Sleuk Vermelho,Macacões,Macacão Oliver Framboesa,Macacões,5,67.13
Macacão Sleuk Vermelho,Macacões,Macacão Zander Off-White,Macacões,6,67.13
Macacão Zander Off-White,Macacões,Macacão Oliver Off-White,Macacões,1,100.0
Macacão Zander Off-White,Macacões,Macacão Alberts Off-White,Macacões,2,99.88
Macacão Zander Off-White,Macacões,Macacão Sleuk Off-White,Macacões,3,99.5
Macacão Zander Off-White,Macacões,Macacão Avia Off-White,Macacões,4,85.98
Macacão Zander Off-White,Macacões,Macacão Fiorese Off-White,Macacões,5,85.25
Macacão Zander Off-White,Macacões,Macacão Rith Off-White,Macacões,6,84.52
Macaquinho Evans Bege,Unknown,Macaquinho Linho Tau Bege,Unknown,1,100.0
Macaquinho Evans Bege,Unknown,Macaquinho Martin Off-White,Unknown,2,62.22
Macaquinho Evans Bege,Unknown,Macaquinho Evans Preto,Unknown,3,61.87
Macaquinho Evans Bege,Unknown,Macaquinho Linho Tau Preto,Unknown,4,61.87
Macaquinho Evans Bege,Unknown,Macaquinho Linho Tau Off-White,Unknown,5,61.87
Macaquinho Evans Bege,Unknown,Corselet Adrian Off-White,Unknown,6,61.7
Macaquinho Evans Preto,Unknown,Macaquinho Linho Tau Preto,Unknown,1,100.0
Macaquinho Evans Preto,Unknown,Corselet Adrian Preto,Unknown,2,96.73
Macaquinho Evans Preto,Unknown,Corselet Steven Preto,Unknown,3,80.01
Macaquinho Evans Preto,Unknown,Pantalona Linho Abbie Preto,Calças,4,62.3
Macaquinho Evans Preto,Unknown,Pantalona Ozuna Preto,Calças,5,62.29
Macaquinho Evans Preto,Unknown,Macaquinho Martin Off-White,Unknown,6,62.22
Macaquinho Linho Tau Bege,Unknown,Macaquinho Evans Bege,Unknown,1,100.0
Macaquinho Linho Tau Bege,Unknown,Macaquinho Martin Off-White,Unknown,2,62.22
Macaquinho Linho Tau Bege,Unknown,Macaquinho Evans Preto,Unknown,3,61.87
Macaquinho Linho Tau Bege,Unknown,Macaquinho Linho Tau Preto,Unknown,4,61.87
Macaquinho Linho Tau Bege,Unknown,Macaquinho Linho Tau Off-White,Unknown,5,61.87
Macaquinho Linho Tau Bege,Unknown,Corselet Adrian Off-White,Unknown,6,61.7
Macaquinho Linho Tau Off-White,Unknown,Macaquinho Martin Off-White,Unknown,1,99.77
Macaquinho Linho Tau Off-White,Unknown,Corselet Adrian Off-White,Unknown,2,96.73
Macaquinho Linho Tau Off-White,Unknown,Corselet Kimbell Off-White,Unknown,3,96.73
Macaquinho Linho Tau Off-White,Unknown,Corselet Steven Off-White,Unknown,4,80.01
Macaquinho Linho Tau Off-White,Unknown,Pantalona Linho Abbie Off-White,Calças,5,62.3
Macaquinho Linho Tau Off-White,Unknown,Pantalona Ozuna Off-White,Calças,6,62.29
Macaquinho Linho Tau Preto,Unknown,Macaquinho Evans Preto,Unknown,1,100.0
Macaquinho Linho Tau Preto,Unknown,Corselet Adrian Preto,Unknown,2,96.73
Macaquinho Linho Tau Preto,Unknown,Corselet Steven Preto,Unknown,3,80.01
Macaquinho Linho Tau Preto,Unknown,Pantalona Linho Abbie Preto,Calças,4,62.3
Macaquinho Linho Tau Preto,Unknown,Pantalona Ozuna Preto,Calças,5,62.29
Macaquinho Linho Tau Preto,Unknown,Macaquinho Martin Off-White,Unknown,6,62.22
Macaquinho Martin Off-White,Unknown,Macaquinho Linho Tau Off-White,Unknown,1,99.77
Macaquinho Martin Off-White,Unknown,Corselet Kimbell Off-White,Unknown,2,98.23
Macaquinho Martin Off-White,Unknown,Corselet Adrian Off-White,Unknown,3,98.23
Macaquinho Martin Off-White,Unknown,Corselet Steven Off-White,Unknown,4,78.39
Macaquinho Martin Off-White,Unknown,Pantalona Touret Off-White,Calças,5,63.74
Macaquinho Martin Off-White,Unknown,Corselet Adrian Framboesa,Unknown,6,63.74
Macaquinho Neil Preto,Unknown,CORSELET KIMBELL + PANTALONA SAVOYE | PRETO,Unknown,1,93.57
Macaquinho Neil Preto,Unknown,Corselet Steven Preto,Unknown,2,83.08
Macaquinho Neil Preto,Unknown,BODY ROCCO + PANTALONA FLARE | PRETO,Bodies,3,82.05
Macaquinho Neil Preto,Unknown,BODY EMMA + SHORT CALEB | PRETO,Bodies,4,81.99
Macaquinho Neil Preto,Unknown,BODY EMMA + PANTALONA BRAXTON | PRETO,Bodies,5,80.24
Macaquinho Neil Preto,Unknown,BLUSA TOMMASO + SAIA RILEY | PRETO,Blusas,6,80.04
Pantalona Braxton Off-White,Calças,Pantalona Flare Off-White,Calças,1,90.55
Pantalona Braxton Off-White,Calças,Pantalona Savoye Off-White,Calças,2,89.93
Pantalona Braxton Off-White,Calças,Calça Zeno Off-White,Calças,3,81.52
Pantalona Braxton Off-White,Calças,Pantalona Linho Abbie Off-White,Calças,4,69.67
Pantalona Braxton Off-White,Calças,Pantalona Ozuna Off-White,Calças,5,69.37
Pantalona Braxton Off-White,Calças,Pantalona Touret Off-White,Calças,6,63.12
Pantalona Braxton Preto,Calças,Calça Zeno Preto,Calças,1,81.52
Pantalona Braxton Preto,Calças,Pantalona Linho Abbie Preto,Calças,2,69.67
Pantalona Braxton Preto,Calças,Pantalona Ozuna Preto,Calças,3,69.37
Pantalona Braxton Preto,Calças,Pantalona Touret Preto,Calças,4,63.12
Pantalona Braxton Preto,Calças,Pantalona Braxton Off-White,Calças,5,62.72
Pantalona Braxton Preto,Calças,Macaquinho Neil Preto,Unknown,6,62.42
Pantalona Flare Off-White,Calças,Pantalona Savoye Off-White,Calças,1,99.79
Pantalona Flare Off-White,Calças,Pantalona Braxton Off-White,Calças,2,90.55
Pantalona Flare Off-White,Calças,Pantalona Flare Preta,Calças,3,77.56
Pantalona Flare Off-White,Calças,BODY ROCCO + PANTALONA FLARE | OFF-WHITE,Bodies,4,77.35
Pantalona Flare Off-White,Calças,Pantalona Savoye Preta,Calças,5,77.15
Pantalona Flare Off-White,Calças,Calça Jeans Malcolm Azul Claro,Calças,6,76.25
Pantalona Flare Preta,Calças,Pantalona Savoye Preta,Calças,1,99.79
Pantalona Flare Preta,Calças,Pantalona Flare Off-White,Calças,2,77.56
Pantalona Flare Preta,Calças,Pantalona Savoye Off-White,Calças,3,77.15
Pantalona Flare Preta,Calças,Calça Jeans Malcolm Azul Claro,Calças,4,76.25
Pantalona Flare Preta,Calças,Calça Jeans Malcolm Azul Escuro,Calças,5,76.25
Pantalona Flare Preta,Calças,Pantalona Suytun Preta,Calças,6,68.42
Pantalona Linho Abbie Caramelo,Calças,Pantalona Touret Preto,Calças,1,65.27
Pantalona Linho Abbie Caramelo,Calças,Pantalona Touret Off-White,Calças,2,65.27
Pantalona Linho Abbie Caramelo,Calças,Pantalona Touret Avelã,Calças,3,65.27
Pantalona Linho Abbie Caramelo,Calças,Pantalona Ozuna Off-White,Calças,4,64.37
Pantalona Linho Abbie Caramelo,Calças,Pantalona Ozuna Preto,Calças,5,64.37
Pantalona Linho Abbie Caramelo,Calças,Pantalona Ozuna Avelã,Calças,6,64.37
Pantalona Linho Abbie Off-White,Calças,Pantalona Ozuna Off-White,Calças,1,100.0
Pantalona Linho Abbie Off-White,Calças,Pantalona Touret Off-White,Calças,2,99.17
Pantalona Linho Abbie Off-White,Calças,Calça Zeno Off-White,Calças,3,93.58
Pantalona Linho Abbie Off-White,Calças,Pantalona Braxton Off-White,Calças,4,69.67
Pantalona Linho Abbie Off-White,Calças,Body Otto Off-White,Bodies,5,65.29
Pantalona Linho Abbie Off-White,Calças,Corselet Kimbell Off-White,Unknown,6,65.27
Pantalona Linho Abbie Preto,Calças,Pantalona Ozuna Preto,Calças,1,100.0
Pantalona Linho Abbie Preto,Calças,Pantalona Touret Preto,Calças,2,99.17
Pantalona Linho Abbie Preto,Calças,Calça Zeno Preto,Calças,3,93.58
Pantalona Linho Abbie Preto,Calças,Pantalona Braxton Preto,Calças,4,69.67
Pantalona Linho Abbie Preto,Calças,Body Heydar Preto,Bodies,5,65.34
Pantalona Linho Abbie Preto,Calças,Body Otto Preto,Bodies,6,65.29
Pantalona Ozuna Avelã,Calças,Pantalona Touret Avelã,Calças,1,99.25
Pantalona Ozuna Avelã,Calças,Pantalona Savoye Avelã,Calças,2,92.29
Pantalona Ozuna Avelã,Calças,Pantalona Touret Off-White,Calças,3,65.42
Pantalona Ozuna Avelã,Calças,Pantalona Touret Preto,Calças,4,65.42
Pantalona Ozuna Avelã,Calças,Vestido Linho Sugarloaf Avelã,Vestidos,5,64.45
Pantalona Ozuna Avelã,Calças,Pantalona Ozuna Off-White,Calças,6,64.45
Pantalona Ozuna Off-White,Calças,Pantalona Linho Abbie Off-White,Calças,1,100.0
Pantalona Ozuna Off-White,Calças,Pantalona Touret Off-White,Calças,2,99.25
Pantalona Ozuna Off-White,Calças,Calça Zeno Off-White,Calças,3,93.35
Pantalona Ozuna Off-White,Calças,Pantalona Braxton Off-White,Calças,4,69.37
Pantalona Ozuna Off-White,Calças,Body Otto Off-White,Bodies,5,65.5
Pantalona Ozuna Off-White,Calças,Corselet Kimbell Off-White,Unknown,6,65.42
Pantalona Ozuna Preto,Calças,Pantalona Linho Abbie Preto,Calças,1,100.0
Pantalona Ozuna Preto,Calças,Pantalona Touret Preto,Calças,2,99.25
Pantalona Ozuna Preto,Calças,Calça Zeno Preto,Calças,3,93.35
Pantalona Ozuna Preto,Calças,Pantalona Braxton Preto,Calças,4,69.37
Pantalona Ozuna Preto,Calças,Body Heydar Preto,Bodies,5,65.52
Pantalona Ozuna Preto,Calças,Body Otto Preto,Bodies,6,65.5
Pantalona Savoye Areia,Calças,Calça Jeans Malcolm Azul Escuro,Calças,1,59.85
Pantalona Savoye Areia,Calças,Calça Jeans Malcolm Azul Claro,Calças,2,59.85
Pantalona Savoye Areia,Calças,Pantalona Savoye Off-White,Calças,3,59.1
Pantalona Savoye Areia,Calças,Pantalona Savoye Preta,Calças,4,59.1
Pantalona Savoye Areia,Calças,Pantalona Flare Off-White,Calças,5,58.19
Pantalona Savoye Areia,Calças,Pantalona Flare Preta,Calças,6,58.19
Pantalona Savoye Avelã,Calças,Pantalona Ozuna Avelã,Calças,1,92.29
Pantalona Savoye Avelã,Calças,Pantalona Touret Avelã,Calças,2,86.88
Pantalona Savoye Avelã,Calças,Calça Zeno Off-White,Calças,3,60.56
Pantalona Savoye Avelã,Calças,Calça Zeno Preto,Calças,4,60.56
Pantalona Savoye Avelã,Calças,Vestido Tricot Nau Avelã,Vestidos,5,57.61
Pantalona Savoye Avelã,Calças,Vestido Tricot Murphy Avelã,Vestidos,6,57.55
Pantalona Savoye Off-White,Calças,Pantalona Flare Off-White,Calças,1,99.79
Pantalona Savoye Off-White,Calças,Pantalona Braxton Off-White,Calças,2,89.93
Pantalona Savoye Off-White,Calças,Pantalona Flare Preta,Calças,3,77.15
Pantalona Savoye Off-White,Calças,Pantalona Savoye Preta,Calças,4,77.15
Pantalona Savoye Off-White,Calças,Calça Jeans Malcolm Azul Escuro,Calças,5,76.73
Pantalona Savoye Off-White,Calças,Calça Jeans Malcolm Azul Claro,Calças,6,76.73
Pantalona Savoye Preta,Calças,Pantalona Flare Preta,Calças,1,99.79
Pantalona Savoye Preta,Calças,Pantalona Flare Off-White,Calças,2,77.15
Pantalona Savoye Preta,Calças,Pantalona Savoye Off-White,Calças,3,77.15
Pantalona Savoye Preta,Calças,Calça Jeans Malcolm Azul Escuro,Calças,4,76.73
Pantalona Savoye Preta,Calças,Calça Jeans Malcolm Azul Claro,Calças,5,76.73
Pantalona Savoye Preta,Calças,Pantalona Suytun Preta,Calças,6,72.31
Pantalona Suytun Preta,Calças,Pantalona Savoye Preta,Calças,1,72.31
Pantalona Suytun Preta,Calças,Calça Jeans Dihl Azul Claro,Calças,2,71.04
Pantalona Suytun Preta,Calças,Calça Jeans Dihl Azul Escuro,Calças,3,71.04
Pantalona Suytun Preta,Calças,Pantalona Flare Preta,Calças,4,68.42
Pantalona Suytun Preta,Calças,Saia Gianni Preta,Saias,5,55.69
Pantalona Suytun Preta,Calças,Pantalona Touret Preto,Calças,6,55.4
Pantalona Touret Avelã,Calças,Pantalona Ozuna Avelã,Calças,1,99.25
Pantalona Touret Avelã,Calças,Pantalona Savoye Avelã,Calças,2,86.88
Pantalona Touret Avelã,Calças,Pantalona Touret Off-White,Calças,3,67.82
Pantalona Touret Avelã,Calças,Pantalona Touret Preto,Calças,4,67.82
Pantalona Touret Avelã,Calças,Vestido Linho Sugarloaf Avelã,Vestidos,5,66.28
Pantalona Touret Avelã,Calças,Pantalona Ozuna Preto,Calças,6,65.42
Pantalona Touret Off-White,Calças,Pantalona Ozuna Off-White,Calças,1,99.25
Pantalona Touret Off-White,Calças,Pantalona Linho Abbie Off-White,Calças,2,99.17
Pantalona Touret Off-White,Calças,Calça Zeno Off-White,Calças,3,88.25
Pantalona Touret Off-White,Calças,Body Rinaldi Off-White,Bodies,4,69.51
Pantalona Touret Off-White,Calças,Body Aliyev Off-White,Bodies,5,69.47
Pantalona Touret Off-White,Calças,Blusa Zeno Off-White,Blusas,6,69.41
Pantalona Touret Preto,Calças,Pantalona Ozuna Preto,Calças,1,99.25
Pantalona Touret Preto,Calças,Pantalona Linho Abbie Preto,Calças,2,99.17
Pantalona Touret Preto,Calças,Calça Zeno Preto,Calças,3,88.25
Pantalona Touret Preto,Calças,Body Rinaldi Preto,Bodies,4,69.51
Pantalona Touret Preto,Calças,Body Aliyev Preto,Bodies,5,69.47
Pantalona Touret Preto,Calças,Body Otto Preto,Bodies,6,68.92
Pareô Azul,Pareôs,Pareô Vermelho,Pareôs,1,92.62
Pareô Azul,Pareôs,Pareô Azul Marinho,Pareôs,2,92.5
Pareô Azul,Pareôs,Pareô Marrom,Pareôs,3,92.5
Pareô Azul,Pareôs,Pareô Terracota,Pareôs,4,92.33
Pareô Azul,Pareôs,Pareô Off-White,Pareôs,5,92.33
Pareô Azul,Pareôs,Pareô Preto,Pareôs,6,92.33
Pareô Azul Marinho,Pareôs,Pareô Vermelho,Pareôs,1,92.57
Pareô Azul Marinho,Pareôs,Pareô Marrom,Pareôs,2,92.56
Pareô Azul Marinho,Pareôs,Pareô Preto,Pareôs,3,92.51
Pareô Azul Marinho,Pareôs,Pareô Terracota,Pareôs,4,92.51
Pareô Azul Marinho,Pareôs,Pareô Off-White,Pareôs,5,92.51
Pareô Azul Marinho,Pareôs,Pareô Azul,Pareôs,6,92.5
Pareô Grazia Marrom,Pareôs,Pareô Marrom,Pareôs,1,63.48
Pareô Grazia Marrom,Pareôs,Pareô Grazia Preto,Pareôs,2,62.59
Pareô Grazia Marrom,Pareôs,Pareô Grazia Pérola,Pareôs,3,62.59
Pareô Grazia Marrom,Pareôs,Body Chiara Marrom,Bodies,4,59.27
Pareô Grazia Marrom,Pareôs,Body Giorgia Marrom,Bodies,5,59.11
Pareô Grazia Marrom,Pareôs,Pareô Maya Preto,Pareôs,6,58.68
Pareô Grazia Pérola,Pareôs,Pareô Maya Pérola,Pareôs,1,95.84
Pareô Grazia Pérola,Pareôs,Pareô Leanni Pérola,Pareôs,2,80.93
Pareô Grazia Pérola,Pareôs,Pareô Lenk Pérola,Pareôs,3,64.13
Pareô Grazia Pérola,Pareôs,Pareô Grazia Preto,Pareôs,4,62.59
Pareô Grazia Pérola,Pareôs,Pareô Grazia Marrom,Pareôs,5,62.59
Pareô Grazia Pérola,Pareôs,Saída Bennett Pérola,Saídas,6,60.43
Pareô Grazia Preto,Pareôs,Pareô Maya Preto,Pareôs,1,95.84
Pareô Grazia Preto,Pareôs,Pareô Leanni Preto,Pareôs,2,80.93
Pareô Grazia Preto,Pareôs,Pareô Lenk Preto,Pareôs,3,64.13
Pareô Grazia Preto,Pareôs,Pareô Preto,Pareôs,4,63.97
Pareô Grazia Preto,Pareôs,Pareô Grazia Marrom,Pareôs,5,62.59
Pareô Grazia Preto,Pareôs,Pareô Grazia Pérola,Pareôs,6,62.59
Pareô Heidi Cobre,Pareôs,Pareô Leanni Cobre,Pareôs,1,99.84
Pareô Heidi Cobre,Pareôs,Pareô Maya Azul,Pareôs,2,73.42
Pareô Heidi Cobre,Pareôs,Body Aliyev Cobre,Bodies,3,73.17
Pareô Heidi Cobre,Pareôs,Pareô Heidi Vermelho,Pareôs,4,72.85
Pareô Heidi Cobre,Pareôs,Pareô Leanni Preto,Pareôs,5,71.75
Pareô Heidi Cobre,Pareôs,Pareô Leanni Pérola,Pareôs,6,71.75
Pareô Heidi Vermelho,Pareôs,Pareô Maya Azul,Pareôs,1,73.42
Pareô Heidi Vermelho,Pareôs,Pareô Heidi Cobre,Pareôs,2,72.85
Pareô Heidi Vermelho,Pareôs,Pareô Leanni Preto,Pareôs,3,71.75
Pareô Heidi Vermelho,Pareôs,Pareô Leanni Pérola,Pareôs,4,71.75
Pareô Heidi Vermelho,Pareôs,Pareô Leanni Cobre,Pareôs,5,71.75
Pareô Heidi Vermelho,Pareôs,Body Alkash Vermelho,Bodies,6,71.58
Pareô Leanni Cobre,Pareôs,Pareô Heidi Cobre,Pareôs,1,99.84
Pareô Leanni Cobre,Pareôs,Pareô Maya Azul,Pareôs,2,72.14
Pareô Leanni Cobre,Pareôs,Body Aliyev Cobre,Bodies,3,71.81
Pareô Leanni Cobre,Pareôs,Pareô Heidi Vermelho,Pareôs,4,71.75
Pareô Leanni Cobre,Pareôs,Pareô Leanni Preto,Pareôs,5,70.95
Pareô Leanni Cobre,Pareôs,Pareô Leanni Pérola,Pareôs,6,70.95
Pareô Leanni Pérola,Pareôs,Pareô Maya Pérola,Pareôs,1,94.33
Pareô Leanni Pérola,Pareôs,Pareô Grazia Pérola,Pareôs,2,80.93
Pareô Leanni Pérola,Pareôs,Pareô Maya Azul,Pareôs,3,72.14
Pareô Leanni Pérola,Pareôs,Pareô Heidi Cobre,Pareôs,4,71.75
Pareô Leanni Pérola,Pareôs,Pareô Heidi Vermelho,Pareôs,5,71.75
Pareô Leanni Pérola,Pareôs,Pareô Leanni Cobre,Pareôs,6,70.95
Pareô Leanni Preto,Pareôs,Pareô Maya Preto,Pareôs,1,94.33
Pareô Leanni Preto,Pareôs,Pareô Grazia Preto,Pareôs,2,80.93
Pareô Leanni Preto,Pareôs,Pareô Maya Azul,Pareôs,3,72.14
Pareô Leanni Preto,Pareôs,Body Rinaldi Preto,Bodies,4,72.0
Pareô Leanni Preto,Pareôs,Body Aliyev Preto,Bodies,5,71.81
Pareô Leanni Preto,Pareôs,Pareô Heidi Vermelho,Pareôs,6,71.75
Pareô Lenk Cobre,Pareôs,Pareô Terracota,Pareôs,1,92.5
Pareô Lenk Cobre,Pareôs,Pareô Preto,Pareôs,2,92.5
Pareô Lenk Cobre,Pareôs,Pareô Off-White,Pareôs,3,92.5
Pareô Lenk Cobre,Pareôs,Pareô Lenk Preto,Pareôs,4,92.5
Pareô Lenk Cobre,Pareôs,Pareô Lenk Pérola,Pareôs,5,92.5
Pareô Lenk Cobre,Pareôs,Pareô Marrom,Pareôs,6,92.49
Pareô Lenk Pérola,Pareôs,Pareô Off-White,Pareôs,1,92.5
Pareô Lenk Pérola,Pareôs,Pareô Terracota,Pareôs,2,92.5
Pareô Lenk Pérola,Pareôs,Pareô Preto,Pareôs,3,92.5
Pareô Lenk Pérola,Pareôs,Pareô Lenk Preto,Pareôs,4,92.5
Pareô Lenk Pérola,Pareôs,Pareô Lenk Cobre,Pareôs,5,92.5
Pareô Lenk Pérola,Pareôs,Pareô Marrom,Pareôs,6,92.49
Pareô Lenk Preto,Pareôs,Pareô Preto,Pareôs,1,100.0
Pareô Lenk Preto,Pareôs,Pareô Terracota,Pareôs,2,92.5
Pareô Lenk Preto,Pareôs,Pareô Off-White,Pareôs,3,92.5
Pareô Lenk Preto,Pareôs,Pareô Lenk Cobre,Pareôs,4,92.5
Pareô Lenk Preto,Pareôs,Pareô Lenk Pérola,Pareôs,5,92.5
Pareô Lenk Preto,Pareôs,Pareô Marrom,Pareôs,6,92.49
Pareô Marrom,Pareôs,Pareô Vermelho,Pareôs,1,92.57
Pareô Marrom,Pareôs,Pareô Azul Marinho,Pareôs,2,92.56
Pareô Marrom,Pareôs,Pareô Terracota,Pareôs,3,92.51
Pareô Marrom,Pareôs,Pareô Off-White,Pareôs,4,92.51
Pareô Marrom,Pareôs,Pareô Preto,Pareôs,5,92.51
Pareô Marrom,Pareôs,Pareô Azul,Pareôs,6,92.5
Pareô Maya Azul,Pareôs,Pareô Heidi Cobre,Pareôs,1,73.42
Pareô Maya Azul,Pareôs,Pareô Heidi Vermelho,Pareôs,2,73.42
Pareô Maya Azul,Pareôs,Pareô Leanni Pérola,Pareôs,3,72.14
Pareô Maya Azul,Pareôs,Pareô Leanni Preto,Pareôs,4,72.14
Pareô Maya Azul,Pareôs,Pareô Leanni Cobre,Pareôs,5,72.14
Pareô Maya Azul,Pareôs,Pareô Maya Azul Marinho,Pareôs,6,67.76
Pareô Maya Azul Índigo,Pareôs,Pareô Maya Azul Marinho,Pareôs,1,64.28
Pareô Maya Azul Índigo,Pareôs,Pareô Leanni Preto,Pareôs,2,63.43
Pareô Maya Azul Índigo,Pareôs,Pareô Leanni Pérola,Pareôs,3,63.43
Pareô Maya Azul Índigo,Pareôs,Pareô Leanni Cobre,Pareôs,4,63.43
Pareô Maya Azul Índigo,Pareôs,Pareô Maya Preto,Pareôs,5,63.32
Pareô Maya Azul Índigo,Pareôs,Pareô Maya Pérola,Pareôs,6,63.32
Pareô Maya Azul Marinho,Pareôs,Pareô Heidi Vermelho,Pareôs,1,67.86
Pareô Maya Azul Marinho,Pareôs,Pareô Heidi Cobre,Pareôs,2,67.86
Pareô Maya Azul Marinho,Pareôs,Pareô Leanni Pérola,Pareôs,3,67.82
Pareô Maya Azul Marinho,Pareôs,Pareô Leanni Preto,Pareôs,4,67.82
Pareô Maya Azul Marinho,Pareôs,Pareô Leanni Cobre,Pareôs,5,67.82
Pareô Maya Azul Marinho,Pareôs,Pareô Maya Azul,Pareôs,6,67.76
Pareô Maya Pérola,Pareôs,Pareô Grazia Pérola,Pareôs,1,95.84
Pareô Maya Pérola,Pareôs,Pareô Leanni Pérola,Pareôs,2,94.33
Pareô Maya Pérola,Pareôs,Pareô Lenk Pérola,Pareôs,3,67.4
Pareô Maya Pérola,Pareôs,Pareô Maya Azul Índigo,Pareôs,4,63.32
Pareô Maya Pérola,Pareôs,Pareô Maya Azul Marinho,Pareôs,5,63.12
Pareô Maya Pérola,Pareôs,Pareô Maya Preto,Pareôs,6,63.09
Pareô Maya Preto,Pareôs,Pareô Grazia Preto,Pareôs,1,95.84
Pareô Maya Preto,Pareôs,Pareô Leanni Preto,Pareôs,2,94.33
Pareô Maya Preto,Pareôs,Pareô Preto,Pareôs,3,67.46
Pareô Maya Preto,Pareôs,Pareô Lenk Preto,Pareôs,4,67.4
Pareô Maya Preto,Pareôs,Cropped Petal Preto,Croppeds,5,63.79
Pareô Maya Preto,Pareôs,Short Saia Kahn Preto,Shorts,6,63.76
Pareô Off-White,Pareôs,Pareô Preto,Pareôs,1,92.51
Pareô Off-White,Pareôs,Pareô Terracota,Pareôs,2,92.51
Pareô Off-White,Pareôs,Pareô Marrom,Pareôs,3,92.51
Pareô Off-White,Pareôs,Pareô Azul Marinho,Pareôs,4,92.51
Pareô Off-White,Pareôs,Pareô Lenk Preto,Pareôs,5,92.5
Pareô Off-White,Pareôs,Pareô Lenk Cobre,Pareôs,6,92.5
Pareô Preto,Pareôs,Pareô Lenk Preto,Pareôs,1,100.0
Pareô Preto,Pareôs,Pareô Off-White,Pareôs,2,92.51
Pareô Preto,Pareôs,Pareô Terracota,Pareôs,3,92.51
Pareô Preto,Pareôs,Pareô Azul Marinho,Pareôs,4,92.51
Pareô Preto,Pareôs,Pareô Marrom,Pareôs,5,92.51
Pareô Preto,Pareôs,Pareô Lenk Cobre,Pareôs,6,92.5
Pareô Terracota,Pareôs,Pareô Off-White,Pareôs,1,92.51
Pareô Terracota,Pareôs,Pareô Preto,Pareôs,2,92.51
Pareô Terracota,Pareôs,Pareô Azul Marinho,Pareôs,3,92.51
Pareô Terracota,Pareôs,Pareô Marrom,Pareôs,4,92.51
Pareô Terracota,Pareôs,Pareô Lenk Pérola,Pareôs,5,92.5
Pareô Terracota,Pareôs,Pareô Lenk Preto,Pareôs,6,92.5
Pareô Vermelho,Pareôs,Pareô Azul,Pareôs,1,92.62
Pareô Vermelho,Pareôs,Pareô Azul Marinho,Pareôs,2,92.57
Pareô Vermelho,Pareôs,Pareô Marrom,Pareôs,3,92.57
Pareô Vermelho,Pareôs,Pareô Preto,Pareôs,4,92.47
Pareô Vermelho,Pareôs,Pareô Terracota,Pareôs,5,92.47
Pareô Vermelho,Pareôs,Pareô Off-White,Pareôs,6,92.47
Saia Bitar Cobre,Saias,Saia Bitar Pérola,Saias,1,81.97
Saia Bitar Cobre,Saias,Saia Bitar Vermelho,Saias,2,81.97
Saia Bitar Cobre,Saias,Saia Bitar Preto,Saias,3,81.97
Saia Bitar Cobre,Saias,Pareô Lenk Cobre,Pareôs,4,75.59
Saia Bitar Cobre,Saias,Body Kenzo Cobre,Bodies,5,75.18
Saia Bitar Cobre,Saias,Body Aliyev Cobre,Bodies,6,70.29
Saia Bitar Pérola,Saias,Saia Bitar Cobre,Saias,1,81.97
Saia Bitar Pérola,Saias,Saia Bitar Vermelho,Saias,2,81.97
Saia Bitar Pérola,Saias,Saia Bitar Preto,Saias,3,81.97
Saia Bitar Pérola,Saias,Body Bonnie Pérola,Bodies,4,81.66
Saia Bitar Pérola,Saias,Body Darius Pérola,Bodies,5,81.57
Saia Bitar Pérola,Saias,Pareô Lenk Pérola,Pareôs,6,75.59
Saia Bitar Preto,Saias,Saia Dorian Preto,Saias,1,90.59
Saia Bitar Preto,Saias,Saia Lisse Preto,Saias,2,88.74
Saia Bitar Preto,Saias,Body Rodd Preto,Bodies,3,82.03
Saia Bitar Preto,Saias,Saia Bitar Pérola,Saias,4,81.97
Saia Bitar Preto,Saias,Saia Bitar Cobre,Saias,5,81.97
Saia Bitar Preto,Saias,Saia Bitar Vermelho,Saias,6,81.97
Saia Bitar Vermelho,Saias,Body Alkash Vermelho,Bodies,1,82.22
Saia Bitar Vermelho,Saias,Saia Bitar Preto,Saias,2,81.97
Saia Bitar Vermelho,Saias,Saia Bitar Cobre,Saias,3,81.97
Saia Bitar Vermelho,Saias,Saia Bitar Pérola,Saias,4,81.97
Saia Bitar Vermelho,Saias,Pareô Vermelho,Pareôs,5,77.38
Saia Bitar Vermelho,Saias,Body Espanya Vermelho,Bodies,6,76.24
Saia Dorian Off-White,Saias,Saia Hazel Off-White,Saias,1,100.0
Saia Dorian Off-White,Saias,Saia Lisse Off-White,Saias,2,99.65
Saia Dorian Off-White,Saias,Saia Keith Off-White,Saias,3,98.69
Saia Dorian Off-White,Saias,Cropped Adams Off-White,Croppeds,4,67.33
Saia Dorian Off-White,Saias,Cropped Wiley Off-White,Croppeds,5,67.16
Saia Dorian Off-White,Saias,Saia Gianni Preta,Saias,6,67.09
Saia Dorian Preto,Saias,Saia Lisse Preto,Saias,1,99.65
Saia Dorian Preto,Saias,Saia Bitar Preto,Saias,2,90.59
Saia Dorian Preto,Saias,Cropped Adams Preto,Croppeds,3,67.33
Saia Dorian Preto,Saias,Short Saia Donati Preto,Shorts,4,67.3
Saia Dorian Preto,Saias,Short Adonis Preto,Shorts,5,67.29
Saia Dorian Preto,Saias,Saia Keith Off-White,Saias,6,67.15
Saia Gianni Preta,Saias,Saia Smith Preta,Saias,1,74.41
Saia Gianni Preta,Saias,Saia Keith Off-White,Saias,2,69.76
Saia Gianni Preta,Saias,Saia Bitar Cobre,Saias,3,68.55
Saia Gianni Preta,Saias,Saia Bitar Preto,Saias,4,68.55
Saia Gianni Preta,Saias,Saia Bitar Pérola,Saias,5,68.55
Saia Gianni Preta,Saias,Saia Bitar Vermelho,Saias,6,68.55
Saia Hazel Off-White,Saias,Saia Dorian Off-White,Saias,1,100.0
Saia Hazel Off-White,Saias,Saia Lisse Off-White,Saias,2,99.65
Saia Hazel Off-White,Saias,Saia Keith Off-White,Saias,3,98.69
Saia Hazel Off-White,Saias,Cropped Adams Off-White,Croppeds,4,67.33
Saia Hazel Off-White,Saias,Cropped Wiley Off-White,Croppeds,5,67.16
Saia Hazel Off-White,Saias,Saia Gianni Preta,Saias,6,67.09
Saia Hill Pink,Saias,Cropped Linho Lugano Pink,Croppeds,1,71.97
Saia Hill Pink,Saias,Saia Moretti Vermelho,Saias,2,69.3
Saia Hill Pink,Saias,Saia Keith Off-White,Saias,3,57.97
Saia Hill Pink,Saias,Saia Gianni Preta,Saias,4,56.91
Saia Hill Pink,Saias,Saia Smith Preta,Saias,5,53.85
Saia Hill Pink,Saias,Saia Dorian Off-White,Saias,6,53.55
Saia Keith Off-White,Saias,Saia Hazel Off-White,Saias,1,98.69
Saia Keith Off-White,Saias,Saia Dorian Off-White,Saias,2,98.69
Saia Keith Off-White,Saias,Saia Lisse Off-White,Saias,3,96.98
Saia Keith Off-White,Saias,Body Rinaldi Off-White,Bodies,4,71.3
Saia Keith Off-White,Saias,Body Aliyev Off-White,Bodies,5,71.15
Saia Keith Off-White,Saias,Blusa Zeno Off-White,Blusas,6,70.43
Saia Lisse Off-White,Saias,Saia Dorian Off-White,Saias,1,99.65
Saia Lisse Off-White,Saias,Saia Hazel Off-White,Saias,2,99.65
Saia Lisse Off-White,Saias,Saia Keith Off-White,Saias,3,96.98
Saia Lisse Off-White,Saias,Short Vesu Off-White,Shorts,4,65.6
Saia Lisse Off-White,Saias,Short Saia Kahn Off-White,Shorts,5,65.55
Saia Lisse Off-White,Saias,Cropped Saarinen Off-White,Croppeds,6,65.5
Saia Lisse Preto,Saias,Saia Dorian Preto,Saias,1,99.65
Saia Lisse Preto,Saias,Saia Bitar Preto,Saias,2,88.74
Saia Lisse Preto,Saias,Short Linho Strauss Preto,Shorts,3,65.6
Saia Lisse Preto,Saias,Short Saia Kahn Preto,Shorts,4,65.55
Saia Lisse Preto,Saias,Short Adonis Preto,Shorts,5,65.53
Saia Lisse Preto,Saias,Short Saia Donati Preto,Shorts,6,65.53
Saia Moretti Vermelho,Saias,Saia Hill Pink,Saias,1,69.3
Saia Moretti Vermelho,Saias,Cropped Mancini Vermelho,Croppeds,2,67.8
Saia Moretti Vermelho,Saias,Vestido Alvorada Vermelho,Vestidos,3,60.78
Saia Moretti Vermelho,Saias,Macacão Oliver Vermelho,Macacões,4,60.29
Saia Moretti Vermelho,Saias,Saia Bitar Vermelho,Saias,5,60.27
Saia Moretti Vermelho,Saias,Vestido Bianchi Vermelho,Vestidos,6,59.63
Saia Remmy Marrom,Saias,Saia Remmy Preto,Saias,1,74.43
Saia Remmy Marrom,Saias,Saia Riley Off-White,Saias,2,66.49
Saia Remmy Marrom,Saias,Saia Riley Preto,Saias,3,66.49
Saia Remmy Marrom,Saias,BIQUÍNI EASTON + PAREÔ | MARROM,Biquínis,4,66.42
Saia Remmy Marrom,Saias,BIQUÍNI EASTON + PAREÔ | OFF-WHITE,Biquínis,5,60.24
Saia Remmy Marrom,Saias,BIQUÍNI VITTO + PAREÔ | PRETO,Biquínis,6,60.21
Saia Remmy Preto,Saias,Saia Riley Preto,Saias,1,89.12
Saia Remmy Preto,Saias,Saia Remmy Marrom,Saias,2,74.43
Saia Remmy Preto,Saias,BODY EMMA + PANTALONA BRAXTON | PRETO,Bodies,3,70.81
Saia Remmy Preto,Saias,Cropped Carlo Preto,Croppeds,4,69.93
Saia Remmy Preto,Saias,BODY EMMA + SHORT CALEB | PRETO,Bodies,5,69.43
Saia Remmy Preto,Saias,CORSELET KIMBELL + PANTALONA SAVOYE | PRETO,Unknown,6,69.39
Saia Riley Off-White,Saias,Cropped Carlo Off-White,Croppeds,1,80.34
Saia Riley Off-White,Saias,Saia Riley Preto,Saias,2,79.96
Saia Riley Off-White,Saias,Short Caleb Off-White,Shorts,3,78.93
Saia Riley Off-White,Saias,BODY ROCCO + PANTALONA FLARE | OFF-WHITE,Bodies,4,78.11
Saia Riley Off-White,Saias,BODY CHIARA + PANTALONA SAVOYE | OFF-WHITE,Bodies,5,77.6
Saia Riley Off-White,Saias,Pantalona Flare Off-White,Calças,6,75.15
Saia Riley Preto,Saias,Saia Remmy Preto,Saias,1,89.12
Saia Riley Preto,Saias,Cropped Carlo Preto,Croppeds,2,80.34
Saia Riley Preto,Saias,Saia Riley Off-White,Saias,3,79.96
Saia Riley Preto,Saias,Short Caleb Preto,Shorts,4,78.93
Saia Riley Preto,Saias,BODY ROCCO + PANTALONA FLARE | PRETO,Bodies,5,78.11
Saia Riley Preto,Saias,Macaquinho Neil Preto,Unknown,6,76.07
Saia Smith Preta,Saias,Saia Gianni Preta,Saias,1,74.41
Saia Smith Preta,Saias,Saia Riley Off-White,Saias,2,60.08
Saia Smith Preta,Saias,Saia Riley Preto,Saias,3,60.08
Saia Smith Preta,Saias,Pantalona Savoye Preta,Calças,4,57.79
Saia Smith Preta,Saias,Pantalona Flare Preta,Calças,5,57.19
Saia Smith Preta,Saias,Saia Moretti Vermelho,Saias,6,56.79
Saída Bennett Pérola,Saídas,Saída Clarke Pérola,Saídas,1,83.04
Saída Bennett Pérola,Saídas,Saída Topaz Pérola,Saídas,2,76.88
Saída Bennett Pérola,Saídas,Saída Bennett Preta,Saídas,3,65.11
Saída Bennett Pérola,Saídas,Pareô Grazia Pérola,Pareôs,4,60.43
Saída Bennett Pérola,Saídas,Pareô Maya Pérola,Pareôs,5,50.29
Saída Bennett Pérola,Saídas,Body Kenzo Pérola,Bodies,6,48.96
Saída Bennett Preta,Saídas,Saída Bennett Pérola,Saídas,1,65.11
Saída Bennett Preta,Saídas,Saída Topaz Preto,Saídas,2,48.9
Saída Bennett Preta,Saídas,Saída Topaz Pérola,Saídas,3,48.9
Saída Bennett Preta,Saídas,Saída Clarke Vermelho,Saídas,4,47.23
Saída Bennett Preta,Saídas,Saída Clarke Preto,Saídas,5,47.23
Saída Bennett Preta,Saídas,Saída Clarke Cobre,Saídas,6,47.23
Saída Clarke Cobre,Saídas,Pareô Leanni Cobre,Pareôs,1,63.57
Saída Clarke Cobre,Saídas,Saída Clarke Preto,Saídas,2,63.24
Saída Clarke Cobre,Saídas,Saída Clarke Pérola,Saídas,3,63.24
Saída Clarke Cobre,Saídas,Saída Clarke Vermelho,Saídas,4,63.24
Saída Clarke Cobre,Saídas,Saia Bitar Cobre,Saias,5,63.07
Saída Clarke Cobre,Saídas,Pareô Heidi Cobre,Pareôs,6,63.02
Saída Clarke Pérola,Saídas,Saída Topaz Pérola,Saídas,1,90.46
Saída Clarke Pérola,Saídas,Saída Bennett Pérola,Saídas,2,83.04
Saída Clarke Pérola,Saídas,Pareô Leanni Pérola,Pareôs,3,63.57
Saída Clarke Pérola,Saídas,Saída Clarke Cobre,Saídas,4,63.24
Saída Clarke Pérola,Saídas,Saída Clarke Vermelho,Saídas,5,63.24
Saída Clarke Pérola,Saídas,Saída Clarke Preto,Saídas,6,63.24
Saída Clarke Preto,Saídas,Saída Topaz Preto,Saídas,1,90.46
Saída Clarke Preto,Saídas,Saia Dorian Preto,Saias,2,63.84
Saída Clarke Preto,Saídas,Cropped Adams Preto,Croppeds,3,63.81
Saída Clarke Preto,Saídas,Short Adonis Preto,Shorts,4,63.78
Saída Clarke Preto,Saídas,Short Saia Donati Preto,Shorts,5,63.78
Saída Clarke Preto,Saídas,Cropped Linho Brett Preto,Croppeds,6,63.77
Saída Clarke Vermelho,Saídas,Corselet Adrian Vermelho,Unknown,1,63.64
Saída Clarke Vermelho,Saídas,Saída Clarke Pérola,Saídas,2,63.24
Saída Clarke Vermelho,Saídas,Saída Clarke Cobre,Saídas,3,63.24
Saída Clarke Vermelho,Saídas,Saída Clarke Preto,Saídas,4,63.24
Saída Clarke Vermelho,Saídas,Cropped Petal Vermelho,Croppeds,5,63.13
Saída Clarke Vermelho,Saídas,Saia Bitar Vermelho,Saias,6,63.07
Saída Topaz Pérola,Saídas,Saída Clarke Pérola,Saídas,1,90.46
Saída Topaz Pérola,Saídas,Pareô Lenk Pérola,Pareôs,2,79.47
Saída Topaz Pérola,Saídas,Saída Topaz Preto,Saídas,3,77.56
Saída Topaz Pérola,Saídas,Body Kenzo Pérola,Bodies,4,77.45
Saída Topaz Pérola,Saídas,Saída Bennett Pérola,Saídas,5,76.88
Saída Topaz Pérola,Saídas,Body Darius Pérola,Bodies,6,75.72
Saída Topaz Preto,Saídas,Saída Clarke Preto,Saídas,1,90.46
Saída Topaz Preto,Saídas,Pareô Preto,Pareôs,2,79.53
Saída Topaz Preto,Saídas,Pareô Lenk Preto,Pareôs,3,79.47
Saída Topaz Preto,Saídas,Body Espanya Preto,Bodies,4,77.58
Saída Topaz Preto,Saídas,Saída Topaz Pérola,Saídas,5,77.56
Saída Topaz Preto,Saídas,Body Steffano Preto,Bodies,6,76.94
Short Adonis Preto,Shorts,Short Saia Donati Preto,Shorts,1,100.0
Short Adonis Preto,Shorts,Short Linho Strauss Preto,Shorts,2,99.94
Short Adonis Preto,Shorts,Short Saia Kahn Preto,Shorts,3,99.6
Short Adonis Preto,Shorts,Cropped Adams Preto,Croppeds,4,69.32
Short Adonis Preto,Shorts,Pareô Leanni Preto,Pareôs,5,69.18
Short Adonis Preto,Shorts,Short Linho Strauss Caramelo,Shorts,6,68.65
Short Caleb Off-White,Shorts,Short Caleb Preto,Shorts,1,79.6
Short Caleb Off-White,Shorts,Cropped Carlo Off-White,Croppeds,2,78.94
Short Caleb Off-White,Shorts,Saia Riley Off-White,Saias,3,78.93
Short Caleb Off-White,Shorts,BODY ROCCO + PANTALONA FLARE | OFF-WHITE,Bodies,4,74.18
Short Caleb Off-White,Shorts,Pantalona Flare Off-White,Calças,5,73.79
Short Caleb Off-White,Shorts,Pantalona Savoye Off-White,Calças,6,73.45
Short Caleb Preto,Shorts,Short Caleb Off-White,Shorts,1,79.6
Short Caleb Preto,Shorts,Cropped Carlo Preto,Croppeds,2,78.94
Short Caleb Preto,Shorts,Saia Riley Preto,Saias,3,78.93
Short Caleb Preto,Shorts,BODY ROCCO + PANTALONA FLARE | PRETO,Bodies,4,74.18
Short Caleb Preto,Shorts,Body Emma Preto,Bodies,5,72.85
Short Caleb Preto,Shorts,Macaquinho Neil Preto,Unknown,6,71.45
Short Linho Strauss Caramelo,Shorts,Short Saia Donati Preto,Shorts,1,68.66
Short Linho Strauss Caramelo,Shorts,Short Adonis Preto,Shorts,2,68.65
Short Linho Strauss Caramelo,Shorts,Short Linho Strauss Preto,Shorts,3,68.32
Short Linho Strauss Caramelo,Shorts,Short Vesu Off-White,Shorts,4,68.0
Short Linho Strauss Caramelo,Shorts,Cropped Linho Brett Caramelo,Croppeds,5,67.87
Short Linho Strauss Caramelo,Shorts,Cropped Linho Carl Caramelo,Croppeds,6,67.75
Short Linho Strauss Preto,Shorts,Short Adonis Preto,Shorts,1,99.94
Short Linho Strauss Preto,Shorts,Short Saia Donati Preto,Shorts,2,99.94
Short Linho Strauss Preto,Shorts,Short Saia Kahn Preto,Shorts,3,99.85
Short Linho Strauss Preto,Shorts,Cropped Adams Preto,Croppeds,4,68.74
Short Linho Strauss Preto,Shorts,Pareô Leanni Preto,Pareôs,5,68.34
Short Linho Strauss Preto,Shorts,Short Linho Strauss Caramelo,Shorts,6,68.32
Short Saia Donati Preto,Shorts,Short Adonis Preto,Shorts,1,100.0
Short Saia Donati Preto,Shorts,Short Linho Strauss Preto,Shorts,2,99.94
Short Saia Donati Preto,Shorts,Short Saia Kahn Preto,Shorts,3,99.59
Short Saia Donati Preto,Shorts,Cropped Adams Preto,Croppeds,4,69.33
Short Saia Donati Preto,Shorts,Pareô Leanni Preto,Pareôs,5,69.2
Short Saia Donati Preto,Shorts,Body Rinaldi Preto,Bodies,6,68.66
Short Saia Kahn Off-White,Shorts,Short Vesu Off-White,Shorts,1,99.96
Short Saia Kahn Off-White,Shorts,Short Saia Donati Preto,Shorts,2,67.78
Short Saia Kahn Off-White,Shorts,Short Adonis Preto,Shorts,3,67.77
Short Saia Kahn Off-White,Shorts,Cropped Adams Off-White,Croppeds,4,67.66
Short Saia Kahn Off-White,Shorts,Short Linho Strauss Caramelo,Shorts,5,67.63
Short Saia Kahn Off-White,Shorts,Short Linho Strauss Preto,Shorts,6,67.63
Short Saia Kahn Preto,Shorts,Short Linho Strauss Preto,Shorts,1,99.85
Short Saia Kahn Preto,Shorts,Short Adonis Preto,Shorts,2,99.6
Short Saia Kahn Preto,Shorts,Short Saia Donati Preto,Shorts,3,99.59
Short Saia Kahn Preto,Shorts,Cropped Adams Preto,Croppeds,4,67.66
Short Saia Kahn Preto,Shorts,Short Linho Strauss Caramelo,Shorts,5,67.63
Short Saia Kahn Preto,Shorts,Short Vesu Off-White,Shorts,6,67.45
Short Saia Raff Azul Marinho,Shorts,Cropped Brooks Azul Marinho,Croppeds,1,68.19
Short Saia Raff Azul Marinho,Shorts,Short Saia Donati Preto,Shorts,2,55.7
Short Saia Raff Azul Marinho,Shorts,Short Adonis Preto,Shorts,3,55.69
Short Saia Raff Azul Marinho,Shorts,Short Linho Strauss Caramelo,Shorts,4,55.07
Short Saia Raff Azul Marinho,Shorts,Short Linho Strauss Preto,Shorts,5,55.07
Short Saia Raff Azul Marinho,Shorts,Short Vesu Off-White,Shorts,6,54.54
Short Vesu Off-White,Shorts,Short Saia Kahn Off-White,Shorts,1,99.96
Short Vesu Off-White,Shorts,Short Saia Donati Preto,Shorts,2,68.25
Short Vesu Off-White,Shorts,Short Adonis Preto,Shorts,3,68.24
Short Vesu Off-White,Shorts,Cropped Adams Off-White,Croppeds,4,68.23
Short Vesu Off-White,Shorts,Cropped Wiley Off-White,Croppeds,5,68.03
Short Vesu Off-White,Shorts,Short Linho Strauss Caramelo,Shorts,6,68.0
Sobretudo Ferraro Off-White,Sobretudos,Macacão Orpheus Off-White,Macacões,1,68.48
Sobretudo Ferraro Off-White,Sobretudos,Macacão Mila Off-White,Macacões,2,65.55
Sobretudo Ferraro Off-White,Sobretudos,Vestido Vallez Off-White,Vestidos,3,65.36
Sobretudo Ferraro Off-White,Sobretudos,Vestido Vitalli Off-White,Vestidos,4,65.29
Sobretudo Ferraro Off-White,Sobretudos,Vestido Rennie Off-White,Vestidos,5,65.29
Sobretudo Ferraro Off-White,Sobretudos,Vestido Perot Off-White,Vestidos,6,62.16
Top Orion Branco | Orion Top White,Croppeds,Cropped Nahanni Pink Juice,Croppeds,1,74.14
Top Orion Branco | Orion Top White,Croppeds,Cropped Adams Preto,Croppeds,2,70.11
Top Orion Branco | Orion Top White,Croppeds,Cropped Adams Off-White,Croppeds,3,70.11
Top Orion Branco | Orion Top White,Croppeds,Cropped Phuket Pink Juice,Croppeds,4,69.75
Top Orion Branco | Orion Top White,Croppeds,Cropped Wiley Off-White,Croppeds,5,68.25
Top Orion Branco | Orion Top White,Croppeds,Cropped Saarinen Off-White,Croppeds,6,66.62
Vestido Acacius Off-White,Vestidos,Vestido Warren Off-White,Vestidos,1,100.0
Vestido Acacius Off-White,Vestidos,Vestido Cameron Off-White,Vestidos,2,99.85
Vestido Acacius Off-White,Vestidos,Vestido Jones Off-White,Vestidos,3,99.82
Vestido Acacius Off-White,Vestidos,Vestido Dylan Off-White,Vestidos,4,99.82
Vestido Acacius Off-White,Vestidos,Vestido Ludwig Off-White,Vestidos,5,99.82
Vestido Acacius Off-White,Vestidos,Vestido Roland Off-White,Vestidos,6,99.44
Vestido Acacius Preto,Vestidos,Vestido Warren Preto,Vestidos,1,100.0
Vestido Acacius Preto,Vestidos,Vestido Cameron Preto,Vestidos,2,99.85
Vestido Acacius Preto,Vestidos,Vestido Jones Preto,Vestidos,3,99.82
Vestido Acacius Preto,Vestidos,Vestido Dylan Preto,Vestidos,4,99.82
Vestido Acacius Preto,Vestidos,Vestido Ludwig Preto,Vestidos,5,99.82
Vestido Acacius Preto,Vestidos,Vestido Roland Preto,Vestidos,6,99.44
Vestido Acacius Vermelho,Vestidos,Vestido Ludwig Vermelho,Vestidos,1,99.82
Vestido Acacius Vermelho,Vestidos,Vestido Dylan Vermelho,Vestidos,2,99.82
Vestido Acacius Vermelho,Vestidos,Vestido Jones Vermelho,Vestidos,3,99.82
Vestido Acacius Vermelho,Vestidos,Vestido Fontaine Vermelho,Vestidos,4,99.44
Vestido Acacius Vermelho,Vestidos,Vestido Bridget Vermelho,Vestidos,5,99.44
Vestido Acacius Vermelho,Vestidos,Vestido Roland Vermelho,Vestidos,6,99.44
Vestido Alvorada Off-White,Vestidos,Vestido Linho Alanis Off-White,Vestidos,1,99.43
Vestido Alvorada Off-White,Vestidos,Vestido Fontana Off-White,Vestidos,2,98.54
Vestido Alvorada Off-White,Vestidos,Vestido Catton Off-White,Vestidos,3,97.24
Vestido Alvorada Off-White,Vestidos,Vestido Bonet Off-White,Vestidos,4,95.87
Vestido Alvorada Off-White,Vestidos,Vestido Bianchi Off-White,Vestidos,5,88.33
Vestido Alvorada Off-White,Vestidos,Vestido Azarius Off-White,Vestidos,6,84.73
Vestido Alvorada Preto,Vestidos,Vestido Matt Preto,Vestidos,1,99.88
Vestido Alvorada Preto,Vestidos,Vestido Bauhaus Preto,Vestidos,2,99.84
Vestido Alvorada Preto,Vestidos,Vestido Linho Alanis Preto,Vestidos,3,99.43
Vestido Alvorada Preto,Vestidos,Vestido Brice Preto,Vestidos,4,96.03
Vestido Alvorada Preto,Vestidos,Vestido Axel Preto,Vestidos,5,95.87
Vestido Alvorada Preto,Vestidos,Vestido Bianchi Preto,Vestidos,6,88.33
Vestido Alvorada Vermelho,Vestidos,Vestido Bauhaus Vermelho,Vestidos,1,99.84
Vestido Alvorada Vermelho,Vestidos,Vestido Fontana Vermelho,Vestidos,2,98.54
Vestido Alvorada Vermelho,Vestidos,Vestido Axel Vermelho,Vestidos,3,95.87
Vestido Alvorada Vermelho,Vestidos,Vestido Bianchi Vermelho,Vestidos,4,88.33
Vestido Alvorada Vermelho,Vestidos,Vestido Azarius Vermelho,Vestidos,5,84.73
Vestido Alvorada Vermelho,Vestidos,Vestido Rizzo Vermelho,Vestidos,6,84.73
Vestido Amida Off-White,Vestidos,Vestido Zephyr Off-White,Vestidos,1,99.87
Vestido Amida Off-White,Vestidos,Vestido Tess Off-White,Vestidos,2,99.87
Vestido Amida Off-White,Vestidos,Vestido Tricot Aubrey Preto com Off-White,Vestidos,3,99.84
Vestido Amida Off-White,Vestidos,Vestido Filippo Off-White,Vestidos,4,99.84
Vestido Amida Off-White,Vestidos,Vestido Ivory Off-White,Vestidos,5,92.89
Vestido Amida Off-White,Vestidos,Vestido Osbert Off-White,Vestidos,6,92.65
Vestido Archie Off-White,Vestidos,Vestido Linho Sugarloaf Off-White,Vestidos,1,100.0
Vestido Archie Off-White,Vestidos,Vestido Calla Off-White,Vestidos,2,100.0
Vestido Archie Off-White,Vestidos,Vestido Atlas Off-White,Vestidos,3,100.0
Vestido Archie Off-White,Vestidos,Vestido Linho Masp Off-White,Vestidos,4,99.89
Vestido Archie Off-White,Vestidos,Vestido Azarius Off-White,Vestidos,5,99.86
Vestido Archie Off-White,Vestidos,Vestido Ethan Off-White,Vestidos,6,99.68
Vestido Archie Preto,Vestidos,Vestido Calla Preto,Vestidos,1,100.0
Vestido Archie Preto,Vestidos,Vestido Linho Sugarloaf Preto,Vestidos,2,100.0
Vestido Archie Preto,Vestidos,Vestido Atlas Preto,Vestidos,3,100.0
Vestido Archie Preto,Vestidos,Vestido Linho Masp Preto,Vestidos,4,99.89
Vestido Archie Preto,Vestidos,Vestido Azarius Preto,Vestidos,5,99.86
Vestido Archie Preto,Vestidos,Vestido Linho Reyes Preto,Vestidos,6,99.86
Vestido Archie Vermelho,Vestidos,Vestido Atlas Vermelho,Vestidos,1,100.0
Vestido Archie Vermelho,Vestidos,Vestido Rizzo Vermelho,Vestidos,2,99.86
Vestido Archie Vermelho,Vestidos,Vestido Azarius Vermelho,Vestidos,3,99.86
Vestido Archie Vermelho,Vestidos,Vestido Ethan Vermelho,Vestidos,4,99.68
Vestido Archie Vermelho,Vestidos,Vestido Asther Vermelho,Vestidos,5,99.42
Vestido Archie Vermelho,Vestidos,Vestido Tricot Effie Vermelho,Vestidos,6,98.93
Vestido Asther Off-White,Vestidos,Vestido Linho Arum Off-White,Vestidos,1,100.0
Vestido Asther Off-White,Vestidos,Vestido Ethan Off-White,Vestidos,2,99.96
Vestido Asther Off-White,Vestidos,Vestido Azarius Off-White,Vestidos,3,99.85
Vestido Asther Off-White,Vestidos,Vestido Barlett Off-White,Vestidos,4,99.84
Vestido Asther Off-White,Vestidos,Vestido Hadid Off-White,Vestidos,5,99.84
Vestido Asther Off-White,Vestidos,Vestido Forest Off-White,Vestidos,6,99.84
Vestido Asther Vermelho,Vestidos,Vestido Ethan Vermelho,Vestidos,1,99.96
Vestido Asther Vermelho,Vestidos,Vestido Rizzo Vermelho,Vestidos,2,99.85
Vestido Asther Vermelho,Vestidos,Vestido Azarius Vermelho,Vestidos,3,99.85
Vestido Asther Vermelho,Vestidos,Vestido Barlett Vermelho,Vestidos,4,99.84
Vestido Asther Vermelho,Vestidos,Vestido Hadid Vermelho,Vestidos,5,99.84
Vestido Asther Vermelho,Vestidos,Vestido Archie Vermelho,Vestidos,6,99.42
Vestido Atlas Off-White,Vestidos,Vestido Linho Sugarloaf Off-White,Vestidos,1,100.0
Vestido Atlas Off-White,Vestidos,Vestido Calla Off-White,Vestidos,2,100.0
Vestido Atlas Off-White,Vestidos,Vestido Archie Off-White,Vestidos,3,100.0
Vestido Atlas Off-White,Vestidos,Vestido Linho Masp Off-White,Vestidos,4,99.89
Vestido Atlas Off-White,Vestidos,Vestido Azarius Off-White,Vestidos,5,99.86
Vestido Atlas Off-White,Vestidos,Vestido Ethan Off-White,Vestidos,6,99.68
Vestido Atlas Preto,Vestidos,Vestido Calla Preto,Vestidos,1,100.0
Vestido Atlas Preto,Vestidos,Vestido Linho Sugarloaf Preto,Vestidos,2,100.0
Vestido Atlas Preto,Vestidos,Vestido Archie Preto,Vestidos,3,100.0
Vestido Atlas Preto,Vestidos,Vestido Linho Masp Preto,Vestidos,4,99.89
Vestido Atlas Preto,Vestidos,Vestido Azarius Preto,Vestidos,5,99.86
Vestido Atlas Preto,Vestidos,Vestido Linho Reyes Preto,Vestidos,6,99.86
Vestido Atlas Vermelho,Vestidos,Vestido Archie Vermelho,Vestidos,1,100.0
Vestido Atlas Vermelho,Vestidos,Vestido Rizzo Vermelho,Vestidos,2,99.86
Vestido Atlas Vermelho,Vestidos,Vestido Azarius Vermelho,Vestidos,3,99.86
Vestido Atlas Vermelho,Vestidos,Vestido Ethan Vermelho,Vestidos,4,99.68
Vestido Atlas Vermelho,Vestidos,Vestido Asther Vermelho,Vestidos,5,99.42
Vestido Atlas Vermelho,Vestidos,Vestido Tricot Effie Vermelho,Vestidos,6,98.93
Vestido Axel Preto,Vestidos,Vestido Brice Preto,Vestidos,1,100.0
Vestido Axel Preto,Vestidos,Vestido Bauhaus Preto,Vestidos,2,97.31
Vestido Axel Preto,Vestidos,Vestido Alvorada Preto,Vestidos,3,95.87
Vestido Axel Preto,Vestidos,Vestido Matt Preto,Vestidos,4,94.36
Vestido Axel Preto,Vestidos,Vestido Linho Alanis Preto,Vestidos,5,92.28
Vestido Axel Preto,Vestidos,Vestido Bianchi Preto,Vestidos,6,86.67
Vestido Axel Vermelho,Vestidos,Vestido Fontana Vermelho,Vestidos,1,99.31
Vestido Axel Vermelho,Vestidos,Vestido Bauhaus Vermelho,Vestidos,2,97.31
Vestido Axel Vermelho,Vestidos,Vestido Alvorada Vermelho,Vestidos,3,95.87
Vestido Axel Vermelho,Vestidos,Vestido Copan Vermelho,Vestidos,4,94.69
Vestido Axel Vermelho,Vestidos,Vestido Bianchi Vermelho,Vestidos,5,86.67
Vestido Axel Vermelho,Vestidos,Vestido Perot Vermelho,Vestidos,6,83.73
Vestido Azarius Off-White,Vestidos,Vestido Linho Masp Off-White,Vestidos,1,100.0
Vestido Azarius Off-White,Vestidos,Vestido Ethan Off-White,Vestidos,2,99.96
Vestido Azarius Off-White,Vestidos,Vestido Atlas Off-White,Vestidos,3,99.86
Vestido Azarius Off-White,Vestidos,Vestido Archie Off-White,Vestidos,4,99.86
Vestido Azarius Off-White,Vestidos,Vestido Linho Sugarloaf Off-White,Vestidos,5,99.86
Vestido Azarius Off-White,Vestidos,Vestido Calla Off-White,Vestidos,6,99.86
Vestido Azarius Preto,Vestidos,Vestido Linho Reyes Preto,Vestidos,1,100.0
Vestido Azarius Preto,Vestidos,Vestido Rizzo Preto,Vestidos,2,100.0
Vestido Azarius Preto,Vestidos,Vestido Linho Masp Preto,Vestidos,3,100.0
Vestido Azarius Preto,Vestidos,Vestido Archie Preto,Vestidos,4,99.86
Vestido Azarius Preto,Vestidos,Vestido Atlas Preto,Vestidos,5,99.86
Vestido Azarius Preto,Vestidos,Vestido Linho Sugarloaf Preto,Vestidos,6,99.86
Vestido Azarius Vermelho,Vestidos,Vestido Rizzo Vermelho,Vestidos,1,100.0
Vestido Azarius Vermelho,Vestidos,Vestido Ethan Vermelho,Vestidos,2,99.96
Vestido Azarius Vermelho,Vestidos,Vestido Atlas Vermelho,Vestidos,3,99.86
Vestido Azarius Vermelho,Vestidos,Vestido Archie Vermelho,Vestidos,4,99.86
Vestido Azarius Vermelho,Vestidos,Vestido Asther Vermelho,Vestidos,5,99.85
Vestido Azarius Vermelho,Vestidos,Vestido Barlett Vermelho,Vestidos,6,99.39
Vestido Barlett Off-White,Vestidos,Vestido Hadid Off-White,Vestidos,1,100.0
Vestido Barlett Off-White,Vestidos,Vestido Forest Off-White,Vestidos,2,100.0
Vestido Barlett Off-White,Vestidos,Vestido Linho Arum Off-White,Vestidos,3,99.84
Vestido Barlett Off-White,Vestidos,Vestido Asther Off-White,Vestidos,4,99.84
Vestido Barlett Off-White,Vestidos,Vestido Salk Off-White,Vestidos,5,99.84
Vestido Barlett Off-White,Vestidos,Vestido Gio Off-White,Vestidos,6,99.84
Vestido Barlett Preto,Vestidos,Vestido Hadid Preto,Vestidos,1,100.0
Vestido Barlett Preto,Vestidos,Vestido Forest Preto,Vestidos,2,100.0
Vestido Barlett Preto,Vestidos,Vestido Linho Arum Preto,Vestidos,3,99.84
Vestido Barlett Preto,Vestidos,Vestido Linho Frank Preto,Vestidos,4,99.84
Vestido Barlett Preto,Vestidos,Vestido Gio Preto,Vestidos,5,99.84
Vestido Barlett Preto,Vestidos,Vestido Linho Reyes Preto,Vestidos,6,99.39
Vestido Barlett Vermelho,Vestidos,Vestido Hadid Vermelho,Vestidos,1,100.0
Vestido Barlett Vermelho,Vestidos,Vestido Asther Vermelho,Vestidos,2,99.84
Vestido Barlett Vermelho,Vestidos,Vestido Salk Vermelho,Vestidos,3,99.84
Vestido Barlett Vermelho,Vestidos,Vestido Ethan Vermelho,Vestidos,4,99.65
Vestido Barlett Vermelho,Vestidos,Vestido Azarius Vermelho,Vestidos,5,99.39
Vestido Barlett Vermelho,Vestidos,Vestido Rizzo Vermelho,Vestidos,6,99.39
Vestido Bauhaus Preto,Vestidos,Vestido Alvorada Preto,Vestidos,1,99.84
Vestido Bauhaus Preto,Vestidos,Vestido Matt Preto,Vestidos,2,99.45
Vestido Bauhaus Preto,Vestidos,Vestido Linho Alanis Preto,Vestidos,3,98.67
Vestido Bauhaus Preto,Vestidos,Vestido Brice Preto,Vestidos,4,97.44
Vestido Bauhaus Preto,Vestidos,Vestido Axel Preto,Vestidos,5,97.31
Vestido Bauhaus Preto,Vestidos,Vestido Bianchi Preto,Vestidos,6,88.58
Vestido Bauhaus Vermelho,Vestidos,Vestido Alvorada Vermelho,Vestidos,1,99.84
Vestido Bauhaus Vermelho,Vestidos,Vestido Fontana Vermelho,Vestidos,2,99.34
Vestido Bauhaus Vermelho,Vestidos,Vestido Axel Vermelho,Vestidos,3,97.31
Vestido Bauhaus Vermelho,Vestidos,Vestido Bianchi Vermelho,Vestidos,4,88.58
Vestido Bauhaus Vermelho,Vestidos,Vestido Copan Vermelho,Vestidos,5,84.73
Vestido Bauhaus Vermelho,Vestidos,Vestido Asther Vermelho,Vestidos,6,84.3
Vestido Bianchi Marrom,Vestidos,Vestido Brent Marrom,Vestidos,1,77.39
Vestido Bianchi Marrom,Vestidos,Vestido Bianchi Preto,Vestidos,2,77.38
Vestido Bianchi Marrom,Vestidos,Vestido Bianchi Off-White,Vestidos,3,77.38
Vestido Bianchi Marrom,Vestidos,Vestido Bianchi Vermelho,Vestidos,4,77.38
Vestido Bianchi Marrom,Vestidos,Vestido Warren Marrom,Vestidos,5,69.05
Vestido Bianchi Marrom,Vestidos,Body Mattia Marrom,Bodies,6,61.28
Vestido Bianchi Off-White,Vestidos,Vestido Alvorada Off-White,Vestidos,1,88.33
Vestido Bianchi Off-White,Vestidos,Vestido Fontana Off-White,Vestidos,2,88.23
Vestido Bianchi Off-White,Vestidos,Vestido Catton Off-White,Vestidos,3,87.53
Vestido Bianchi Off-White,Vestidos,Vestido Linho Alanis Off-White,Vestidos,4,87.08
Vestido Bianchi Off-White,Vestidos,Vestido Bonet Off-White,Vestidos,5,86.67
Vestido Bianchi Off-White,Vestidos,Vestido Brent Off-White,Vestidos,6,77.39
Vestido Bianchi Preto,Vestidos,Vestido Bauhaus Preto,Vestidos,1,88.58
Vestido Bianchi Preto,Vestidos,Vestido Alvorada Preto,Vestidos,2,88.33
Vestido Bianchi Preto,Vestidos,Vestido Matt Preto,Vestidos,3,87.88
Vestido Bianchi Preto,Vestidos,Vestido Linho Alanis Preto,Vestidos,4,87.08
Vestido Bianchi Preto,Vestidos,Vestido Brice Preto,Vestidos,5,86.78
Vestido Bianchi Preto,Vestidos,Vestido Axel Preto,Vestidos,6,86.67
Vestido Bianchi Vermelho,Vestidos,Vestido Bauhaus Vermelho,Vestidos,1,88.58
Vestido Bianchi Vermelho,Vestidos,Vestido Alvorada Vermelho,Vestidos,2,88.33
Vestido Bianchi Vermelho,Vestidos,Vestido Fontana Vermelho,Vestidos,3,88.23
Vestido Bianchi Vermelho,Vestidos,Vestido Axel Vermelho,Vestidos,4,86.67
Vestido Bianchi Vermelho,Vestidos,Vestido Bianchi Preto,Vestidos,5,77.38
Vestido Bianchi Vermelho,Vestidos,Vestido Bianchi Off-White,Vestidos,6,77.38
Vestido Bonet Off-White,Vestidos,Vestido Catton Off-White,Vestidos,1,99.86
Vestido Bonet Off-White,Vestidos,Vestido Fontana Off-White,Vestidos,2,99.31
Vestido Bonet Off-White,Vestidos,Vestido Alvorada Off-White,Vestidos,3,95.87
Vestido Bonet Off-White,Vestidos,Vestido Copan Off-White,Vestidos,4,94.69
Vestido Bonet Off-White,Vestidos,Vestido Linho Alanis Off-White,Vestidos,5,92.28
Vestido Bonet Off-White,Vestidos,Vestido Bianchi Off-White,Vestidos,6,86.67
Vestido Bonet Rosê,Vestidos,Vestido Mayon Rosê,Vestidos,1,82.52
Vestido Bonet Rosê,Vestidos,Vestido Zakynthos Rosê,Vestidos,2,82.4
Vestido Bonet Rosê,Vestidos,Vestido Bonet Off-White,Vestidos,3,63.05
Vestido Bonet Rosê,Vestidos,Vestido Axel Vermelho,Vestidos,4,63.05
Vestido Bonet Rosê,Vestidos,Vestido Axel Preto,Vestidos,5,63.05
Vestido Bonet Rosê,Vestidos,Vestido Brice Preto,Vestidos,6,63.04
Vestido Brent Marrom,Vestidos,Vestido Warren Marrom,Vestidos,1,99.21
Vestido Brent Marrom,Vestidos,Vestido Roland Marrom,Vestidos,2,97.32
Vestido Brent Marrom,Vestidos,Vestido Osbert Marrom,Vestidos,3,84.36
Vestido Brent Marrom,Vestidos,Vestido Warren Preto,Vestidos,4,83.79
Vestido Brent Marrom,Vestidos,Vestido Acacius Preto,Vestidos,5,83.79
Vestido Brent Marrom,Vestidos,Vestido Acacius Vermelho,Vestidos,6,83.79
Vestido Brent Off-White,Vestidos,Vestido Ludwig Off-White,Vestidos,1,99.78
Vestido Brent Off-White,Vestidos,Vestido Dylan Off-White,Vestidos,2,99.78
Vestido Brent Off-White,Vestidos,Vestido Jones Off-White,Vestidos,3,99.78
Vestido Brent Off-White,Vestidos,Vestido Warren Off-White,Vestidos,4,99.21
Vestido Brent Off-White,Vestidos,Vestido Acacius Off-White,Vestidos,5,99.21
Vestido Brent Off-White,Vestidos,Vestido Cameron Off-White,Vestidos,6,98.36
Vestido Brent Preto,Vestidos,Vestido Ludwig Preto,Vestidos,1,99.78
Vestido Brent Preto,Vestidos,Vestido Dylan Preto,Vestidos,2,99.78
Vestido Brent Preto,Vestidos,Vestido Jones Preto,Vestidos,3,99.78
Vestido Brent Preto,Vestidos,Vestido Warren Preto,Vestidos,4,99.21
Vestido Brent Preto,Vestidos,Vestido Acacius Preto,Vestidos,5,99.21
Vestido Brent Preto,Vestidos,Vestido Cameron Preto,Vestidos,6,98.36
Vestido Brice Preto,Vestidos,Vestido Axel Preto,Vestidos,1,100.0
Vestido Brice Preto,Vestidos,Vestido Bauhaus Preto,Vestidos,2,97.44
Vestido Brice Preto,Vestidos,Vestido Alvorada Preto,Vestidos,3,96.03
Vestido Brice Preto,Vestidos,Vestido Matt Preto,Vestidos,4,94.55
Vestido Brice Preto,Vestidos,Vestido Linho Alanis Preto,Vestidos,5,92.5
Vestido Brice Preto,Vestidos,Vestido Bianchi Preto,Vestidos,6,86.78
Vestido Brice Vermelho,Vestidos,Vestido Cowden Vermelho,Vestidos,1,99.03
Vestido Brice Vermelho,Vestidos,Vestido Tucker Vermelho,Vestidos,2,99.03
Vestido Brice Vermelho,Vestidos,Vestido Harpa Vermelho,Vestidos,3,98.08
Vestido Brice Vermelho,Vestidos,Vestido Malmo Vermelho,Vestidos,4,98.08
Vestido Brice Vermelho,Vestidos,Vestido Copan Vermelho,Vestidos,5,96.58
Vestido Brice Vermelho,Vestidos,Vestido Acacius Vermelho,Vestidos,6,93.95
Vestido Bridget Vermelho,Vestidos,Vestido Walker Vermelho,Vestidos,1,100.0
Vestido Bridget Vermelho,Vestidos,Vestido Salvi Vermelho,Vestidos,2,100.0
Vestido Bridget Vermelho,Vestidos,Vestido Roland Vermelho,Vestidos,3,100.0
Vestido Bridget Vermelho,Vestidos,Vestido Fontaine Vermelho,Vestidos,4,100.0
Vestido Bridget Vermelho,Vestidos,Vestido Acacius Vermelho,Vestidos,5,99.44
Vestido Bridget Vermelho,Vestidos,Vestido Sartori Vermelho,Vestidos,6,98.69
Vestido Calla Off-White,Vestidos,Vestido Linho Sugarloaf Off-White,Vestidos,1,100.0
Vestido Calla Off-White,Vestidos,Vestido Archie Off-White,Vestidos,2,100.0
Vestido Calla Off-White,Vestidos,Vestido Atlas Off-White,Vestidos,3,100.0
Vestido Calla Off-White,Vestidos,Vestido Linho Masp Off-White,Vestidos,4,99.89
Vestido Calla Off-White,Vestidos,Vestido Azarius Off-White,Vestidos,5,99.86
Vestido Calla Off-White,Vestidos,Vestido Ethan Off-White,Vestidos,6,99.68
Vestido Calla Preto,Vestidos,Vestido Linho Sugarloaf Preto,Vestidos,1,100.0
Vestido Calla Preto,Vestidos,Vestido Atlas Preto,Vestidos,2,100.0
Vestido Calla Preto,Vestidos,Vestido Archie Preto,Vestidos,3,100.0
Vestido Calla Preto,Vestidos,Vestido Linho Masp Preto,Vestidos,4,99.89
Vestido Calla Preto,Vestidos,Vestido Azarius Preto,Vestidos,5,99.86
Vestido Calla Preto,Vestidos,Vestido Linho Reyes Preto,Vestidos,6,99.86
Vestido Calla Vanilla,Vestidos,Vestido Loren Preto,Vestidos,1,68.19
Vestido Calla Vanilla,Vestidos,Vestido Loren Off-White,Vestidos,2,68.19
Vestido Calla Vanilla,Vestidos,Vestido Tricot Effie Vermelho,Vestidos,3,68.19
Vestido Calla Vanilla,Vestidos,Vestido Tricot Effie Off-White,Vestidos,4,68.19
Vestido Calla Vanilla,Vestidos,Vestido Atlas Vermelho,Vestidos,5,67.15
Vestido Calla Vanilla,Vestidos,Vestido Archie Preto,Vestidos,6,67.15
Vestido Cameron Azul,Vestidos,Vestido Salvi Azul,Vestidos,1,99.87
Vestido Cameron Azul,Vestidos,Vestido Ivory Azul,Vestidos,2,93.88
Vestido Cameron Azul,Vestidos,Vestido Salvi Preto,Vestidos,3,87.48
Vestido Cameron Azul,Vestidos,Vestido Salvi Vermelho,Vestidos,4,87.48
Vestido Cameron Azul,Vestidos,Vestido Roland Vermelho,Vestidos,5,87.48
Vestido Cameron Azul,Vestidos,Vestido Walker Vermelho,Vestidos,6,87.48
Vestido Cameron Fúcsia,Vestidos,Vestido Ivory Fúcsia,Vestidos,1,93.88
Vestido Cameron Fúcsia,Vestidos,Vestido Salvi Preto,Vestidos,2,87.48
Vestido Cameron Fúcsia,Vestidos,Vestido Salvi Off-White,Vestidos,3,87.48
Vestido Cameron Fúcsia,Vestidos,Vestido Salvi Vermelho,Vestidos,4,87.48
Vestido Cameron Fúcsia,Vestidos,Vestido Roland Vermelho,Vestidos,5,87.48
Vestido Cameron Fúcsia,Vestidos,Vestido Salvi Azul,Vestidos,6,87.48
Vestido Cameron Off-White,Vestidos,Vestido Salvi Off-White,Vestidos,1,99.87
Vestido Cameron Off-White,Vestidos,Vestido Fontaine Off-White,Vestidos,2,99.87
Vestido Cameron Off-White,Vestidos,Vestido Roland Off-White,Vestidos,3,99.87
Vestido Cameron Off-White,Vestidos,Vestido Walker Off-White,Vestidos,4,99.87
Vestido Cameron Off-White,Vestidos,Vestido Warren Off-White,Vestidos,5,99.85
Vestido Cameron Off-White,Vestidos,Vestido Acacius Off-White,Vestidos,6,99.85
Vestido Cameron Preto,Vestidos,Vestido Salvi Preto,Vestidos,1,99.87
Vestido Cameron Preto,Vestidos,Vestido Fontaine Preto,Vestidos,2,99.87
Vestido Cameron Preto,Vestidos,Vestido Roland Preto,Vestidos,3,99.87
Vestido Cameron Preto,Vestidos,Vestido Walker Preto,Vestidos,4,99.87
Vestido Cameron Preto,Vestidos,Vestido Warren Preto,Vestidos,5,99.85
Vestido Cameron Preto,Vestidos,Vestido Acacius Preto,Vestidos,6,99.85
Vestido Catton Off-White,Vestidos,Vestido Bonet Off-White,Vestidos,1,99.86
Vestido Catton Off-White,Vestidos,Vestido Fontana Off-White,Vestidos,2,99.79
Vestido Catton Off-White,Vestidos,Vestido Alvorada Off-White,Vestidos,3,97.24
Vestido Catton Off-White,Vestidos,Vestido Linho Alanis Off-White,Vestidos,4,94.18
Vestido Catton Off-White,Vestidos,Vestido Copan Off-White,Vestidos,5,92.86
Vestido Catton Off-White,Vestidos,Vestido Bianchi Off-White,Vestidos,6,87.53
Vestido Collins Vermelho,Vestidos,Vestido Tricot Aubrey Vermelho,Vestidos,1,100.0
Vestido Collins Vermelho,Vestidos,Vestido Tess Vermelho,Vestidos,2,99.43
Vestido Collins Vermelho,Vestidos,Vestido Harpa Vermelho,Vestidos,3,92.0
Vestido Collins Vermelho,Vestidos,Vestido Malmo Vermelho,Vestidos,4,92.0
Vestido Collins Vermelho,Vestidos,Vestido Cowden Vermelho,Vestidos,5,91.67
Vestido Collins Vermelho,Vestidos,Vestido Tucker Vermelho,Vestidos,6,91.67
Vestido Copan Off-White,Vestidos,Vestido Bonet Off-White,Vestidos,1,94.69
Vestido Copan Off-White,Vestidos,Vestido Catton Off-White,Vestidos,2,92.86
Vestido Copan Off-White,Vestidos,Vestido Cowden Off-White,Vestidos,3,92.04
Vestido Copan Off-White,Vestidos,Vestido Tucker Off-White,Vestidos,4,92.04
Vestido Copan Off-White,Vestidos,Vestido Brent Off-White,Vestidos,5,91.26
Vestido Copan Off-White,Vestidos,Vestido Dylan Off-White,Vestidos,6,90.37
Vestido Copan Vermelho,Vestidos,Vestido Brice Vermelho,Vestidos,1,96.58
Vestido Copan Vermelho,Vestidos,Vestido Axel Vermelho,Vestidos,2,94.69
Vestido Copan Vermelho,Vestidos,Vestido Cowden Vermelho,Vestidos,3,92.04
Vestido Copan Vermelho,Vestidos,Vestido Tucker Vermelho,Vestidos,4,92.04
Vestido Copan Vermelho,Vestidos,Vestido Jones Vermelho,Vestidos,5,90.37
Vestido Copan Vermelho,Vestidos,Vestido Dylan Vermelho,Vestidos,6,90.37
Vestido Cowden Off-White,Vestidos,Vestido Tucker Off-White,Vestidos,1,100.0
Vestido Cowden Off-White,Vestidos,Vestido Malmo Off-White,Vestidos,2,99.84
Vestido Cowden Off-White,Vestidos,Vestido Riccie Off-White,Vestidos,3,99.84
Vestido Cowden Off-White,Vestidos,Vestido Ivory Off-White,Vestidos,4,99.43
Vestido Cowden Off-White,Vestidos,Vestido Osbert Off-White,Vestidos,5,97.41
Vestido Cowden Off-White,Vestidos,Vestido Maddox Off-White,Vestidos,6,96.63
Vestido Cowden Preto,Vestidos,Vestido Harpa Preto,Vestidos,1,99.84
Vestido Cowden Preto,Vestidos,Vestido Malmo Preto,Vestidos,2,99.84
Vestido Cowden Preto,Vestidos,Vestido Ivory Preto,Vestidos,3,99.43
Vestido Cowden Preto,Vestidos,Vestido Osbert Preto,Vestidos,4,97.41
Vestido Cowden Preto,Vestidos,Vestido Salvi Preto,Vestidos,5,95.08
Vestido Cowden Preto,Vestidos,Vestido Fontaine Preto,Vestidos,6,95.08
Vestido Cowden Vermelho,Vestidos,Vestido Tucker Vermelho,Vestidos,1,100.0
Vestido Cowden Vermelho,Vestidos,Vestido Harpa Vermelho,Vestidos,2,99.84
Vestido Cowden Vermelho,Vestidos,Vestido Malmo Vermelho,Vestidos,3,99.84
Vestido Cowden Vermelho,Vestidos,Vestido Brice Vermelho,Vestidos,4,99.03
Vestido Cowden Vermelho,Vestidos,Vestido Maddox Vermelho,Vestidos,5,96.63
Vestido Cowden Vermelho,Vestidos,Vestido Fontaine Vermelho,Vestidos,6,95.08
Vestido Dylan Off-White,Vestidos,Vestido Ludwig Off-White,Vestidos,1,100.0
Vestido Dylan Off-White,Vestidos,Vestido Jones Off-White,Vestidos,2,100.0
Vestido Dylan Off-White,Vestidos,Vestido Warren Off-White,Vestidos,3,99.82
Vestido Dylan Off-White,Vestidos,Vestido Acacius Off-White,Vestidos,4,99.82
Vestido Dylan Off-White,Vestidos,Vestido Brent Off-White,Vestidos,5,99.78
Vestido Dylan Off-White,Vestidos,Vestido Cameron Off-White,Vestidos,6,99.33
Vestido Dylan Preto,Vestidos,Vestido Ludwig Preto,Vestidos,1,100.0
Vestido Dylan Preto,Vestidos,Vestido Jones Preto,Vestidos,2,100.0
Vestido Dylan Preto,Vestidos,Vestido Warren Preto,Vestidos,3,99.82
Vestido Dylan Preto,Vestidos,Vestido Acacius Preto,Vestidos,4,99.82
Vestido Dylan Preto,Vestidos,Vestido Brent Preto,Vestidos,5,99.78
Vestido Dylan Preto,Vestidos,Vestido Cameron Preto,Vestidos,6,99.33
Vestido Dylan Vermelho,Vestidos,Vestido Ludwig Vermelho,Vestidos,1,100.0
Vestido Dylan Vermelho,Vestidos,Vestido Jones Vermelho,Vestidos,2,100.0
Vestido Dylan Vermelho,Vestidos,Vestido Acacius Vermelho,Vestidos,3,99.82
Vestido Dylan Vermelho,Vestidos,Vestido Fontaine Vermelho,Vestidos,4,98.62
Vestido Dylan Vermelho,Vestidos,Vestido Bridget Vermelho,Vestidos,5,98.62
Vestido Dylan Vermelho,Vestidos,Vestido Roland Vermelho,Vestidos,6,98.62
Vestido Ethan Bege,Vestidos,Vestido Linho Frank Bege,Vestidos,1,99.96
Vestido Ethan Bege,Vestidos,Vestido Linho Sugarloaf Avelã,Vestidos,2,65.97
Vestido Ethan Bege,Vestidos,Vestido Linho Sugarloaf Preto,Vestidos,3,65.97
Vestido Ethan Bege,Vestidos,Vestido Linho Sugarloaf Off-White,Vestidos,4,65.97
Vestido Ethan Bege,Vestidos,Vestido Calla Off-White,Vestidos,5,65.97
Vestido Ethan Bege,Vestidos,Vestido Calla Vanilla,Vestidos,6,65.97
Vestido Ethan Off-White,Vestidos,Vestido Azarius Off-White,Vestidos,1,99.96
Vestido Ethan Off-White,Vestidos,Vestido Linho Arum Off-White,Vestidos,2,99.96
Vestido Ethan Off-White,Vestidos,Vestido Asther Off-White,Vestidos,3,99.96
Vestido Ethan Off-White,Vestidos,Vestido Linho Masp Off-White,Vestidos,4,99.95
Vestido Ethan Off-White,Vestidos,Vestido Atlas Off-White,Vestidos,5,99.68
Vestido Ethan Off-White,Vestidos,Vestido Archie Off-White,Vestidos,6,99.68
Vestido Ethan Preto,Vestidos,Vestido Hadid Preto,Vestidos,1,98.01
Vestido Ethan Preto,Vestidos,Vestido Forest Preto,Vestidos,2,98.01
Vestido Ethan Preto,Vestidos,Vestido Barlett Preto,Vestidos,3,98.01
Vestido Ethan Preto,Vestidos,Vestido Linho Frank Preto,Vestidos,4,97.88
Vestido Ethan Preto,Vestidos,Vestido Linho Arum Preto,Vestidos,5,97.88
Vestido Ethan Preto,Vestidos,Vestido Gio Preto,Vestidos,6,97.82
Vestido Ethan Vermelho,Vestidos,Vestido Rizzo Vermelho,Vestidos,1,99.96
Vestido Ethan Vermelho,Vestidos,Vestido Azarius Vermelho,Vestidos,2,99.96
Vestido Ethan Vermelho,Vestidos,Vestido Asther Vermelho,Vestidos,3,99.96
Vestido Ethan Vermelho,Vestidos,Vestido Atlas Vermelho,Vestidos,4,99.68
Vestido Ethan Vermelho,Vestidos,Vestido Archie Vermelho,Vestidos,5,99.68
Vestido Ethan Vermelho,Vestidos,Vestido Barlett Vermelho,Vestidos,6,99.65
Vestido Filippo Azul,Vestidos,Vestido Ivory Azul,Vestidos,1,92.04
Vestido Filippo Azul,Vestidos,Vestido Zephyr Off-White,Vestidos,2,82.52
Vestido Filippo Azul,Vestidos,Vestido Tess Off-White,Vestidos,3,82.52
Vestido Filippo Azul,Vestidos,Vestido Tess Vermelho,Vestidos,4,82.52
Vestido Filippo Azul,Vestidos,Vestido Tess Preto,Vestidos,5,82.52
Vestido Filippo Azul,Vestidos,Vestido Amida Off-White,Vestidos,6,81.92
Vestido Filippo Off-White,Vestidos,Vestido Tricot Aubrey Preto com Off-White,Vestidos,1,100.0
Vestido Filippo Off-White,Vestidos,Vestido Amida Off-White,Vestidos,2,99.84
Vestido Filippo Off-White,Vestidos,Vestido Tess Off-White,Vestidos,3,99.43
Vestido Filippo Off-White,Vestidos,Vestido Zephyr Off-White,Vestidos,4,99.43
Vestido Filippo Off-White,Vestidos,Vestido Ivory Off-White,Vestidos,5,92.04
Vestido Filippo Off-White,Vestidos,Vestido Malmo Off-White,Vestidos,6,92.0
Vestido Filippo Preto,Vestidos,Vestido Tess Preto,Vestidos,1,99.43
Vestido Filippo Preto,Vestidos,Vestido Ivory Preto,Vestidos,2,92.04
Vestido Filippo Preto,Vestidos,Vestido Malmo Preto,Vestidos,3,92.0
Vestido Filippo Preto,Vestidos,Vestido Harpa Preto,Vestidos,4,92.0
Vestido Filippo Preto,Vestidos,Vestido Cowden Preto,Vestidos,5,91.67
Vestido Filippo Preto,Vestidos,Vestido Osbert Preto,Vestidos,6,91.18
Vestido Fontaine Framboesa,Vestidos,Vestido Walker Framboesa,Vestidos,1,100.0
Vestido Fontaine Framboesa,Vestidos,Vestido Sartori Vermelho,Vestidos,2,88.8
Vestido Fontaine Framboesa,Vestidos,Vestido Sartori Preto,Vestidos,3,88.8
Vestido Fontaine Framboesa,Vestidos,Vestido Sartori Off-White,Vestidos,4,88.8
Vestido Fontaine Framboesa,Vestidos,Vestido Sartori Rosê,Vestidos,5,88.8
Vestido Fontaine Framboesa,Vestidos,Vestido Salvi Azul,Vestidos,6,88.16
Vestido Fontaine Off-White,Vestidos,Vestido Salvi Off-White,Vestidos,1,100.0
Vestido Fontaine Off-White,Vestidos,Vestido Roland Off-White,Vestidos,2,100.0
Vestido Fontaine Off-White,Vestidos,Vestido Walker Off-White,Vestidos,3,100.0
Vestido Fontaine Off-White,Vestidos,Vestido Cameron Off-White,Vestidos,4,99.87
Vestido Fontaine Off-White,Vestidos,Vestido Acacius Off-White,Vestidos,5,99.44
Vestido Fontaine Off-White,Vestidos,Vestido Warren Off-White,Vestidos,6,99.44
Vestido Fontaine Preto,Vestidos,Vestido Salvi Preto,Vestidos,1,100.0
Vestido Fontaine Preto,Vestidos,Vestido Roland Preto,Vestidos,2,100.0
Vestido Fontaine Preto,Vestidos,Vestido Walker Preto,Vestidos,3,100.0
Vestido Fontaine Preto,Vestidos,Vestido Cameron Preto,Vestidos,4,99.87
Vestido Fontaine Preto,Vestidos,Vestido Acacius Preto,Vestidos,5,99.44
Vestido Fontaine Preto,Vestidos,Vestido Warren Preto,Vestidos,6,99.44
Vestido Fontaine Vermelho,Vestidos,Vestido Walker Vermelho,Vestidos,1,100.0
Vestido Fontaine Vermelho,Vestidos,Vestido Salvi Vermelho,Vestidos,2,100.0
Vestido Fontaine Vermelho,Vestidos,Vestido Roland Vermelho,Vestidos,3,100.0
Vestido Fontaine Vermelho,Vestidos,Vestido Bridget Vermelho,Vestidos,4,100.0
Vestido Fontaine Vermelho,Vestidos,Vestido Acacius Vermelho,Vestidos,5,99.44
Vestido Fontaine Vermelho,Vestidos,Vestido Sartori Vermelho,Vestidos,6,98.69
Vestido Fontana Off-White,Vestidos,Vestido Catton Off-White,Vestidos,1,99.79
Vestido Fontana Off-White,Vestidos,Vestido Bonet Off-White,Vestidos,2,99.31
Vestido Fontana Off-White,Vestidos,Vestido Alvorada Off-White,Vestidos,3,98.54
Vestido Fontana Off-White,Vestidos,Vestido Linho Alanis Off-White,Vestidos,4,96.15
Vestido Fontana Off-White,Vestidos,Vestido Copan Off-White,Vestidos,5,90.27
Vestido Fontana Off-White,Vestidos,Vestido Bianchi Off-White,Vestidos,6,88.23
Vestido Fontana Vermelho,Vestidos,Vestido Bauhaus Vermelho,Vestidos,1,99.34
Vestido Fontana Vermelho,Vestidos,Vestido Axel Vermelho,Vestidos,2,99.31
Vestido Fontana Vermelho,Vestidos,Vestido Alvorada Vermelho,Vestidos,3,98.54
Vestido Fontana Vermelho,Vestidos,Vestido Copan Vermelho,Vestidos,4,90.27
Vestido Fontana Vermelho,Vestidos,Vestido Bianchi Vermelho,Vestidos,5,88.23
Vestido Fontana Vermelho,Vestidos,Vestido Tricot Murphy Vermelho,Vestidos,6,83.78
Vestido Forest Azul,Vestidos,Vestido Salk Azul,Vestidos,1,99.84
Vestido Forest Azul,Vestidos,Vestido Gio Azul,Vestidos,2,99.84
Vestido Forest Azul,Vestidos,Vestido Perot Azul,Vestidos,3,97.29
Vestido Forest Azul,Vestidos,Vestido Rizzo Preto,Vestidos,4,64.39
Vestido Forest Azul,Vestidos,Vestido Linho Reyes Preto,Vestidos,5,64.39
Vestido Forest Azul,Vestidos,Vestido Rizzo Framboesa,Vestidos,6,64.39
Vestido Forest Off-White,Vestidos,Vestido Hadid Off-White,Vestidos,1,100.0
Vestido Forest Off-White,Vestidos,Vestido Barlett Off-White,Vestidos,2,100.0
Vestido Forest Off-White,Vestidos,Vestido Linho Arum Off-White,Vestidos,3,99.84
Vestido Forest Off-White,Vestidos,Vestido Asther Off-White,Vestidos,4,99.84
Vestido Forest Off-White,Vestidos,Vestido Salk Off-White,Vestidos,5,99.84
Vestido Forest Off-White,Vestidos,Vestido Gio Off-White,Vestidos,6,99.84
Vestido Forest Preto,Vestidos,Vestido Hadid Preto,Vestidos,1,100.0
Vestido Forest Preto,Vestidos,Vestido Barlett Preto,Vestidos,2,100.0
Vestido Forest Preto,Vestidos,Vestido Linho Arum Preto,Vestidos,3,99.84
Vestido Forest Preto,Vestidos,Vestido Linho Frank Preto,Vestidos,4,99.84
Vestido Forest Preto,Vestidos,Vestido Gio Preto,Vestidos,5,99.84
Vestido Forest Preto,Vestidos,Vestido Linho Reyes Preto,Vestidos,6,99.39
Vestido Gio Azul,Vestidos,Vestido Salk Azul,Vestidos,1,100.0
Vestido Gio Azul,Vestidos,Vestido Forest Azul,Vestidos,2,99.84
Vestido Gio Azul,Vestidos,Vestido Perot Azul,Vestidos,3,98.46
Vestido Gio Azul,Vestidos,Vestido Hadid Preto,Vestidos,4,63.52
Vestido Gio Azul,Vestidos,Vestido Hadid Off-White,Vestidos,5,63.52
Vestido Gio Azul,Vestidos,Vestido Hadid Vermelho,Vestidos,6,63.52
Vestido Gio Off-White,Vestidos,Vestido Salk Off-White,Vestidos,1,100.0
Vestido Gio Off-White,Vestidos,Vestido Hadid Off-White,Vestidos,2,99.84
Vestido Gio Off-White,Vestidos,Vestido Forest Off-White,Vestidos,3,99.84
Vestido Gio Off-White,Vestidos,Vestido Barlett Off-White,Vestidos,4,99.84
Vestido Gio Off-White,Vestidos,Vestido Tricot Murphy Preto com Off-White,Vestidos,5,99.83
Vestido Gio Off-White,Vestidos,Vestido Linho Arum Off-White,Vestidos,6,99.36
Vestido Gio Preto,Vestidos,Vestido Hadid Preto,Vestidos,1,99.84
Vestido Gio Preto,Vestidos,Vestido Barlett Preto,Vestidos,2,99.84
Vestido Gio Preto,Vestidos,Vestido Forest Preto,Vestidos,3,99.84
Vestido Gio Preto,Vestidos,Vestido Tricot Nau Preto,Vestidos,4,99.79
Vestido Gio Preto,Vestidos,Vestido Linho Frank Preto,Vestidos,5,99.36
Vestido Gio Preto,Vestidos,Vestido Linho Arum Preto,Vestidos,6,99.36
Vestido Hadid Off-White,Vestidos,Vestido Forest Off-White,Vestidos,1,100.0
Vestido Hadid Off-White,Vestidos,Vestido Barlett Off-White,Vestidos,2,100.0
Vestido Hadid Off-White,Vestidos,Vestido Linho Arum Off-White,Vestidos,3,99.84
Vestido Hadid Off-White,Vestidos,Vestido Asther Off-White,Vestidos,4,99.84
Vestido Hadid Off-White,Vestidos,Vestido Salk Off-White,Vestidos,5,99.84
Vestido Hadid Off-White,Vestidos,Vestido Gio Off-White,Vestidos,6,99.84
Vestido Hadid Preto,Vestidos,Vestido Forest Preto,Vestidos,1,100.0
Vestido Hadid Preto,Vestidos,Vestido Barlett Preto,Vestidos,2,100.0
Vestido Hadid Preto,Vestidos,Vestido Linho Arum Preto,Vestidos,3,99.84
Vestido Hadid Preto,Vestidos,Vestido Linho Frank Preto,Vestidos,4,99.84
Vestido Hadid Preto,Vestidos,Vestido Gio Preto,Vestidos,5,99.84
Vestido Hadid Preto,Vestidos,Vestido Linho Reyes Preto,Vestidos,6,99.39
Vestido Hadid Vermelho,Vestidos,Vestido Barlett Vermelho,Vestidos,1,100.0
Vestido Hadid Vermelho,Vestidos,Vestido Asther Vermelho,Vestidos,2,99.84
Vestido Hadid Vermelho,Vestidos,Vestido Salk Vermelho,Vestidos,3,99.84
Vestido Hadid Vermelho,Vestidos,Vestido Ethan Vermelho,Vestidos,4,99.65
Vestido Hadid Vermelho,Vestidos,Vestido Azarius Vermelho,Vestidos,5,99.39
Vestido Hadid Vermelho,Vestidos,Vestido Rizzo Vermelho,Vestidos,6,99.39
Vestido Harpa Preto,Vestidos,Vestido Malmo Preto,Vestidos,1,100.0
Vestido Harpa Preto,Vestidos,Vestido Ivory Preto,Vestidos,2,99.87
Vestido Harpa Preto,Vestidos,Vestido Cowden Preto,Vestidos,3,99.84
Vestido Harpa Preto,Vestidos,Vestido Osbert Preto,Vestidos,4,98.53
Vestido Harpa Preto,Vestidos,Vestido Sartori Preto,Vestidos,5,95.76
Vestido Harpa Preto,Vestidos,Vestido Roland Preto,Vestidos,6,95.09
Vestido Harpa Vermelho,Vestidos,Vestido Malmo Vermelho,Vestidos,1,100.0
Vestido Harpa Vermelho,Vestidos,Vestido Cowden Vermelho,Vestidos,2,99.84
Vestido Harpa Vermelho,Vestidos,Vestido Tucker Vermelho,Vestidos,3,99.84
Vestido Harpa Vermelho,Vestidos,Vestido Brice Vermelho,Vestidos,4,98.08
Vestido Harpa Vermelho,Vestidos,Vestido Maddox Vermelho,Vestidos,5,97.93
Vestido Harpa Vermelho,Vestidos,Vestido Sartori Vermelho,Vestidos,6,95.76
Vestido Iron Off-White,Vestidos,Vestido Perot Off-White,Vestidos,1,99.86
Vestido Iron Off-White,Vestidos,Vestido Tricot Murphy Preto com Off-White,Vestidos,2,99.79
Vestido Iron Off-White,Vestidos,Vestido Salk Off-White,Vestidos,3,99.25
Vestido Iron Off-White,Vestidos,Vestido Gio Off-White,Vestidos,4,99.25
Vestido Iron Off-White,Vestidos,Vestido Forest Off-White,Vestidos,5,98.38
Vestido Iron Off-White,Vestidos,Vestido Hadid Off-White,Vestidos,6,98.38
Vestido Ivory Azul,Vestidos,Vestido Salvi Azul,Vestidos,1,94.85
Vestido Ivory Azul,Vestidos,Vestido Cameron Azul,Vestidos,2,93.88
Vestido Ivory Azul,Vestidos,Vestido Filippo Azul,Vestidos,3,92.04
Vestido Ivory Azul,Vestidos,Vestido Maddox Vermelho,Vestidos,4,86.78
Vestido Ivory Azul,Vestidos,Vestido Maddox Off-White,Vestidos,5,86.78
Vestido Ivory Azul,Vestidos,Vestido Osbert Off-White,Vestidos,6,86.58
Vestido Ivory Fúcsia,Vestidos,Vestido Cameron Fúcsia,Vestidos,1,93.88
Vestido Ivory Fúcsia,Vestidos,Vestido Maddox Off-White,Vestidos,2,86.78
Vestido Ivory Fúcsia,Vestidos,Vestido Maddox Vermelho,Vestidos,3,86.78
Vestido Ivory Fúcsia,Vestidos,Vestido Osbert Off-White,Vestidos,4,86.58
Vestido Ivory Fúcsia,Vestidos,Vestido Osbert Marrom,Vestidos,5,86.58
Vestido Ivory Fúcsia,Vestidos,Vestido Osbert Preto,Vestidos,6,86.58
Vestido Ivory Off-White,Vestidos,Vestido Riccie Off-White,Vestidos,1,99.87
Vestido Ivory Off-White,Vestidos,Vestido Malmo Off-White,Vestidos,2,99.87
Vestido Ivory Off-White,Vestidos,Vestido Cowden Off-White,Vestidos,3,99.43
Vestido Ivory Off-White,Vestidos,Vestido Tucker Off-White,Vestidos,4,99.43
Vestido Ivory Off-White,Vestidos,Vestido Osbert Off-White,Vestidos,5,99.27
Vestido Ivory Off-White,Vestidos,Vestido Maddox Off-White,Vestidos,6,98.83
Vestido Ivory Preto,Vestidos,Vestido Harpa Preto,Vestidos,1,99.87
Vestido Ivory Preto,Vestidos,Vestido Malmo Preto,Vestidos,2,99.87
Vestido Ivory Preto,Vestidos,Vestido Cowden Preto,Vestidos,3,99.43
Vestido Ivory Preto,Vestidos,Vestido Osbert Preto,Vestidos,4,99.27
Vestido Ivory Preto,Vestidos,Vestido Sartori Preto,Vestidos,5,96.29
Vestido Ivory Preto,Vestidos,Vestido Roland Preto,Vestidos,6,94.85
Vestido Jones Off-White,Vestidos,Vestido Ludwig Off-White,Vestidos,1,100.0
Vestido Jones Off-White,Vestidos,Vestido Dylan Off-White,Vestidos,2,100.0
Vestido Jones Off-White,Vestidos,Vestido Warren Off-White,Vestidos,3,99.82
Vestido Jones Off-White,Vestidos,Vestido Acacius Off-White,Vestidos,4,99.82
Vestido Jones Off-White,Vestidos,Vestido Brent Off-White,Vestidos,5,99.78
Vestido Jones Off-White,Vestidos,Vestido Cameron Off-White,Vestidos,6,99.33
Vestido Jones Preto,Vestidos,Vestido Ludwig Preto,Vestidos,1,100.0
Vestido Jones Preto,Vestidos,Vestido Dylan Preto,Vestidos,2,100.0
Vestido Jones Preto,Vestidos,Vestido Warren Preto,Vestidos,3,99.82
Vestido Jones Preto,Vestidos,Vestido Acacius Preto,Vestidos,4,99.82
Vestido Jones Preto,Vestidos,Vestido Brent Preto,Vestidos,5,99.78
Vestido Jones Preto,Vestidos,Vestido Cameron Preto,Vestidos,6,99.33
Vestido Jones Vermelho,Vestidos,Vestido Ludwig Vermelho,Vestidos,1,100.0
Vestido Jones Vermelho,Vestidos,Vestido Dylan Vermelho,Vestidos,2,100.0
Vestido Jones Vermelho,Vestidos,Vestido Acacius Vermelho,Vestidos,3,99.82
Vestido Jones Vermelho,Vestidos,Vestido Fontaine Vermelho,Vestidos,4,98.62
Vestido Jones Vermelho,Vestidos,Vestido Bridget Vermelho,Vestidos,5,98.62
Vestido Jones Vermelho,Vestidos,Vestido Roland Vermelho,Vestidos,6,98.62
Vestido Linho Alanis Avelã,Vestidos,Vestido Linho Sugarloaf Avelã,Vestidos,1,85.63
Vestido Linho Alanis Avelã,Vestidos,Vestido Linho Masp Avelã,Vestidos,2,85.29
Vestido Linho Alanis Avelã,Vestidos,Vestido Linho Arum Avelã,Vestidos,3,84.58
Vestido Linho Alanis Avelã,Vestidos,Vestido Tricot Murphy Avelã,Vestidos,4,80.89
Vestido Linho Alanis Avelã,Vestidos,Vestido Tricot Nau Avelã,Vestidos,5,80.72
Vestido Linho Alanis Avelã,Vestidos,Vestido Linho Alanis Preto,Vestidos,6,67.36
Vestido Linho Alanis Off-White,Vestidos,Vestido Alvorada Off-White,Vestidos,1,99.43
Vestido Linho Alanis Off-White,Vestidos,Vestido Fontana Off-White,Vestidos,2,96.15
Vestido Linho Alanis Off-White,Vestidos,Vestido Catton Off-White,Vestidos,3,94.18
Vestido Linho Alanis Off-White,Vestidos,Vestido Bonet Off-White,Vestidos,4,92.28
Vestido Linho Alanis Off-White,Vestidos,Vestido Bianchi Off-White,Vestidos,5,87.08
Vestido Linho Alanis Off-White,Vestidos,Vestido Calla Off-White,Vestidos,6,85.63
Vestido Linho Alanis Preto,Vestidos,Vestido Matt Preto,Vestidos,1,99.83
Vestido Linho Alanis Preto,Vestidos,Vestido Alvorada Preto,Vestidos,2,99.43
Vestido Linho Alanis Preto,Vestidos,Vestido Bauhaus Preto,Vestidos,3,98.67
Vestido Linho Alanis Preto,Vestidos,Vestido Brice Preto,Vestidos,4,92.5
Vestido Linho Alanis Preto,Vestidos,Vestido Axel Preto,Vestidos,5,92.28
Vestido Linho Alanis Preto,Vestidos,Vestido Bianchi Preto,Vestidos,6,87.08
Vestido Linho Arum Avelã,Vestidos,Vestido Linho Masp Avelã,Vestidos,1,99.82
Vestido Linho Arum Avelã,Vestidos,Vestido Linho Sugarloaf Avelã,Vestidos,2,99.42
Vestido Linho Arum Avelã,Vestidos,Vestido Tricot Murphy Avelã,Vestidos,3,98.53
Vestido Linho Arum Avelã,Vestidos,Vestido Tricot Nau Avelã,Vestidos,4,98.43
Vestido Linho Arum Avelã,Vestidos,Vestido Linho Alanis Avelã,Vestidos,5,84.58
Vestido Linho Arum Avelã,Vestidos,Vestido Linho Sugarloaf Off-White,Vestidos,6,65.47
Vestido Linho Arum Off-White,Vestidos,Vestido Asther Off-White,Vestidos,1,100.0
Vestido Linho Arum Off-White,Vestidos,Vestido Ethan Off-White,Vestidos,2,99.96
Vestido Linho Arum Off-White,Vestidos,Vestido Azarius Off-White,Vestidos,3,99.85
Vestido Linho Arum Off-White,Vestidos,Vestido Barlett Off-White,Vestidos,4,99.84
Vestido Linho Arum Off-White,Vestidos,Vestido Hadid Off-White,Vestidos,5,99.84
Vestido Linho Arum Off-White,Vestidos,Vestido Forest Off-White,Vestidos,6,99.84
Vestido Linho Arum Preto,Vestidos,Vestido Linho Frank Preto,Vestidos,1,100.0
Vestido Linho Arum Preto,Vestidos,Vestido Rizzo Preto,Vestidos,2,99.85
Vestido Linho Arum Preto,Vestidos,Vestido Linho Reyes Preto,Vestidos,3,99.85
Vestido Linho Arum Preto,Vestidos,Vestido Azarius Preto,Vestidos,4,99.85
Vestido Linho Arum Preto,Vestidos,Vestido Forest Preto,Vestidos,5,99.84
Vestido Linho Arum Preto,Vestidos,Vestido Barlett Preto,Vestidos,6,99.84
Vestido Linho Frank Bege,Vestidos,Vestido Ethan Bege,Vestidos,1,99.96
Vestido Linho Frank Bege,Vestidos,Blazer Vestido Agatha Bege,Blazers,2,65.65
Vestido Linho Frank Bege,Vestidos,Vestido Linho Sugarloaf Off-White,Vestidos,3,65.47
Vestido Linho Frank Bege,Vestidos,Vestido Linho Sugarloaf Avelã,Vestidos,4,65.47
Vestido Linho Frank Bege,Vestidos,Vestido Calla Vanilla,Vestidos,5,65.47
Vestido Linho Frank Bege,Vestidos,Vestido Atlas Preto,Vestidos,6,65.47
Vestido Linho Frank Preto,Vestidos,Vestido Linho Arum Preto,Vestidos,1,100.0
Vestido Linho Frank Preto,Vestidos,Vestido Rizzo Preto,Vestidos,2,99.85
Vestido Linho Frank Preto,Vestidos,Vestido Linho Reyes Preto,Vestidos,3,99.85
Vestido Linho Frank Preto,Vestidos,Vestido Azarius Preto,Vestidos,4,99.85
Vestido Linho Frank Preto,Vestidos,Vestido Forest Preto,Vestidos,5,99.84
Vestido Linho Frank Preto,Vestidos,Vestido Barlett Preto,Vestidos,6,99.84
Vestido Linho Masp Avelã,Vestidos,Vestido Linho Sugarloaf Avelã,Vestidos,1,99.89
Vestido Linho Masp Avelã,Vestidos,Vestido Linho Arum Avelã,Vestidos,2,99.82
Vestido Linho Masp Avelã,Vestidos,Vestido Tricot Murphy Avelã,Vestidos,3,97.33
Vestido Linho Masp Avelã,Vestidos,Vestido Tricot Nau Avelã,Vestidos,4,97.19
Vestido Linho Masp Avelã,Vestidos,Vestido Linho Alanis Avelã,Vestidos,5,85.29
Vestido Linho Masp Avelã,Vestidos,Vestido Loren Preto,Vestidos,6,66.89
Vestido Linho Masp Off-White,Vestidos,Vestido Azarius Off-White,Vestidos,1,100.0
Vestido Linho Masp Off-White,Vestidos,Vestido Ethan Off-White,Vestidos,2,99.95
Vestido Linho Masp Off-White,Vestidos,Vestido Linho Sugarloaf Off-White,Vestidos,3,99.89
Vestido Linho Masp Off-White,Vestidos,Vestido Calla Off-White,Vestidos,4,99.89
Vestido Linho Masp Off-White,Vestidos,Vestido Atlas Off-White,Vestidos,5,99.89
Vestido Linho Masp Off-White,Vestidos,Vestido Archie Off-White,Vestidos,6,99.89
Vestido Linho Masp Preto,Vestidos,Vestido Linho Reyes Preto,Vestidos,1,100.0
Vestido Linho Masp Preto,Vestidos,Vestido Azarius Preto,Vestidos,2,100.0
Vestido Linho Masp Preto,Vestidos,Vestido Rizzo Preto,Vestidos,3,100.0
Vestido Linho Masp Preto,Vestidos,Vestido Archie Preto,Vestidos,4,99.89
Vestido Linho Masp Preto,Vestidos,Vestido Atlas Preto,Vestidos,5,99.89
Vestido Linho Masp Preto,Vestidos,Vestido Linho Sugarloaf Preto,Vestidos,6,99.89
Vestido Linho Reyes Preto,Vestidos,Vestido Azarius Preto,Vestidos,1,100.0
Vestido Linho Reyes Preto,Vestidos,Vestido Rizzo Preto,Vestidos,2,100.0
Vestido Linho Reyes Preto,Vestidos,Vestido Linho Masp Preto,Vestidos,3,100.0
Vestido Linho Reyes Preto,Vestidos,Vestido Archie Preto,Vestidos,4,99.86
Vestido Linho Reyes Preto,Vestidos,Vestido Atlas Preto,Vestidos,5,99.86
Vestido Linho Reyes Preto,Vestidos,Vestido Linho Sugarloaf Preto,Vestidos,6,99.86
Vestido Linho Sugarloaf Avelã,Vestidos,Vestido Linho Masp Avelã,Vestidos,1,99.89
Vestido Linho Sugarloaf Avelã,Vestidos,Vestido Linho Arum Avelã,Vestidos,2,99.42
Vestido Linho Sugarloaf Avelã,Vestidos,Vestido Tricot Murphy Avelã,Vestidos,3,96.13
Vestido Linho Sugarloaf Avelã,Vestidos,Vestido Tricot Nau Avelã,Vestidos,4,95.96
Vestido Linho Sugarloaf Avelã,Vestidos,Vestido Linho Alanis Avelã,Vestidos,5,85.63
Vestido Linho Sugarloaf Avelã,Vestidos,Vestido Loren Preto,Vestidos,6,68.19
Vestido Linho Sugarloaf Off-White,Vestidos,Vestido Calla Off-White,Vestidos,1,100.0
Vestido Linho Sugarloaf Off-White,Vestidos,Vestido Archie Off-White,Vestidos,2,100.0
Vestido Linho Sugarloaf Off-White,Vestidos,Vestido Atlas Off-White,Vestidos,3,100.0
Vestido Linho Sugarloaf Off-White,Vestidos,Vestido Linho Masp Off-White,Vestidos,4,99.89
Vestido Linho Sugarloaf Off-White,Vestidos,Vestido Azarius Off-White,Vestidos,5,99.86
Vestido Linho Sugarloaf Off-White,Vestidos,Vestido Ethan Off-White,Vestidos,6,99.68
Vestido Linho Sugarloaf Preto,Vestidos,Vestido Calla Preto,Vestidos,1,100.0
Vestido Linho Sugarloaf Preto,Vestidos,Vestido Atlas Preto,Vestidos,2,100.0
Vestido Linho Sugarloaf Preto,Vestidos,Vestido Archie Preto,Vestidos,3,100.0
Vestido Linho Sugarloaf Preto,Vestidos,Vestido Linho Masp Preto,Vestidos,4,99.89
Vestido Linho Sugarloaf Preto,Vestidos,Vestido Azarius Preto,Vestidos,5,99.86
Vestido Linho Sugarloaf Preto,Vestidos,Vestido Linho Reyes Preto,Vestidos,6,99.86
Vestido Loren Off-White,Vestidos,Vestido Tricot Effie Off-White,Vestidos,1,100.0
Vestido Loren Off-White,Vestidos,Vestido Atlas Off-White,Vestidos,2,98.93
Vestido Loren Off-White,Vestidos,Vestido Calla Off-White,Vestidos,3,98.93
Vestido Loren Off-White,Vestidos,Vestido Linho Sugarloaf Off-White,Vestidos,4,98.93
Vestido Loren Off-White,Vestidos,Vestido Archie Off-White,Vestidos,5,98.93
Vestido Loren Off-White,Vestidos,Vestido Linho Masp Off-White,Vestidos,6,98.13
Vestido Loren Preto,Vestidos,Vestido Linho Sugarloaf Preto,Vestidos,1,98.93
Vestido Loren Preto,Vestidos,Vestido Archie Preto,Vestidos,2,98.93
Vestido Loren Preto,Vestidos,Vestido Calla Preto,Vestidos,3,98.93
Vestido Loren Preto,Vestidos,Vestido Atlas Preto,Vestidos,4,98.93
Vestido Loren Preto,Vestidos,Vestido Linho Masp Preto,Vestidos,5,98.13
Vestido Loren Preto,Vestidos,Vestido Linho Reyes Preto,Vestidos,6,98.03
Vestido Ludwig Off-White,Vestidos,Vestido Jones Off-White,Vestidos,1,100.0
Vestido Ludwig Off-White,Vestidos,Vestido Dylan Off-White,Vestidos,2,100.0
Vestido Ludwig Off-White,Vestidos,Vestido Warren Off-White,Vestidos,3,99.82
Vestido Ludwig Off-White,Vestidos,Vestido Acacius Off-White,Vestidos,4,99.82
Vestido Ludwig Off-White,Vestidos,Vestido Brent Off-White,Vestidos,5,99.78
Vestido Ludwig Off-White,Vestidos,Vestido Cameron Off-White,Vestidos,6,99.33
Vestido Ludwig Preto,Vestidos,Vestido Jones Preto,Vestidos,1,100.0
Vestido Ludwig Preto,Vestidos,Vestido Dylan Preto,Vestidos,2,100.0
Vestido Ludwig Preto,Vestidos,Vestido Warren Preto,Vestidos,3,99.82
Vestido Ludwig Preto,Vestidos,Vestido Acacius Preto,Vestidos,4,99.82
Vestido Ludwig Preto,Vestidos,Vestido Brent Preto,Vestidos,5,99.78
Vestido Ludwig Preto,Vestidos,Vestido Cameron Preto,Vestidos,6,99.33
Vestido Ludwig Vermelho,Vestidos,Vestido Jones Vermelho,Vestidos,1,100.0
Vestido Ludwig Vermelho,Vestidos,Vestido Dylan Vermelho,Vestidos,2,100.0
Vestido Ludwig Vermelho,Vestidos,Vestido Acacius Vermelho,Vestidos,3,99.82
Vestido Ludwig Vermelho,Vestidos,Vestido Fontaine Vermelho,Vestidos,4,98.62
Vestido Ludwig Vermelho,Vestidos,Vestido Bridget Vermelho,Vestidos,5,98.62
Vestido Ludwig Vermelho,Vestidos,Vestido Roland Vermelho,Vestidos,6,98.62
Vestido Maddox Off-White,Vestidos,Vestido Osbert Off-White,Vestidos,1,99.95
Vestido Maddox Off-White,Vestidos,Vestido Ivory Off-White,Vestidos,2,98.83
Vestido Maddox Off-White,Vestidos,Vestido Riccie Off-White,Vestidos,3,97.93
Vestido Maddox Off-White,Vestidos,Vestido Malmo Off-White,Vestidos,4,97.93
Vestido Maddox Off-White,Vestidos,Vestido Cowden Off-White,Vestidos,5,96.63
Vestido Maddox Off-White,Vestidos,Vestido Tucker Off-White,Vestidos,6,96.63
Vestido Maddox Vermelho,Vestidos,Vestido Malmo Vermelho,Vestidos,1,97.93
Vestido Maddox Vermelho,Vestidos,Vestido Harpa Vermelho,Vestidos,2,97.93
Vestido Maddox Vermelho,Vestidos,Vestido Cowden Vermelho,Vestidos,3,96.63
Vestido Maddox Vermelho,Vestidos,Vestido Tucker Vermelho,Vestidos,4,96.63
Vestido Maddox Vermelho,Vestidos,Vestido Sartori Vermelho,Vestidos,5,96.39
Vestido Maddox Vermelho,Vestidos,Vestido Tess Vermelho,Vestidos,6,93.56
Vestido Malmo Off-White,Vestidos,Vestido Riccie Off-White,Vestidos,1,100.0
Vestido Malmo Off-White,Vestidos,Vestido Ivory Off-White,Vestidos,2,99.87
Vestido Malmo Off-White,Vestidos,Vestido Cowden Off-White,Vestidos,3,99.84
Vestido Malmo Off-White,Vestidos,Vestido Tucker Off-White,Vestidos,4,99.84
Vestido Malmo Off-White,Vestidos,Vestido Osbert Off-White,Vestidos,5,98.53
Vestido Malmo Off-White,Vestidos,Vestido Maddox Off-White,Vestidos,6,97.93
Vestido Malmo Preto,Vestidos,Vestido Harpa Preto,Vestidos,1,100.0
Vestido Malmo Preto,Vestidos,Vestido Ivory Preto,Vestidos,2,99.87
Vestido Malmo Preto,Vestidos,Vestido Cowden Preto,Vestidos,3,99.84
Vestido Malmo Preto,Vestidos,Vestido Osbert Preto,Vestidos,4,98.53
Vestido Malmo Preto,Vestidos,Vestido Sartori Preto,Vestidos,5,95.76
Vestido Malmo Preto,Vestidos,Vestido Roland Preto,Vestidos,6,95.09
Vestido Malmo Vermelho,Vestidos,Vestido Harpa Vermelho,Vestidos,1,100.0
Vestido Malmo Vermelho,Vestidos,Vestido Cowden Vermelho,Vestidos,2,99.84
Vestido Malmo Vermelho,Vestidos,Vestido Tucker Vermelho,Vestidos,3,99.84
Vestido Malmo Vermelho,Vestidos,Vestido Brice Vermelho,Vestidos,4,98.08
Vestido Malmo Vermelho,Vestidos,Vestido Maddox Vermelho,Vestidos,5,97.93
Vestido Malmo Vermelho,Vestidos,Vestido Sartori Vermelho,Vestidos,6,95.76
Vestido Matt Preto,Vestidos,Vestido Alvorada Preto,Vestidos,1,99.88
Vestido Matt Preto,Vestidos,Vestido Linho Alanis Preto,Vestidos,2,99.83
Vestido Matt Preto,Vestidos,Vestido Bauhaus Preto,Vestidos,3,99.45
Vestido Matt Preto,Vestidos,Vestido Brice Preto,Vestidos,4,94.55
Vestido Matt Preto,Vestidos,Vestido Axel Preto,Vestidos,5,94.36
Vestido Matt Preto,Vestidos,Vestido Bianchi Preto,Vestidos,6,87.88
Vestido Mayon Pink,Vestidos,Vestido Mayon Rosê,Vestidos,1,64.55
Vestido Mayon Pink,Vestidos,Vestido Vallez Off-White,Vestidos,2,64.55
Vestido Mayon Pink,Vestidos,Vestido Vallez Preto,Vestidos,3,64.55
Vestido Mayon Pink,Vestidos,Vestido Rennie Off-White,Vestidos,4,64.5
Vestido Mayon Pink,Vestidos,Vestido Vitalli Off-White,Vestidos,5,64.5
Vestido Mayon Pink,Vestidos,Vestido Reidy Vermelho,Vestidos,6,62.08
Vestido Mayon Rosê,Vestidos,Vestido Zakynthos Rosê,Vestidos,1,93.97
Vestido Mayon Rosê,Vestidos,Vestido Bonet Rosê,Vestidos,2,82.52
Vestido Mayon Rosê,Vestidos,Vestido Mayon Pink,Vestidos,3,64.55
Vestido Mayon Rosê,Vestidos,Vestido Vallez Preto,Vestidos,4,64.55
Vestido Mayon Rosê,Vestidos,Vestido Vallez Off-White,Vestidos,5,64.55
Vestido Mayon Rosê,Vestidos,Vestido Rennie Off-White,Vestidos,6,64.5
Vestido Osbert Marrom,Vestidos,Vestido Roland Marrom,Vestidos,1,93.28
Vestido Osbert Marrom,Vestidos,Vestido Warren Marrom,Vestidos,2,89.81
Vestido Osbert Marrom,Vestidos,Vestido Maddox Vermelho,Vestidos,3,89.75
Vestido Osbert Marrom,Vestidos,Vestido Maddox Off-White,Vestidos,4,89.75
Vestido Osbert Marrom,Vestidos,Vestido Osbert Off-White,Vestidos,5,89.26
Vestido Osbert Marrom,Vestidos,Vestido Osbert Preto,Vestidos,6,89.26
Vestido Osbert Off-White,Vestidos,Vestido Maddox Off-White,Vestidos,1,99.95
Vestido Osbert Off-White,Vestidos,Vestido Ivory Off-White,Vestidos,2,99.27
Vestido Osbert Off-White,Vestidos,Vestido Riccie Off-White,Vestidos,3,98.53
Vestido Osbert Off-White,Vestidos,Vestido Malmo Off-White,Vestidos,4,98.53
Vestido Osbert Off-White,Vestidos,Vestido Cowden Off-White,Vestidos,5,97.41
Vestido Osbert Off-White,Vestidos,Vestido Tucker Off-White,Vestidos,6,97.41
Vestido Osbert Preto,Vestidos,Vestido Ivory Preto,Vestidos,1,99.27
Vestido Osbert Preto,Vestidos,Vestido Harpa Preto,Vestidos,2,98.53
Vestido Osbert Preto,Vestidos,Vestido Malmo Preto,Vestidos,3,98.53
Vestido Osbert Preto,Vestidos,Vestido Cowden Preto,Vestidos,4,97.41
Vestido Osbert Preto,Vestidos,Vestido Sartori Preto,Vestidos,5,96.56
Vestido Osbert Preto,Vestidos,Vestido Tess Preto,Vestidos,6,93.71
Vestido Perot Azul,Vestidos,Vestido Salk Azul,Vestidos,1,98.46
Vestido Perot Azul,Vestidos,Vestido Gio Azul,Vestidos,2,98.46
Vestido Perot Azul,Vestidos,Vestido Forest Azul,Vestidos,3,97.29
Vestido Perot Azul,Vestidos,Vestido Filippo Azul,Vestidos,4,74.46
Vestido Perot Azul,Vestidos,Vestido Reidy Preto,Vestidos,5,62.79
Vestido Perot Azul,Vestidos,Vestido Perot Vermelho,Vestidos,6,62.79
Vestido Perot Off-White,Vestidos,Vestido Iron Off-White,Vestidos,1,99.86
Vestido Perot Off-White,Vestidos,Vestido Tricot Murphy Preto com Off-White,Vestidos,2,99.31
Vestido Perot Off-White,Vestidos,Vestido Vitalli Off-White,Vestidos,3,98.5
Vestido Perot Off-White,Vestidos,Vestido Rennie Off-White,Vestidos,4,98.5
Vestido Perot Off-White,Vestidos,Vestido Gio Off-White,Vestidos,5,98.46
Vestido Perot Off-White,Vestidos,Vestido Salk Off-White,Vestidos,6,98.46
Vestido Perot Vermelho,Vestidos,Vestido Reidy Vermelho,Vestidos,1,100.0
Vestido Perot Vermelho,Vestidos,Vestido Tricot Nau Vermelho,Vestidos,2,99.38
Vestido Perot Vermelho,Vestidos,Vestido Tricot Murphy Vermelho,Vestidos,3,99.31
Vestido Perot Vermelho,Vestidos,Vestido Salk Vermelho,Vestidos,4,98.46
Vestido Perot Vermelho,Vestidos,Vestido Hadid Vermelho,Vestidos,5,97.29
Vestido Perot Vermelho,Vestidos,Vestido Barlett Vermelho,Vestidos,6,97.29
Vestido Reidy Paetê Dourado,Vestidos,Vestido Sanaa Paetê Dourado,Vestidos,1,82.31
Vestido Reidy Paetê Dourado,Vestidos,Vestido Perot Azul,Vestidos,2,62.79
Vestido Reidy Paetê Dourado,Vestidos,Vestido Perot Off-White,Vestidos,3,62.79
Vestido Reidy Paetê Dourado,Vestidos,Vestido Perot Vermelho,Vestidos,4,62.79
Vestido Reidy Paetê Dourado,Vestidos,Vestido Reidy Preto,Vestidos,5,62.79
Vestido Reidy Paetê Dourado,Vestidos,Vestido Reidy Vermelho,Vestidos,6,62.79
Vestido Reidy Preto,Vestidos,Vestido Tricot Nau Preto,Vestidos,1,99.38
Vestido Reidy Preto,Vestidos,Vestido Gio Preto,Vestidos,2,98.46
Vestido Reidy Preto,Vestidos,Vestido Vallez Preto,Vestidos,3,98.41
Vestido Reidy Preto,Vestidos,Vestido Hadid Preto,Vestidos,4,97.29
Vestido Reidy Preto,Vestidos,Vestido Barlett Preto,Vestidos,5,97.29
Vestido Reidy Preto,Vestidos,Vestido Forest Preto,Vestidos,6,97.29
Vestido Reidy Vermelho,Vestidos,Vestido Perot Vermelho,Vestidos,1,100.0
Vestido Reidy Vermelho,Vestidos,Vestido Tricot Nau Vermelho,Vestidos,2,99.38
Vestido Reidy Vermelho,Vestidos,Vestido Tricot Murphy Vermelho,Vestidos,3,99.31
Vestido Reidy Vermelho,Vestidos,Vestido Salk Vermelho,Vestidos,4,98.46
Vestido Reidy Vermelho,Vestidos,Vestido Hadid Vermelho,Vestidos,5,97.29
Vestido Reidy Vermelho,Vestidos,Vestido Barlett Vermelho,Vestidos,6,97.29
Vestido Rennie Off-White,Vestidos,Vestido Vitalli Off-White,Vestidos,1,100.0
Vestido Rennie Off-White,Vestidos,Vestido Vallez Off-White,Vestidos,2,100.0
Vestido Rennie Off-White,Vestidos,Vestido Perot Off-White,Vestidos,3,98.5
Vestido Rennie Off-White,Vestidos,Vestido Iron Off-White,Vestidos,4,97.45
Vestido Rennie Off-White,Vestidos,Vestido Tricot Murphy Preto com Off-White,Vestidos,5,95.8
Vestido Rennie Off-White,Vestidos,Vestido Gio Off-White,Vestidos,6,93.97
Vestido Riccie Off-White,Vestidos,Vestido Malmo Off-White,Vestidos,1,100.0
Vestido Riccie Off-White,Vestidos,Vestido Ivory Off-White,Vestidos,2,99.87
Vestido Riccie Off-White,Vestidos,Vestido Cowden Off-White,Vestidos,3,99.84
Vestido Riccie Off-White,Vestidos,Vestido Tucker Off-White,Vestidos,4,99.84
Vestido Riccie Off-White,Vestidos,Vestido Osbert Off-White,Vestidos,5,98.53
Vestido Riccie Off-White,Vestidos,Vestido Maddox Off-White,Vestidos,6,97.93
Vestido Rizzo Framboesa,Vestidos,Vestido Loren Preto,Vestidos,1,66.73
Vestido Rizzo Framboesa,Vestidos,Vestido Loren Off-White,Vestidos,2,66.73
Vestido Rizzo Framboesa,Vestidos,Vestido Tricot Effie Vermelho,Vestidos,3,66.73
Vestido Rizzo Framboesa,Vestidos,Vestido Tricot Effie Off-White,Vestidos,4,66.73
Vestido Rizzo Framboesa,Vestidos,Vestido Linho Sugarloaf Off-White,Vestidos,5,66.42
Vestido Rizzo Framboesa,Vestidos,Vestido Linho Sugarloaf Avelã,Vestidos,6,66.42
Vestido Rizzo Preto,Vestidos,Vestido Linho Reyes Preto,Vestidos,1,100.0
Vestido Rizzo Preto,Vestidos,Vestido Azarius Preto,Vestidos,2,100.0
Vestido Rizzo Preto,Vestidos,Vestido Linho Masp Preto,Vestidos,3,100.0
Vestido Rizzo Preto,Vestidos,Vestido Archie Preto,Vestidos,4,99.86
Vestido Rizzo Preto,Vestidos,Vestido Atlas Preto,Vestidos,5,99.86
Vestido Rizzo Preto,Vestidos,Vestido Linho Sugarloaf Preto,Vestidos,6,99.86
Vestido Rizzo Vermelho,Vestidos,Vestido Azarius Vermelho,Vestidos,1,100.0
Vestido Rizzo Vermelho,Vestidos,Vestido Ethan Vermelho,Vestidos,2,99.96
Vestido Rizzo Vermelho,Vestidos,Vestido Atlas Vermelho,Vestidos,3,99.86
Vestido Rizzo Vermelho,Vestidos,Vestido Archie Vermelho,Vestidos,4,99.86
Vestido Rizzo Vermelho,Vestidos,Vestido Asther Vermelho,Vestidos,5,99.85
Vestido Rizzo Vermelho,Vestidos,Vestido Barlett Vermelho,Vestidos,6,99.39
Vestido Roland Marrom,Vestidos,Vestido Warren Marrom,Vestidos,1,99.44
Vestido Roland Marrom,Vestidos,Vestido Brent Marrom,Vestidos,2,97.32
Vestido Roland Marrom,Vestidos,Vestido Osbert Marrom,Vestidos,3,93.28
Vestido Roland Marrom,Vestidos,Vestido Sartori Preto,Vestidos,4,88.8
Vestido Roland Marrom,Vestidos,Vestido Sartori Off-White,Vestidos,5,88.8
Vestido Roland Marrom,Vestidos,Vestido Sartori Rosê,Vestidos,6,88.8
Vestido Roland Off-White,Vestidos,Vestido Salvi Off-White,Vestidos,1,100.0
Vestido Roland Off-White,Vestidos,Vestido Fontaine Off-White,Vestidos,2,100.0
Vestido Roland Off-White,Vestidos,Vestido Walker Off-White,Vestidos,3,100.0
Vestido Roland Off-White,Vestidos,Vestido Cameron Off-White,Vestidos,4,99.87
Vestido Roland Off-White,Vestidos,Vestido Acacius Off-White,Vestidos,5,99.44
Vestido Roland Off-White,Vestidos,Vestido Warren Off-White,Vestidos,6,99.44
Vestido Roland Preto,Vestidos,Vestido Salvi Preto,Vestidos,1,100.0
Vestido Roland Preto,Vestidos,Vestido Fontaine Preto,Vestidos,2,100.0
Vestido Roland Preto,Vestidos,Vestido Walker Preto,Vestidos,3,100.0
Vestido Roland Preto,Vestidos,Vestido Cameron Preto,Vestidos,4,99.87
Vestido Roland Preto,Vestidos,Vestido Acacius Preto,Vestidos,5,99.44
Vestido Roland Preto,Vestidos,Vestido Warren Preto,Vestidos,6,99.44
Vestido Roland Vermelho,Vestidos,Vestido Walker Vermelho,Vestidos,1,100.0
Vestido Roland Vermelho,Vestidos,Vestido Salvi Vermelho,Vestidos,2,100.0
Vestido Roland Vermelho,Vestidos,Vestido Fontaine Vermelho,Vestidos,3,100.0
Vestido Roland Vermelho,Vestidos,Vestido Bridget Vermelho,Vestidos,4,100.0
Vestido Roland Vermelho,Vestidos,Vestido Acacius Vermelho,Vestidos,5,99.44
Vestido Roland Vermelho,Vestidos,Vestido Sartori Vermelho,Vestidos,6,98.69
Vestido Salk Azul,Vestidos,Vestido Gio Azul,Vestidos,1,100.0
Vestido Salk Azul,Vestidos,Vestido Forest Azul,Vestidos,2,99.84
Vestido Salk Azul,Vestidos,Vestido Perot Azul,Vestidos,3,98.46
Vestido Salk Azul,Vestidos,Vestido Hadid Preto,Vestidos,4,63.52
Vestido Salk Azul,Vestidos,Vestido Hadid Off-White,Vestidos,5,63.52
Vestido Salk Azul,Vestidos,Vestido Hadid Vermelho,Vestidos,6,63.52
Vestido Salk Off-White,Vestidos,Vestido Gio Off-White,Vestidos,1,100.0
Vestido Salk Off-White,Vestidos,Vestido Hadid Off-White,Vestidos,2,99.84
Vestido Salk Off-White,Vestidos,Vestido Forest Off-White,Vestidos,3,99.84
Vestido Salk Off-White,Vestidos,Vestido Barlett Off-White,Vestidos,4,99.84
Vestido Salk Off-White,Vestidos,Vestido Tricot Murphy Preto com Off-White,Vestidos,5,99.83
Vestido Salk Off-White,Vestidos,Vestido Linho Arum Off-White,Vestidos,6,99.36
Vestido Salk Vermelho,Vestidos,Vestido Hadid Vermelho,Vestidos,1,99.84
Vestido Salk Vermelho,Vestidos,Vestido Barlett Vermelho,Vestidos,2,99.84
Vestido Salk Vermelho,Vestidos,Vestido Tricot Murphy Vermelho,Vestidos,3,99.83
Vestido Salk Vermelho,Vestidos,Vestido Tricot Nau Vermelho,Vestidos,4,99.79
Vestido Salk Vermelho,Vestidos,Vestido Asther Vermelho,Vestidos,5,99.36
Vestido Salk Vermelho,Vestidos,Vestido Ethan Vermelho,Vestidos,6,99.01
Vestido Salvi Azul,Vestidos,Vestido Cameron Azul,Vestidos,1,99.87
Vestido Salvi Azul,Vestidos,Vestido Ivory Azul,Vestidos,2,94.85
Vestido Salvi Azul,Vestidos,Vestido Sartori Rosê,Vestidos,3,88.8
Vestido Salvi Azul,Vestidos,Vestido Sartori Preto,Vestidos,4,88.8
Vestido Salvi Azul,Vestidos,Vestido Sartori Off-White,Vestidos,5,88.8
Vestido Salvi Azul,Vestidos,Vestido Sartori Vermelho,Vestidos,6,88.8
Vestido Salvi Off-White,Vestidos,Vestido Roland Off-White,Vestidos,1,100.0
Vestido Salvi Off-White,Vestidos,Vestido Fontaine Off-White,Vestidos,2,100.0
Vestido Salvi Off-White,Vestidos,Vestido Walker Off-White,Vestidos,3,100.0
Vestido Salvi Off-White,Vestidos,Vestido Cameron Off-White,Vestidos,4,99.87
Vestido Salvi Off-White,Vestidos,Vestido Acacius Off-White,Vestidos,5,99.44
Vestido Salvi Off-White,Vestidos,Vestido Warren Off-White,Vestidos,6,99.44
Vestido Salvi Preto,Vestidos,Vestido Roland Preto,Vestidos,1,100.0
Vestido Salvi Preto,Vestidos,Vestido Fontaine Preto,Vestidos,2,100.0
Vestido Salvi Preto,Vestidos,Vestido Walker Preto,Vestidos,3,100.0
Vestido Salvi Preto,Vestidos,Vestido Cameron Preto,Vestidos,4,99.87
Vestido Salvi Preto,Vestidos,Vestido Acacius Preto,Vestidos,5,99.44
Vestido Salvi Preto,Vestidos,Vestido Warren Preto,Vestidos,6,99.44
Vestido Salvi Vermelho,Vestidos,Vestido Walker Vermelho,Vestidos,1,100.0
Vestido Salvi Vermelho,Vestidos,Vestido Roland Vermelho,Vestidos,2,100.0
Vestido Salvi Vermelho,Vestidos,Vestido Fontaine Vermelho,Vestidos,3,100.0
Vestido Salvi Vermelho,Vestidos,Vestido Bridget Vermelho,Vestidos,4,100.0
Vestido Salvi Vermelho,Vestidos,Vestido Acacius Vermelho,Vestidos,5,99.44
Vestido Salvi Vermelho,Vestidos,Vestido Sartori Vermelho,Vestidos,6,98.69
Vestido Sanaa Paetê Dourado,Vestidos,Vestido Reidy Paetê Dourado,Vestidos,1,82.31
Vestido Sanaa Paetê Dourado,Vestidos,Vestido Bauhaus Vermelho,Vestidos,2,63.78
Vestido Sanaa Paetê Dourado,Vestidos,Vestido Bauhaus Preto,Vestidos,3,63.78
Vestido Sanaa Paetê Dourado,Vestidos,Vestido Alvorada Preto,Vestidos,4,63.74
Vestido Sanaa Paetê Dourado,Vestidos,Vestido Alvorada Vermelho,Vestidos,5,63.74
Vestido Sanaa Paetê Dourado,Vestidos,Vestido Alvorada Off-White,Vestidos,6,63.74
Vestido Sanaa Paetê Prateado,Vestidos,Vestido Bauhaus Preto,Vestidos,1,63.78
Vestido Sanaa Paetê Prateado,Vestidos,Vestido Bauhaus Vermelho,Vestidos,2,63.78
Vestido Sanaa Paetê Prateado,Vestidos,Vestido Alvorada Off-White,Vestidos,3,63.74
Vestido Sanaa Paetê Prateado,Vestidos,Vestido Alvorada Preto,Vestidos,4,63.74
Vestido Sanaa Paetê Prateado,Vestidos,Vestido Alvorada Vermelho,Vestidos,5,63.74
Vestido Sanaa Paetê Prateado,Vestidos,Vestido Sanaa Paetê Dourado,Vestidos,6,63.61
Vestido Sartori Off-White,Vestidos,Vestido Salvi Off-White,Vestidos,1,98.69
Vestido Sartori Off-White,Vestidos,Vestido Roland Off-White,Vestidos,2,98.69
Vestido Sartori Off-White,Vestidos,Vestido Fontaine Off-White,Vestidos,3,98.69
Vestido Sartori Off-White,Vestidos,Vestido Walker Off-White,Vestidos,4,98.69
Vestido Sartori Off-White,Vestidos,Vestido Cameron Off-White,Vestidos,5,97.75
Vestido Sartori Off-White,Vestidos,Vestido Osbert Off-White,Vestidos,6,96.56
Vestido Sartori Preto,Vestidos,Vestido Salvi Preto,Vestidos,1,98.69
Vestido Sartori Preto,Vestidos,Vestido Roland Preto,Vestidos,2,98.69
Vestido Sartori Preto,Vestidos,Vestido Fontaine Preto,Vestidos,3,98.69
Vestido Sartori Preto,Vestidos,Vestido Walker Preto,Vestidos,4,98.69
Vestido Sartori Preto,Vestidos,Vestido Cameron Preto,Vestidos,5,97.75
Vestido Sartori Preto,Vestidos,Vestido Osbert Preto,Vestidos,6,96.56
Vestido Sartori Rosê,Vestidos,Vestido Sartori Vermelho,Vestidos,1,91.74
Vestido Sartori Rosê,Vestidos,Vestido Sartori Off-White,Vestidos,2,91.74
Vestido Sartori Rosê,Vestidos,Vestido Sartori Preto,Vestidos,3,91.74
Vestido Sartori Rosê,Vestidos,Vestido Salvi Preto,Vestidos,4,88.8
Vestido Sartori Rosê,Vestidos,Vestido Salvi Off-White,Vestidos,5,88.8
Vestido Sartori Rosê,Vestidos,Vestido Salvi Azul,Vestidos,6,88.8
Vestido Sartori Vermelho,Vestidos,Vestido Walker Vermelho,Vestidos,1,98.69
Vestido Sartori Vermelho,Vestidos,Vestido Salvi Vermelho,Vestidos,2,98.69
Vestido Sartori Vermelho,Vestidos,Vestido Roland Vermelho,Vestidos,3,98.69
Vestido Sartori Vermelho,Vestidos,Vestido Fontaine Vermelho,Vestidos,4,98.69
Vestido Sartori Vermelho,Vestidos,Vestido Bridget Vermelho,Vestidos,5,98.69
Vestido Sartori Vermelho,Vestidos,Vestido Acacius Vermelho,Vestidos,6,96.43
Vestido Tess Off-White,Vestidos,Vestido Zephyr Off-White,Vestidos,1,100.0
Vestido Tess Off-White,Vestidos,Vestido Amida Off-White,Vestidos,2,99.87
Vestido Tess Off-White,Vestidos,Vestido Tricot Aubrey Preto com Off-White,Vestidos,3,99.43
Vestido Tess Off-White,Vestidos,Vestido Filippo Off-White,Vestidos,4,99.43
Vestido Tess Off-White,Vestidos,Vestido Osbert Off-White,Vestidos,5,93.71
Vestido Tess Off-White,Vestidos,Vestido Maddox Off-White,Vestidos,6,93.56
Vestido Tess Preto,Vestidos,Vestido Filippo Preto,Vestidos,1,99.43
Vestido Tess Preto,Vestidos,Vestido Osbert Preto,Vestidos,2,93.71
Vestido Tess Preto,Vestidos,Vestido Ivory Preto,Vestidos,3,93.41
Vestido Tess Preto,Vestidos,Vestido Harpa Preto,Vestidos,4,92.88
Vestido Tess Preto,Vestidos,Vestido Malmo Preto,Vestidos,5,92.88
Vestido Tess Preto,Vestidos,Vestido Cowden Preto,Vestidos,6,92.0
Vestido Tess Vermelho,Vestidos,Vestido Tricot Aubrey Vermelho,Vestidos,1,99.43
Vestido Tess Vermelho,Vestidos,Vestido Collins Vermelho,Vestidos,2,99.43
Vestido Tess Vermelho,Vestidos,Vestido Maddox Vermelho,Vestidos,3,93.56
Vestido Tess Vermelho,Vestidos,Vestido Harpa Vermelho,Vestidos,4,92.88
Vestido Tess Vermelho,Vestidos,Vestido Malmo Vermelho,Vestidos,5,92.88
Vestido Tess Vermelho,Vestidos,Vestido Cowden Vermelho,Vestidos,6,92.0
Vestido Tricot Aubrey Bege,Vestidos,Vestido Zephyr Off-White,Vestidos,1,82.52
Vestido Tricot Aubrey Bege,Vestidos,Vestido Tess Vermelho,Vestidos,2,82.52
Vestido Tricot Aubrey Bege,Vestidos,Vestido Tess Off-White,Vestidos,3,82.52
Vestido Tricot Aubrey Bege,Vestidos,Vestido Tess Preto,Vestidos,4,82.52
Vestido Tricot Aubrey Bege,Vestidos,Vestido Amida Off-White,Vestidos,5,81.92
Vestido Tricot Aubrey Bege,Vestidos,Vestido Tricot Aubrey Vermelho,Vestidos,6,80.99
Vestido Tricot Aubrey Preto com Off-White,Vestidos,Vestido Filippo Off-White,Vestidos,1,100.0
Vestido Tricot Aubrey Preto com Off-White,Vestidos,Vestido Amida Off-White,Vestidos,2,99.84
Vestido Tricot Aubrey Preto com Off-White,Vestidos,Vestido Tess Off-White,Vestidos,3,99.43
Vestido Tricot Aubrey Preto com Off-White,Vestidos,Vestido Zephyr Off-White,Vestidos,4,99.43
Vestido Tricot Aubrey Preto com Off-White,Vestidos,Vestido Ivory Off-White,Vestidos,5,92.04
Vestido Tricot Aubrey Preto com Off-White,Vestidos,Vestido Malmo Off-White,Vestidos,6,92.0
Vestido Tricot Aubrey Vermelho,Vestidos,Vestido Collins Vermelho,Vestidos,1,100.0
Vestido Tricot Aubrey Vermelho,Vestidos,Vestido Tess Vermelho,Vestidos,2,99.43
Vestido Tricot Aubrey Vermelho,Vestidos,Vestido Harpa Vermelho,Vestidos,3,92.0
Vestido Tricot Aubrey Vermelho,Vestidos,Vestido Malmo Vermelho,Vestidos,4,92.0
Vestido Tricot Aubrey Vermelho,Vestidos,Vestido Cowden Vermelho,Vestidos,5,91.67
Vestido Tricot Aubrey Vermelho,Vestidos,Vestido Tucker Vermelho,Vestidos,6,91.67
Vestido Tricot Effie Off-White,Vestidos,Vestido Loren Off-White,Vestidos,1,100.0
Vestido Tricot Effie Off-White,Vestidos,Vestido Atlas Off-White,Vestidos,2,98.93
Vestido Tricot Effie Off-White,Vestidos,Vestido Calla Off-White,Vestidos,3,98.93
Vestido Tricot Effie Off-White,Vestidos,Vestido Linho Sugarloaf Off-White,Vestidos,4,98.93
Vestido Tricot Effie Off-White,Vestidos,Vestido Archie Off-White,Vestidos,5,98.93
Vestido Tricot Effie Off-White,Vestidos,Vestido Linho Masp Off-White,Vestidos,6,98.13
Vestido Tricot Effie Vermelho,Vestidos,Vestido Archie Vermelho,Vestidos,1,98.93
Vestido Tricot Effie Vermelho,Vestidos,Vestido Atlas Vermelho,Vestidos,2,98.93
Vestido Tricot Effie Vermelho,Vestidos,Vestido Rizzo Vermelho,Vestidos,3,98.03
Vestido Tricot Effie Vermelho,Vestidos,Vestido Azarius Vermelho,Vestidos,4,98.03
Vestido Tricot Effie Vermelho,Vestidos,Vestido Ethan Vermelho,Vestidos,5,97.45
Vestido Tricot Effie Vermelho,Vestidos,Vestido Asther Vermelho,Vestidos,6,96.8
Vestido Tricot Murphy Avelã,Vestidos,Vestido Tricot Nau Avelã,Vestidos,1,100.0
Vestido Tricot Murphy Avelã,Vestidos,Vestido Linho Arum Avelã,Vestidos,2,98.53
Vestido Tricot Murphy Avelã,Vestidos,Vestido Linho Masp Avelã,Vestidos,3,97.33
Vestido Tricot Murphy Avelã,Vestidos,Vestido Linho Sugarloaf Avelã,Vestidos,4,96.13
Vestido Tricot Murphy Avelã,Vestidos,Vestido Linho Alanis Avelã,Vestidos,5,80.89
Vestido Tricot Murphy Avelã,Vestidos,Macacão Rith Avelã,Macacões,6,63.57
Vestido Tricot Murphy Preto com Off-White,Vestidos,Vestido Salk Off-White,Vestidos,1,99.83
Vestido Tricot Murphy Preto com Off-White,Vestidos,Vestido Gio Off-White,Vestidos,2,99.83
Vestido Tricot Murphy Preto com Off-White,Vestidos,Vestido Iron Off-White,Vestidos,3,99.79
Vestido Tricot Murphy Preto com Off-White,Vestidos,Vestido Forest Off-White,Vestidos,4,99.33
Vestido Tricot Murphy Preto com Off-White,Vestidos,Vestido Hadid Off-White,Vestidos,5,99.33
Vestido Tricot Murphy Preto com Off-White,Vestidos,Vestido Barlett Off-White,Vestidos,6,99.33
Vestido Tricot Murphy Vermelho,Vestidos,Vestido Tricot Nau Vermelho,Vestidos,1,100.0
Vestido Tricot Murphy Vermelho,Vestidos,Vestido Salk Vermelho,Vestidos,2,99.83
Vestido Tricot Murphy Vermelho,Vestidos,Vestido Hadid Vermelho,Vestidos,3,99.33
Vestido Tricot Murphy Vermelho,Vestidos,Vestido Barlett Vermelho,Vestidos,4,99.33
Vestido Tricot Murphy Vermelho,Vestidos,Vestido Perot Vermelho,Vestidos,5,99.31
Vestido Tricot Murphy Vermelho,Vestidos,Vestido Reidy Vermelho,Vestidos,6,99.31
Vestido Tricot Nau Avelã,Vestidos,Vestido Tricot Murphy Avelã,Vestidos,1,100.0
Vestido Tricot Nau Avelã,Vestidos,Vestido Linho Arum Avelã,Vestidos,2,98.43
Vestido Tricot Nau Avelã,Vestidos,Vestido Linho Masp Avelã,Vestidos,3,97.19
Vestido Tricot Nau Avelã,Vestidos,Vestido Linho Sugarloaf Avelã,Vestidos,4,95.96
Vestido Tricot Nau Avelã,Vestidos,Vestido Linho Alanis Avelã,Vestidos,5,80.72
Vestido Tricot Nau Avelã,Vestidos,Macacão Rith Avelã,Macacões,6,63.51
Vestido Tricot Nau Preto,Vestidos,Vestido Gio Preto,Vestidos,1,99.79
Vestido Tricot Nau Preto,Vestidos,Vestido Reidy Preto,Vestidos,2,99.38
Vestido Tricot Nau Preto,Vestidos,Vestido Hadid Preto,Vestidos,3,99.26
Vestido Tricot Nau Preto,Vestidos,Vestido Barlett Preto,Vestidos,4,99.26
Vestido Tricot Nau Preto,Vestidos,Vestido Forest Preto,Vestidos,5,99.26
Vestido Tricot Nau Preto,Vestidos,Vestido Linho Arum Preto,Vestidos,6,98.43
Vestido Tricot Nau Vermelho,Vestidos,Vestido Tricot Murphy Vermelho,Vestidos,1,100.0
Vestido Tricot Nau Vermelho,Vestidos,Vestido Salk Vermelho,Vestidos,2,99.79
Vestido Tricot Nau Vermelho,Vestidos,Vestido Reidy Vermelho,Vestidos,3,99.38
Vestido Tricot Nau Vermelho,Vestidos,Vestido Perot Vermelho,Vestidos,4,99.38
Vestido Tricot Nau Vermelho,Vestidos,Vestido Hadid Vermelho,Vestidos,5,99.26
Vestido Tricot Nau Vermelho,Vestidos,Vestido Barlett Vermelho,Vestidos,6,99.26
Vestido Tucker Off-White,Vestidos,Vestido Cowden Off-White,Vestidos,1,100.0
Vestido Tucker Off-White,Vestidos,Vestido Malmo Off-White,Vestidos,2,99.84
Vestido Tucker Off-White,Vestidos,Vestido Riccie Off-White,Vestidos,3,99.84
Vestido Tucker Off-White,Vestidos,Vestido Ivory Off-White,Vestidos,4,99.43
Vestido Tucker Off-White,Vestidos,Vestido Osbert Off-White,Vestidos,5,97.41
Vestido Tucker Off-White,Vestidos,Vestido Maddox Off-White,Vestidos,6,96.63
Vestido Tucker Vermelho,Vestidos,Vestido Cowden Vermelho,Vestidos,1,100.0
Vestido Tucker Vermelho,Vestidos,Vestido Harpa Vermelho,Vestidos,2,99.84
Vestido Tucker Vermelho,Vestidos,Vestido Malmo Vermelho,Vestidos,3,99.84
Vestido Tucker Vermelho,Vestidos,Vestido Brice Vermelho,Vestidos,4,99.03
Vestido Tucker Vermelho,Vestidos,Vestido Maddox Vermelho,Vestidos,5,96.63
Vestido Tucker Vermelho,Vestidos,Vestido Fontaine Vermelho,Vestidos,6,95.08
Vestido Vallez Off-White,Vestidos,Vestido Rennie Off-White,Vestidos,1,100.0
Vestido Vallez Off-White,Vestidos,Vestido Vitalli Off-White,Vestidos,2,100.0
Vestido Vallez Off-White,Vestidos,Vestido Perot Off-White,Vestidos,3,98.41
Vestido Vallez Off-White,Vestidos,Vestido Iron Off-White,Vestidos,4,97.33
Vestido Vallez Off-White,Vestidos,Vestido Tricot Murphy Preto com Off-White,Vestidos,5,95.64
Vestido Vallez Off-White,Vestidos,Vestido Gio Off-White,Vestidos,6,93.78
Vestido Vallez Preto,Vestidos,Vestido Reidy Preto,Vestidos,1,98.41
Vestido Vallez Preto,Vestidos,Vestido Tricot Nau Preto,Vestidos,2,95.81
Vestido Vallez Preto,Vestidos,Vestido Gio Preto,Vestidos,3,93.78
Vestido Vallez Preto,Vestidos,Vestido Hadid Preto,Vestidos,4,91.63
Vestido Vallez Preto,Vestidos,Vestido Barlett Preto,Vestidos,5,91.63
Vestido Vallez Preto,Vestidos,Vestido Forest Preto,Vestidos,6,91.63
Vestido Vitalli Off-White,Vestidos,Vestido Rennie Off-White,Vestidos,1,100.0
Vestido Vitalli Off-White,Vestidos,Vestido Vallez Off-White,Vestidos,2,100.0
Vestido Vitalli Off-White,Vestidos,Vestido Perot Off-White,Vestidos,3,98.5
Vestido Vitalli Off-White,Vestidos,Vestido Iron Off-White,Vestidos,4,97.45
Vestido Vitalli Off-White,Vestidos,Vestido Tricot Murphy Preto com Off-White,Vestidos,5,95.8
Vestido Vitalli Off-White,Vestidos,Vestido Gio Off-White,Vestidos,6,93.97
Vestido Walker Framboesa,Vestidos,Vestido Fontaine Framboesa,Vestidos,1,100.0
Vestido Walker Framboesa,Vestidos,Vestido Sartori Vermelho,Vestidos,2,88.8
Vestido Walker Framboesa,Vestidos,Vestido Sartori Preto,Vestidos,3,88.8
Vestido Walker Framboesa,Vestidos,Vestido Sartori Off-White,Vestidos,4,88.8
Vestido Walker Framboesa,Vestidos,Vestido Sartori Rosê,Vestidos,5,88.8
Vestido Walker Framboesa,Vestidos,Vestido Salvi Azul,Vestidos,6,88.16
Vestido Walker Off-White,Vestidos,Vestido Salvi Off-White,Vestidos,1,100.0
Vestido Walker Off-White,Vestidos,Vestido Roland Off-White,Vestidos,2,100.0
Vestido Walker Off-White,Vestidos,Vestido Fontaine Off-White,Vestidos,3,100.0
Vestido Walker Off-White,Vestidos,Vestido Cameron Off-White,Vestidos,4,99.87
Vestido Walker Off-White,Vestidos,Vestido Acacius Off-White,Vestidos,5,99.44
Vestido Walker Off-White,Vestidos,Vestido Warren Off-White,Vestidos,6,99.44
Vestido Walker Preto,Vestidos,Vestido Salvi Preto,Vestidos,1,100.0
Vestido Walker Preto,Vestidos,Vestido Roland Preto,Vestidos,2,100.0
Vestido Walker Preto,Vestidos,Vestido Fontaine Preto,Vestidos,3,100.0
Vestido Walker Preto,Vestidos,Vestido Cameron Preto,Vestidos,4,99.87
Vestido Walker Preto,Vestidos,Vestido Acacius Preto,Vestidos,5,99.44
Vestido Walker Preto,Vestidos,Vestido Warren Preto,Vestidos,6,99.44
Vestido Walker Vermelho,Vestidos,Vestido Salvi Vermelho,Vestidos,1,100.0
Vestido Walker Vermelho,Vestidos,Vestido Roland Vermelho,Vestidos,2,100.0
Vestido Walker Vermelho,Vestidos,Vestido Fontaine Vermelho,Vestidos,3,100.0
Vestido Walker Vermelho,Vestidos,Vestido Bridget Vermelho,Vestidos,4,100.0
Vestido Walker Vermelho,Vestidos,Vestido Acacius Vermelho,Vestidos,5,99.44
Vestido Walker Vermelho,Vestidos,Vestido Sartori Vermelho,Vestidos,6,98.69
Vestido Warren Marrom,Vestidos,Vestido Roland Marrom,Vestidos,1,99.44
Vestido Warren Marrom,Vestidos,Vestido Brent Marrom,Vestidos,2,99.21
Vestido Warren Marrom,Vestidos,Vestido Osbert Marrom,Vestidos,3,89.81
Vestido Warren Marrom,Vestidos,Vestido Salvi Preto,Vestidos,4,86.48
Vestido Warren Marrom,Vestidos,Vestido Salvi Vermelho,Vestidos,5,86.48
Vestido Warren Marrom,Vestidos,Vestido Roland Off-White,Vestidos,6,86.48
Vestido Warren Off-White,Vestidos,Vestido Acacius Off-White,Vestidos,1,100.0
Vestido Warren Off-White,Vestidos,Vestido Cameron Off-White,Vestidos,2,99.85
Vestido Warren Off-White,Vestidos,Vestido Jones Off-White,Vestidos,3,99.82
Vestido Warren Off-White,Vestidos,Vestido Dylan Off-White,Vestidos,4,99.82
Vestido Warren Off-White,Vestidos,Vestido Ludwig Off-White,Vestidos,5,99.82
Vestido Warren Off-White,Vestidos,Vestido Roland Off-White,Vestidos,6,99.44
Vestido Warren Preto,Vestidos,Vestido Acacius Preto,Vestidos,1,100.0
Vestido Warren Preto,Vestidos,Vestido Cameron Preto,Vestidos,2,99.85
Vestido Warren Preto,Vestidos,Vestido Jones Preto,Vestidos,3,99.82
Vestido Warren Preto,Vestidos,Vestido Dylan Preto,Vestidos,4,99.82
Vestido Warren Preto,Vestidos,Vestido Ludwig Preto,Vestidos,5,99.82
Vestido Warren Preto,Vestidos,Vestido Roland Preto,Vestidos,6,99.44
Vestido Zakynthos Rosê,Vestidos,Vestido Mayon Rosê,Vestidos,1,93.97
Vestido Zakynthos Rosê,Vestidos,Vestido Bonet Rosê,Vestidos,2,82.4
Vestido Zakynthos Rosê,Vestidos,Vestido Hadid Off-White,Vestidos,3,63.46
Vestido Zakynthos Rosê,Vestidos,Vestido Barlett Preto,Vestidos,4,63.46
Vestido Zakynthos Rosê,Vestidos,Vestido Hadid Preto,Vestidos,5,63.46
Vestido Zakynthos Rosê,Vestidos,Vestido Hadid Vermelho,Vestidos,6,63.46
Vestido Zephyr Off-White,Vestidos,Vestido Tess Off-White,Vestidos,1,100.0
Vestido Zephyr Off-White,Vestidos,Vestido Amida Off-White,Vestidos,2,99.87
Vestido Zephyr Off-White,Vestidos,Vestido Tricot Aubrey Preto com Off-White,Vestidos,3,99.43
Vestido Zephyr Off-White,Vestidos,Vestido Filippo Off-White,Vestidos,4,99.43
Vestido Zephyr Off-White,Vestidos,Vestido Osbert Off-White,Vestidos,5,93.71
Vestido Zephyr Off-White,Vestidos,Vestido Maddox Off-White,Vestidos,6,93.56
