product_id,name,url,collection,category,color,price,original_price,discount_pct,sizes,description,composition,availability_text,image_urls,source,collected_at,price_source,price_confidence,price_http_status,price_error,size_count,price_vs_category,portfolio_cluster,ml_x,ml_y,cluster_size
4870,Biquíni Alann Marrom,https://www.intibrand.com/produto/biquini-alann-marrom-4870,VERÃO 2027,Biquínis,Marrom,220.0,699.0,68.53,PP|P|M|G,"O Biquíni Alann combina delicadeza e modernidade, transformando qualquer produção de praia. O top triangular apresenta alça em metal exclusiva que valoriza o busto. A calcinha, com tiras finas, alonga a silhueta e cria um visual clean e elegante. Composição: 87% Poliéster / 13% Elastano Modelo veste PP.",87% Poliéster / 13% Elastano,partial_or_variant_unavailable,https://cdn.vnda.com.br/intibrand/2026/04/01/17_51_30_138_gaby-20v-c3-8ddeos-20-20-story-20-202026-04-01t175034-449-17049000.jpg?v=1775076690,public_catalog,2026-08-24T17:28:30.310313-03:00,jsonld:price,HIGH,200,,4,1.8644067796610169,1,-2.593777804694852,2.67387670505872,46
4867,Biquíni Alann Pérola,https://www.intibrand.com/produto/biquini-alann-perola-4867,VERÃO 2027,Biquínis,Pérola,220.0,699.0,68.53,PP|P|M|G,"O Biquíni Alann combina delicadeza e modernidade, transformando qualquer produção de praia. O top triangular apresenta alça em metal exclusiva que valoriza o busto. A calcinha, com tiras finas, alonga a silhueta e cria um visual clean e elegante. Composição: 84% Poliamida / 16% Elastano Modelo veste PP.",84% Poliamida / 16% Elastano,unavailable,https://cdn.vnda.com.br/intibrand/2026/04/01/17_52_43_626_gaby-20v-c3-8ddeos-20-20-story-20-202026-04-01t175204-361-17043590.jpg?v=1775076769,public_catalog,2026-08-24T17:28:30.310313-03:00,jsonld:price,HIGH,200,,4,1.8644067796610169,1,-2.6399801952102004,2.672695818277632,46
4868,Biquíni Alann Preto,https://www.intibrand.com/produto/biquini-alann-preto-4868,VERÃO 2027,Biquínis,Preto,220.0,699.0,68.53,PP|P|M|G,"O Biquíni Alann combina delicadeza e modernidade, transformando qualquer produção de praia. O top triangular apresenta alça em metal exclusiva que valoriza o busto. A calcinha, com tiras finas, alonga a silhueta e cria um visual clean e elegante. Composição: 84% Poliamida / 16% Elastano Modelo veste PP.",84% Poliamida / 16% Elastano,partial_or_variant_unavailable,https://cdn.vnda.com.br/intibrand/2026/04/01/17_53_51_963_gaby-20v-c3-8ddeos-20-20-story-20-202026-04-01t175334-222-17045380.jpg?v=1775076831,public_catalog,2026-08-24T17:28:30.310313-03:00,jsonld:price,HIGH,200,,4,1.8644067796610169,1,-2.6013603602706907,2.685918994525768,46
4228,Biquíni Alessio Castanho,https://www.intibrand.com/produto/biquini-alessio-castanho-4228,VERÃO 2027,Biquínis,Castanho,137.5,344.5,60.09,PP|P|M|G|GG,"Um biquíni unilateral com hot pants, pensado para os melhores dias de sol da próxima temporada. Feito em microfibra com ótima sustentação. Modelo veste PP.",,unavailable,https://cdn.vnda.com.br/intibrand/2024/10/18/17_56_46_341_17_10_8_816_biquc38dni20alessio20castanho20frente.jpg?v=1729285028,public_catalog,2026-08-24T17:28:30.310313-03:00,jsonld:price,HIGH,200,,5,1.1652542372881356,3,-1.5662657364343584,0.7812563996079988,81
4226,Biquíni Alessio Preto,https://www.intibrand.com/produto/biquini-alessio-preto-4226,VERÃO 2027,Biquínis,Preto,137.5,344.5,60.09,PP|P|M|G|GG,"Um biquíni unilateral com hot pants, pensado para os melhores dias de sol da próxima temporada. Feito em microfibra com ótima sustentação. Modelo veste PP.",,partial_or_variant_unavailable,https://cdn.vnda.com.br/intibrand/2024/10/18/17_58_29_604_17_10_5_569_biquc38dni20alessio20vermelho20preto20frente.jpg?v=1729285109,public_catalog,2026-08-24T17:28:30.310313-03:00,jsonld:price,HIGH,200,,5,1.1652542372881356,3,-1.5593519871190333,0.8050992840883668,81
4227,Biquíni Alessio Vermelho Carmim,https://www.intibrand.com/produto/biquini-alessio-vermelho-carmim-4227,VERÃO 2027,Biquínis,Vermelho Carmim,137.5,344.5,60.09,PP|P|M|G|GG,"Um biquíni unilateral com hot pants, pensado para os melhores dias de sol da próxima temporada. Feito em microfibra com ótima sustentação. Modelo veste PP.",,unavailable,https://cdn.vnda.com.br/intibrand/2024/10/18/17_59_18_813_17_10_8_820_biquc38dni20alessio20vermelho20carmin20frente.jpg?v=1729285181,public_catalog,2026-08-24T17:28:30.310313-03:00,jsonld:price,HIGH,200,,5,1.1652542372881356,3,-1.5639419843114546,0.7782853546845511,81
3197,Biquíni Arenella Azul Marinho,https://www.intibrand.com/produto/biquini-arenella-azul-marinho-3197,VERÃO 2027,Biquínis,Azul Marinho,130.0,319.5,59.31,PP|P|M|G,"Top triangular estilo cortininha com bojo removível, trazendo um toque sofisticado com alças de corrente de metal banhado a ouro, ajustáveis e confortáveis. O fechamento posterior também é em metal. A calcinha no estilo tanga acompanha o design refinado com correntes laterais banhadas a ouro. Confeccionado em malha fluity. Modelo veste PP.",,unavailable,https://cdn.vnda.com.br/intibrand/2022/04/06/13_4_5_536_BIQUINIARENELLAAZULMARINHOSOLTA.jpg?v=1649263794,public_catalog,2026-08-24T17:28:30.310313-03:00,jsonld:price,HIGH,200,,4,1.1016949152542372,3,-1.9423370834014606,0.2769624189811351,81
3196,Biquíni Arenella Off-White,https://www.intibrand.com/produto/biquini-arenella-off-white-3196,VERÃO 2027,Biquínis,Off White,130.0,319.5,59.31,PP|P|M|G,"Top triangular estilo cortininha com bojo removível, trazendo um toque sofisticado com alças de corrente de metal banhado a ouro, ajustáveis e confortáveis. O fechamento posterior também é em metal. A calcinha no estilo tanga acompanha o design refinado com correntes laterais banhadas a ouro. Confeccionado em malha fluity. Composição: 84% Poliamida / 16% Elastano Modelo veste PP.",84% Poliamida / 16% Elastano,unavailable,https://cdn.vnda.com.br/intibrand/2022/04/06/13_4_0_093_BIQUINIARENELLAOFFWHITEFRENTE.jpg?v=1743003136,public_catalog,2026-08-24T17:28:30.310313-03:00,jsonld:price,HIGH,200,,4,1.1016949152542372,3,-1.8821932889813289,0.27174848110166,81
3193,Biquíni Arenella Preto,https://www.intibrand.com/produto/biquini-arenella-preto-3193,VERÃO 2027,Biquínis,Preto,130.0,319.5,59.31,PP|P|M|G,"Top triangular estilo cortininha com bojo removível, trazendo um toque sofisticado com alças de corrente de metal banhado a ouro, ajustáveis e confortáveis. O fechamento posterior também é em metal. A calcinha no estilo tanga acompanha o design refinado com correntes laterais banhadas a ouro. Confeccionado em malha fluity. Composição: 84% Poliamida / 16% Elastano Modelo veste PP.",84% Poliamida / 16% Elastano,unavailable,https://cdn.vnda.com.br/intibrand/2022/04/06/14_4_5_524_BIQUINIARENELLAPRETOFRENTE2.jpg?v=1743003932,public_catalog,2026-08-24T17:28:30.310313-03:00,jsonld:price,HIGH,200,,4,1.1016949152542372,3,-1.934291935633201,0.3032861981231186,81
3195,Biquíni Arenella Rosê,https://www.intibrand.com/produto/biquini-arenella-rose-3195,VERÃO 2027,Biquínis,Rosê,130.0,319.5,59.31,PP|P|M|G,"Top triangular estilo cortininha com bojo removível, trazendo um toque sofisticado com alças de corrente de metal banhado a ouro, ajustáveis e confortáveis. O fechamento posterior também é em metal. A calcinha no estilo tanga acompanha o design refinado com correntes laterais banhadas a ouro. Confeccionado em malha fluity. Composição: 84% Poliamida / 16% Elastano Modelo veste PP.",84% Poliamida / 16% Elastano,unavailable,https://cdn.vnda.com.br/intibrand/2022/04/06/14_4_6_655_BIQUINIARENELLAROSESOLTA.jpg?v=1649265764,public_catalog,2026-08-24T17:28:30.310313-03:00,jsonld:price,HIGH,200,,4,1.1016949152542372,3,-1.9361937486336946,0.2787514256217613,81
4393,Biquíni Atticus Pérola,https://www.intibrand.com/produto/biquini-atticus-perola-4393,VERÃO 2027,Biquínis,Pérola,110.0,334.5,67.12,P|M|G,"O Biquíni Atticus combina elegância e conforto em uma peça sofisticada para o verão. O top tem aro fixo e as alças largas garantem sustentação e conforto, ideal para diversos tipos de corpos. Para a calcinha escolhemos nosso clássico asa delta. Feito em microfibra. Composição: 84% Poliamida / 16% Elastano Modelo veste PP.",84% Poliamida / 16% Elastano,unavailable,https://cdn.vnda.com.br/intibrand/2025/01/28/17_09_32_198_17_1_6_610_biquc38dni20atticus20pc389rola2020frente202201.jpg?v=1738094972,public_catalog,2026-08-24T17:28:30.310313-03:00,jsonld:price,HIGH,200,,3,0.9322033898305084,3,-2.6438960955998567,0.039943400409045676,81
4395,Biquíni Atticus Terracota,https://www.intibrand.com/produto/biquini-atticus-terracota-4395,VERÃO 2027,Biquínis,Terracota,110.0,334.5,67.12,P|M|G,"O Biquíni Atticus combina elegância e conforto em uma peça sofisticada para o verão. O top tem aro fixo e as alças largas garantem sustentação e conforto, ideal para diversos tipos de corpos. Para a calcinha escolhemos nosso clássico asa delta. Feito em trilobal. Composição: 85% Poliamida / 15% Elastano Modelo veste PP.",85% Poliamida / 15% Elastano,unavailable,https://cdn.vnda.com.br/intibrand/2025/01/28/17_09_58_512_17_1_9_929_biquc38dni20atticus20terracota20frente201.jpg?v=1745944669,public_catalog,2026-08-24T17:28:30.310313-03:00,jsonld:price,HIGH,200,,3,0.9322033898305084,3,-2.6109889141613665,0.026815115445401612,81
3481,Biquíni Azov Preto,https://www.intibrand.com/produto/biquini-azov-preto-3481,VERÃO 2027,Biquínis,Preto,95.0,239.5,60.33,PP|P|M|G|GG,,,unavailable,https://cdn.vnda.com.br/intibrand/2022/08/29/17_8_1_126_BIQUNIAZOVPRETOFRENTE.jpg?v=1661805982,public_catalog,2026-08-24T17:28:30.310313-03:00,jsonld:price,HIGH,200,,5,0.8050847457627118,3,-1.4871189061718197,0.09196995179222896,81
4603,Biquíni Bardi Cobre,https://www.intibrand.com/produto/biquini-bardi-cobre-4603,VERÃO 2027,Biquínis,Cobre,137.5,344.5,60.09,PP|P|M|G,"Um design escultural e sofisticado, o biquíni Bardi se destaca pelo top com decote halter transpassado e aviamento orgânico, criando um recorte estratégico que valoriza o busto. A modelagem da calcinha hot pants traz elegância e ajuste impecável ao corpo, conferindo uma sofisticação atemporal. Composição: 87% Poliamida / 13% Elastano Modelo veste PP.",87% Poliamida / 13% Elastano,partial_or_variant_unavailable,https://cdn.vnda.com.br/intibrand/2025/09/17/16_31_23_633_biqu-c3-8dni-20bardi-20cobre-20frente-16097700.jpg?v=1758137483,public_catalog,2026-08-24T17:28:30.310313-03:00,jsonld:price,HIGH,200,,4,1.1652542372881356,3,-1.9920395014262158,0.43656708929440274,81
4601,Biquíni Bardi Off-White,https://www.intibrand.com/produto/biquini-bardi-off-white-4601,VERÃO 2027,Biquínis,Off White,137.5,344.5,60.09,PP|P|M|G,"Um design escultural e sofisticado, o biquíni Bardi se destaca pelo top com decote halter transpassado e aviamento orgânico, criando um recorte estratégico que valoriza o busto. A modelagem da calcinha hot pants traz elegância e ajuste impecável ao corpo, conferindo uma sofisticação atemporal. Composição: 87% Poliamida / 13% Elastano Modelo veste PP.",87% Poliamida / 13% Elastano,unavailable,https://cdn.vnda.com.br/intibrand/2025/09/17/16_29_49_486_biqu-c3-8dni-20bardi-20p-c3-89rola-20frente-16097510.jpg?v=1758137399,public_catalog,2026-08-24T17:28:30.310313-03:00,jsonld:price,HIGH,200,,4,1.1652542372881356,3,-1.9248273667754237,0.440451532122583,81
4602,Biquíni Bardi Preto,https://www.intibrand.com/produto/biquini-bardi-preto-4602,VERÃO 2027,Biquínis,Preto,137.5,344.5,60.09,PP|P|M|G,"Um design escultural e sofisticado, o biquíni Bardi se destaca pelo top com decote halter transpassado e aviamento orgânico, criando um recorte estratégico que valoriza o busto. A modelagem da calcinha hot pants traz elegância e ajuste impecável ao corpo, conferindo uma sofisticação atemporal. Composição: 87% Poliamida / 13% Elastano Modelo veste PP.",87% Poliamida / 13% Elastano,partial_or_variant_unavailable,https://cdn.vnda.com.br/intibrand/2025/09/17/16_32_06_699_biqu-c3-8dni-20bardi-20preto-20frente-16099120.jpg?v=1758137526,public_catalog,2026-08-24T17:28:30.310313-03:00,jsonld:price,HIGH,200,,4,1.1652542372881356,3,-1.9769260134272957,0.47198924914404156,81
3006,Biquíni Bercy Pérola,https://www.intibrand.com/produto/biquini-bercy-perola-3006,VERÃO 2027,Biquínis,Pérola,110.0,394.5,72.12,P|M|G,"Biquíni formato triângulo, textura de nervura, com parte superior fixa e duas alças de sustentação finas e também fixas. Calcinha estilo asa-delta e com detalhe de nervura. Confeccionada em tecido de microfibra e acabamento todo embutido. Confeccionado em Microfibra (malha de poliamida). Composição: 85% Poliamida, 15% Elastano.","85% Poliamida, 15% Elastano.",unavailable,https://cdn.vnda.com.br/intibrand/2023/06/21/14_6_0_002_BIQUC38DNI20BERCY20PC389ROLA20FRENTE.jpg?v=1713551785,public_catalog,2026-08-24T17:28:30.310313-03:00,jsonld:price,HIGH,200,,3,0.9322033898305084,3,-2.866761002163752,0.3941922382837916,81
3005,Biquíni Bercy Preto,https://www.intibrand.com/produto/biquini-bercy-preto-3005,VERÃO 2027,Biquínis,Preto,110.0,394.5,72.12,P|M|G,"Biquíni formato triângulo, textura de nervura, com parte superior fixa e duas alças de sustentação finas e também fixas. Calcinha estilo asa-delta e com detalhe de nervura. Confeccionada em tecido de microfibra e acabamento todo embutido. Confeccionado em Microfibra (malha de poliamida). Composição: 85% Poliamida, 15% Elastano.","85% Poliamida, 15% Elastano.",unavailable,https://cdn.vnda.com.br/intibrand/2022/11/29/19_11_4_414_BIQUC38DNI20BERCY20PRETO20FRENTE.jpg?v=1669761707,public_catalog,2026-08-24T17:28:30.310313-03:00,jsonld:price,HIGH,200,,3,0.9322033898305084,3,-2.8281411672242425,0.4074154145319278,81
4058,Biquíni Bernie Off-White,https://www.intibrand.com/produto/biquini-bernie-off-white-4058,VERÃO 2027,Biquínis,Off White,110.0,294.5,62.65,P|M|G,"Biquíni elegante com bojo estruturado, alças duplas reguláveis e calcinha estilo vintage com detalhe texturizado em uma das laterais. Modelo veste PP.",,unavailable,https://cdn.vnda.com.br/intibrand/2024/04/08/14_52_17_6_14_4_0_051_biquc38dni20bernie20offwhite20lado.jpg?v=1712598737,public_catalog,2026-08-24T17:28:30.310313-03:00,jsonld:price,HIGH,200,,3,0.9322033898305084,3,-2.3811054442517703,-0.23321827513717733,81
4412,Biquíni Bonneville Pérola,https://www.intibrand.com/produto/biquini-bonneville-perola-4412,VERÃO 2027,Biquínis,Pérola,260.0,659.0,60.55,P|M|G|GG,"O biquíni Bonneville é a peça perfeita para quem busca estilo e sofisticação com um toque moderno. Tem alças finas feitas em metal dourado banhado a ouro, que proporcionam um visual delicado e elegante, ideal para garantir o conforto sem perder a feminilidade. As correntes não esquentam nem enferrujam. Confeccionado em malha Super Liberty e microfibra. Composição: 84% Poliamida / 16% Elastano Modelo veste PP.",84% Poliamida / 16% Elastano,unavailable,https://cdn.vnda.com.br/intibrand/2025/01/29/15_21_32_509_15_1_6_681_biquc38dni20bonneville20pc389rola20frente20320aw25201.jpg?v=1738174902,public_catalog,2026-08-24T17:28:30.310313-03:00,jsonld:price,HIGH,200,,4,2.2033898305084745,1,-2.2711642067896842,2.5869336923621904,46
3487,Biquíni Bonneville Preto,https://www.intibrand.com/produto/biquini-bonneville-preto-3487,VERÃO 2027,Biquínis,Preto,260.0,659.0,60.55,P|M|G|GG,"O biquíni Bonneville é a peça perfeita para quem busca estilo e sofisticação com um toque moderno. Tem alças finas feitas em metal dourado banhado a ouro, que proporcionam um visual delicado e elegante, ideal para garantir o conforto sem perder a feminilidade. As correntes não esquentam nem enferrujam. Confeccionado em malha Super Liberty e microfibra. Composição: 84% Poliamida / 16% Elastano Modelo veste PP.",84% Poliamida / 16% Elastano,partial_or_variant_unavailable,https://cdn.vnda.com.br/intibrand/2025/04/30/17_12_05_383_17_4_6_600_biquc38dni20bonneville20preto20aw2520frente203.jpg?v=1746043952,public_catalog,2026-08-24T17:28:30.310313-03:00,jsonld:price,HIGH,200,,4,2.2033898305084745,1,-2.2325443718501745,2.6001568686103265,46
4557,Biquíni Capanema Cobre,https://www.intibrand.com/produto/biquini-capanema-cobre-4557,VERÃO 2027,Biquínis,Cobre,118.0,274.5,57.01,PP|P|M|G,"Minimalismo sofisticado define o biquíni Capanema. Seu top cortininha franzido ganha um charme extra com alças ajustáveis e aviamentos metálicos, que adicionam um toque de exclusividade. A calcinha, com tiras finas laterais, proporciona versatilidade e caimento perfeito. Ideal para compor looks sofisticados na praia ou na piscina. Composição: 87% Poliéster / 13% Elastano Modelo veste PP.",87% Poliéster / 13% Elastano,partial_or_variant_unavailable,https://cdn.vnda.com.br/intibrand/2025/08/04/17_18_48_172_biqu-c3-8dni-20capanema-20cobre-20zoom-20top-17080670.jpg?v=1757976106,public_catalog,2026-08-24T17:28:30.310313-03:00,jsonld:price,HIGH,200,,4,1.0,3,-1.8494861117037988,-0.04202335371592423,81
4555,Biquíni Capanema Pérola,https://www.intibrand.com/produto/biquini-capanema-perola-4555,VERÃO 2027,Biquínis,Pérola,118.0,274.5,57.01,PP|P|M|G,"Minimalismo sofisticado define o biquíni Capanema. Seu top cortininha franzido ganha um charme extra com alças ajustáveis e aviamentos metálicos, que adicionam um toque de exclusividade. A calcinha, com tiras finas laterais, proporciona versatilidade e caimento perfeito. Ideal para compor looks sofisticados na praia ou na piscina. Composição: 84% Poliamida / 16% Elastano Modelo veste PP.",84% Poliamida / 16% Elastano,unavailable,https://cdn.vnda.com.br/intibrand/2025/08/04/17_08_45_664_biqu-c3-8dni-20capanema-20p-c3-89rola-20frente-202-17080460.jpg?v=1755965170,public_catalog,2026-08-24T17:28:30.310313-03:00,jsonld:price,HIGH,200,,4,1.0,3,-1.872992458644389,-0.019824370114421643,81
4556,Biquíni Capanema Preto,https://www.intibrand.com/produto/biquini-capanema-preto-4556,VERÃO 2027,Biquínis,Preto,118.0,274.5,57.01,PP|P|M|G,"Minimalismo sofisticado define o biquíni Capanema. Seu top cortininha franzido ganha um charme extra com alças ajustáveis e aviamentos metálicos, que adicionam um toque de exclusividade. A calcinha, com tiras finas laterais, proporciona versatilidade e caimento perfeito. Ideal para compor looks sofisticados na praia ou na piscina. Composição: 84% Poliamida / 16% Elastano Modelo veste PP.",84% Poliamida / 16% Elastano,partial_or_variant_unavailable,https://cdn.vnda.com.br/intibrand/2025/08/04/17_14_14_198_biqu-c3-8dni-20capanema-20preto-20frente-203-17082540.jpg?v=1755965162,public_catalog,2026-08-24T17:28:30.310313-03:00,jsonld:price,HIGH,200,,4,1.0,3,-1.8343726237048787,-0.006601193866285399,81
5003,Biquíni Castillo Off-White,https://www.intibrand.com/produto/biquini-castillo-off-white-5003,VERÃO 2027,Biquínis,Off White,232.0,679.0,65.83,PP|P|M|G,"Biquíni Castillo une elegância e personalidade em uma proposta sofisticada. O top assimétrico ganha destaque pelo aviamento metálico exclusivo com o DNA da INTI, que confere um toque contemporâneo e sofisticado ao design. Possui bojo removível. A calcinha de modelagem asa delta clássica complementa o conjunto com caimento impecável, valorizando a silhueta e garantindo um visual atemporal e elegante. Confeccionado em malha fluity. Modelo veste PP.",,unavailable,https://cdn.vnda.com.br/intibrand/2026/08/19/16_05_44_414_biqu-c3-8dni-20castillo-20off-white-20frente-202-16086210.jpg?v=1787166355,public_catalog,2026-08-24T17:28:30.310313-03:00,jsonld:price,HIGH,200,,4,1.9661016949152543,1,-2.416356787344164,2.587347058053307,46
5005,Biquíni Castillo Preto,https://www.intibrand.com/produto/biquini-castillo-preto-5005,VERÃO 2027,Biquínis,Preto,232.0,679.0,65.83,PP|P|M|G,"Biquíni Castillo une elegância e personalidade em uma proposta sofisticada. O top assimétrico ganha destaque pelo aviamento metálico exclusivo com o DNA da INTI, que confere um toque contemporâneo e sofisticado ao design. Possui bojo removível. A calcinha de modelagem asa delta clássica complementa o conjunto com caimento impecável, valorizando a silhueta e garantindo um visual atemporal e elegante. Confeccionado em malha fluity. Modelo veste PP.",,partial_or_variant_unavailable,https://cdn.vnda.com.br/intibrand/2026/08/19/17_11_48_493_biqu-c3-8dni-20castillo-20preto-20frente-20-1-17083250.jpg?v=1787170318,public_catalog,2026-08-24T17:28:30.310313-03:00,jsonld:price,HIGH,200,,4,1.9661016949152543,1,-2.468455433996036,2.6188847750747652,46
5006,Biquíni Castillo Terracota,https://www.intibrand.com/produto/biquini-castillo-terracota-5006,VERÃO 2027,Biquínis,Terracota,232.0,679.0,65.83,PP|P|M|G,"Biquíni Castillo une elegância e personalidade em uma proposta sofisticada. O top assimétrico ganha destaque pelo aviamento metálico exclusivo com o DNA da INTI, que confere um toque contemporâneo e sofisticado ao design. Possui bojo removível. A calcinha de modelagem asa delta clássica complementa o conjunto com caimento impecável, valorizando a silhueta e garantindo um visual atemporal e elegante. Confeccionado em malha de microfibra levemente acetinada. Modelo veste PP.",,partial_or_variant_unavailable,https://cdn.vnda.com.br/intibrand/2026/08/19/17_10_54_845_biqu-c3-8dni-20castillo-20terracota-20frente-20-1-17088710.jpg?v=1787170276,public_catalog,2026-08-24T17:28:30.310313-03:00,jsonld:price,HIGH,200,,4,1.9661016949152543,1,-2.4741680874970555,2.592533313862985,46
3494,Biquíni Clark Fúcsia,https://www.intibrand.com/produto/biquini-clark-fucsia-3494,VERÃO 2027,Biquínis,Fúcsia,95.0,219.5,56.72,PP|P|M|G|GG,"Top drapeado minimalista com alças reguláveis. Detalhe de argolas nas laterais, não enferrujam e não esquentam. Fechamento posterior por amarração. Calcinha estilo tanga com duas alcinhas e argolas laterais. Confeccionado em Malha Super Liberty. Composição: 84% Poliamida 16% Elastano Modelo veste PP.",84% Poliamida 16% Elastano,unavailable,https://cdn.vnda.com.br/intibrand/2022/10/19/10_10_5_521_BIQUC38DNICLARKMAGENTAFRENTE.jpg?v=1666186498,public_catalog,2026-08-24T17:28:30.310313-03:00,jsonld:price,HIGH,200,,5,0.8050847457627118,3,-1.3729529879407039,-0.08435387823244976,81
4283,Biquíni Conti Castanho,https://www.intibrand.com/produto/biquini-conti-castanho-4283,VERÃO 2027,Biquínis,Castanho,116.0,289.5,59.93,PP|P|M|G|GG,Top com aviamento personalizado banhado à ouro e modelagem que permite diversas amarrações. Calcinha de lacinho com ponteiras banhadas. Modelo veste PP.,,unavailable,https://cdn.vnda.com.br/intibrand/2024/11/14/16_19_59_453_16_11_1_185_biquc38dni20conti20castanho20frente201.jpg?v=1731612006,public_catalog,2026-08-24T17:28:30.310313-03:00,jsonld:price,HIGH,200,,5,0.9830508474576272,3,-1.520157954134993,0.4073361890389352,81
4280,Biquíni Conti Pérola,https://www.intibrand.com/produto/biquini-conti-perola-4280,VERÃO 2027,Biquínis,Pérola,116.0,289.5,59.93,PP|P|M|G|GG,Top com aviamento personalizado banhado à ouro e modelagem que permite diversas amarrações. Calcinha de lacinho com ponteiras banhadas. Modelo veste PP.,,unavailable,https://cdn.vnda.com.br/intibrand/2024/11/14/16_30_29_0_16_11_9_900_biquc38dni20conti20pc389rola20frente201.jpg?v=1731612667,public_catalog,2026-08-24T17:28:30.310313-03:00,jsonld:price,HIGH,200,,5,0.9830508474576272,3,-1.551864039759178,0.417955897271167,81
4284,Biquíni Conti Vermelho Carmim,https://www.intibrand.com/produto/biquini-conti-vermelho-carmim-4284,VERÃO 2027,Biquínis,Vermelho Carmim,116.0,289.5,59.93,PP|P|M|G|GG,Top com aviamento personalizado banhado à ouro e modelagem que permite diversas amarrações. Calcinha de lacinho com ponteiras banhadas. Modelo veste PP.,,unavailable,https://cdn.vnda.com.br/intibrand/2024/11/14/16_23_27_287_16_11_5_514_biquc38dni20conti20vermelho20carmin20frentelado.jpg?v=1731612215,public_catalog,2026-08-24T17:28:30.310313-03:00,jsonld:price,HIGH,200,,5,0.9830508474576272,3,-1.5178342020120892,0.4043651441154875,81
3498,Biquíni Cyprus Azul Turquesa,https://www.intibrand.com/produto/biquini-cyprus-azul-turquesa-3498,VERÃO 2027,Biquínis,Azul Turquesa,95.0,214.5,55.71,PP|P|M|G|GG,"Top triangular com tecido canelado, possui bojo removível, modelo cortininha e alças finas. Com fechamento posterior por amarração. Calcinha com tecido canelado, acabamento todo embutido, alças de sustentação finas e fechamento por amarração. Composição: 98% Poliamida 2% Elastano Forro: 84% Poliamida 16% Elastano Modelo veste PP.",98% Poliamida 2% Elastano Forro: 84% Poliamida 16% Elastano,unavailable,https://cdn.vnda.com.br/intibrand/2022/08/25/17_8_5_564_BIQUNICYPRUSAZULTURQUESAFRENTE.jpg?v=1661459377,public_catalog,2026-08-24T17:28:30.310313-03:00,jsonld:price,HIGH,200,,5,0.8050847457627118,3,-1.3445775477340678,-0.12462108741272633,81
3499,Biquíni Cyprus Fúcsia,https://www.intibrand.com/produto/biquini-cyprus-fucsia-3499,VERÃO 2027,Biquínis,Fúcsia,95.0,214.5,55.71,PP|P|M|G|GG,"Top triangular com tecido canelado, possui bojo removível, modelo cortininha e alças finas. Com fechamento posterior por amarração. Calcinha com tecido canelado, acabamento todo embutido, alças de sustentação finas e fechamento por amarração. Composição: 98% Poliamida 2% Elastano Forro: 84% Poliamida 16% Elastano Modelo veste PP.",98% Poliamida 2% Elastano Forro: 84% Poliamida 16% Elastano,unavailable,https://cdn.vnda.com.br/intibrand/2022/10/19/11_10_1_160_BIQUC38DNICYPRUSFUCSIAFRENTE.jpg?v=1666188662,public_catalog,2026-08-24T17:28:30.310313-03:00,jsonld:price,HIGH,200,,5,0.8050847457627118,3,-1.3421163650688503,-0.12362611392564755,81
3500,Biquíni Cyprus Off-White,https://www.intibrand.com/produto/biquini-cyprus-off-white-3500,VERÃO 2027,Biquínis,Off White,95.0,214.5,55.71,PP|P|M|G|GG,"Top triangular com tecido canelado, possui bojo removível, modelo cortininha e alças finas. Com fechamento posterior por amarração. Calcinha com tecido canelado, acabamento todo embutido, alças de sustentação finas e fechamento por amarração. Composição: 98% Poliamida 2% Elastano Forro: 84% Poliamida 16% Elastano Modelo veste PP.",98% Poliamida 2% Elastano Forro: 84% Poliamida 16% Elastano,unavailable,https://cdn.vnda.com.br/intibrand/2022/08/25/17_8_0_062_BIQUNICYPRUSOFFWHITEFRENTE.jpg?v=1661459757,public_catalog,2026-08-24T17:28:30.310313-03:00,jsonld:price,HIGH,200,,5,0.8050847457627118,3,-1.2897254968736427,-0.12886184595775232,81
4424,Biquíni Dion Preto,https://www.intibrand.com/produto/biquini-dion-preto-4424,VERÃO 2027,Biquínis,Preto,105.0,284.5,63.09,P|M|G,"O Biquíni Dion é a escolha perfeita para quem aprecia um visual minimalista e elegante, combinando design com detalhes sofisticados. O aviamento central do top adiciona um toque moderno à peça clássica. Com alças finas, o modelo garante delicadeza e um ajuste perfeito ao corpo. Composição: 84% Poliamida 16% Elastano. Modelo veste PP.",84% Poliamida 16% Elastano.,unavailable,https://cdn.vnda.com.br/intibrand/2025/01/31/12_42_52_554_12_1_2_290_biquc38dni20dion20preto20frente202201.jpg?v=1738338180,public_catalog,2026-08-24T17:28:30.310313-03:00,jsonld:price,HIGH,200,,3,0.8898305084745762,3,-2.4379042431901774,-0.26814118746545074,81
4183,Biquíni Duncan Azul,https://www.intibrand.com/produto/biquini-duncan-azul-4183,VERÃO 2027,Biquínis,Azul,120.0,299.5,59.93,PP|P|M|G|GG,"O relevo presente no recorte do top é uma releitura minimalista e moderna da antiguidade, complementado pela calcinha asa delta que alonga e valoriza a silhueta. Modelo veste PP.",,unavailable,https://cdn.vnda.com.br/intibrand/2024/08/27/18_09_03_821_18_8_7_780_biquc38dni20duncan20azul20frente.jpg?v=1724792949,public_catalog,2026-08-24T17:28:30.310313-03:00,jsonld:price,HIGH,200,,5,1.0169491525423728,3,-1.514284464130384,0.47293289753524653,81
4184,Biquíni Duncan Cobre,https://www.intibrand.com/produto/biquini-duncan-cobre-4184,VERÃO 2027,Biquínis,Cobre,120.0,299.5,59.93,PP|P|M|G|GG,"O relevo presente no recorte do top é uma releitura minimalista e moderna da antiguidade, complementado pela calcinha asa delta que alonga e valoriza a silhueta. Modelo veste PP.",,unavailable,https://cdn.vnda.com.br/intibrand/2024/08/27/18_10_14_840_18_8_9_966_biquc38dni20duncan20cobre20frente.jpg?v=1724793014,public_catalog,2026-08-24T17:28:30.310313-03:00,jsonld:price,HIGH,200,,5,1.0169491525423728,3,-1.5358573496983943,0.46377968565382627,81
4884,Biquíni Easton Azul Marinho,https://www.intibrand.com/produto/biquini-easton-azul-marinho-4884,VERÃO 2027,Biquínis,Azul Marinho,232.0,589.0,60.61,PP|P|M|G,"O Biquíni Easton tem design minimalista e atemporal. O top pode ser usado com alças ou sem alças, com detalhe franzido que valoriza o busto. A calcinha tem modelagem clássica, complementando o conjunto. Composição: 87% Poliamida / 13% Elastano Modelo veste PP.",87% Poliamida / 13% Elastano,partial_or_variant_unavailable,https://cdn.vnda.com.br/intibrand/2026/04/01/17_37_41_59_gaby-20v-c3-8ddeos-20-20-story-20-202026-04-01t173706-066-17049990.jpg?v=1775075866,public_catalog,2026-08-24T17:28:30.310313-03:00,jsonld:price,HIGH,200,,4,1.9661016949152543,1,-2.1893321565825303,2.0986597922402517,46
4885,Biquíni Easton Marrom,https://www.intibrand.com/produto/biquini-easton-marrom-4885,VERÃO 2027,Biquínis,Marrom,232.0,589.0,60.61,PP|P|M|G,"O Biquíni Easton tem design minimalista e atemporal. O top pode ser usado com alças ou sem alças, com detalhe franzido que valoriza o busto. A calcinha tem modelagem clássica, complementando o conjunto. Composição: 87% Poliéster / 13% Elastano Modelo veste PP.",87% Poliéster / 13% Elastano,partial_or_variant_unavailable,https://cdn.vnda.com.br/intibrand/2026/04/01/17_36_18_633_gaby-20v-c3-8ddeos-20-20-story-20-202026-04-01t173539-313-17049470.jpg?v=1775075778,public_catalog,2026-08-24T17:28:30.310313-03:00,jsonld:price,HIGH,200,,4,1.9661016949152543,1,-2.173704453238432,2.1129412819151874,46
4882,Biquíni Easton Off-White,https://www.intibrand.com/produto/biquini-easton-off-white-4882,VERÃO 2027,Biquínis,Off White,232.0,589.0,60.61,PP|P|M|G,"O Biquíni Easton tem design minimalista e atemporal. O top pode ser usado com alças ou sem alças, com detalhe franzido que valoriza o busto. A calcinha tem modelagem clássica, complementando o conjunto. Composição: 87% Poliamida / 13% Elastano Modelo veste PP.",87% Poliamida / 13% Elastano,unavailable,https://cdn.vnda.com.br/intibrand/2026/04/01/17_40_19_91_gaby-20v-c3-8ddeos-20-20-story-20-202026-04-01t174008-602-17042160.jpg?v=1775076019,public_catalog,2026-08-24T17:28:30.310313-03:00,jsonld:price,HIGH,200,,4,1.9661016949152543,1,-2.129188362162399,2.093445854360777,46
4922,BIQUÍNI EASTON + PAREÔ GRAZIA | PRETO,https://www.intibrand.com/produto/biquini-easton-pareo-grazia-preto-4922,VERÃO 2027,Biquínis,Preto,1261.6,,0.0,PP|P|M|G,"Conjunto composto pelo Biquíni Easton e Pareô Grazia. O biquíni possui design minimalista e atemporal, com top versátil que pode ser usado com ou sem alças, além de detalhe franzido que valoriza o busto. A calcinha tem modelagem clássica e confortável. O pareô longo completa a produção com drapeado na cintura e aviamento exclusivo da coleção, banhado a ouro.",,partial_or_variant_unavailable,https://cdn.vnda.com.br/intibrand/2026/05/13/10_20_55_244_gaby-20v-c3-8ddeos-20-20-story-20-202026-05-13t102022-927-10051810.jpg?v=1778678459,public_catalog,2026-08-24T17:28:30.310313-03:00,jsonld:price,HIGH,200,,4,10.691525423728812,4,2.7552207350944498,5.857270542380164,5
4907,BIQUÍNI EASTON + PAREÔ | MARROM,https://www.intibrand.com/produto/biquini-easton-pareo-marrom-4907,VERÃO 2027,Biquínis,Marrom,995.6,,0.0,PP|P|M|G|U,"Conjunto composto pelo Biquíni Easton e Pareô Longo em microfibra. O top possui modelagem versátil, podendo ser usado com ou sem alças, com detalhe franzido que valoriza o busto. A calcinha tem modelagem clássica e confortável. O pareô longo complementa a produção com caimento leve e fechamento por amarração através de faixas embutidas.",,partial_or_variant_unavailable,https://cdn.vnda.com.br/intibrand/2026/05/05/17_38_28_963_gaby-20v-c3-8ddeos-20-20-story-20-202026-05-05t173759-762-17055010.jpg?v=1778013517,public_catalog,2026-08-24T17:28:30.310313-03:00,jsonld:price,HIGH,200,,5,8.43728813559322,4,2.3545133914876937,4.670302835143549,5
4921,BIQUÍNI EASTON + PAREÔ | OFF-WHITE,https://www.intibrand.com/produto/biquini-easton-pareo-off-white-4921,VERÃO 2027,Biquínis,Off White,1048.0,,0.0,PP|P|M|G|U,"Conjunto composto pelo Biquíni Easton e Pareô Longo em microfibra. O top possui modelagem versátil, podendo ser usado com ou sem alças, com detalhe franzido que valoriza o busto. A calcinha tem modelagem clássica e confortável. O pareô longo complementa a produção com caimento leve e fechamento por amarração através de faixas embutidas.",,partial_or_variant_unavailable,https://cdn.vnda.com.br/intibrand/2026/05/13/10_14_59_237_biqu-c3-8dni-20easton-20off-white-20-2b-20pare-c3-94-20off-white-20frente-202-20-3-10054520.jpg?v=1778678099,public_catalog,2026-08-24T17:28:30.310313-03:00,jsonld:price,HIGH,200,,5,8.88135593220339,4,2.561718466382226,4.947879053161349,5
4883,Biquíni Easton Preto,https://www.intibrand.com/produto/biquini-easton-preto-4883,VERÃO 2027,Biquínis,Preto,232.0,589.0,60.61,PP|P|M|G,"O Biquíni Easton tem design minimalista e atemporal. O top pode ser usado com alças ou sem alças, com detalhe franzido que valoriza o busto. A calcinha tem modelagem clássica, complementando o conjunto. Composição: 87% Poliamida / 13% Elastano Modelo veste PP.",87% Poliamida / 13% Elastano,partial_or_variant_unavailable,https://cdn.vnda.com.br/intibrand/2026/04/01/17_38_50_374_gaby-20v-c3-8ddeos-20-20-story-20-202026-04-01t173814-162-17041710.jpg?v=1775075930,public_catalog,2026-08-24T17:28:30.310313-03:00,jsonld:price,HIGH,200,,4,1.9661016949152543,1,-2.181287008814271,2.124983571382235,46
4630,Biquíni Eaton Cobre,https://www.intibrand.com/produto/biquini-eaton-cobre-4630,VERÃO 2027,Biquínis,Cobre,116.0,364.5,68.18,P|M|G,"A delicadeza dos detalhes torna o Biquíni Eaton um modelo único. Seu top triangular possui alças ultra finas em aviamento metálico, criando uma estética inovadora e minimalista. A calcinha de amarração lateral permite ajuste personalizado e traz um ótimo caimento para composições elegantes e atemporais. Composição: 87% Poliéster / 13% Elastano Modelo veste PP.",87% Poliéster / 13% Elastano,partial_or_variant_unavailable,https://cdn.vnda.com.br/intibrand/2025/09/24/10_58_12_120_biqu-c3-8dni-20eaton-20cobre-20frente-20-1-10092880.jpg?v=1758722296,public_catalog,2026-08-24T17:28:30.310313-03:00,jsonld:price,HIGH,200,,3,0.9830508474576272,3,-2.6834280493979437,0.2052181131591735,81
4628,Biquíni Eaton Pérola,https://www.intibrand.com/produto/biquini-eaton-perola-4628,VERÃO 2027,Biquínis,Pérola,116.0,364.5,68.18,P|M|G,"A delicadeza dos detalhes torna o Biquíni Eaton um modelo único. Seu top triangular possui alças ultra finas em aviamento metálico, criando uma estética inovadora e minimalista. A calcinha de amarração lateral permite ajuste personalizado e traz um ótimo caimento para composições elegantes e atemporais. Composição: 84% Poliamida / 16% Elastano Modelo veste PP.",84% Poliamida / 16% Elastano,unavailable,https://cdn.vnda.com.br/intibrand/2025/09/24/10_57_13_657_biqu-c3-8dni-20eaton-20p-c3-89rola-20frente-10097570.jpg?v=1758722233,public_catalog,2026-08-24T17:28:30.310313-03:00,jsonld:price,HIGH,200,,3,0.9830508474576272,3,-2.7069343963385335,0.22741709676067606,81
4629,Biquíni Eaton Preto,https://www.intibrand.com/produto/biquini-eaton-preto-4629,VERÃO 2027,Biquínis,Preto,116.0,364.5,68.18,P|M|G,"A delicadeza dos detalhes torna o Biquíni Eaton um modelo único. Seu top triangular possui alças ultra finas em aviamento metálico, criando uma estética inovadora e minimalista. A calcinha de amarração lateral permite ajuste personalizado e traz um ótimo caimento para composições elegantes e atemporais. Composição: 84% Poliamida / 16% Elastano Modelo veste PP.",84% Poliamida / 16% Elastano,partial_or_variant_unavailable,https://cdn.vnda.com.br/intibrand/2025/09/24/10_59_22_177_biqu-c3-8dni-20eaton-20preto-20frente-10099000.jpg?v=1758722362,public_catalog,2026-08-24T17:28:30.310313-03:00,jsonld:price,HIGH,200,,3,0.9830508474576272,3,-2.668314561399024,0.2406402730088123,81
4616,Biquíni Finca Pérola,https://www.intibrand.com/produto/biquini-finca-perola-4616,VERÃO 2027,Biquínis,Pérola,242.0,579.0,58.2,P|M|G,"O Biquíni Finca é a união perfeita entre estrutura e leveza. O top estruturado possui recorte geométrico com texturas, realçando a silhueta de forma sutil e elegante. A calcinha, de modelagem asa delta com um lado drapeado, traz sofisticação para a peça. As alças são removíveis. Modelo veste PP.",,unavailable,https://cdn.vnda.com.br/intibrand/2025/09/24/08_48_26_259_biqu-c3-8dni-20finca-20p-c3-89rola-20frente-202-08095220.jpg?v=1758714520,public_catalog,2026-08-24T17:28:30.310313-03:00,jsonld:price,HIGH,200,,3,2.0508474576271185,1,-2.5366985800246367,1.7503892576387077,46
4617,Biquíni Finca Preto,https://www.intibrand.com/produto/biquini-finca-preto-4617,VERÃO 2027,Biquínis,Preto,242.0,579.0,58.2,P|M|G,"O Biquíni Finca é a união perfeita entre estrutura e leveza. O top estruturado possui recorte geométrico com texturas, realçando a silhueta de forma sutil e elegante. A calcinha, de modelagem asa delta com um lado drapeado, traz sofisticação para a peça. As alças são removíveis. Modelo veste PP.",,partial_or_variant_unavailable,https://cdn.vnda.com.br/intibrand/2025/09/24/08_53_10_858_biqu-c3-8dni-20finca-20preto-20frente-08092590.jpg?v=1758714860,public_catalog,2026-08-24T17:28:30.310313-03:00,jsonld:price,HIGH,200,,3,2.0508474576271185,1,-2.498078745085127,1.7636124338868437,46
4618,Biquíni Finca Vermelho,https://www.intibrand.com/produto/biquini-finca-vermelho-4618,VERÃO 2027,Biquínis,Vermelho,242.0,579.0,58.2,P|M|G,"O Biquíni Finca é a união perfeita entre estrutura e leveza. O top estruturado possui recorte geométrico com texturas, realçando a silhueta de forma sutil e elegante. A calcinha, de modelagem asa delta com um lado drapeado, traz sofisticação para a peça. As alças são removíveis. Modelo veste PP.",,partial_or_variant_unavailable,https://cdn.vnda.com.br/intibrand/2025/09/24/08_50_03_874_biqu-c3-8dni-20finca-20vermelho-20frente-08092660.jpg?v=1758714615,public_catalog,2026-08-24T17:28:30.310313-03:00,jsonld:price,HIGH,200,,3,2.0508474576271185,1,-2.4668306322128166,1.7289221820930942,46
4477,Biquíni Galea Azul Índigo,https://www.intibrand.com/produto/biquini-galea-azul-4477,VERÃO 2027,Biquínis,Azul Índigo,110.0,274.5,59.93,P|M|G|GG,"O Biquíni Galea é uma peça elegante em tecido acetinado, com um brilho sutil que confere sofisticação. O top meia-taça oferece excelente suporte ao busto, enquanto as alças largas garantem conforto durante todo o uso. A calcinha possui uma modelagem clássica, podendo ser usado como asa delta. Composição: 84% Poliamida / 16% Elastano Modelo veste PP.",84% Poliamida / 16% Elastano,unavailable,https://cdn.vnda.com.br/intibrand/2025/04/15/16_50_20_782_16_4_8_891_biquc38dni20galea20azul20c38dndigo20frente201.jpg?v=1744746632,public_catalog,2026-08-24T17:28:30.310313-03:00,jsonld:price,HIGH,200,,4,0.9322033898305084,3,-1.9299213810046667,-0.034725910566876905,81
3098,Biquíni Galea Preto,https://www.intibrand.com/produto/biquini-galea-preto-3098,VERÃO 2027,Biquínis,Preto,110.0,274.5,59.93,P|M|G|GG,"O Biquíni Galea é uma peça elegante em tecido acetinado, com um brilho sutil que confere sofisticação. O top meia-taça oferece excelente suporte ao busto, enquanto as alças largas garantem conforto durante todo o uso. A calcinha possui uma modelagem clássica, podendo ser usado como asa delta. Composição: 84% Poliamida / 16% Elastano Modelo veste PP.",84% Poliamida / 16% Elastano,unavailable,https://cdn.vnda.com.br/intibrand/2025/04/10/12_33_41_853_12_4_1_143_biquc38dni20galea20preto20frente202.jpg?v=1744299227,public_catalog,2026-08-24T17:28:30.310313-03:00,jsonld:price,HIGH,200,,4,0.9322033898305084,3,-1.9195687458082211,-0.003965119401264861,81
4428,Biquíni Hali Azul Índigo,https://www.intibrand.com/produto/biquini-hali-azul-indigo-4428,VERÃO 2027,Biquínis,Azul Índigo,105.0,284.5,63.09,P|M|G,"Esse biquíni sofisticado possui top cortininha com aviamento central personalizado, desenvolvido exclusivamente pra essa coleção e calcinha de amarração. Feito em malha de alta qualidade levemente acetinada. Ideal para quem busca estilo e conforto na praia ou piscina o modelo realça o corpo de forma sutil e feminina. Composição: 84% Poliamida 16% Elastano Modelo veste PP.",84% Poliamida 16% Elastano,unavailable,https://cdn.vnda.com.br/intibrand/2025/05/21/16_46_03_331_16_5_2_261_biquc38dni20hali20azul20c38dndigo20frente.jpg?v=1747856791,public_catalog,2026-08-24T17:28:30.310313-03:00,jsonld:price,HIGH,200,,3,0.8898305084745762,3,-2.4482568783866228,-0.29890197863106277,81
4426,Biquíni Hali Pérola,https://www.intibrand.com/produto/biquini-hali-perola-4426,VERÃO 2027,Biquínis,Pérola,105.0,284.5,63.09,P|M|G,"Esse biquíni sofisticado possui top cortininha com aviamento central personalizado, desenvolvido exclusivamente pra essa coleção e calcinha de amarração. Feito em malha de alta qualidade levemente acetinada. Ideal para quem busca estilo e conforto na praia ou piscina o modelo realça o corpo de forma sutil e feminina. Composição: 84% Poliamida 16% Elastano | Forro: 92,6% Poliéster 7,4% Elastano. Modelo veste PP.","84% Poliamida 16% Elastano | Forro: 92,6% Poliéster 7,4% Elastano.",unavailable,https://cdn.vnda.com.br/intibrand/2025/01/31/13_33_09_163_13_1_0_078_biquc38dni20hali20pc389rola20lado201.jpg?v=1738341189,public_catalog,2026-08-24T17:28:30.310313-03:00,jsonld:price,HIGH,200,,3,0.8898305084745762,3,-2.476524078129687,-0.281364363713587,81
4427,Biquíni Hali Preto,https://www.intibrand.com/produto/biquini-hali-preto-4427,VERÃO 2027,Biquínis,Preto,105.0,284.5,63.09,P|M|G,"Esse biquíni sofisticado possui top cortininha com aviamento central personalizado, desenvolvido exclusivamente pra essa coleção e calcinha de amarração. Feito em malha de alta qualidade levemente acetinada. Ideal para quem busca estilo e conforto na praia ou piscina o modelo realça o corpo de forma sutil e feminina. Composição: 84% Poliamida 16% Elastano Modelo veste PP.",84% Poliamida 16% Elastano,unavailable,https://cdn.vnda.com.br/intibrand/2025/01/31/13_34_09_969_13_1_7_731_biquc38dni20hali20preto20solta201.jpg?v=1738341256,public_catalog,2026-08-24T17:28:30.310313-03:00,jsonld:price,HIGH,200,,3,0.8898305084745762,3,-2.4379042431901774,-0.26814118746545074,81
4735,Biquíni Harper Pérola,https://www.intibrand.com/produto/biquini-harper-perola-4735,VERÃO 2027,Biquínis,Pérola,116.0,299.5,61.27,PP|P|M|G,"O top do Biquíni Harper possui decote em V profundo, que valoriza o colo e se destaca pelo aviamento niquelado. As alças mais largas oferecem excelente sustentação, enquanto a calcinha com amarração lateral garante ajuste perfeito ao corpo, com personalidade. Modelo veste PP.",,unavailable,https://cdn.vnda.com.br/intibrand/2025/12/01/18_02_43_458_biqu-c3-8dni-20harper-20p-c3-89rola-20frente-18128080.jpg?v=1764623013,public_catalog,2026-08-24T17:28:30.310313-03:00,jsonld:price,HIGH,200,,4,0.9830508474576272,3,-2.01705531375344,0.15221445822143034,81
4736,Biquíni Harper Preto,https://www.intibrand.com/produto/biquini-harper-preto-4736,VERÃO 2027,Biquínis,Preto,116.0,299.5,61.27,PP|P|M|G,"O top do Biquíni Harper possui decote em V profundo, que valoriza o colo e se destaca pelo aviamento niquelado. As alças mais largas oferecem excelente sustentação, enquanto a calcinha com amarração lateral garante ajuste perfeito ao corpo, com personalidade. Modelo veste PP.",,partial_or_variant_unavailable,https://cdn.vnda.com.br/intibrand/2025/12/01/18_00_20_850_biqu-c3-8dni-20harper-20preto-20frente-18124080.jpg?v=1764622829,public_catalog,2026-08-24T17:28:30.310313-03:00,jsonld:price,HIGH,200,,4,0.9830508474576272,3,-1.97843547881393,0.16543763446956658,81
3815,Biquíni Hess Pérola,https://www.intibrand.com/produto/biquini-hess-perola-3815,VERÃO 2027,Biquínis,Pérola,112.5,299.5,62.44,PP|P|M|G|GG,"Biquíni com design orgânico, top com curvas sinuosas que encaixam paralelamente a hot pants. Modelo sem fecho posterior. Composição: 84% Poliamida 16% Elastano. Composição do forro: 92,6% Poliéster 7,4% Elastano. Modelo veste PP.","84% Poliamida 16% Elastano. Composição do forro: 92,6% Poliéster 7,4% Elastano.",unavailable,https://cdn.vnda.com.br/intibrand/2023/07/18/18_04_41_571_18_7_4_467_biquc38dni20hess20pc389rola20frente20220revisada.jpg?v=1689714286,public_catalog,2026-08-24T17:28:30.310313-03:00,jsonld:price,HIGH,200,,5,0.9533898305084746,3,-1.6345325029371496,0.48471100130983513,81
4082,Biquíni Julian Bronze,https://www.intibrand.com/produto/biquini-julian-bronze-4082,VERÃO 2027,Biquínis,Bronze,110.0,294.5,62.65,P|M|G,"O Julian é um modelo em trilobal que traz versatilidade combinada com elegância. O top drapeado possui bojo com recorte personalizado orgânico e tecido sobreposto, além disso possui alças removíveis e a hot pants é maleável, criando 4 possíveis usos pro modelo. Modelo veste PP.",,unavailable,https://cdn.vnda.com.br/intibrand/2024/04/15/10_49_42_825_10_4_0_055_biquc38dni20julian20bronze20frente202.jpg?v=1713188987,public_catalog,2026-08-24T17:28:30.310313-03:00,jsonld:price,HIGH,200,,3,0.9322033898305084,3,-2.4356086028977675,-0.2294530932534146,81
4080,Biquíni Julian Pérola,https://www.intibrand.com/produto/biquini-julian-perola-4080,VERÃO 2027,Biquínis,Pérola,110.0,294.5,62.65,P|M|G,"O Julian é um modelo em microfibra que traz versatilidade combinada com elegância. O top drapeado possui bojo com recorte personalizado orgânico e tecido sobreposto, além disso possui alças removíveis e a hot pants é maleável, criando 4 possíveis usos pro modelo. Modelo veste PP.",,unavailable,https://cdn.vnda.com.br/intibrand/2024/04/15/17_19_52_956_17_4_8_834_biquc38dni20julian20pc389rola20frente202201.jpg?v=1713212463,public_catalog,2026-08-24T17:28:30.310313-03:00,jsonld:price,HIGH,200,,3,0.9322033898305084,3,-2.471823925843152,-0.214903734363855,81
4081,Biquíni Julian Preto,https://www.intibrand.com/produto/biquini-julian-preto-4081,VERÃO 2027,Biquínis,Preto,110.0,294.5,62.65,P|M|G,"O Julian é um modelo em microfibra que traz versatilidade combinada com elegância. O top drapeado possui bojo com recorte personalizado orgânico e tecido sobreposto, além disso possui alças removíveis e a hot pants é maleável, criando 4 possíveis usos pro modelo. Modelo veste PP.",,unavailable,https://cdn.vnda.com.br/intibrand/2024/04/15/10_56_05_961_10_4_0_057_biquc38dni20julian20preto20frente202.jpg?v=1720804311,public_catalog,2026-08-24T17:28:30.310313-03:00,jsonld:price,HIGH,200,,3,0.9322033898305084,3,-2.4332040909036423,-0.20168055811571875,81
4272,Biquíni Kobe Azul,https://www.intibrand.com/produto/biquini-kobe-azul-4272,VERÃO 2027,Biquínis,Azul,118.0,294.5,59.93,PP|P|M|G|GG,O matelassê traz textura em relevo para esse biquíni hot pants com top meia-taça e alças removíveis. A modelagem perfeita para os eventos de verão. Modelo veste PP.,,unavailable,https://cdn.vnda.com.br/intibrand/2024/11/14/11_04_14_813_11_11_7_792_biquc38dni20kobe20azul20frente.jpg?v=1731593057,public_catalog,2026-08-24T17:28:30.310313-03:00,jsonld:price,HIGH,200,,5,1.0,3,-1.5105346356904807,0.43892151154316567,81
4273,Biquíni Kobe Cobre,https://www.intibrand.com/produto/biquini-kobe-cobre-4273,VERÃO 2027,Biquínis,Cobre,118.0,294.5,59.93,PP|P|M|G|GG,O matelassê traz textura em relevo para esse biquíni hot pants com top meia-taça e alças removíveis. A modelagem perfeita para os eventos de verão. Modelo veste PP.,,unavailable,https://cdn.vnda.com.br/intibrand/2024/11/14/11_25_30_157_11_11_3_327_biquc38dni20kobe20cobre20frente201.jpg?v=1731594333,public_catalog,2026-08-24T17:28:30.310313-03:00,jsonld:price,HIGH,200,,5,1.0,3,-1.532107521258491,0.4297682996617454,81
4270,Biquíni Kobe Pérola,https://www.intibrand.com/produto/biquini-kobe-perola-4270,VERÃO 2027,Biquínis,Pérola,118.0,294.5,59.93,PP|P|M|G|GG,O matelassê traz textura em relevo para esse biquíni hot pants com top meia-taça e alças removíveis. A modelagem perfeita para os eventos de verão. Modelo veste PP.,,unavailable,https://cdn.vnda.com.br/intibrand/2024/11/14/11_11_45_961_11_11_9_938_biquc38dni20kobe20pc389rola20frente201201.jpg?v=1731594259,public_catalog,2026-08-24T17:28:30.310313-03:00,jsonld:price,HIGH,200,,5,1.0,3,-1.555613868199081,0.451967283263248,81
4271,Biquíni Kobe Preto,https://www.intibrand.com/produto/biquini-kobe-preto-4271,VERÃO 2027,Biquínis,Preto,118.0,294.5,59.93,PP|P|M|G|GG,O matelassê traz textura em relevo para esse biquíni hot pants com top meia-taça e alças removíveis. A modelagem perfeita para os eventos de verão. Modelo veste PP.,,partial_or_variant_unavailable,https://cdn.vnda.com.br/intibrand/2024/11/14/11_26_56_163_11_11_4_432_biquc38dni20kobe20preto20frente201.jpg?v=1731594419,public_catalog,2026-08-24T17:28:30.310313-03:00,jsonld:price,HIGH,200,,5,1.0,3,-1.5169940332595708,0.4651904595113842,81
4274,Biquíni Kobe Vermelho,https://www.intibrand.com/produto/biquini-kobe-vermelho-4274,VERÃO 2027,Biquínis,Vermelho,118.0,294.5,59.93,PP|P|M|G|GG,O matelassê traz textura em relevo para esse biquíni hot pants com top meia-taça e alças removíveis. A modelagem perfeita para os eventos de verão. Modelo veste PP.,,unavailable,https://cdn.vnda.com.br/intibrand/2024/11/14/11_29_45_324_11_11_0_015_biquini20kobe20vermelho20carmin20frente201.jpg?v=1731595506,public_catalog,2026-08-24T17:28:30.310313-03:00,jsonld:price,HIGH,200,,5,1.0,3,-1.485745920387261,0.43050020771763475,81
4873,Biquíni Landon Marrom,https://www.intibrand.com/produto/biquini-landon-marrom-4873,VERÃO 2027,Biquínis,Marrom,320.0,849.0,62.31,PP|P|M|G,"O Biquíni Landon tem design minimalista e elegante. O top de um ombro só valoriza o colo, enquanto a calcinha traz como destaque o aviamento em gota na lateral, um detalhe sutil e muito especial. Composição: 87% Poliéster / 13% Elastano Modelo veste PP.",87% Poliéster / 13% Elastano,partial_or_variant_unavailable,https://cdn.vnda.com.br/intibrand/2026/04/01/17_43_56_450_gaby-20v-c3-8ddeos-20-20-story-20-202026-04-01t174316-906-17043150.jpg?v=1775076246,public_catalog,2026-08-24T17:28:30.310313-03:00,jsonld:price,HIGH,200,,4,2.711864406779661,1,-2.453511552851093,3.818764142821552,46
4871,Biquíni Landon Pérola,https://www.intibrand.com/produto/biquini-landon-perola-4871,VERÃO 2027,Biquínis,Pérola,320.0,849.0,62.31,PP|P|M|G,"O Biquíni Landon tem design minimalista e elegante. O top de um ombro só valoriza o colo, enquanto a calcinha traz como destaque o aviamento em gota na lateral, um detalhe sutil e muito especial. Composição: 84% Poliamida / 16% Elastano Modelo veste PP.",84% Poliamida / 16% Elastano,unavailable,https://cdn.vnda.com.br/intibrand/2026/04/01/17_45_20_830_gaby-20v-c3-8ddeos-20-20-story-20-202026-04-01t174442-837-17045660.jpg?v=1775076320,public_catalog,2026-08-24T17:28:30.310313-03:00,jsonld:price,HIGH,200,,4,2.711864406779661,1,-2.4997139433664417,3.817583256040464,46
4872,Biquíni Landon Preto,https://www.intibrand.com/produto/biquini-landon-preto-4872,VERÃO 2027,Biquínis,Preto,320.0,849.0,62.31,PP|P|M|G,"O Biquíni Landon tem design minimalista e elegante. O top de um ombro só valoriza o colo, enquanto a calcinha traz como destaque o aviamento em gota na lateral, um detalhe sutil e muito especial. Composição: 84% Poliamida / 16% Elastano Modelo veste PP.",84% Poliamida / 16% Elastano,partial_or_variant_unavailable,https://cdn.vnda.com.br/intibrand/2026/04/01/17_47_57_945_gaby-20v-c3-8ddeos-20-20-story-20-202026-04-01t174741-851-17044590.jpg?v=1775076477,public_catalog,2026-08-24T17:28:30.310313-03:00,jsonld:price,HIGH,200,,4,2.711864406779661,1,-2.461094108426932,3.8308064322886,46
4997,Biquíni Lorian Off-White,https://www.intibrand.com/produto/biquini-lorian-off-white-4997,VERÃO 2027,Biquínis,Off White,232.0,599.0,61.27,PP|P|M|G|GG,"O Biquíni Lorian combina linhas minimalistas e detalhes marcantes para um visual sofisticado no verão. O design do top possui drapeado delicado lateral e aplicação metálica central confere charme e elegância, enquanto a calcinha de amarração lateral garante um caimento confortável e valoriza a silhueta. A escolha perfeita para quem busca estilo e sofisticação. Confeccionado em malha fluity. Modelo veste PP.",,unavailable,https://cdn.vnda.com.br/intibrand/2026/08/19/13_58_25_377_biqu-c3-8dni-20lorian-20off-white-20frente-201-13085990.jpg?v=1787158709,public_catalog,2026-08-24T17:28:30.310313-03:00,jsonld:price,HIGH,200,,5,1.9661016949152543,1,-1.7451755854824287,2.4827486097078832,46
4998,Biquíni Lorian Preto,https://www.intibrand.com/produto/biquini-lorian-preto-4998,VERÃO 2027,Biquínis,Preto,232.0,599.0,61.27,PP|P|M|G|GG,"O Biquíni Lorian combina linhas minimalistas e detalhes marcantes para um visual sofisticado no verão. O design do top possui drapeado delicado lateral e aplicação metálica central confere charme e elegância, enquanto a calcinha de amarração lateral garante um caimento confortável e valoriza a silhueta. A escolha perfeita para quem busca estilo e sofisticação. Confeccionado em malha fluity. Modelo veste PP.",,partial_or_variant_unavailable,https://cdn.vnda.com.br/intibrand/2026/08/19/17_39_09_126_biqu-c3-8dni-20lorian-20preto-20frente-201-17089320.jpg?v=1787171958,public_catalog,2026-08-24T17:28:30.310313-03:00,jsonld:price,HIGH,200,,5,1.9661016949152543,1,-1.7972742321343007,2.5142863267293416,46
3505,Biquíni Lusty Fúcsia,https://www.intibrand.com/produto/biquini-lusty-fucsia-3505,VERÃO 2027,Biquínis,Fúcsia,95.0,214.5,55.71,PP|P|M|G|GG,,,unavailable,https://cdn.vnda.com.br/intibrand/2022/09/06/11_9_1_158_BIQUNILUSTYFUCSIAFRENTE.jpg?v=1662475614,public_catalog,2026-08-24T17:28:30.310313-03:00,jsonld:price,HIGH,200,,5,0.8050847457627118,3,-1.3421163650688503,-0.12362611392564755,81
3011,Biquíni Malawi Pérola,https://www.intibrand.com/produto/biquini-malawi-perola-3011,VERÃO 2027,Biquínis,Pérola,110.0,384.5,71.39,P|M|G,"Biquini com formato reto, textura de nervura e com alças de sustentação fixas. Parte posterior com fechamento por fecho metal. Calcinha com pala com detalhe de nervura na parte frontal e costura toda embutida. Confeccionado em Microfibra (malha de poliamida). Composição: 85% Poliamida, 15% Elastano.","85% Poliamida, 15% Elastano.",unavailable,https://cdn.vnda.com.br/intibrand/2023/07/17/16_12_26_831_16_7_6_669_biquicc81ni20malawi20pecc81rola20frente.jpg?v=1689621184,public_catalog,2026-08-24T17:28:30.310313-03:00,jsonld:price,HIGH,200,,3,0.9322033898305084,3,-2.831752811558931,0.33684906010979465,81
4293,Biquíni Mark Azul Índigo,https://www.intibrand.com/produto/biquini-mark-azul-indigo-4293,VERÃO 2027,Biquínis,Azul Índigo,158.0,394.5,59.95,PP|P|M|G|GG,As correntes já marcaram os biquínis das últimas temporadas INTI e dessa vez trouxemos o aviamento em uma modelagem clássica de cortininha e lacinho. Modelo veste PP.,,partial_or_variant_unavailable,https://cdn.vnda.com.br/intibrand/2024/11/21/10_17_45_499_10_11_4_415_biquc38dni20mark20azul20c38dndigo20frente201.jpg?v=1732195069,public_catalog,2026-08-24T17:28:30.310313-03:00,jsonld:price,HIGH,200,,5,1.3389830508474576,3,-1.6027566489616571,1.1149860904077382,81
4294,Biquíni Mark Castanho,https://www.intibrand.com/produto/biquini-mark-castanho-4294,VERÃO 2027,Biquínis,Castanho,158.0,394.5,59.95,PP|P|M|G|GG,As correntes já marcaram os biquínis das últimas temporadas INTI e dessa vez trouxemos o aviamento em uma modelagem clássica de cortininha e lacinho. Modelo veste PP.,,unavailable,https://cdn.vnda.com.br/intibrand/2024/11/21/10_16_15_332_10_11_0_043_biquc38dni20mark20castanho20frente201.jpg?v=1732194981,public_catalog,2026-08-24T17:28:30.310313-03:00,jsonld:price,HIGH,200,,5,1.3389830508474576,3,-1.5993177630805366,1.1219039970929823,81
4291,Biquíni Mark Pérola,https://www.intibrand.com/produto/biquini-mark-perola-4291,VERÃO 2027,Biquínis,Pérola,158.0,394.5,59.95,PP|P|M|G|GG,As correntes já marcaram os biquínis das últimas temporadas INTI e dessa vez trouxemos o aviamento em uma modelagem clássica de cortininha e lacinho. Modelo veste PP.,,unavailable,https://cdn.vnda.com.br/intibrand/2024/11/21/10_21_33_407_10_11_3_384_biquc38dni20mark20pc389rola20frente.jpg?v=1732195323,public_catalog,2026-08-24T17:28:30.310313-03:00,jsonld:price,HIGH,200,,5,1.3389830508474576,3,-1.6310238487047217,1.1325237053252142,81
4292,Biquíni Mark Preto,https://www.intibrand.com/produto/biquini-mark-preto-4292,VERÃO 2027,Biquínis,Preto,158.0,394.5,59.95,PP|P|M|G|GG,As correntes já marcaram os biquínis das últimas temporadas INTI e dessa vez trouxemos o aviamento em uma modelagem clássica de cortininha e lacinho. Modelo veste PP.,,partial_or_variant_unavailable,https://cdn.vnda.com.br/intibrand/2024/11/21/10_24_05_684_10_11_2_224_biquc38dni20mark20preto20frente.jpg?v=1739823783,public_catalog,2026-08-24T17:28:30.310313-03:00,jsonld:price,HIGH,200,,5,1.3389830508474576,3,-1.5924040137652116,1.1457468815733503,81
4168,Biquíni Marzan Off-White,https://www.intibrand.com/produto/biquini-marzan-off-white-4168,VERÃO 2027,Biquínis,Off White,105.0,284.5,63.09,P|M|G,"Top triangular clássico no estilo cortininha, sem bojo, com alças finas. O Marzan também possui nosso novo aviamento com estilo orgânico personalizado e banhado à ouro. Modelo veste PP.",,unavailable,https://cdn.vnda.com.br/intibrand/2024/08/15/15_52_10_41_15_8_1_188_biquc38dni20marzan2020offwhite20frente20carved.jpg?v=1723747942,public_catalog,2026-08-24T17:28:30.310313-03:00,jsonld:price,HIGH,200,,3,0.8898305084745762,3,-2.3858055965383054,-0.2996789044869093,81
4169,Biquíni Marzan Preto,https://www.intibrand.com/produto/biquini-marzan-preto-4169,VERÃO 2027,Biquínis,Preto,105.0,284.5,63.09,P|M|G,"Top triangular clássico no estilo cortininha, sem bojo, com alças finas. O Marzan também possui nosso novo aviamento com estilo orgânico personalizado e banhado à ouro. Modelo veste PP.",,partial_or_variant_unavailable,https://cdn.vnda.com.br/intibrand/2024/08/15/15_37_51_404_15_8_2_290_biquc38dni20marzan20preto20frente20carved.jpg?v=1723747186,public_catalog,2026-08-24T17:28:30.310313-03:00,jsonld:price,HIGH,200,,3,0.8898305084745762,3,-2.4379042431901774,-0.26814118746545074,81
3510,Biquíni Menorca Azul Marinho,https://www.intibrand.com/produto/biquini-menorca-azul-marinho-3510,VERÃO 2027,Biquínis,Azul Marinho,95.0,219.5,56.72,PP|P|M|G|GG,"Biquini assimétrico e versátil. Top com modelo de um ombro só e calcinha estilo tanga com aviamento orgânico exclusivo desenvolvido especialmente para a coleção. Confeccionado em microfibra, com costura toda embutida. Modelagem versátil e exclusiva. Confeccionado em Microfibra (malha de poliamida). Composição: 85% Poliamida, 15% Elastano. Modelo veste PP.","85% Poliamida, 15% Elastano.",unavailable,https://cdn.vnda.com.br/intibrand/2022/08/24/16_8_7_738_BIQUNIMENORCAAZULMARINHOFRENTE.jpg?v=1661369200,public_catalog,2026-08-24T17:28:30.310313-03:00,jsonld:price,HIGH,200,,5,0.8050847457627118,3,-1.380705914165628,-0.08437567238507943,81
3512,Biquíni Menorca Preto,https://www.intibrand.com/produto/biquini-menorca-preto-3512,VERÃO 2027,Biquínis,Preto,95.0,219.5,56.72,PP|P|M|G|GG,"Biquini assimétrico e versátil. Top com modelo de um ombro só e calcinha estilo tanga com aviamento orgânico exclusivo desenvolvido especialmente para a coleção. Confeccionado em microfibra, com costura toda embutida. Modelagem versátil e exclusiva. Confeccionado em Microfibra (malha de poliamida). Composição: 85% Poliamida, 15% Elastano. Modelo veste PP.","85% Poliamida, 15% Elastano.",unavailable,https://cdn.vnda.com.br/intibrand/2022/08/24/16_8_4_436_BIQUNIMENORCAPRETOSOLTA.jpg?v=1661369957,public_catalog,2026-08-24T17:28:30.310313-03:00,jsonld:price,HIGH,200,,5,0.8050847457627118,3,-1.3726607663973682,-0.05805189324309594,81
3902,Biquíni Mies Azul Turquesa,https://www.intibrand.com/produto/biquini-mies-azul-turquesa-3902,VERÃO 2027,Biquínis,Azul Turquesa,105.0,269.5,61.04,PP|P|M|G|GG,Biquíni com top meia taça liso com tecido wavy sobreposto. As alças possuem regulador banhado e fecho posterior. Calcinha estilo asa delta em tecido wavy. Composição tecido liso: 87% Poliamida 13% Elastano Tecido wavy: 98% Poliamida 2% Elastano. Modelo veste PP.,,unavailable,https://cdn.vnda.com.br/intibrand/2023/12/02/17_53_41_648_17_12_5_540_biquc38dni20mies20azul20turquesa20frente.jpg?v=1701550473,public_catalog,2026-08-24T17:28:30.310313-03:00,jsonld:price,HIGH,200,,5,0.8898305084745762,3,-1.533256899838047,0.26907162566418985,81
3904,Biquíni Mies Off-White,https://www.intibrand.com/produto/biquini-mies-off-white-3904,VERÃO 2027,Biquínis,Off White,105.0,269.5,61.04,PP|P|M|G|GG,"Biquíni com top meia taça liso com tecido wavy sobreposto. As alças possuem regulador banhado e fecho posterior. Calcinha estilo asa delta em tecido wavy. Composição tecido liso: 87% Poliamida 13% Elastano Tecido wavy: 98% Poliamida 2% Elastano, Forro: 92,6% Poliéster 7,4% Elastano. Modelo veste PP.",,unavailable,https://cdn.vnda.com.br/intibrand/2023/12/02/17_54_25_10_17_12_7_715_biquc38dni20mies20offwhite20frente20.jpg?v=1701550591,public_catalog,2026-08-24T17:28:30.310313-03:00,jsonld:price,HIGH,200,,5,0.8898305084745762,3,-1.4784048489776218,0.26483086711916387,81
3903,Biquíni Mies Preto,https://www.intibrand.com/produto/biquini-mies-preto-3903,VERÃO 2027,Biquínis,Preto,105.0,269.5,61.04,PP|P|M|G|GG,Biquíni com top meia taça liso com tecido wavy sobreposto. As alças possuem regulador banhado e fecho posterior. Calcinha estilo asa delta em tecido wavy. Composição tecido liso: 87% Poliamida 13% Elastano Tecido wavy: 98% Poliamida 2% Elastano. Modelo veste PP.,,unavailable,https://cdn.vnda.com.br/intibrand/2023/12/02/17_54_02_752_17_12_8_892_biquc38dni20mies20preto20frente202.jpg?v=1701550523,public_catalog,2026-08-24T17:28:30.310313-03:00,jsonld:price,HIGH,200,,5,0.8898305084745762,3,-1.5305034956294938,0.29636858414062245,81
4188,Biquíni Miller Azul Nilo,https://www.intibrand.com/produto/biquini-miller-azul-nilo-4188,VERÃO 2027,Biquínis,Azul Nilo,118.0,294.5,59.93,P|M|G|GG,"Essa versão do biquíni com aro contínuo possui excelente caimento e traz o formato coração no bojo, destacado pelo acabamento em matelassê, marca da coleção. Modelo veste PP.",,unavailable,https://cdn.vnda.com.br/intibrand/2024/08/28/18_35_30_360_18_8_1_161_biquc38dni20miller20azul20nilo20frente.jpg?v=1724880976,public_catalog,2026-08-24T17:28:30.310313-03:00,jsonld:price,HIGH,200,,4,1.0,3,-1.936578864154413,0.10473294837535237,81
4189,Biquíni Miller Cobre,https://www.intibrand.com/produto/biquini-miller-cobre-4189,VERÃO 2027,Biquínis,Cobre,118.0,294.5,59.93,P|M|G|GG,"Essa versão do biquíni com aro contínuo possui excelente caimento e traz o formato coração no bojo, destacado pelo acabamento em matelassê, marca da coleção. Modelo veste PP.",,partial_or_variant_unavailable,https://cdn.vnda.com.br/intibrand/2024/08/28/18_37_30_59_18_8_4_401_biquc38dni20miller20cobre20zoom201.jpg?v=1724881058,public_catalog,2026-08-24T17:28:30.310313-03:00,jsonld:price,HIGH,200,,4,1.0,3,-1.9496815475667533,0.09665826471742012,81
4186,Biquíni Miller Preto,https://www.intibrand.com/produto/biquini-miller-preto-4186,VERÃO 2027,Biquínis,Preto,118.0,294.5,59.93,P|M|G|GG,"Essa versão do biquíni com aro contínuo possui excelente caimento e traz o formato coração no bojo, destacado pelo acabamento em matelassê, marca da coleção. Modelo veste PP.",,partial_or_variant_unavailable,https://cdn.vnda.com.br/intibrand/2024/08/28/18_40_53_976_18_8_4_467_biquc38dni20miller20preto20frente201.jpg?v=1725307787,public_catalog,2026-08-24T17:28:30.310313-03:00,jsonld:price,HIGH,200,,4,1.0,3,-1.9345680595678332,0.13208042456705896,81
4187,Biquíni Miller Vermelho,https://www.intibrand.com/produto/biquini-miller-vermelho-4187,VERÃO 2027,Biquínis,Vermelho,118.0,294.5,59.93,P|M|G|GG,"Essa versão do biquíni com aro contínuo possui excelente caimento e traz o formato coração no bojo, destacado pelo acabamento em matelassê, marca da coleção. Modelo veste PP.",,unavailable,https://cdn.vnda.com.br/intibrand/2024/09/04/11_35_24_86_11_9_8_809_biquc38dni20miller20vermelho20carmim20frente.jpg?v=1725461376,public_catalog,2026-08-24T17:28:30.310313-03:00,jsonld:price,HIGH,200,,4,1.0,3,-1.9033199466955233,0.09739017277330946,81
3750,Biquíni Nari Off-White,https://www.intibrand.com/produto/biquini-nari-off-white-3750,VERÃO 2027,Biquínis,Off White,95.0,234.5,59.49,P|M|G,"Biquíni em formato triangular com bojo removível, com alças em elástico com 3mm de espessura, aviamento personalizado em formato oval e superfície irregular em alto relevo. Calcinha de amarração lateral com acabamento embutido e finalização por ponteiras lisas banhadas em níquel. Composição do biquíni: 84% Poliamida 16% Elastano. Composição forro: 92,6% Poliéster 7,4% Elastano. Modelo veste PP.",,unavailable,https://cdn.vnda.com.br/intibrand/2023/06/12/10_6_0_076_BIQUC38DNINARIOFFWHITEFRENTEcopiar.jpg?v=1688139074,public_catalog,2026-08-24T17:28:30.310313-03:00,jsonld:price,HIGH,200,,3,0.8050847457627118,3,-2.2428456887790458,-0.642266101938126,81
4247,Biquíni Perez Azul Índigo,https://www.intibrand.com/produto/biquini-perez-azul-indigo-4247,VERÃO 2027,Biquínis,Azul Índigo,118.0,294.5,59.93,P|M|G|GG,"O nosso clássico cortininha, com o novo aviamento orgânico da coleção, ganhou uma bossa para o verão. Peça toda embutida e caimento perfeito. Modelo veste PP.",,partial_or_variant_unavailable,https://cdn.vnda.com.br/intibrand/2025/01/27/12_37_11_954_12_1_2_221_biquc38dni20perez20azul20c38dndigo20frente20original.jpg?v=1737992272,public_catalog,2026-08-24T17:28:30.310313-03:00,jsonld:price,HIGH,200,,4,1.0,3,-1.9449206947642788,0.10131963340144691,81
4248,Biquíni Perez Castanho,https://www.intibrand.com/produto/biquini-perez-castanho-4248,VERÃO 2027,Biquínis,Castanho,118.0,294.5,59.93,P|M|G|GG,"O nosso clássico cortininha, com o novo aviamento orgânico da coleção, ganhou uma bossa para o verão. Peça toda embutida e caimento perfeito. Modelo veste PP.",,unavailable,https://cdn.vnda.com.br/intibrand/2025/01/27/12_04_53_297_12_1_6_640_biquc38dni20perez20castanho20frente20original.jpg?v=1737990302,public_catalog,2026-08-24T17:28:30.310313-03:00,jsonld:price,HIGH,200,,4,1.0,3,-1.9414818088831582,0.10823754008669094,81
4245,Biquíni Perez Pérola,https://www.intibrand.com/produto/biquini-perez-perola-4245,VERÃO 2027,Biquínis,Pérola,118.0,294.5,59.93,P|M|G|GG,"O nosso clássico cortininha, com o novo aviamento orgânico da coleção, ganhou uma bossa para o verão. Peça toda embutida e caimento perfeito. Modelo veste PP.",,unavailable,https://cdn.vnda.com.br/intibrand/2025/01/27/11_58_27_420_11_1_7_747_biquc38dni20perez20pc389rola20frente20aviamento20original.jpg?v=1737989953,public_catalog,2026-08-24T17:28:30.310313-03:00,jsonld:price,HIGH,200,,4,1.0,3,-1.9731878945073433,0.1188572483189227,81
4246,Biquíni Perez Preto,https://www.intibrand.com/produto/biquini-perez-preto-4246,VERÃO 2027,Biquínis,Preto,118.0,294.5,59.93,P|M|G|GG,"O nosso clássico cortininha, com o novo aviamento orgânico da coleção, ganhou uma bossa para o verão. Peça toda embutida e caimento perfeito. Modelo veste PP.",,partial_or_variant_unavailable,https://cdn.vnda.com.br/intibrand/2025/01/27/11_55_55_755_11_1_9_901_biquc38dni20perez20preto20frente202.jpg?v=1737989768,public_catalog,2026-08-24T17:28:30.310313-03:00,jsonld:price,HIGH,200,,4,1.0,3,-1.9345680595678332,0.13208042456705896,81
4624,Biquíni Peter Cobre,https://www.intibrand.com/produto/biquini-peter-cobre-4624,VERÃO 2027,Biquínis,Cobre,116.0,299.5,61.27,PP|P|M|G,"O grande destaque do Biquíni Peter é seu aviamento orgânico no top, que adiciona um efeito moderno e futurista, tornando o design super inovador. As alças reguláveis garantem o ajuste perfeito, enquanto a calcinha, de modelagem slim, valoriza a silhueta. Modelo veste PP.",,partial_or_variant_unavailable,https://cdn.vnda.com.br/intibrand/2025/09/24/09_52_40_416_biqu-c3-8dni-20peter-20cobre-20com-20al-c3-87a-09097540.jpg?v=1758718363,public_catalog,2026-08-24T17:28:30.310313-03:00,jsonld:price,HIGH,200,,4,0.9830508474576272,3,-1.99354896681285,0.13001547461992777,81
4623,Biquíni Peter Preto,https://www.intibrand.com/produto/biquini-peter-preto-4623,VERÃO 2027,Biquínis,Preto,116.0,299.5,61.27,PP|P|M|G,"O grande destaque do Biquíni Peter é seu aviamento orgânico no top, que adiciona um efeito moderno e futurista, tornando o design super inovador. As alças reguláveis garantem o ajuste perfeito, enquanto a calcinha, de modelagem slim, valoriza a silhueta. Modelo veste PP.",,partial_or_variant_unavailable,https://cdn.vnda.com.br/intibrand/2025/09/24/09_53_21_623_biqu-c3-8dni-20peter-20preto-20com-20al-c3-87a-09098730.jpg?v=1758718405,public_catalog,2026-08-24T17:28:30.310313-03:00,jsonld:price,HIGH,200,,4,0.9830508474576272,3,-1.97843547881393,0.16543763446956658,81
4431,Biquíni Riva Azul Índigo,https://www.intibrand.com/produto/biquini-riva-azul-indigo-4431,VERÃO 2027,Biquínis,Azul Índigo,120.0,344.5,65.17,P|M|G,"O biquíni destaca-se pelo design moderno e elegante. O top assimétrico possui alça dupla que se cruza sobre o ombro, e um detalhe vazado na frente, trazendo um toque sofisticado. Ambos, o top e a calcinha, hot pants, contam com aviamentos metalizados, conferindo um acabamento luxuoso à peça. Modelo veste PP.",,unavailable,https://cdn.vnda.com.br/intibrand/2025/05/21/15_15_08_712_15_5_0_031_biquc38dni20riva20azul20c38dndigo20lado.jpg?v=1747851341,public_catalog,2026-08-24T17:28:30.310313-03:00,jsonld:price,HIGH,200,,3,1.0169491525423728,3,-2.5641924016500477,0.09239592827113362,81
4429,Biquíni Riva Pérola,https://www.intibrand.com/produto/biquini-riva-perola-4429,VERÃO 2027,Biquínis,Pérola,120.0,344.5,65.17,P|M|G,"O biquíni destaca-se pelo design moderno e elegante. O top assimétrico possui alça dupla que se cruza sobre o ombro, e um detalhe vazado na frente, trazendo um toque sofisticado. Ambos, o top e a calcinha, hot pants, contam com aviamentos metalizados, conferindo um acabamento luxuoso à peça. Composição: 84% Poliamida / 16% Elastano Modelo veste PP.",84% Poliamida / 16% Elastano,unavailable,https://cdn.vnda.com.br/intibrand/2025/01/31/13_58_59_228_13_1_3_384_biquc38dni20riva20pc389rola20frente202201.jpg?v=1746026635,public_catalog,2026-08-24T17:28:30.310313-03:00,jsonld:price,HIGH,200,,3,1.0169491525423728,3,-2.592459601393112,0.10993354318860941,81
4430,Biquíni Riva Preto,https://www.intibrand.com/produto/biquini-riva-preto-4430,VERÃO 2027,Biquínis,Preto,120.0,344.5,65.17,P|M|G,"O biquíni destaca-se pelo design moderno e elegante. O top assimétrico possui alça dupla que se cruza sobre o ombro, e um detalhe vazado na frente, trazendo um toque sofisticado. Ambos, o top e a calcinha, hot pants, contam com aviamentos metalizados, conferindo um acabamento luxuoso à peça. Composição: 84% Poliamida / 16% Elastano Modelo veste PP.",84% Poliamida / 16% Elastano,unavailable,https://cdn.vnda.com.br/intibrand/2025/01/31/13_58_03_688_13_1_7_723_biquc38dni20riva20preto20frente201.jpg?v=1738342688,public_catalog,2026-08-24T17:28:30.310313-03:00,jsonld:price,HIGH,200,,3,1.0169491525423728,3,-2.5538397664536023,0.12315671943674567,81
3528,Biquíni Sopka Off-White,https://www.intibrand.com/produto/biquini-sopka-off-white-3528,VERÃO 2027,Biquínis,Off White,95.0,199.5,52.38,P|M|G|GG,"Top triangular liso, modelo cortininha. Detalhe em metal formato orgânico, banhado a ouro. Fechamento posterior por amarração. Calcinha estilo tanga com fechamento por amarração. Confeccionado em malha Super Liberty. Composição: 84% Poliamida 16% Elastano",84% Poliamida 16% Elastano,unavailable,https://cdn.vnda.com.br/intibrand/2022/08/29/17_8_0_086_BIQUNISOPKAOFFWHITEFRENTE.jpg?v=1661803382,public_catalog,2026-08-24T17:28:30.310313-03:00,jsonld:price,HIGH,200,,4,0.8050847457627118,3,-1.6085884789526508,-0.5847191212868801,81
4570,Biquíni Taut Off-White,https://www.intibrand.com/produto/biquini-taut-off-white-4570,VERÃO 2027,Biquínis,Off White,232.0,549.0,57.74,PP|P|M|G,"Com alças finas e linhas assimétricas, o biquíni Taut redefine a silhueta com elegância e irreverência. Seu design exclusivo traz um toque sofisticado para os momentos à beira-mar. A calcinha, com tiras delicadas, proporciona um ajuste impecável e um ótimo caimento. Composição: 87% Poliamida / 13% Elastano Modelo veste PP.",87% Poliamida / 13% Elastano,unavailable,https://cdn.vnda.com.br/intibrand/2025/08/20/11_49_34_235_biqu-c3-8dni-20taut-20off-white-20frente-20-1-11087640.jpg?v=1755894423,public_catalog,2026-08-24T17:28:30.310313-03:00,jsonld:price,HIGH,200,,4,1.9661016949152543,1,-1.9901891290120635,1.8648948972156578,46
4571,Biquíni Taut Preto,https://www.intibrand.com/produto/biquini-taut-preto-4571,VERÃO 2027,Biquínis,Preto,232.0,549.0,57.74,PP|P|M|G,"Com alças finas e linhas assimétricas, o biquíni Taut redefine a silhueta com elegância e irreverência. Seu design exclusivo traz um toque sofisticado para os momentos à beira-mar. A calcinha, com tiras delicadas, proporciona um ajuste impecável e um ótimo caimento. Composição: 87% Poliamida / 13% Elastano Modelo veste PP.",87% Poliamida / 13% Elastano,partial_or_variant_unavailable,https://cdn.vnda.com.br/intibrand/2025/08/20/11_40_34_8_biqu-c3-8dni-20taut-20preto-20frente-202-20-2-11081880.jpg?v=1755700912,public_catalog,2026-08-24T17:28:30.310313-03:00,jsonld:price,HIGH,200,,4,1.9661016949152543,1,-2.0422877756639357,1.8964326142371164,46
4260,Biquíni Vince Castanho,https://www.intibrand.com/produto/biquini-vince-castanho-4260,VERÃO 2027,Biquínis,Castanho,118.0,294.5,59.93,PP|P|M|G|GG,"Um novo modelo versátil, que permite diferentes amarrações, garantindo propostas diversas ao mesmo look. Feito em tecido microfibra, com acabamento embutido. Modelo veste PP.",,unavailable,https://cdn.vnda.com.br/intibrand/2024/11/12/18_15_04_288_18_11_3_324_biquc38dni20vince20castanho20frente.jpg?v=1731446107,public_catalog,2026-08-24T17:28:30.310313-03:00,jsonld:price,HIGH,200,,5,1.0,3,-1.523907782574896,0.4413475750310162,81
4257,Biquíni Vince Pérola,https://www.intibrand.com/produto/biquini-vince-perola-4257,VERÃO 2027,Biquínis,Pérola,118.0,294.5,59.93,PP|P|M|G|GG,"Um novo modelo versátil, que permite diferentes amarrações, garantindo propostas diversas ao mesmo look. Feito em tecido microfibra, com acabamento embutido. Modelo veste PP.",,unavailable,https://cdn.vnda.com.br/intibrand/2024/11/12/18_17_34_94_18_11_0_021_biquc38dni20vince20pc389rola20frente.jpg?v=1731446269,public_catalog,2026-08-24T17:28:30.310313-03:00,jsonld:price,HIGH,200,,5,1.0,3,-1.555613868199081,0.451967283263248,81
4258,Biquíni Vince Preto,https://www.intibrand.com/produto/biquini-vince-preto-4258,VERÃO 2027,Biquínis,Preto,118.0,294.5,59.93,PP|P|M|G|GG,"Um novo modelo versátil, que permite diferentes amarrações, garantindo propostas diversas ao mesmo look. Feito em tecido microfibra, com acabamento embutido. Modelo veste PP.",,partial_or_variant_unavailable,https://cdn.vnda.com.br/intibrand/2024/11/12/18_14_20_391_18_11_7_701_biquc38dni20vince20preto20frente201.jpg?v=1731446065,public_catalog,2026-08-24T17:28:30.310313-03:00,jsonld:price,HIGH,200,,5,1.0,3,-1.5169940332595708,0.4651904595113842,81
4320,Biquíni Vince Vermelho Carmim,https://www.intibrand.com/produto/biquini-vince-vermelho-carmim-4320,VERÃO 2027,Biquínis,Vermelho Carmim,118.0,294.5,59.93,PP|P|M|G|GG,"Um novo modelo versátil, que permite diferentes amarrações, garantindo propostas diversas ao mesmo look. Feito em tecido microfibra, com acabamento embutido. Modelo veste PP.",,unavailable,https://cdn.vnda.com.br/intibrand/2024/12/11/14_16_57_43_14_12_7_741_biquc38dni20vince20vermelho20carmin20frente202.jpg?v=1733937436,public_catalog,2026-08-24T17:28:30.310313-03:00,jsonld:price,HIGH,200,,5,1.0,3,-1.521584030451992,0.4383765301075685,81
4821,Biquíni Vitto Azul Marinho,https://www.intibrand.com/produto/biquini-vitto-azul-marinho-4821,VERÃO 2027,Biquínis,Azul Marinho,232.0,579.0,59.93,PP|P|M|G,"O Biquíni Vitto mantém uma estética sofisticada. O top de modelagem triangular ganha destaque pelo aviamento metálico nas costas, que substitui o fechamento tradicional e adiciona um toque moderno. A calcinha de amarração lateral completa o conjunto com leveza e elegância. Composição: 87% Poliamida / 13% Elastano Modelo veste PP.",87% Poliamida / 13% Elastano,partial_or_variant_unavailable,https://cdn.vnda.com.br/intibrand/2026/03/24/18_27_43_31_biqu-c3-8dni-20vitto-20azul-20marinho-20frente-202-20-2-18037170.jpg?v=1774387669,public_catalog,2026-08-24T17:28:30.310313-03:00,jsonld:price,HIGH,200,,4,1.9661016949152543,1,-2.1553574952466583,2.042138369617123,46
4924,BIQUÍNI VITTO + PAREÔ GRAZIA | PÉROLA,https://www.intibrand.com/produto/biquini-vitto-pareo-grazia-perola-4924,VERÃO 2027,Biquínis,Pérola,1252.1,,0.0,PP|P|M|G,"Combinação composta pelo Biquíni Vitto e Pareô Grazia. O biquíni traz uma estética sofisticada, com top triangular e aviamento metálico nas costas que substitui o fechamento tradicional, adicionando um toque moderno à peça. A calcinha de amarração lateral completa o visual com leveza e elegância. O pareô longo finaliza a produção com drapeado na cintura e aviamento exclusivo da coleção, banhado a ouro.",,partial_or_variant_unavailable,https://cdn.vnda.com.br/intibrand/2026/05/13/10_59_13_25_biqu-c3-8dni-20vitto-20p-c3-89rola-20-2b-20pare-c3-94-20grazia-20p-c3-89rola-20frente-20-2-10054380.jpg?v=1778680753,public_catalog,2026-08-24T17:28:30.310313-03:00,jsonld:price,HIGH,200,,4,10.61101694915254,4,2.687105759958838,5.790188957106531,5
4923,BIQUÍNI VITTO + PAREÔ | PRETO,https://www.intibrand.com/produto/biquini-vitto-pareo-preto-4923,VERÃO 2027,Biquínis,Preto,986.1,,0.0,PP|P|M|G|U,"A combinação composta pelo Biquíni Vitto e Pareô Longo traz uma proposta sofisticada e elegante para os dias de praia. O biquíni possui top triangular com aviamento metálico nas costas, adicionando um toque moderno ao visual, enquanto a calcinha de amarração lateral garante leveza e feminilidade. O pareô longo em microfibra complementa a produção com modelagem confortável e fechamento por amarração com faixas embutidas.",,partial_or_variant_unavailable,https://cdn.vnda.com.br/intibrand/2026/05/13/10_56_12_731_biqu-c3-8dni-20vitto-20preto-20-2b-20pare-c3-94-20preto-20frente-20-4-10057180.jpg?v=1778680585,public_catalog,2026-08-24T17:28:30.310313-03:00,jsonld:price,HIGH,200,,5,8.35677966101695,4,2.3174356957157527,4.628486715585101,5
4819,Biquíni Vitto Pérola,https://www.intibrand.com/produto/biquini-vitto-perola-4819,VERÃO 2027,Biquínis,Pérola,232.0,579.0,59.93,PP|P|M|G,"O Biquíni Vitto mantém uma estética sofisticada. O top de modelagem triangular ganha destaque pelo aviamento metálico nas costas, que substitui o fechamento tradicional e adiciona um toque moderno. A calcinha de amarração lateral completa o conjunto com leveza e elegância. Composição: 84% Poliamida 16% Elastano Modelo veste PP.",84% Poliamida 16% Elastano,unavailable,https://cdn.vnda.com.br/intibrand/2026/03/24/18_30_43_611_biqu-c3-8dni-20vitto-20p-c3-89rola-20frente-20-1-18038820.jpg?v=1774387849,public_catalog,2026-08-24T17:28:30.310313-03:00,jsonld:price,HIGH,200,,4,1.9661016949152543,1,-2.1859321824179085,2.0552389725109705,46
4820,Biquíni Vitto Preto,https://www.intibrand.com/produto/biquini-vitto-preto-4820,VERÃO 2027,Biquínis,Preto,232.0,579.0,59.93,PP|P|M|G,"O Biquíni Vitto mantém uma estética sofisticada. O top de modelagem triangular ganha destaque pelo aviamento metálico nas costas, que substitui o fechamento tradicional e adiciona um toque moderno. A calcinha de amarração lateral completa o conjunto com leveza e elegância. Composição: 84% Poliamida 16% Elastano Modelo veste PP.",84% Poliamida 16% Elastano,partial_or_variant_unavailable,https://cdn.vnda.com.br/intibrand/2026/03/24/18_34_25_985_biqu-c3-8dni-20vitto-20preto-20frente-202-20-1-18034790.jpg?v=1774388071,public_catalog,2026-08-24T17:28:30.310313-03:00,jsonld:price,HIGH,200,,4,1.9661016949152543,1,-2.147312347478399,2.0684621487591066,46
4530,Blazer Adonis Preto,https://www.intibrand.com/produto/blazer-adonis-preto-4530,VERÃO 2027,Blazers,Preto,794.5,,0.0,36|38|40|42,"O Blazer Adonis possui um design minimalista e corte estruturado. O decote profundo em ""V"" confere um toque de elegância e modernidade. O fechamento frontal é feito por um botão banhado à ouro, agregando exclusividade à peça. As mangas longas e o caimento impecável garantem um look refinado e versátil. Composição: 94% Poliéster / 6% Elastano Modelo veste 34.",94% Poliéster / 6% Elastano,partial_or_variant_unavailable,https://cdn.vnda.com.br/intibrand/2025/03/31/17_55_06_453_17_3_6_630_conjunto20adonis20preto20frente.jpg?v=1743454509,public_catalog,2026-08-24T17:28:30.310313-03:00,jsonld:price,HIGH,200,,4,0.5,0,-0.06723211339075229,-0.9287997744930871,289
3734,Blazer Alvar Azul Índigo,https://www.intibrand.com/produto/blazer-alvar-azul-indigo-3734,VERÃO 2027,Blazers,Azul Índigo,494.5,,0.0,P|M|G,Blazer produzido em tecido de alfaiataria. Modelo cropped estruturado e com ombreiras. Modelagem com design orgânico em formato sinuoso. Acabamento com forro embutido. Fecho por 4 botões de pressão internos. Composição: 95% Poliéster e 5% Elastano.,95% Poliéster e 5% Elastano.,partial_or_variant_unavailable,https://cdn.vnda.com.br/intibrand/2023/07/18/11_16_50_149_11_7_0_079_blazer20alvar20azul20c38dndigo202b20short20gruzman20azul20c38dndigo20frente20220revisada.jpg?v=1689689814,public_catalog,2026-08-24T17:28:30.310313-03:00,jsonld:price,HIGH,200,,3,0.31120201384518564,0,-0.8406494710509178,-1.4832216457033487,289
4894,Blazer Carmine Caramelo,https://www.intibrand.com/produto/blazer-carmine-caramelo-4894,VERÃO 2027,Blazers,Caramelo,1589.0,,0.0,34|36|38|40|42|44,"O Blazer Carmine é a definição de elegância minimalista. Confeccionado em tecido de alfaiataria estruturado, ele apresenta modelagem reta, caimento impecável e ombros levemente estruturados, garantindo um visual elegante sem excessos. Composição: 94% Poliéster / 6% Elastano Modelo veste 34.",94% Poliéster / 6% Elastano,partial_or_variant_unavailable,https://cdn.vnda.com.br/intibrand/2026/05/19/17_07_14_559_gaby-20v-c3-8ddeos-20-20-3740-20x-204987-20px-20-a4-20-7-17051060.jpg?v=1779221241,public_catalog,2026-08-24T17:28:30.310313-03:00,jsonld:price,HIGH,200,,6,1.0,2,1.686272545296892,0.211181601387652,166
4955,BLAZER CARMINE CARAMELO + CALÇA JEANS MALCOLM AZUL CLARO,https://www.intibrand.com/produto/blazer-carmine-caramelo-calca-jeans-malcolm-azul-claro-4955,VERÃO 2027,Blazers,Caramelo,2325.6,,0.0,34|36|38|40|42|44,"A sofisticação da alfaiataria encontra a versatilidade do jeans em uma combinação moderna e elegante, perfeita para transitar do casual ao refinado com facilidade.",,partial_or_variant_unavailable,https://cdn.vnda.com.br/intibrand/2026/06/01/17_15_35_719_gaby-20v-c3-8ddeos-20-20-3740-20x-204987-20px-20-a4-20-8-17064430.jpg?v=1780344938,public_catalog,2026-08-24T17:28:30.310313-03:00,jsonld:price,HIGH,200,,6,1.4635619886721207,2,2.5345673679239256,0.6790479341239808,166
4892,Blazer Carmine Off-White,https://www.intibrand.com/produto/blazer-carmine-off-white-4892,VERÃO 2027,Blazers,Off White,1589.0,,0.0,34|36|38|40|42|44,"O Blazer Carmine é a definição de elegância minimalista. Confeccionado em tecido de alfaiataria estruturado, ele apresenta modelagem reta, caimento impecável e ombros levemente estruturados, garantindo um visual elegante sem excessos. Composição: 94% Poliéster / 6% Elastano Modelo veste 34.",94% Poliéster / 6% Elastano,partial_or_variant_unavailable,https://cdn.vnda.com.br/intibrand/2026/05/19/17_05_53_816_gaby-20v-c3-8ddeos-20-20-3740-20x-204987-20px-20-a4-20-5-17057310.jpg?v=1779221153,public_catalog,2026-08-24T17:28:30.310313-03:00,jsonld:price,HIGH,200,,6,1.0,2,1.7349891128626813,0.21052526281479622,166
4953,BLAZER CARMINE + PANTALONA SAVOYE | OFF-WHITE,https://www.intibrand.com/produto/blazer-carmine-pantalona-savoye-off-white-4953,VERÃO 2027,Blazers,Off White,2392.1,,0.0,34|36|38|40|42|44,A sofisticação da alfaiataria em uma composição elegante e versátil. O blazer estruturado harmoniza perfeitamente com a pantalona de caimento fluido.,,partial_or_variant_unavailable,https://cdn.vnda.com.br/intibrand/2026/06/01/16_50_10_194_gaby-20v-c3-8ddeos-20-20-3740-20x-204987-20px-20-a4-20-1-16060150.jpg?v=1780343410,public_catalog,2026-08-24T17:28:30.310313-03:00,jsonld:price,HIGH,200,,6,1.505412208936438,2,2.659867706470841,0.7206304105483635,166
4954,BLAZER CARMINE + PANTALONA SAVOYE | PRETO,https://www.intibrand.com/produto/blazer-carmine-pantalona-savoye-preto-4954,VERÃO 2027,Blazers,Preto,2392.1,,0.0,34|36|38|40|42|44,A sofisticação da alfaiataria em uma composição elegante e versátil. O blazer estruturado harmoniza perfeitamente com a pantalona de caimento fluido.,,partial_or_variant_unavailable,https://cdn.vnda.com.br/intibrand/2026/06/01/17_08_21_818_gaby-20fotos-20-2-17065140.jpg?v=1780344514,public_catalog,2026-08-24T17:28:30.310313-03:00,jsonld:price,HIGH,200,,6,1.505412208936438,2,2.607769059818969,0.7521681275698221,166
4893,Blazer Carmine Preto,https://www.intibrand.com/produto/blazer-carmine-preto-4893,VERÃO 2027,Blazers,Preto,1589.0,,0.0,34|36|38|40|42|44,"O Blazer Carmine é a definição de elegância minimalista. Confeccionado em tecido de alfaiataria estruturado, ele apresenta modelagem reta, caimento impecável e ombros levemente estruturados, garantindo um visual elegante sem excessos. Composição: 94% Poliéster / 6% Elastano Modelo veste 34.",94% Poliéster / 6% Elastano,partial_or_variant_unavailable,https://cdn.vnda.com.br/intibrand/2026/05/19/17_09_24_827_gaby-20fotos-20-1-17057400.jpg?v=1779221370,public_catalog,2026-08-24T17:28:30.310313-03:00,jsonld:price,HIGH,200,,6,1.0,2,1.6828904662108093,0.2420629798362548,166
4062,Blazer Corrington Preto,https://www.intibrand.com/produto/blazer-corrington-preto-4062,VERÃO 2027,Blazers,Preto,749.5,,0.0,36|38|40|42,"O blazer Corrington traz consigo a essência da coleção com a mistura dos tecidos. Possui pala e barra acetinada acrescentando elegância a peça. Comprimento total: 36/62cm, 38/64cm, 40/66cm, 42/68cm. Modelo veste 34.",,partial_or_variant_unavailable,https://cdn.vnda.com.br/intibrand/2024/09/09/10_59_10_455_10_9_5_552_blazer20corrington20preto202b20pantalona20tessa20preta20frente202.jpg?v=1725890353,public_catalog,2026-08-24T17:28:30.310313-03:00,jsonld:price,HIGH,200,,4,0.47168030207677786,0,-0.11905571781407091,-0.9573824312581357,289
4958,BLAZER DONATO MARROM + PANTALONA SAVOYE OFF-WHITE,https://www.intibrand.com/produto/blazer-donato-marrom-pantalona-savoye-off-white-4958,VERÃO 2027,Blazers,Off White,,,0.0,34|36|38|40|42|44,"O Blazer Donato traz uma modelagem clássica com acabamento refinado e caimento estruturado. A Pantalona Savoye, nosso best seller, complementa o visual com sua modelagem ampla e elegante, garantindo sofisticação para diversas ocasiões.",,partial_or_variant_unavailable,,public_catalog,2026-08-24T17:28:30.310313-03:00,,NONE,200,NO_PRICE_FOUND,6,,2,0.84002124439631,0.0024312053488079327,166
4962,BLAZER DONATO + PANTALONA SAVOYE OFF-WHITE,https://www.intibrand.com/produto/blazer-donato-pantalona-savoye-off-white-4962,VERÃO 2027,Blazers,Off White,,,0.0,34|36|38|40|42|44,"O Blazer Donato traz uma modelagem clássica com acabamento refinado e caimento estruturado. A Pantalona Savoye, nosso best seller, complementa o visual com sua modelagem ampla e elegante, garantindo sofisticação para diversas ocasiões.",,partial_or_variant_unavailable,,public_catalog,2026-08-24T17:28:30.310313-03:00,,NONE,200,NO_PRICE_FOUND,6,,2,0.84002124439631,0.0024312053488079327,166
4963,BLAZER DONATO + PANTALONA SAVOYE PRETO,https://www.intibrand.com/produto/blazer-donato-pantalona-savoye-preto-4963,VERÃO 2027,Blazers,Preto,,,0.0,34|36|38|40|42|44,"O Blazer Donato traz uma modelagem clássica com acabamento refinado e caimento estruturado. A Pantalona Savoye, nosso best seller, complementa o visual com sua modelagem ampla e elegante, garantindo sofisticação para diversas ocasiões.",,partial_or_variant_unavailable,,public_catalog,2026-08-24T17:28:30.310313-03:00,,NONE,200,NO_PRICE_FOUND,6,,2,0.7879225977444378,0.03396892237026652,166
4660,Blazer Linho Fruges Caramelo,https://www.intibrand.com/produto/blazer-linho-fruges-caramelo-4660,VERÃO 2027,Blazers,Caramelo,894.5,,0.0,36|38|40|42,"O Blazer Fruges é a expressão do casual contemporâneo em linho, reinventando o clássico com uma modelagem sofisticada. Suas mangas trazem aberturas, enquanto o recorte orgânico nas costas adiciona um toque irreverente ao design. Destaque para os botões orgânicos banhados a ouro, presentes tanto na frente quanto nas costas. Composição: 55% Linho / 45% Viscose Modelo veste 34.",55% Linho / 45% Viscose,partial_or_variant_unavailable,https://cdn.vnda.com.br/intibrand/2025/09/25/13_22_38_758_blazer-20linho-20fruges-20caramelo-20-20short-20linho-20straus-20caramelo-20frente-202-20reedit-20-3-20-1-13098410.jpg?v=1760730800,public_catalog,2026-08-24T17:28:30.310313-03:00,jsonld:price,HIGH,200,,4,0.5629326620516047,0,0.05131353108048308,-0.8961641379082486,289
4659,Blazer Linho Fruges Preto,https://www.intibrand.com/produto/blazer-linho-fruges-preto-4659,VERÃO 2027,Blazers,Preto,894.5,,0.0,36|38|40|42,"O Blazer Fruges é a expressão do casual contemporâneo em linho, reinventando o clássico com uma modelagem sofisticada. Suas mangas trazem aberturas, enquanto o recorte orgânico nas costas adiciona um toque irreverente ao design. Destaque para os botões orgânicos banhados a ouro, presentes tanto na frente quanto nas costas. Composição: 55% Linho / 45% Viscose Modelo veste 34.",55% Linho / 45% Viscose,partial_or_variant_unavailable,https://cdn.vnda.com.br/intibrand/2025/09/25/13_25_02_308_blazer-20linho-20fruges-20preto-20-2b-20pantalona-20linho-20abbie-20preta-20frente-202-20-1-20-1-13096240.jpg?v=1760730808,public_catalog,2026-08-24T17:28:30.310313-03:00,jsonld:price,HIGH,200,,4,0.5629326620516047,0,0.04793145199440023,-0.8652827594596457,289
4420,Blazer Vestido Agatha Bege,https://www.intibrand.com/produto/blazer-vestido-agatha-bege-4420,VERÃO 2027,Blazers,Bege,794.5,,0.0,36|38|40|42,"A combinação perfeita entre elegância e modernidade. Destaca-se pelo corte estruturado e detalhes únicos, como os recortes laterais que valorizam a silhueta. O acabamento é feito com aviamentos metálicos, que acrescentam um toque de luxo à peça. Ideal para eventos sociais quanto para ocasiões mais formais. Composição: 94%Poliéster 6% Elastano | Forro: 100% Poliéster Modelo veste 34.",94%Poliéster 6% Elastano | Forro: 100% Poliéster,partial_or_variant_unavailable,https://cdn.vnda.com.br/intibrand/2025/01/30/18_24_11_124_18_1_1_156_blazer20vestido20agatha20bege20zoom20lado202.jpg?v=1738272254,public_catalog,2026-08-24T17:28:30.310313-03:00,jsonld:price,HIGH,200,,4,0.5,0,-0.06668350354632899,-0.9656651830572174,289
4418,Blazer Vestido Agatha Off-White,https://www.intibrand.com/produto/blazer-vestido-agatha-off-white-4418,VERÃO 2027,Blazers,Off White,794.5,,0.0,36|38|40|42,"A combinação perfeita entre elegância e modernidade. Destaca-se pelo corte estruturado e detalhes únicos, como os recortes laterais que valorizam a silhueta. O acabamento é feito com aviamentos metálicos, que acrescentam um toque de luxo à peça. Ideal para eventos sociais quanto para ocasiões mais formais. Composição: 94%Poliéster 6% Elastano | Forro: 100% Poliéster Modelo veste 34.",94%Poliéster 6% Elastano | Forro: 100% Poliéster,partial_or_variant_unavailable,https://cdn.vnda.com.br/intibrand/2025/01/30/18_22_41_350_18_1_8_847_blazer20vestido20agatha20offwhite20zoom.jpg?v=1747427331,public_catalog,2026-08-24T17:28:30.310313-03:00,jsonld:price,HIGH,200,,4,0.5,0,-0.015133466738880198,-0.9603374915145457,289
4419,Blazer Vestido Agatha Preto,https://www.intibrand.com/produto/blazer-vestido-agatha-preto-4419,VERÃO 2027,Blazers,Preto,794.5,,0.0,36|38|40|42,"A combinação perfeita entre elegância e modernidade. Destaca-se pelo corte estruturado e detalhes únicos, como os recortes laterais que valorizam a silhueta. O acabamento é feito com aviamentos metálicos, que acrescentam um toque de luxo à peça. Ideal para eventos sociais quanto para ocasiões mais formais. Composição: 94%Poliéster 6% Elastano | Forro: 100% Poliéster Modelo veste 34.",94%Poliéster 6% Elastano | Forro: 100% Poliéster,partial_or_variant_unavailable,https://cdn.vnda.com.br/intibrand/2025/01/30/18_23_23_860_18_1_0_070_blazer20vestido20agatha20preto20frente202.jpg?v=1747427315,public_catalog,2026-08-24T17:28:30.310313-03:00,jsonld:price,HIGH,200,,4,0.5,0,-0.06723211339075229,-0.9287997744930871,289
4454,Blazer Vestido Alec Preto,https://www.intibrand.com/produto/blazer-vestido-alec-preto-4454,VERÃO 2027,Blazers,Preto,1689.0,,0.0,36|38|40|42,"O blazer vestido Alec possui um design moderno e elegante. Apresenta barra orgânica acetinada que confere sofisticação ao look. O detalhe das costas abertas adiciona um toque ousado e feminino. A peça conta com fechamento por botão interno, proporcionando um caimento impecável. Modelo veste 34.",,partial_or_variant_unavailable,https://cdn.vnda.com.br/intibrand/2025/02/03/15_57_32_604_15_2_7_702_blazer20vestido20alec20preto20frente.jpg?v=1747427408,public_catalog,2026-08-24T17:28:30.310313-03:00,jsonld:price,HIGH,200,,4,1.0629326620516049,2,0.9629059789794373,-0.36064007501895423,166
4891,Blazer Vestido Darleen Marrom,https://www.intibrand.com/produto/blazer-vestido-darleen-marrom-4891,VERÃO 2027,Blazers,Marrom,1789.0,,0.0,34|36|38|40|42|44,"O Darleen une feminilidade e a sofisticação da alfaiataria INTI. Possui modelagem curta, cortes precisos, lapelas elegantes e cintura bem definida, que valorizam a silhueta. Apresenta fechamento frontal por botões orgânicos banhados a ouro. Composição: 95% Poliéster / 5% Elastano Modelo veste 34.",95% Poliéster / 5% Elastano,partial_or_variant_unavailable,https://cdn.vnda.com.br/intibrand/2026/06/11/12_58_53_817_gaby-20fotos-20-26-12065660.jpg?v=1781193533,public_catalog,2026-08-24T17:28:30.310313-03:00,jsonld:price,HIGH,200,,6,1.1258653241032095,2,1.920800152556953,0.35705472043608966,166
4890,Blazer Vestido Darleen Preto,https://www.intibrand.com/produto/blazer-vestido-darleen-preto-4890,VERÃO 2027,Blazers,Preto,1789.0,,0.0,34|36|38|40|42|44,"O Darleen une feminilidade e a sofisticação da alfaiataria INTI. Possui modelagem curta, cortes precisos, lapelas elegantes e cintura bem definida, que valorizam a silhueta. Apresenta fechamento frontal por botões orgânicos banhados a ouro. Composição: 95% Poliéster / 5% Elastano Modelo veste 34.",95% Poliéster / 5% Elastano,partial_or_variant_unavailable,https://cdn.vnda.com.br/intibrand/2026/06/11/12_59_57_232_gaby-20fotos-20-28-12060880.jpg?v=1781193597,public_catalog,2026-08-24T17:28:30.310313-03:00,jsonld:price,HIGH,200,,6,1.1258653241032095,2,1.9132175969811143,0.3690970099031375,166
4844,Blazer Vestido Dustin Off-White,https://www.intibrand.com/produto/blazer-vestido-dustin-off-white-4844,VERÃO 2027,Blazers,Off White,1689.0,,0.0,34|36|38|40|42,"Confeccionado em alfaiataria, o Blazer Vestido apresenta zíper frontal e detalhe sofisticado no busto, valorizando a silhueta com elegância. A região posterior aberta acrescenta um toque contemporâneo ao design, tornando a peça ideal para produções marcantes e refinadas. Composição: 93% Poliéster 7% Elastano Modelo veste 34.",93% Poliéster 7% Elastano,partial_or_variant_unavailable,https://cdn.vnda.com.br/intibrand/2026/03/30/17_32_51_416_gaby-20v-c3-8ddeos-20-20-story-20-202026-03-30t173203-844-17033420.jpg?v=1774902788,public_catalog,2026-08-24T17:28:30.310313-03:00,jsonld:price,HIGH,200,,5,1.0629326620516049,2,1.4325786519395716,-0.059067757096087595,166
4845,Blazer Vestido Dustin Preto,https://www.intibrand.com/produto/blazer-vestido-dustin-preto-4845,VERÃO 2027,Blazers,Preto,1689.0,,0.0,34|36|38|40|42,"Confeccionado em alfaiataria, o Blazer Vestido apresenta zíper frontal e detalhe sofisticado no busto, valorizando a silhueta com elegância. A região posterior aberta acrescenta um toque contemporâneo ao design, tornando a peça ideal para produções marcantes e refinadas. Composição: 93% Poliéster 7% Elastano Modelo veste 34.",93% Poliéster 7% Elastano,partial_or_variant_unavailable,https://cdn.vnda.com.br/intibrand/2026/03/30/17_29_49_401_gaby-20v-c3-8ddeos-20-20-story-20-202026-03-30t172916-280-17032880.jpg?v=1774902589,public_catalog,2026-08-24T17:28:30.310313-03:00,jsonld:price,HIGH,200,,5,1.0629326620516049,2,1.3804800052876995,-0.027530040074629007,166
4846,Blazer Vestido Dustin Vermelho,https://www.intibrand.com/produto/blazer-vestido-dustin-vermelho-4846,VERÃO 2027,Blazers,Vermelho,1689.0,,0.0,34|36|38|40|42,"Confeccionado em alfaiataria, o Blazer Vestido apresenta zíper frontal e detalhe sofisticado no busto, valorizando a silhueta com elegância. A região posterior aberta acrescenta um toque contemporâneo ao design, tornando a peça ideal para produções marcantes e refinadas. Composição: 93% Poliéster 7% Elastano Modelo veste 34.",93% Poliéster 7% Elastano,partial_or_variant_unavailable,https://cdn.vnda.com.br/intibrand/2026/07/06/16_44_25_961_blazer-20vestido-20dustin-20vermelho-20frente-202-16076190.jpg?v=1783367068,public_catalog,2026-08-24T17:28:30.310313-03:00,jsonld:price,HIGH,200,,5,1.0629326620516049,2,1.4117281181600094,-0.062220291868378505,166
4458,Blazer Vestido Schiffer Off-White,https://www.intibrand.com/produto/blazer-vestido-schiffer-off-white-4458,VERÃO 2027,Blazers,Off White,794.5,,0.0,36|38|40|42,"Este blazer vestido apresenta um design minimalista e moderno, com mangas longas e um decote geométrico que cria um visual sofisticado e irreverente. O corte assimétrico na barra confere uma silhueta interessante e diferenciada. Modelo veste 34.",,partial_or_variant_unavailable,https://cdn.vnda.com.br/intibrand/2025/02/03/16_27_45_965_16_2_7_749_blazer20vestido20schiffer20offwhite2020zoom20frente202.jpg?v=1738610865,public_catalog,2026-08-24T17:28:30.310313-03:00,jsonld:price,HIGH,200,,4,0.5,0,-0.015133466738880198,-0.9603374915145457,289
4459,Blazer Vestido Schiffer Preto,https://www.intibrand.com/produto/blazer-vestido-schiffer-preto-4459,VERÃO 2027,Blazers,Preto,794.5,,0.0,36|38|40|42,"Este blazer vestido apresenta um design minimalista e moderno, com mangas longas e um decote geométrico que cria um visual sofisticado e irreverente. O corte assimétrico na barra confere uma silhueta interessante e diferenciada. Modelo veste 34.",,partial_or_variant_unavailable,https://cdn.vnda.com.br/intibrand/2025/09/16/13_34_31_460_blazer-20vestido-20schiffer-20preto-20-20zoom-20frente-203-20-1-13099020.jpg?v=1758040484,public_catalog,2026-08-24T17:28:30.310313-03:00,jsonld:price,HIGH,200,,4,0.5,0,-0.06723211339075229,-0.9287997744930871,289
4849,Blazer Vestido Vincent Caramelo,https://www.intibrand.com/produto/blazer-vestido-vincent-caramelo-4849,VERÃO 2027,Blazers,Caramelo,1799.0,,0.0,34|36|38|40|42|44,"Confeccionado em alfaiataria, o Blazer Vestido Vincent apresenta recorte lateral sutil que se estende até a região posterior, valorizando a silhueta com elegância e precisão. Com tecido estruturado, o design é contemporâneo e refinado. Composição: 93% Poliéster / 7% Elastano Modelo veste 34.",93% Poliéster / 7% Elastano,partial_or_variant_unavailable,https://cdn.vnda.com.br/intibrand/2026/03/30/17_59_45_780_gaby-20v-c3-8ddeos-20-20-story-20-202026-03-30t175855-299-17036470.jpg?v=1774904385,public_catalog,2026-08-24T17:28:30.310313-03:00,jsonld:price,HIGH,200,,6,1.13215859030837,2,1.9281160326057123,0.3445673329578788,166
4847,Blazer Vestido Vincent Off-White,https://www.intibrand.com/produto/blazer-vestido-vincent-off-white-4847,VERÃO 2027,Blazers,Off White,1799.0,,0.0,34|36|38|40|42|44,"Confeccionado em alfaiataria, o Blazer Vestido Vincent apresenta recorte lateral sutil que se estende até a região posterior, valorizando a silhueta com elegância e precisão. Com tecido estruturado, o design é contemporâneo e refinado. Composição: 93% Poliéster / 7% Elastano Modelo veste 34.",93% Poliéster / 7% Elastano,partial_or_variant_unavailable,https://cdn.vnda.com.br/intibrand/2026/03/30/18_03_32_344_gaby-20v-c3-8ddeos-20-20-story-20-202026-03-30t180311-394-18039810.jpg?v=1774904628,public_catalog,2026-08-24T17:28:30.310313-03:00,jsonld:price,HIGH,200,,6,1.13215859030837,2,1.9768326001715015,0.34391099438502304,166
4848,Blazer Vestido Vincent Preto,https://www.intibrand.com/produto/blazer-vestido-vincent-preto-4848,VERÃO 2027,Blazers,Preto,1799.0,,0.0,34|36|38|40|42|44,"Confeccionado em alfaiataria, o Blazer Vestido Vincent apresenta recorte lateral sutil que se estende até a região posterior, valorizando a silhueta com elegância e precisão. Com tecido estruturado, o design é contemporâneo e refinado. Composição: 93% Poliéster / 7% Elastano Modelo veste 34.",93% Poliéster / 7% Elastano,partial_or_variant_unavailable,https://cdn.vnda.com.br/intibrand/2026/03/30/18_01_50_270_gaby-20v-c3-8ddeos-20-20-story-20-202026-03-30t180018-515-18030230.jpg?v=1774904510,public_catalog,2026-08-24T17:28:30.310313-03:00,jsonld:price,HIGH,200,,6,1.13215859030837,2,1.9247339535196295,0.3754487114064816,166
4940,Blusa Alexis Off-White,https://www.intibrand.com/produto/blusa-alexis-off-white-4940,VERÃO 2027,Blusas,Off White,989.0,,0.0,34|36|38|40|42|44,"A blusa Alexis tem tecido fluido e toque suave, com decote transpassado em V que valoriza o colo de forma elegante. Mangas longas levemente amplas, com punhos ajustados, garantem conforto e sofisticação. Sua modelagem solta proporciona ótimo caimento, com botão invisível para usar o decote aberto ou fechado. Modelo veste 34.",,partial_or_variant_unavailable,https://cdn.vnda.com.br/intibrand/2026/05/25/13_46_52_255_blusa-20alexis-20off-white-20-2b-20cal-c3-87a-20jeans-20malcolm-20azul-20escuro-20zoom-20frente-13053830.jpg?v=1779727612,public_catalog,2026-08-24T17:28:30.310313-03:00,jsonld:price,HIGH,200,,6,1.0,2,1.1345029893271745,0.07792015813577535,166
4957,BLUSA ALEXIS OFF-WHITE + CALÇA JEANS MALCOLM AZUL ESCURO,https://www.intibrand.com/produto/blusa-alexis-off-white-calca-jeans-malcolm-azul-escuro-4957,VERÃO 2027,Blusas,Off White,1755.6,,0.0,34|36|38|40|42|44,"A Calça Jeans Malcolm e a Blusa Alexis formam uma combinação elegante e moderna. O caimento fluido da blusa harmoniza com a modelagem ampla do jeans, criando um visual sofisticado, versátil e atemporal para diferentes ocasiões.",,partial_or_variant_unavailable,https://cdn.vnda.com.br/intibrand/2026/06/08/13_25_45_340_gaby-20fotos-20-19-13060250.jpg?v=1780935958,public_catalog,2026-08-24T17:28:30.310313-03:00,jsonld:price,HIGH,200,,6,1.7751263902932255,2,2.0902122447712266,0.752651312172113,166
4956,BLUSA ALEXIS PRETA + CALÇA JEANS MALCOLM AZUL ESCURO,https://www.intibrand.com/produto/blusa-alexis-preta-calca-jeans-malcolm-azul-escuro-4956,VERÃO 2027,Blusas,Azul,1755.6,,0.0,34|36|38|40|42|44,"A Calça Jeans Malcolm e a Blusa Alexis formam uma combinação elegante e moderna. O caimento fluido da blusa harmoniza com a modelagem ampla do jeans, criando um visual sofisticado, versátil e atemporal para diferentes ocasiões.",,partial_or_variant_unavailable,https://cdn.vnda.com.br/intibrand/2026/06/08/13_20_24_969_blusa-20alexis-20preta-20-2b-20cal-c3-87a-20jeans-20malcolm-20azul-20escuro-20frente-203-20-1-13068430.jpg?v=1780935654,public_catalog,2026-08-24T17:28:30.310313-03:00,jsonld:price,HIGH,200,,6,1.7751263902932255,2,2.044572995688445,0.757920081225353,166
4941,Blusa Alexis Preto,https://www.intibrand.com/produto/blusa-alexis-preto-4941,VERÃO 2027,Blusas,Preto,989.0,,0.0,34|36|38|40|42|44,"A blusa Alexis tem tecido fluido e toque suave, com decote transpassado em V que valoriza o colo de forma elegante. Mangas longas levemente amplas, com punhos ajustados, garantem conforto e sofisticação. Sua modelagem solta proporciona ótimo caimento, com botão invisível para usar o decote aberto ou fechado. Modelo veste 34.",,partial_or_variant_unavailable,https://cdn.vnda.com.br/intibrand/2026/05/25/13_45_43_433_blusa-20alexis-20preta-20-2b-20cal-c3-87a-20jeans-20malcolm-20azul-20escuro-20zoom-202-13051930.jpg?v=1779727554,public_catalog,2026-08-24T17:28:30.310313-03:00,jsonld:price,HIGH,200,,6,1.0,2,1.0824043426753025,0.10945787515723394,166
4631,Blusa Alpheus Off-White,https://www.intibrand.com/produto/blusa-alpheus-off-white-4631,VERÃO 2027,Blusas,Off White,689.0,,0.0,34|36|38|40|42|44,"Blusa sofisticada com design assimétrico, feita em crepe de alfaiataria. O detalhe da gola ajustável permite diversas amarrações e realça a modernidade da peça. Em tecido estruturado, a modelagem justa valoriza a silhueta com elegância. Ideal para compor looks refinados com um toque contemporâneo, essa blusa é a escolha perfeita para ocasiões que pedem sofisticação. Composição: 93% Poliéster / 7% Elastano Modelo veste 34.",93% Poliéster / 7% Elastano,partial_or_variant_unavailable,https://cdn.vnda.com.br/intibrand/2025/10/01/18_27_02_166_blusa-20alpheus-20off-white-20-2b-20cal-c3-87a-20jeans-20dihl-20azul-20escuro-20zoom-202-20reedit-18103840.jpg?v=1759357516,public_catalog,2026-08-24T17:28:30.310313-03:00,jsonld:price,HIGH,200,,6,0.6966632962588474,2,0.7604972801787064,-0.18612803676495676,166
4632,Blusa Alpheus Preto,https://www.intibrand.com/produto/blusa-alpheus-preto-4632,VERÃO 2027,Blusas,Preto,689.0,,0.0,34|36|38|40|42|44,"Blusa sofisticada com design assimétrico, feita em crepe de alfaiataria. O detalhe da gola ajustável permite diversas amarrações e realça a modernidade da peça. Em tecido estruturado, a modelagem justa valoriza a silhueta com elegância. Ideal para compor looks refinados com um toque contemporâneo, essa blusa é a escolha perfeita para ocasiões que pedem sofisticação. Composição: 93% Poliéster / 7% Elastano Modelo veste 34.",93% Poliéster / 7% Elastano,partial_or_variant_unavailable,https://cdn.vnda.com.br/intibrand/2025/09/24/11_56_47_899_blusa-20alpheus-20preta-20-2b-20cal-c3-87a-20jeans-20dihl-20azul-20escuro-20zoom-20frente-203-11091560.jpg?v=1759964837,public_catalog,2026-08-24T17:28:30.310313-03:00,jsonld:price,HIGH,200,,6,0.6966632962588474,2,0.7083986335268343,-0.15459031974349818,166
4896,Blusa Cesare Preto,https://www.intibrand.com/produto/blusa-cesare-preto-4896,VERÃO 2027,Blusas,Preto,859.0,,0.0,34|36|38|40|42|44,"Blusa confeccionada em alfaiataria, uma releitura contemporânea do Vestido Masp. O design de um ombro só, com estrutura marcada, traz modernidade e sofisticação à peça, valorizando a silhueta com precisão e presença. Composição: 93% Poliéster / 7% Elastano Modelo veste 34.",93% Poliéster / 7% Elastano,partial_or_variant_unavailable,https://cdn.vnda.com.br/intibrand/2026/05/06/16_29_35_588_blusa-20cesare-20preto-20-2b-20cal-c3-87a-20jeans-20malcolm-20azul-20clara-20frente-20zoom-20lado-16055130.jpg?v=1778095775,public_catalog,2026-08-24T17:28:30.310313-03:00,jsonld:price,HIGH,200,,6,0.8685540950455005,2,0.9203352020442996,-0.004963009299749962,166
4918,BLUSA CESARE + SAIA RILEY | OFF-WHITE,https://www.intibrand.com/produto/blusa-cesare-saia-riley-off-white-4918,VERÃO 2027,Blusas,Off White,1632.1,,0.0,34|36|38|40|42|44,"Em uma proposta contemporânea e sofisticada, as peças unem modelagens marcantes e estruturadas que valorizam a silhueta com elegância. A blusa de um ombro só traz modernidade através da estrutura definida, enquanto a saia se destaca pelo recorte assimétrico e detalhe vazado lateral, garantindo personalidade e caimento impecável.",,partial_or_variant_unavailable,https://cdn.vnda.com.br/intibrand/2026/05/11/17_27_40_726_gaby-20v-c3-8ddeos-20-20-story-20-202026-05-11t172610-585-17057770.jpg?v=1778531264,public_catalog,2026-08-24T17:28:30.310313-03:00,jsonld:price,HIGH,200,,6,1.6502527805864509,2,1.9362465611717739,0.6439514719379782,166
4641,Blusa Mayfar Bege,https://www.intibrand.com/produto/blusa-mayfar-bege-4641,VERÃO 2027,Blusas,Bege,889.0,,0.0,36|38|40|42,A Blusa Mayfar traz um shape inovador para composições casuais. Suas curvas orgânicas e assimétricas revelam protagonismo ao design. Uma peça feita em alfaiataria com um toque moderno para o closet. Composição: 94% Poliéster / 6% Elastano Modelo veste 34.,94% Poliéster / 6% Elastano,partial_or_variant_unavailable,https://cdn.vnda.com.br/intibrand/2025/09/24/12_51_18_971_blusa-20mayfar-20bege-20-2b-20cal-c3-87a-20jeans-20dihl-20azul-20claro-20zoom-202-20-1-20-1-12099500.jpg?v=1758729090,public_catalog,2026-08-24T17:28:30.310313-03:00,jsonld:price,HIGH,200,,4,0.8988877654196158,0,0.12313633018704519,-0.6816436682624575,289
4639,Blusa Mayfar Off-White,https://www.intibrand.com/produto/blusa-mayfar-off-white-4639,VERÃO 2027,Blusas,Off White,889.0,,0.0,36|38|40|42,A Blusa Mayfar traz um shape inovador para composições casuais. Suas curvas orgânicas e assimétricas revelam protagonismo ao design. Uma peça feita em alfaiataria com um toque moderno para o closet. Composição: 94% Poliéster / 6% Elastano Modelo veste 34.,94% Poliéster / 6% Elastano,partial_or_variant_unavailable,https://cdn.vnda.com.br/intibrand/2025/09/24/12_48_04_488_blusa-20mayfar-20off-white-20-2b-20pantalona-20savoye-20off-white-20zoom-20-1-20-1-12091660.jpg?v=1758728887,public_catalog,2026-08-24T17:28:30.310313-03:00,jsonld:price,HIGH,200,,4,0.8988877654196158,0,0.17468636699449397,-0.6763159767197858,289
4796,BLUSA MAYFAR + PANTALONA SAVOYE | OFF-WHITE,https://www.intibrand.com/produto/blusa-mayfar-pantalona-savoye-off-white-4796,VERÃO 2027,Blusas,Off White,1727.1,,0.0,34|36|38|40|42|44,"Em uma proposta moderna e sofisticada, as peças unem design marcante e alfaiataria fluida. A blusa se destaca pelas curvas orgânicas e assimétricas que trazem protagonismo ao visual, enquanto a pantalona de cintura alta complementa a produção com caimento leve, corte reto e detalhe em V na cintura.",,partial_or_variant_unavailable,https://cdn.vnda.com.br/intibrand/2026/05/04/16_21_26_824_gaby-20v-c3-8ddeos-20-20-story-20-202026-05-04t162041-237-16056870.jpg?v=1777922493,public_catalog,2026-08-24T17:28:30.310313-03:00,jsonld:price,HIGH,200,,6,1.746309403437816,2,2.054681702402122,0.7275667336565433,166
4640,Blusa Mayfar Preto,https://www.intibrand.com/produto/blusa-mayfar-preto-4640,VERÃO 2027,Blusas,Preto,889.0,,0.0,36|38|40|42,A Blusa Mayfar traz um shape inovador para composições casuais. Suas curvas orgânicas e assimétricas revelam protagonismo ao design. Uma peça feita em alfaiataria com um toque moderno para o closet. Composição: 94% Poliéster / 6% Elastano Modelo veste 34.,94% Poliéster / 6% Elastano,partial_or_variant_unavailable,https://cdn.vnda.com.br/intibrand/2025/09/24/12_48_55_674_blusa-20mayfar-20preta-20-2b-20cal-c3-87a-20jeans-20dihl-20azul-20escuro-20zoom-20-1-12094480.jpg?v=1758728938,public_catalog,2026-08-24T17:28:30.310313-03:00,jsonld:price,HIGH,200,,4,0.8988877654196158,0,0.12258772034262189,-0.6447782596983272,289
4552,Blusa Moonsoon Bege,https://www.intibrand.com/produto/blusa-moonsoon-bege-4552,VERÃO 2027,Blusas,Bege,799.0,,0.0,36|38|40|42,"A blusa Moonsoon traduz o design em cada detalhe. O decote orgânico se alinha de forma sublime à gola, criando um formato fluido e harmonioso. O abotoamento no pescoço acrescenta um toque sofisticado, enquanto o fechamento posterior em efeito envelope garante um caimento anatômico impecável para o dia a dia. Composição: 94% Poliéster / 6% Elastano Modelo veste 34.",94% Poliéster / 6% Elastano,partial_or_variant_unavailable,https://cdn.vnda.com.br/intibrand/2025/08/04/13_58_47_371_blusa-20moonsoon-20bege-20-2b-20cal-c3-87a-20jeans-20dihl-20azul-20claro-20zoom-20-1-13082720.jpg?v=1754326734,public_catalog,2026-08-24T17:28:30.310313-03:00,jsonld:price,HIGH,200,,4,0.80788675429727,0,0.010934617442504714,-0.7608581267326772,289
4838,Blusa Percy Off-White,https://www.intibrand.com/produto/blusa-percy-off-white-4838,VERÃO 2027,Blusas,Off White,989.0,,0.0,34|36|38|40|42|44,"A Blusa Percy traz elegância e sensualidade. Possui decote profundo em V, mangas longas fluidas e faixa para amarração frontal, que valoriza a silhueta com caimento sofisticado. Modelo veste 34.",,partial_or_variant_unavailable,https://cdn.vnda.com.br/intibrand/2026/03/30/15_55_51_346_gaby-20v-c3-8ddeos-20-20-story-20-98-15037240.jpg?v=1774896968,public_catalog,2026-08-24T17:28:30.310313-03:00,jsonld:price,HIGH,200,,6,1.0,2,1.1345029893271745,0.07792015813577535,166
4930,BLUSA PERCY OFF-WHITE + CALÇA JEANS MALCOLM AZUL CLARO,https://www.intibrand.com/produto/blusa-percy-off-white-calca-jeans-malcolm-azul-claro-4930,VERÃO 2027,Blusas,Off White,1755.6,,0.0,34|36|38|40|42|44,"A blusa se destaca pelo decote profundo em V, mangas longas fluidas e faixa para amarração frontal, valorizando a silhueta com delicadeza. A calça complementa o visual com design sofisticado e modelagem pensada para trazer praticidade e elegância ao dia a dia.",,partial_or_variant_unavailable,https://cdn.vnda.com.br/intibrand/2026/05/13/13_43_06_246_blusa-20percy-20off-white-20-2b-20cal-c3-87a-20jeans-20malcolm-20azul-20claro-20frente-202-13051300.jpg?v=1778690591,public_catalog,2026-08-24T17:28:30.310313-03:00,jsonld:price,HIGH,200,,6,1.7751263902932255,2,2.0902122447712266,0.752651312172113,166
4931,BLUSA PERCY PRETA + CALÇA JEANS MALCOLM AZUL ESCURO,https://www.intibrand.com/produto/blusa-percy-preta-calca-jeans-malcolm-azul-escuro-4931,VERÃO 2027,Blusas,Azul,1755.6,,0.0,34|36|38|40|42|44,"A blusa se destaca pelo decote profundo em V, mangas longas fluidas e faixa para amarração frontal, valorizando a silhueta com delicadeza. A calça complementa o visual com design sofisticado e modelagem pensada para trazer praticidade e elegância ao dia a dia.",,partial_or_variant_unavailable,https://cdn.vnda.com.br/intibrand/2026/05/13/16_19_36_940_blusa-20percy-20preta-20-2b-20cal-c3-87a-20jeans-20malcolm-20azul-20escuro-20frente-20-1-16059120.jpg?v=1778699984,public_catalog,2026-08-24T17:28:30.310313-03:00,jsonld:price,HIGH,200,,6,1.7751263902932255,2,2.044572995688445,0.757920081225353,166
4839,Blusa Percy Preto,https://www.intibrand.com/produto/blusa-percy-preto-4839,VERÃO 2027,Blusas,Preto,989.0,,0.0,34|36|38|40|42|44,"A Blusa Percy traz elegância e sensualidade. Possui decote profundo em V, mangas longas fluidas e faixa para amarração frontal, que valoriza a silhueta com caimento sofisticado. Modelo veste 34.",,partial_or_variant_unavailable,https://cdn.vnda.com.br/intibrand/2026/03/30/15_59_09_845_gaby-20v-c3-8ddeos-20-20-story-20-202026-03-30t155756-252-15032200.jpg?v=1774897166,public_catalog,2026-08-24T17:28:30.310313-03:00,jsonld:price,HIGH,200,,6,1.0,2,1.0824043426753025,0.10945787515723394,166
4916,BLUSA PERCY + SAIA REMMY | PRETO,https://www.intibrand.com/produto/blusa-percy-saia-remmy-preto-4916,VERÃO 2027,Blusas,Preto,1879.1,,0.0,34|36|38|40|42|44,"Elegância e movimento definem a combinação composta pela Blusa Percy e Saia Longa. A blusa se destaca pelo decote profundo em V, mangas longas fluidas e faixa para amarração frontal, valorizando a silhueta com sofisticação. A saia longa complementa o visual com caimento leve, fenda traseira e acabamento elegante, trazendo fluidez e conforto à produção.",,partial_or_variant_unavailable,https://cdn.vnda.com.br/intibrand/2026/05/11/17_07_59_620_gaby-20v-c3-8ddeos-20-20-story-20-202026-05-11t170706-740-17057480.jpg?v=1778530079,public_catalog,2026-08-24T17:28:30.310313-03:00,jsonld:price,HIGH,200,,6,1.9,2,2.1920792817188075,0.8928888694277063,166
4642,Blusa Soho Off-White,https://www.intibrand.com/produto/blusa-soho-off-white-4642,VERÃO 2027,Blusas,Off White,699.0,,0.0,36|38|40|42,"Versátil e sofisticada, a Blusa Soho é a escolha ideal para composições elegantes, transitando perfeitamente entre o office look e produções casuais. Seu design apresenta uma faixa transpassada que realça o decote e o busto, proporcionando um caimento leve e fluido. O fechamento posterior invisível garante um acabamento impecável. Modelo veste 34.",,partial_or_variant_unavailable,https://cdn.vnda.com.br/intibrand/2025/09/24/13_13_32_118_blusa-20soho-20off-white-20-2b-20cal-c3-87a-20jeans-20dihl-20azul-20claro-20zoom-20medio-20-1-20-1-13095300.jpg?v=1758730412,public_catalog,2026-08-24T17:28:30.310313-03:00,jsonld:price,HIGH,200,,4,0.7067745197168858,0,-0.062183915466202534,-0.8435465001569162,289
4643,Blusa Soho Preto,https://www.intibrand.com/produto/blusa-soho-preto-4643,VERÃO 2027,Blusas,Preto,699.0,,0.0,36|38|40|42,"Versátil e sofisticada, a Blusa Soho é a escolha ideal para composições elegantes, transitando perfeitamente entre o office look e produções casuais. Seu design apresenta uma faixa transpassada que realça o decote e o busto, proporcionando um caimento leve e fluido. O fechamento posterior invisível garante um acabamento impecável. Modelo veste 34.",,partial_or_variant_unavailable,https://cdn.vnda.com.br/intibrand/2025/09/24/13_14_38_264_blusa-20soho-20preta-20-2b-20cal-c3-87a-20jeans-20dihl-20azul-20claro-20frente-20-1-20-1-13096270.jpg?v=1758730481,public_catalog,2026-08-24T17:28:30.310313-03:00,jsonld:price,HIGH,200,,4,0.7067745197168858,0,-0.11428256211807462,-0.8120087831354577,289
4898,Blusa Tommaso Preto,https://www.intibrand.com/produto/blusa-tommaso-preto-4898,VERÃO 2027,Blusas,Preto,859.0,,0.0,34|36|38|40|42|44,"A Blusa Tommaso foi desenvolvida com tecido de alfaiataria mais estruturado, com decote assimétrico frontal e gola alta, transmitindo elegância sem esforço. Composição: 93% Poliéster / 7% Elastano Modelo veste 34.",93% Poliéster / 7% Elastano,partial_or_variant_unavailable,https://cdn.vnda.com.br/intibrand/2026/05/08/10_54_48_502_gaby-20v-c3-8ddeos-20-20-story-20-202026-05-08t105439-554-10052580.jpg?v=1778248488,public_catalog,2026-08-24T17:28:30.310313-03:00,jsonld:price,HIGH,200,,6,0.8685540950455005,2,0.9203352020442996,-0.004963009299749962,166
4917,BLUSA TOMMASO + SAIA RILEY | PRETO,https://www.intibrand.com/produto/blusa-tommaso-saia-riley-preto-4917,VERÃO 2027,Blusas,Preto,1632.1,,0.0,34|36|38|40|42|44,"Combinação composta pela Blusa Tommaso e Saia Riley. Desenvolvidas em proposta sofisticada e contemporânea, as peças unem elegância e personalidade através das modelagens estruturadas. A blusa possui decote assimétrico frontal e gola alta, enquanto a saia se destaca pelo recorte assimétrico e detalhe vazado lateral, valorizando a silhueta com caimento impecável.",,partial_or_variant_unavailable,https://cdn.vnda.com.br/intibrand/2026/05/11/17_23_49_506_gaby-20v-c3-8ddeos-20-20-story-20-202026-05-11t172336-931-17056230.jpg?v=1778531040,public_catalog,2026-08-24T17:28:30.310313-03:00,jsonld:price,HIGH,200,,6,1.6502527805864509,2,1.8841479145199018,0.6754891889594368,166
4927,BLUSA TOMMASO + SHORT CALEB | OFF-WHITE,https://www.intibrand.com/produto/blusa-tommaso-short-caleb-off-white-4927,VERÃO 2027,Blusas,Off White,,,0.0,34|36|38|40|42|44,"Combinação composta pela Blusa Tommaso e Short Caleb. Em proposta sofisticada e atemporal, as peças unem elegância e versatilidade através da alfaiataria estruturada e do acabamento impecável. A blusa possui decote assimétrico frontal e gola alta, enquanto o short complementa o visual com modelagem clássica que transita com facilidade entre o casual e o elegante.",,partial_or_variant_unavailable,,public_catalog,2026-08-24T17:28:30.310313-03:00,,NONE,200,NO_PRICE_FOUND,6,,2,0.8365120203380938,0.008632587028422962,166
4905,BLUSA ZENO + CALÇA ZENO | OFF-WHITE,https://www.intibrand.com/produto/blusa-zeno-calca-zeno-off-white-4905,VERÃO 2027,Blusas,Off White,,,0.0,36|38|40|42,"A blusa tomara que caia complementa o visual com leveza e sofisticação, enquanto a calça reta traz caimento elegante e fendas discretas nas barras, adicionando um toque contemporâneo à produção.",,partial_or_variant_unavailable,,public_catalog,2026-08-24T17:28:30.310313-03:00,,NONE,200,NO_PRICE_FOUND,4,,0,0.0013639677215691523,-0.6575874828602275,289
4906,BLUSA ZENO + CALÇA ZENO | PRETO,https://www.intibrand.com/produto/blusa-zeno-calca-zeno-preto-4906,VERÃO 2027,Blusas,Preto,,,0.0,36|38|40|42,"A blusa tomara que caia complementa o visual com leveza e sofisticação, enquanto a calça reta traz caimento elegante e fendas discretas nas barras, adicionando um toque contemporâneo à produção.",,partial_or_variant_unavailable,,public_catalog,2026-08-24T17:28:30.310313-03:00,,NONE,200,NO_PRICE_FOUND,4,,0,-0.05073467893030294,-0.6260497658387689,289
4762,Blusa Zeno Off-White,https://www.intibrand.com/produto/blusa-zeno-off-white-4762,VERÃO 2027,Blusas,Off White,345.0,,0.0,36|38|40|42,"A Blusa Zeno é um modelo tomara que caia versátil e elegante, é ideal para compor produções modernas, do casual ao sofisticado, combinando facilmente com diferentes peças. Modelo veste 34.",,partial_or_variant_unavailable,https://cdn.vnda.com.br/intibrand/2025/12/15/17_19_22_515_conjunto-20zeno-20off-white-20frente-202-20ss26-17129540.jpg?v=1765829962,public_catalog,2026-08-24T17:28:30.310313-03:00,jsonld:price,HIGH,200,,4,0.3488372093023256,0,-0.5035106522613949,-1.1551233701397803,289
4593,Body Aliyev Cobre,https://www.intibrand.com/produto/body-aliyev-cobre-4593,VERÃO 2027,Bodies,Cobre,314.5,,0.0,PP|P|M|G,"Desenvolvido para recriar looks elegantes desta temporada de verão, o Body Aliyev revela um design atemporal, com um modelo halter neck que valoriza o colo e traz um toque moderno. Um clássico indispensável no closet da mulher Inti. O aviamento banhado a ouro traz um ponto super especial para o design minimalista. Confeccionado em tecido leve e confortável, pode ser usado tanto como body, quanto como maiô. Composição: 87% Poliéster / 13% Elastano Modelo veste PP.",87% Poliéster / 13% Elastano,partial_or_variant_unavailable,https://cdn.vnda.com.br/intibrand/2025/09/09/13_48_45_116_body-20aliyev-20cobre-20frente-20-2-13095610.jpg?v=1757436538,public_catalog,2026-08-24T17:28:30.310313-03:00,jsonld:price,HIGH,200,,4,0.48459167950693377,0,-0.5875316595480558,-1.1194202391778723,289
4591,Body Aliyev Off-White,https://www.intibrand.com/produto/body-aliyev-off-white-4591,VERÃO 2027,Bodies,Off White,314.5,,0.0,PP|P|M|G,"Desenvolvido para recriar looks elegantes desta temporada de verão, o Body Aliyev revela um design atemporal, com um modelo halter neck que valoriza o colo e traz um toque moderno. Um clássico indispensável no closet da mulher Inti. O aviamento banhado a ouro traz um ponto super especial para o design minimalista. Confeccionado em tecido leve e confortável, pode ser usado tanto como body, quanto como maiô. Composição: 87% Poliamida / 13% Elastano Modelo veste PP.",87% Poliamida / 13% Elastano,partial_or_variant_unavailable,https://cdn.vnda.com.br/intibrand/2025/09/09/13_46_05_322_body-20aliyev-20off-white-20frente-202-20-2-13095440.jpg?v=1757436368,public_catalog,2026-08-24T17:28:30.310313-03:00,jsonld:price,HIGH,200,,4,0.48459167950693377,0,-0.5203195248972635,-1.1155357963496921,289
4592,Body Aliyev Preto,https://www.intibrand.com/produto/body-aliyev-preto-4592,VERÃO 2027,Bodies,Preto,314.5,,0.0,PP|P|M|G,"Desenvolvido para recriar looks elegantes desta temporada de verão, o Body Aliyev revela um design atemporal, com um modelo halter neck que valoriza o colo e traz um toque moderno. Um clássico indispensável no closet da mulher Inti. O aviamento banhado a ouro traz um ponto super especial para o design minimalista. Confeccionado em tecido leve e confortável, pode ser usado tanto como body, quanto como maiô. Composição: 87% Poliamida / 13% Elastano Modelo veste PP.",87% Poliamida / 13% Elastano,partial_or_variant_unavailable,https://cdn.vnda.com.br/intibrand/2025/09/09/13_45_18_673_body-20aliyev-20preto-20frente-202-20-2-13094190.jpg?v=1757436328,public_catalog,2026-08-24T17:28:30.310313-03:00,jsonld:price,HIGH,200,,4,0.48459167950693377,0,-0.5724181715491357,-1.0839980793282336,289
3536,Body Alkash Magenta,https://www.intibrand.com/produto/body-alkash-magenta-3536,VERÃO 2027,Bodies,Magenta,239.5,,0.0,P|M|G,"Body versátil e exclusivo. Confeccionado com acabamento embutido e forro. Recorte na barriga e busto levemente drapeado por faixa de sustentação. Parte posterior fechada, podendo ser usado também como maiô. Composição: 84% Poliamida / 16% Elastano Modelo veste PP.",84% Poliamida / 16% Elastano,partial_or_variant_unavailable,https://cdn.vnda.com.br/intibrand/2022/08/29/15_8_4_484_BODYALKASHMAGENTAFRENTE.jpg?v=1661796186,public_catalog,2026-08-24T17:28:30.310313-03:00,jsonld:price,HIGH,200,,3,0.36902927580893685,0,-1.0947308074114939,-1.5380499229635247,289
3539,Body Alkash Vermelho,https://www.intibrand.com/produto/body-alkash-vermelho-3539,VERÃO 2027,Bodies,Vermelho,239.5,,0.0,P|M|G,"Body versátil e exclusivo. Confeccionado com acabamento embutido e forro. Recorte na barriga e busto levemente drapeado por faixa de sustentação. Parte posterior fechada, podendo ser usado também como maiô. Composição: 84% Poliamida / 16% Elastano Modelo veste PP.",84% Poliamida / 16% Elastano,partial_or_variant_unavailable,https://cdn.vnda.com.br/intibrand/2022/08/29/15_8_4_464_BODYALKASHVERMELHOSOLTA.jpg?v=1661796480,public_catalog,2026-08-24T17:28:30.310313-03:00,jsonld:price,HIGH,200,,3,0.36902927580893685,0,-1.062136062426034,-1.5433032050785795,289
4724,Body Bonnie Pérola,https://www.intibrand.com/produto/body-bonnie-perola-4724,VERÃO 2027,Bodies,Pérola,334.5,,0.0,P|M|G,O Body Bonnie é uma peça statement que traduz um beachwear moderno e contemporâneo. Seu design clean e atemporal ganha destaque com o decote e o aviamento exclusivo da coleção. As alças e o recorte nas costas garantem equilíbrio e sofisticação para momentos à beira-mar. Composição: 84% Poliamida / 16% Elastano Modelo veste PP.,84% Poliamida / 16% Elastano,partial_or_variant_unavailable,https://cdn.vnda.com.br/intibrand/2025/11/28/18_19_12_827_body-20bonnie-20p-c3-89rola-20frente-18111230.jpg?v=1764364752,public_catalog,2026-08-24T17:28:30.310313-03:00,jsonld:price,HIGH,200,,3,0.5154083204930663,0,-1.0010408388126557,-1.4059300001174226,289
4818,Body Chiara Marrom,https://www.intibrand.com/produto/body-chiara-marrom-4818,VERÃO 2027,Bodies,Marrom,989.0,,0.0,P|M|G,"O Body Chiara possui mangas longas e decote degagê versátil, que pode ser usado tanto na frente quanto nas costas. Uma peça sofisticada, pensada para composições minimalistas que transitam com naturalidade entre o dia e a noite. Composição: 96% Poliéster / 4% Elastano Modelo veste PP.",96% Poliéster / 4% Elastano,partial_or_variant_unavailable,https://cdn.vnda.com.br/intibrand/2026/05/05/15_07_33_757_artes-20site-20-5-15052180.jpg?v=1778004456,public_catalog,2026-08-24T17:28:30.310313-03:00,jsonld:price,HIGH,200,,3,1.5238828967642526,0,-0.052571125162652374,-0.6062168848892481,289
4816,Body Chiara Off-White,https://www.intibrand.com/produto/body-chiara-off-white-4816,VERÃO 2027,Bodies,Off White,989.0,,0.0,P|M|G,"O Body Chiara possui mangas longas e decote degagê versátil, que pode ser usado tanto na frente quanto nas costas. Uma peça sofisticada, pensada para composições minimalistas que transitam com naturalidade entre o dia e a noite. Composição: 96% Poliéster / 4% Elastano Modelo veste PP.",96% Poliéster / 4% Elastano,partial_or_variant_unavailable,https://cdn.vnda.com.br/intibrand/2026/05/05/15_07_49_56_artes-20site-20-3-15055340.jpg?v=1778004473,public_catalog,2026-08-24T17:28:30.310313-03:00,jsonld:price,HIGH,200,,3,1.5238828967642526,0,-0.008055034086618965,-0.6257123124436588,289
4904,BODY CHIARA + PANTALONA SAVOYE | OFF-WHITE,https://www.intibrand.com/produto/body-chiara-pantalona-savoye-off-white-4904,VERÃO 2027,Bodies,Off White,1822.1,,0.0,P|M|G|34|36|38|40|42|44,"Combinação composta pelo Body Chiara e Pantalona Savoye. Em uma proposta sofisticada e atemporal, as peças unem elegância e fluidez em modelagens marcantes. O body possui mangas longas e decote degagê versátil, que pode ser usado tanto na frente quanto nas costas, enquanto a pantalona de alfaiataria complementa o visual com cintura alta, caimento leve e detalhe em V na cintura.",,partial_or_variant_unavailable,https://cdn.vnda.com.br/intibrand/2026/05/04/16_56_36_830_body-20chiara-20off-white-20-2b-20-20pantalona-20savoye-20off-white-20frente-202-20-4-16051800.jpg?v=1777924596,public_catalog,2026-08-24T17:28:30.310313-03:00,jsonld:price,HIGH,200,,9,2.8075500770416024,2,3.645867209176982,2.3893836489706013,166
3774,Body Claude Off-White,https://www.intibrand.com/produto/body-claude-off-white-3774,VERÃO 2027,Bodies,Off White,789.0,,0.0,36|38|40|42,"Com frente única, esse body possui um franzido impecável feito com argola elegante e ilhós banhado a ouro, verdadeira joia incorporada ao look. Composição: 97% Poliéster 3% Elastano | Calcinha: 92,6% Poliéster 7,4% Elastano. Modelo veste PP.","97% Poliéster 3% Elastano | Calcinha: 92,6% Poliéster 7,4% Elastano.",partial_or_variant_unavailable,https://cdn.vnda.com.br/intibrand/2023/05/15/16_5_6_620_BODY20CLAUDE20OFFWHITE202B20SAIA20NEVILLE20OFFWHITE20FRENTE202.jpg?v=1750973342,public_catalog,2026-08-24T17:28:30.310313-03:00,jsonld:price,HIGH,200,,4,1.2157164869029276,0,0.13380705237912097,-0.5366151815320567,289
4391,Body Darius Pérola,https://www.intibrand.com/produto/body-darius-perola-4391,VERÃO 2027,Bodies,Pérola,344.5,,0.0,P|M|G,"Este body moderno apresenta um design arrojado com recorte assimétrico na parte frontal. Tem alças finas e meia taça com suporte estruturado, ele conta com um elegante aviamento metálico no busto, que adiciona um toque de sofisticação à peça. Ideal para looks resort e também pode ser usado como maiô. Composição: 84% Poliamida 16% Elastano | Forro: 92,6% Poliéster 7,4% Elastano Modelo veste PP.","84% Poliamida 16% Elastano | Forro: 92,6% Poliéster 7,4% Elastano",partial_or_variant_unavailable,https://cdn.vnda.com.br/intibrand/2025/01/28/13_12_26_73_13_1_3_382_body20darius20pc389rola20frente20zoom202.jpg?v=1738080746,public_catalog,2026-08-24T17:28:30.310313-03:00,jsonld:price,HIGH,200,,3,0.5308166409861325,0,-0.9872552418205298,-1.3937293549157868,289
4827,Body Dominic Marrom,https://www.intibrand.com/produto/body-dominic-marrom-4827,VERÃO 2027,Bodies,Marrom,649.0,,0.0,PP|P|M|G,"Com design contemporâneo e assimétrico, o Body Dominic traduz sofisticação. Os recortes valorizam a silhueta com equilíbrio e modernidade, criando um visual escultural que destaca a cintura de forma elegante e ousada na medida certa. O aviamento orgânico lateral, banhado a ouro, acrescenta um toque de sofisticação. Composição: 87% Poliéster / 13% Elastano Modelo veste PP.",87% Poliéster / 13% Elastano,partial_or_variant_unavailable,https://cdn.vnda.com.br/intibrand/2026/03/30/10_53_06_744_gaby-20v-c3-8ddeos-20-20-story-20-42-10038860.jpg?v=1774878804,public_catalog,2026-08-24T17:28:30.310313-03:00,jsonld:price,HIGH,200,,4,1.0,0,-0.10370739658667816,-0.687928786800552,289
4825,Body Dominic Pérola,https://www.intibrand.com/produto/body-dominic-perola-4825,VERÃO 2027,Bodies,Pérola,649.0,,0.0,PP|P|M|G,"Com design contemporâneo e assimétrico, o Body Dominic traduz sofisticação. Os recortes valorizam a silhueta com equilíbrio e modernidade, criando um visual escultural que destaca a cintura de forma elegante e ousada na medida certa. O aviamento orgânico lateral, banhado a ouro, acrescenta um toque de sofisticação. Composição: 84% Poliamida / 16% Elastano Modelo veste PP.",84% Poliamida / 16% Elastano,partial_or_variant_unavailable,https://cdn.vnda.com.br/intibrand/2026/03/30/10_46_52_180_gaby-20v-c3-8ddeos-20-20-story-20-31-10038420.jpg?v=1774878414,public_catalog,2026-08-24T17:28:30.310313-03:00,jsonld:price,HIGH,200,,4,1.0,0,-0.14990978710202685,-0.6891096735816404,289
4826,Body Dominic Preto,https://www.intibrand.com/produto/body-dominic-preto-4826,VERÃO 2027,Bodies,Preto,649.0,,0.0,PP|P|M|G,"Com design contemporâneo e assimétrico, o Body Dominic traduz sofisticação. Os recortes valorizam a silhueta com equilíbrio e modernidade, criando um visual escultural que destaca a cintura de forma elegante e ousada na medida certa. O aviamento orgânico lateral, banhado a ouro, acrescenta um toque de sofisticação. Composição: 84% Poliamida / 16% Elastano Modelo veste PP.",84% Poliamida / 16% Elastano,partial_or_variant_unavailable,https://cdn.vnda.com.br/intibrand/2026/03/30/10_50_47_280_gaby-20v-c3-8ddeos-20-20-story-20-37-10039360.jpg?v=1774878647,public_catalog,2026-08-24T17:28:30.310313-03:00,jsonld:price,HIGH,200,,4,1.0,0,-0.11128995216251684,-0.6758864973335041,289
4553,Body Eli Off-White,https://www.intibrand.com/produto/body-eli-off-white-4553,VERÃO 2027,Bodies,Off White,889.0,,0.0,34|36|38|40|42,"Minimalista e sofisticado, o body Eli é confeccionado em crepe de chiffon, que envolve perfeitamente o corpo. Possui gargantilha exclusiva e regulável, com detalhe sofisticado banhado a ouro, e alça com efeito degagê que se cruza sobre o ombro direito. O decote nas costas finaliza o look com sensualidade e delicadeza. Modelo veste 34.",,partial_or_variant_unavailable,https://cdn.vnda.com.br/intibrand/2026/02/02/12_35_02_391_body-20eli-20off-white-20-2b-20pantalona-20touret-20off-white-20zoom-20body-20reedit-12022920.jpg?v=1770046507,public_catalog,2026-08-24T17:28:30.310313-03:00,jsonld:price,HIGH,200,,5,1.3697996918335902,0,0.6892370486086445,-0.08149869457136975,289
4554,Body Eli Preto,https://www.intibrand.com/produto/body-eli-preto-4554,VERÃO 2027,Bodies,Preto,889.0,,0.0,34|36|38|40|42,"Minimalista e sofisticado, o body Eli é confeccionado em crepe de chiffon, que envolve perfeitamente o corpo. Possui gargantilha exclusiva e regulável, com detalhe sofisticado banhado a ouro, e alça com efeito degagê que se cruza sobre o ombro direito. O decote nas costas finaliza o look com sensualidade e delicadeza. Modelo veste 34.",,partial_or_variant_unavailable,https://cdn.vnda.com.br/intibrand/2026/02/02/11_12_44_259_body-20eli-20preto-20-2b-20pantalona-20touret-20preta-20zoom-202-20reedit-11020400.jpg?v=1770041567,public_catalog,2026-08-24T17:28:30.310313-03:00,jsonld:price,HIGH,200,,5,1.3697996918335902,0,0.6371384019567724,-0.04996097754991116,289
4828,Body Emma Off-White,https://www.intibrand.com/produto/body-emma-off-white-4828,VERÃO 2027,Bodies,Off White,789.0,,0.0,34|36|38|40|42|44,"Ideal para o dia a dia, o Body Emma traduz leveza e sofisticação em uma proposta minimalista. Com modelagem fluida, a peça possui gola dobrada com botões posicionados na parte posterior, garantindo ajuste delicado e acabamento elegante. Versátil e atemporal, é perfeita para diferentes composições. Modelo veste 34.",,partial_or_variant_unavailable,https://cdn.vnda.com.br/intibrand/2026/03/30/12_12_23_311_gaby-20v-c3-8ddeos-20-20-story-20-43-12031820.jpg?v=1774883543,public_catalog,2026-08-24T17:28:30.310313-03:00,jsonld:price,HIGH,200,,6,1.2157164869029276,2,0.9689551049956456,0.12960488835659384,166
4912,BODY EMMA + PANTALONA BRAXTON | OFF-WHITE,https://www.intibrand.com/produto/body-emma-pantalona-braxton-off-white-4912,VERÃO 2027,Bodies,Off White,1689.1,,0.0,34|36|38|40|42|44,"Em uma proposta minimalista e sofisticada, as peças unem leveza, elegância e modernidade. O body possui modelagem fluida e gola dobrada com fechamento posterior por botões, enquanto a calça reta em alfaiataria se destaca pelo detalhe assimétrico acetinado no cós e nas laterais, trazendo um toque contemporâneo ao visual.",,partial_or_variant_unavailable,https://cdn.vnda.com.br/intibrand/2026/05/11/15_54_59_313_body-20emma-20off-white-20-2b-20pantalona-20braxton-20off-white-20lado-20-3-15050110.jpg?v=1778525699,public_catalog,2026-08-24T17:28:30.310313-03:00,jsonld:price,HIGH,200,,6,2.6026194144838213,2,2.2097966902569177,1.2277849629558646,166
4911,BODY EMMA + PANTALONA BRAXTON | PRETO,https://www.intibrand.com/produto/body-emma-pantalona-braxton-preto-4911,VERÃO 2027,Bodies,Preto,1689.1,,0.0,34|36|38|40|42|44,"Em uma proposta minimalista e sofisticada, as peças unem leveza, elegância e modernidade. O body possui modelagem fluida e gola dobrada com fechamento posterior por botões, enquanto a calça reta em alfaiataria se destaca pelo detalhe assimétrico acetinado no cós e nas laterais, trazendo um toque contemporâneo ao visual.",,partial_or_variant_unavailable,https://cdn.vnda.com.br/intibrand/2026/05/11/15_50_33_270_body-20emma-20preto-20-2b-20pantalona-20braxton-20preta-20frente-20-4-15052050.jpg?v=1778525440,public_catalog,2026-08-24T17:28:30.310313-03:00,jsonld:price,HIGH,200,,6,2.6026194144838213,2,2.1576980436050457,1.2593226799773232,166
4829,Body Emma Preto,https://www.intibrand.com/produto/body-emma-preto-4829,VERÃO 2027,Bodies,Preto,789.0,,0.0,34|36|38|40|42|44,"Ideal para o dia a dia, o Body Emma traduz leveza e sofisticação em uma proposta minimalista. Com modelagem fluida, a peça possui gola dobrada com botões posicionados na parte posterior, garantindo ajuste delicado e acabamento elegante. Versátil e atemporal, é perfeita para diferentes composições. Modelo veste 34.",,partial_or_variant_unavailable,https://cdn.vnda.com.br/intibrand/2026/03/30/12_16_36_208_gaby-20v-c3-8ddeos-20-20-story-20-48-12037020.jpg?v=1774883812,public_catalog,2026-08-24T17:28:30.310313-03:00,jsonld:price,HIGH,200,,6,1.2157164869029276,2,0.9168564583437735,0.16114260537805242,166
4928,BODY EMMA + SHORT CALEB | PRETO,https://www.intibrand.com/produto/body-emma-short-caleb-preto-4928,VERÃO 2027,Bodies,Preto,1404.1,,0.0,34|36|38|40|42|44,"A combinação composta pelo Body Emma e Short Caleb traduz elegância e versatilidade em uma proposta minimalista e atemporal. O body possui modelagem fluida e gola dobrada com fechamento posterior por botões, garantindo um acabamento sofisticado. O short de alfaiataria complementa o visual com caimento impecável e proposta versátil, transitando com facilidade entre o casual e o elegante.",,partial_or_variant_unavailable,https://cdn.vnda.com.br/intibrand/2026/05/13/11_46_31_518_body-20emma-20preto-20-2b-20short-20caleb-20preto-20frente-202-20-1-11056260.jpg?v=1778683591,public_catalog,2026-08-24T17:28:30.310313-03:00,jsonld:price,HIGH,200,,6,2.163482280431433,2,1.7648085293294515,0.9116042917306925,166
4690,Body Espanya Preto,https://www.intibrand.com/produto/body-espanya-preto-4690,VERÃO 2027,Bodies,Preto,599.0,,0.0,P|M|G,"O Body Espanya apresenta um decote estruturado e top com aro em formato V, além de detalhes drapeados no lado esquerdo que realçam a silhueta. Perfeito para quem busca um look marcante e elegante. Confeccionado em microfibra, o modelo é versátil e pode ser usado também como maiô. Composição: 84% Poliamida / 16% Elastano. Modelo veste PP.",84% Poliamida / 16% Elastano.,partial_or_variant_unavailable,https://cdn.vnda.com.br/intibrand/2025/09/26/17_31_31_873_body-20espanya-20preto-20frente-17091040.jpg?v=1758918698,public_catalog,2026-08-24T17:28:30.310313-03:00,jsonld:price,HIGH,200,,3,0.9229583975346687,0,-0.5977919634314098,-1.0699997582860103,289
4691,Body Espanya Vermelho,https://www.intibrand.com/produto/body-espanya-vermelho-4691,VERÃO 2027,Bodies,Vermelho,599.0,,0.0,P|M|G,"O Body Espanya apresenta um decote estruturado e top com aro em formato V, além de detalhes drapeados no lado esquerdo que realçam a silhueta. Perfeito para quem busca um look marcante e elegante. Confeccionado em microfibra, o modelo é versátil e pode ser usado também como maiô. Composição: 84% Poliamida / 16% Elastano. Modelo veste PP.",84% Poliamida / 16% Elastano.,partial_or_variant_unavailable,https://cdn.vnda.com.br/intibrand/2025/09/26/17_26_59_410_body-20espanya-20vermelho-20frente-17096250.jpg?v=1758918421,public_catalog,2026-08-24T17:28:30.310313-03:00,jsonld:price,HIGH,200,,3,0.9229583975346687,0,-0.5665438505590998,-1.1046900100797599,289
4432,Body Ezio Off-White,https://www.intibrand.com/produto/body-ezio-off-white-4432,VERÃO 2027,Bodies,Off White,344.5,,0.0,P|M|G,"Com um design inovador, este body apresenta um recorte orgânico que confere um toque de sofisticação característico INTI. O aviamento no busto adiciona um detalhe charmoso e feminino, enquanto a manga unilateral traz um ar contemporâneo e ousado à peça. Feito em malha crepe. Composição: 94% Poliéster / 6% Elastano Modelo veste PP.",94% Poliéster / 6% Elastano,partial_or_variant_unavailable,https://cdn.vnda.com.br/intibrand/2025/01/31/14_24_16_154_14_1_7_740_body20ezio20offwhite20frente202.jpg?v=1738344259,public_catalog,2026-08-24T17:28:30.310313-03:00,jsonld:price,HIGH,200,,3,0.5308166409861325,0,-0.8965367602291476,-1.4120438956891093,289
4433,Body Ezio Preto,https://www.intibrand.com/produto/body-ezio-preto-4433,VERÃO 2027,Bodies,Preto,344.5,,0.0,P|M|G,"Com um design inovador, este body apresenta um recorte orgânico que confere um toque de sofisticação característico INTI. O aviamento no busto adiciona um detalhe charmoso e feminino, enquanto a manga unilateral traz um ar contemporâneo e ousado à peça. Feito em malha crepe. Composição: 94% Poliéster / 6% Elastano Modelo veste PP.",94% Poliéster / 6% Elastano,partial_or_variant_unavailable,https://cdn.vnda.com.br/intibrand/2025/01/31/14_25_02_107_14_1_5_571_body20ezio20preto20frente201.jpg?v=1738344302,public_catalog,2026-08-24T17:28:30.310313-03:00,jsonld:price,HIGH,200,,3,0.5308166409861325,0,-0.9486354068810198,-1.3805061786676507,289
4972,Body Foster Off-White,https://www.intibrand.com/produto/body-foster-off-white-4972,VERÃO 2027,Bodies,Off White,689.0,,0.0,PP|P|M|G,"O Body Foster combina a fluidez da malha de poliamida a uma modelagem que valoriza a silhueta. O modelo frente única apresenta decote profundo e recorte frontal na cintura, criando uma composição contemporânea e elegante. Forrado, proporciona maior conforto e segurança ao vestir, enquanto o caimento impecável acompanha as formas do corpo com sofisticação. Versátil, pode ser usado tanto como body quanto como maiô. Composição: 87% Poliamida / 13% Elastano Modelo veste PP.",87% Poliamida / 13% Elastano,partial_or_variant_unavailable,https://cdn.vnda.com.br/intibrand/2026/08/17/14_04_56_727_gaby-20fotos-20-202026-08-17t140439-214-14080290.jpg?v=1786986296,public_catalog,2026-08-24T17:28:30.310313-03:00,jsonld:price,HIGH,200,,4,1.061633281972265,0,-0.00404891754214029,-0.6586216335484182,289
4973,Body Foster Preto,https://www.intibrand.com/produto/body-foster-preto-4973,VERÃO 2027,Bodies,Preto,689.0,,0.0,PP|P|M|G,"O Body Foster combina a fluidez da malha de poliamida a uma modelagem que valoriza a silhueta. O modelo frente única apresenta decote profundo e recorte frontal na cintura, criando uma composição contemporânea e elegante. Forrado, proporciona maior conforto e segurança ao vestir, enquanto o caimento impecável acompanha as formas do corpo com sofisticação. Versátil, pode ser usado tanto como body quanto como maiô. Composição: 87% Poliamida / 13% Elastano Modelo veste PP.",87% Poliamida / 13% Elastano,partial_or_variant_unavailable,https://cdn.vnda.com.br/intibrand/2026/08/17/13_56_42_613_gaby-20fotos-20-202026-08-17t135243-914-13081400.jpg?v=1786985802,public_catalog,2026-08-24T17:28:30.310313-03:00,jsonld:price,HIGH,200,,4,1.061633281972265,0,-0.05614756419401238,-0.6270839165269596,289
4795,Body Giorgia Marrom,https://www.intibrand.com/produto/body-giorgia-marrom-4795,VERÃO 2027,Bodies,Marrom,859.0,,0.0,P|M|G,"Com design escultural e acabamento sofisticado, o Body Giorgia se destaca pelo drapeado fluido que valoriza a silhueta. O aviamento delicado no ombro permite diferentes formas de uso, com ou sem o acessório, trazendo versatilidade e elegância à peça. Composição: 96% Poliéster / 4% Elastano Modelo veste PP.",96% Poliéster / 4% Elastano,partial_or_variant_unavailable,https://cdn.vnda.com.br/intibrand/2026/05/05/15_09_17_711_artes-20site-20-8-15058650.jpg?v=1778004560,public_catalog,2026-08-24T17:28:30.310313-03:00,jsonld:price,HIGH,200,,3,1.3235747303543914,0,-0.23178388606029193,-0.7648252725105179,289
4575,Body Heydar Preto,https://www.intibrand.com/produto/body-heydar-preto-4575,VERÃO 2027,Bodies,Preto,444.5,,0.0,36|38|40|42,"Sofisticação atemporal define nosso body Heydar. Modelagem assimétrica com alça unilateral em corrente banhada a ouro, que pode ser usada em vários formatos. Ele adiciona um toque casual e elegante a qualquer produção, combinando também com alfaiataria. Modelo veste PP.",,partial_or_variant_unavailable,https://cdn.vnda.com.br/intibrand/2025/08/21/18_05_10_95_body-20heydar-20preto-20-2b-20pantalona-20flare-20preta-20frente-20detalhe-20-1-18089590.jpg?v=1755810318,public_catalog,2026-08-24T17:28:30.310313-03:00,jsonld:price,HIGH,200,,4,0.6848998459167951,0,-0.39320541065149606,-0.9253896917069637,289
4587,Body Kenzo Cobre,https://www.intibrand.com/produto/body-kenzo-cobre-4587,VERÃO 2027,Bodies,Cobre,629.0,,0.0,P|M|G,"A combinação perfeita entre sensualidade e elegância traduz o Body Kenzo, que traz um design de um ombro só, com detalhe de aviamento e costas abertas. Ideal para compor looks durante e após a praia, de forma singular. Uma modelagem essencial para mulheres cosmopolitas. Modelo veste PP.",,partial_or_variant_unavailable,https://cdn.vnda.com.br/intibrand/2025/09/04/13_11_13_548_body-20kenzo-20cobre-20frente-13097300.jpg?v=1757002273,public_catalog,2026-08-24T17:28:30.310313-03:00,jsonld:price,HIGH,200,,3,0.9691833590138675,0,-0.5715486604539516,-1.0688199825307405,289
4585,Body Kenzo Pérola,https://www.intibrand.com/produto/body-kenzo-perola-4585,VERÃO 2027,Bodies,Pérola,629.0,,0.0,P|M|G,"A combinação perfeita entre sensualidade e elegância traduz o Body Kenzo, que traz um design de um ombro só, com detalhe de aviamento e costas abertas. Ideal para compor looks durante e após a praia, de forma singular. Uma modelagem essencial para mulheres cosmopolitas. Modelo veste PP.",,partial_or_variant_unavailable,https://cdn.vnda.com.br/intibrand/2025/09/03/13_29_40_602_body-20kenzo-20p-c3-89rola-20costas-20ss26-13099240.jpg?v=1757003326,public_catalog,2026-08-24T17:28:30.310313-03:00,jsonld:price,HIGH,200,,3,0.9691833590138675,0,-0.5950550073945415,-1.0466209989292379,289
4402,Body Lyra Preto,https://www.intibrand.com/produto/body-lyra-preto-4402,VERÃO 2027,Bodies,Preto,339.5,,0.0,P|M|G,"Este body traz um design elegante com detalhes drapeados, oferecendo sofisticação e textura à peça. O destaque fica no aviamento banhado a ouro localizado acima do peito, oferecendo um toque de luxo. Além disso, possui um detalhe que acintura, valorizando a silhueta e proporcionando um ajuste perfeito ao corpo. Versátil, pode ser usado também como maiô, unindo estilo e funcionalidade para diferentes ocasiões. Composição: 87% Poliamida / 13% Elastano Modelo veste PP.",87% Poliamida / 13% Elastano,partial_or_variant_unavailable,https://cdn.vnda.com.br/intibrand/2025/01/29/10_01_30_125_10_1_0_046_body20lyra20preto20frente201.jpg?v=1738155700,public_catalog,2026-08-24T17:28:30.310313-03:00,jsonld:price,HIGH,200,,3,0.5231124807395994,0,-0.9555282053770828,-1.3866065012684685,289
4222,Body Mariani Vermelho Carmim,https://www.intibrand.com/produto/body-mariani-vermelho-carmim-4222,VERÃO 2027,Bodies,Vermelho Carmim,599.0,,0.0,P|M|G,Body com recortes assimétricos sobrepostos e detalhes drapeados. Uma peça super versátil que transita entre ambientes variados e também pode ser usada como maiô. A pedida perfeita para o verão. Modelo veste PP.,,partial_or_variant_unavailable,https://cdn.vnda.com.br/intibrand/2024/10/28/14_18_32_911_14_10_4_489_body20mariani20vermelho20carmin20frente203.jpg?v=1730135917,public_catalog,2026-08-24T17:28:30.310313-03:00,jsonld:price,HIGH,200,,3,0.9229583975346687,0,-0.602381960623831,-1.096813687689826,289
4832,Body Mattia Marrom,https://www.intibrand.com/produto/body-mattia-marrom-4832,VERÃO 2027,Bodies,Marrom,649.0,,0.0,PP|P|M|G|GG,"Body com drapeado na parte superior, alças largas que garantem sustentação e conforto, recorte frontal de toque contemporâneo e aviamento banhado a ouro aplicado na parte posterior, que adiciona sofisticação ao design. Versátil, pode ser usado como body ou maiô. Modelo veste PP.",,partial_or_variant_unavailable,https://cdn.vnda.com.br/intibrand/2026/03/30/12_37_22_940_gaby-20v-c3-8ddeos-20-20-story-20-62-12035390.jpg?v=1774885042,public_catalog,2026-08-24T17:28:30.310313-03:00,jsonld:price,HIGH,200,,5,1.0,0,0.31386662972158424,-0.3548187518562268,289
4830,Body Mattia Off-White,https://www.intibrand.com/produto/body-mattia-off-white-4830,VERÃO 2027,Bodies,Off White,649.0,,0.0,PP|P|M|G|GG,"Body com drapeado na parte superior, alças largas que garantem sustentação e conforto, recorte frontal de toque contemporâneo e aviamento banhado a ouro aplicado na parte posterior, que adiciona sofisticação ao design. Versátil, pode ser usado como body ou maiô. Modelo veste PP.",,partial_or_variant_unavailable,https://cdn.vnda.com.br/intibrand/2026/03/30/12_35_41_269_gaby-20v-c3-8ddeos-20-20-story-20-59-12037960.jpg?v=1774884945,public_catalog,2026-08-24T17:28:30.310313-03:00,jsonld:price,HIGH,200,,5,1.0,0,0.3583827207976176,-0.37431417941063755,289
4831,Body Mattia Preto,https://www.intibrand.com/produto/body-mattia-preto-4831,VERÃO 2027,Bodies,Preto,649.0,,0.0,PP|P|M|G|GG,"Body com drapeado na parte superior, alças largas que garantem sustentação e conforto, recorte frontal de toque contemporâneo e aviamento banhado a ouro aplicado na parte posterior, que adiciona sofisticação ao design. Versátil, pode ser usado como body ou maiô. Modelo veste PP.",,partial_or_variant_unavailable,https://cdn.vnda.com.br/intibrand/2026/03/30/12_38_57_618_gaby-20v-c3-8ddeos-20-20-story-20-69-12034710.jpg?v=1774885137,public_catalog,2026-08-24T17:28:30.310313-03:00,jsonld:price,HIGH,200,,5,1.0,0,0.30628407414574554,-0.34277646238917897,289
4576,Body Otto Off-White,https://www.intibrand.com/produto/body-otto-off-white-4576,VERÃO 2027,Bodies,Off White,399.5,,0.0,36|38|40|42,"Um modelo ideal para eventos casuais do dia a dia, o body Otto traz uma leveza única para o closet. Com detalhe transpassado na gola, confere um toque versátil à nossa temporada de verão. Caimento impecável e modelagem fluida, perfeito para produções minimalistas e com personalidade. O detalhe nas costas deve ser ajustado de forma cruzada, garantindo melhor ajuste ao corpo. Modelo veste 34.",,partial_or_variant_unavailable,https://cdn.vnda.com.br/intibrand/2025/08/21/18_25_40_858_body-20otto-20off-white-20zoom-20-1-20-1-18083060.jpg?v=1755811735,public_catalog,2026-08-24T17:28:30.310313-03:00,jsonld:price,HIGH,200,,4,0.615562403697997,0,-0.4031419504641915,-1.011830312135785,289
4577,Body Otto Preto,https://www.intibrand.com/produto/body-otto-preto-4577,VERÃO 2027,Bodies,Preto,399.5,,0.0,36|38|40|42,"Um modelo ideal para eventos casuais do dia a dia, o body Otto traz uma leveza única para o closet. Com detalhe transpassado na gola, confere um toque versátil à nossa temporada de verão. Caimento impecável e modelagem fluida, perfeito para produções minimalistas e com personalidade. O detalhe nas costas deve ser ajustado de forma cruzada, garantindo melhor ajuste ao corpo. Modelo veste 34.",,partial_or_variant_unavailable,https://cdn.vnda.com.br/intibrand/2025/08/21/18_28_21_764_body-20otto-20preto-20zoom-20-1-20-1-18088040.jpg?v=1755811705,public_catalog,2026-08-24T17:28:30.310313-03:00,jsonld:price,HIGH,200,,4,0.615562403697997,0,-0.4552405971160636,-0.9802925951143263,289
4332,Body Rinaldi Off-White,https://www.intibrand.com/produto/body-rinaldi-off-white-4332,VERÃO 2027,Bodies,Off White,294.5,,0.0,P|M|G|GG,"Body singular assimétrico, com recortes orgânicos. Uma peça super versátil que transita entre ambientes variados e também pode ser usada como maiô. Possui aviamento metálico orgânico exclusivo. Modelo veste PP.",,partial_or_variant_unavailable,https://cdn.vnda.com.br/intibrand/2024/12/27/15_32_35_769_15_12_8_825_body20rinaldi20offwhite20frente202201.jpg?v=1735324366,public_catalog,2026-08-24T17:28:30.310313-03:00,jsonld:price,HIGH,200,,4,0.45377503852080125,0,-0.5478907188815157,-1.1399370867529646,289
4331,Body Rinaldi Preto,https://www.intibrand.com/produto/body-rinaldi-preto-4331,VERÃO 2027,Bodies,Preto,294.5,,0.0,P|M|G|GG,"Body singular assimétrico, com recortes orgânicos. Uma peça super versátil que transita entre ambientes variados e também pode ser usada como maiô. Possui aviamento metálico orgânico exclusivo. Modelo veste PP.",,partial_or_variant_unavailable,https://cdn.vnda.com.br/intibrand/2024/12/27/15_29_04_951_15_12_2_228_body20rinaldi20preto20frente201.jpg?v=1735324153,public_catalog,2026-08-24T17:28:30.310313-03:00,jsonld:price,HIGH,200,,4,0.45377503852080125,0,-0.5999893655333879,-1.108399369731506,289
4833,Body Rocco Off-White,https://www.intibrand.com/produto/body-rocco-off-white-4833,VERÃO 2027,Bodies,Off White,749.0,,0.0,P|M|G,"Releitura do Vestido Moti, o Body Rocco traduz a força do design contemporâneo em uma silhueta marcante. Com manga longa única e detalhe de abertura que se estende da lateral às costas, a peça revela sutileza e ousadia na medida certa. Composição: 96% Poliéster / 4% Elastano Modelo veste PP.",96% Poliéster / 4% Elastano,partial_or_variant_unavailable,https://cdn.vnda.com.br/intibrand/2026/03/30/12_56_57_373_gaby-20v-c3-8ddeos-20-20-story-20-75-12031970.jpg?v=1774886221,public_catalog,2026-08-24T17:28:30.310313-03:00,jsonld:price,HIGH,200,,3,1.1540832049306626,0,-0.33890936189764587,-0.9185277972829266,289
4919,BODY ROCCO + PANTALONA FLARE | OFF-WHITE,https://www.intibrand.com/produto/body-rocco-pantalona-flare-off-white-4919,VERÃO 2027,Bodies,Off White,1651.1,,0.0,P|M|G|34|36|38|40|42|44,"Combinação composta pelo Body Rocco e Pantalona Flare. Em uma proposta sofisticada e contemporânea, as peças unem modelagens marcantes e caimento fluido. O body se destaca pela manga longa única e detalhe de abertura que percorre a lateral até as costas, trazendo ousadia na medida certa. A pantalona flare de alfaiataria complementa o visual com leveza, fluidez e recortes frontais amplos, garantindo elegância e sofisticação.",,partial_or_variant_unavailable,https://cdn.vnda.com.br/intibrand/2026/05/13/08_27_51_222_body-20rocco-20off-white-20-2b-20pantalona-20flare-20off-white-20frente-20-1-08054030.jpg?v=1778671676,public_catalog,2026-08-24T17:28:30.310313-03:00,jsonld:price,HIGH,200,,9,2.5440677966101695,2,3.410133500611625,2.180752616022623,166
4920,BODY ROCCO + PANTALONA FLARE | PRETO,https://www.intibrand.com/produto/body-rocco-pantalona-flare-preto-4920,VERÃO 2027,Bodies,Preto,1651.1,,0.0,P|M|G|34|36|38|40|42|44,"Combinação composta pelo Body Rocco e Pantalona Flare. Em uma proposta sofisticada e contemporânea, as peças unem modelagens marcantes e caimento fluido. O body se destaca pela manga longa única e detalhe de abertura que percorre a lateral até as costas, trazendo ousadia na medida certa. A pantalona flare de alfaiataria complementa o visual com leveza, fluidez e recortes frontais amplos, garantindo elegância e sofisticação.",,partial_or_variant_unavailable,https://cdn.vnda.com.br/intibrand/2026/05/13/08_30_52_213_body-20rocco-20preto-20-2b-20pantalona-20flare-20preta-20lado-08055390.jpg?v=1778671869,public_catalog,2026-08-24T17:28:30.310313-03:00,jsonld:price,HIGH,200,,9,2.5440677966101695,2,3.358034853959753,2.2122903330440815,166
4834,Body Rocco Preto,https://www.intibrand.com/produto/body-rocco-preto-4834,VERÃO 2027,Bodies,Preto,749.0,,0.0,P|M|G,"Releitura do Vestido Moti, o Body Rocco traduz a força do design contemporâneo em uma silhueta marcante. Com manga longa única e detalhe de abertura que se estende da lateral às costas, a peça revela sutileza e ousadia na medida certa. Composição: 96% Poliéster / 4% Elastano Modelo veste PP.",96% Poliéster / 4% Elastano,partial_or_variant_unavailable,https://cdn.vnda.com.br/intibrand/2026/03/30/12_59_39_282_gaby-20v-c3-8ddeos-20-20-story-20-80-12030500.jpg?v=1774886379,public_catalog,2026-08-24T17:28:30.310313-03:00,jsonld:price,HIGH,200,,3,1.1540832049306626,0,-0.39100800854951795,-0.886990080261468,289
4078,Body Rodd Off-White,https://www.intibrand.com/produto/body-rodd-off-white-4078,VERÃO 2027,Bodies,Off White,284.5,,0.0,P|G,"Um body que pode ser usado como maiô, possui recorte simétrico frontal, alças finas com reguladores e estilo biquíni nas costas. Modelo veste PP.",,partial_or_variant_unavailable,https://cdn.vnda.com.br/intibrand/2024/04/12/16_06_02_24_16_4_2_212_body20rodd20offwhite20zoom20frente.jpg?v=1712948762,public_catalog,2026-08-24T17:28:30.310313-03:00,jsonld:price,HIGH,200,,2,0.43836671802773497,0,-1.3968243684901664,-1.8183578018432514,289
4077,Body Rodd Preto,https://www.intibrand.com/produto/body-rodd-preto-4077,VERÃO 2027,Bodies,Preto,284.5,,0.0,P|M|G,"Um body que pode ser usado como maiô, possui recorte simétrico frontal, alças finas com reguladores e estilo biquíni nas costas. Modelo veste PP.",,partial_or_variant_unavailable,https://cdn.vnda.com.br/intibrand/2024/04/12/16_02_25_677_16_4_7_702_body20rodd20preto20frente.jpg?v=1712948556,public_catalog,2026-08-24T17:28:30.310313-03:00,jsonld:price,HIGH,200,,3,0.43836671802773497,0,-1.0313489888337763,-1.4537100498774675,289
4809,Body Steffano Marrom,https://www.intibrand.com/produto/body-steffano-marrom-4809,VERÃO 2027,Bodies,Marrom,689.0,,0.0,P|M|G,"Elegante e atemporal, o Body Steffano se destaca pela gola sofisticada e pelo detalhe drapeado nos ombros, adicionando movimento e refinamento à peça. Com design minimalista, é ideal para composições versáteis que transitam entre o casual e produções mais elaboradas. Composição: 96% Poliéster / 4% Elastano Modelo veste PP.",96% Poliéster / 4% Elastano,partial_or_variant_unavailable,https://cdn.vnda.com.br/intibrand/2026/03/05/12_56_02_685_body-20steffano-20marrom-20-2b-20cal-c3-87a-20jeans-20malcolm-20azul-20clara-20frente-12034150.jpg?v=1772726162,public_catalog,2026-08-24T17:28:30.310313-03:00,jsonld:price,HIGH,200,,3,1.061633281972265,0,-0.4661390349264361,-0.9722362409383328,289
4807,Body Steffano Off-White,https://www.intibrand.com/produto/body-steffano-off-white-4807,VERÃO 2027,Bodies,Off White,689.0,,0.0,P|M|G,"Elegante e atemporal, o Body Steffano se destaca pela gola sofisticada e pelo detalhe drapeado nos ombros, adicionando movimento e refinamento à peça. Com design minimalista, é ideal para composições versáteis que transitam entre o casual e produções mais elaboradas. Composição: 96% Poliéster / 4% Elastano Modelo veste PP.",96% Poliéster / 4% Elastano,partial_or_variant_unavailable,https://cdn.vnda.com.br/intibrand/2026/03/05/12_54_06_913_body-20steffano-20off-white-20frente-12030070.jpg?v=1772726046,public_catalog,2026-08-24T17:28:30.310313-03:00,jsonld:price,HIGH,200,,3,1.061633281972265,0,-0.4216229438504027,-0.9917316684927435,289
4808,Body Steffano Preto,https://www.intibrand.com/produto/body-steffano-preto-4808,VERÃO 2027,Bodies,Preto,689.0,,0.0,P|M|G,"Elegante e atemporal, o Body Steffano se destaca pela gola sofisticada e pelo detalhe drapeado nos ombros, adicionando movimento e refinamento à peça. Com design minimalista, é ideal para composições versáteis que transitam entre o casual e produções mais elaboradas. Composição: 96% Poliéster / 4% Elastano Modelo veste PP.",96% Poliéster / 4% Elastano,partial_or_variant_unavailable,https://cdn.vnda.com.br/intibrand/2026/03/05/13_02_10_737_body-20steffano-20preto-20-2b-20cal-c3-87a-20jeans-20malcolm-20azul-20clara-20zoom-20medio-13038140.jpg?v=1772726538,public_catalog,2026-08-24T17:28:30.310313-03:00,jsonld:price,HIGH,200,,3,1.061633281972265,0,-0.4737215905022748,-0.960193951471285,289
4600,Body Theron Azul Índigo,https://www.intibrand.com/produto/body-theron-azul-indigo-4600,VERÃO 2027,Bodies,Azul Índigo,344.5,,0.0,P|M|G,"O Body Theron possui um design assimétrico moderno e ousado, com um recorte lateral que adiciona sofisticação e estilo. A peça também conta com uma alça fina dourada, banhada a ouro, que traz um toque de elegância, complementando o visual. Confeccionado em malha leve e confortável, é ideal para diversas ocasiões, podendo ser usado tanto como body em produções casuais quanto como maiô. Modelo veste PP.",,partial_or_variant_unavailable,https://cdn.vnda.com.br/intibrand/2025/09/16/13_41_53_931_body-20theron-20azul-20-c3-8dndigo-20frente-13090760.jpg?v=1758040924,public_catalog,2026-08-24T17:28:30.310313-03:00,jsonld:price,HIGH,200,,3,0.5308166409861325,0,-0.9589880420774652,-1.4112669698332627,289
4406,Body Theron Off-White,https://www.intibrand.com/produto/body-theron-off-white-4406,VERÃO 2027,Bodies,Off White,344.5,,0.0,P|M|G,"O Body Theron possui um design assimétrico moderno e ousado, com um recorte lateral que adiciona sofisticação e estilo. A peça também conta com uma alça fina dourada, banhada a ouro, que traz um toque de elegância, complementando o visual. Confeccionado em malha leve e confortável, é ideal para diversas ocasiões, podendo ser usado tanto como body em produções casuais quanto como maiô. Modelo veste PP.",,partial_or_variant_unavailable,https://cdn.vnda.com.br/intibrand/2025/01/29/10_54_35_488_10_1_2_223_body20theron20offwhite20zoom20frente.jpg?v=1738158891,public_catalog,2026-08-24T17:28:30.310313-03:00,jsonld:price,HIGH,200,,3,0.5308166409861325,0,-0.8965367602291476,-1.4120438956891093,289
4466,Body Waud Preto,https://www.intibrand.com/produto/body-waud-preto-4466,VERÃO 2027,Bodies,Preto,394.5,,0.0,P|M|G,"Body sofisticado e assimétrico com manga longa bufante e ombro recortado, unindo elegância e modernidade. Seu caimento suave e modelagem fluida o tornam perfeito para eventos casuais. Composição: 97% Poliéster 3% Elastano | Calcinha: 92,6% Poliéster 7,4% Elastano. Modelo veste PP.","97% Poliéster 3% Elastano | Calcinha: 92,6% Poliéster 7,4% Elastano.",partial_or_variant_unavailable,https://cdn.vnda.com.br/intibrand/2025/02/03/17_40_26_884_17_2_2_231_body20waud20preto202b20short20saia20donati20preto20frente202.jpg?v=1738615235,public_catalog,2026-08-24T17:28:30.310313-03:00,jsonld:price,HIGH,200,,3,0.6078582434514638,0,-0.879707421920389,-1.3195029526594697,289
4445,Calça Jeans Dihl Azul Claro,https://www.intibrand.com/produto/calca-jeans-dihl-azul-claro-4445,VERÃO 2027,Calças,Azul,394.5,,0.0,34|36|38|40|42,"A calça jeans Dihl foi desenvolvida para oferecer estilo e praticidade no dia a dia, nosso primeiro jeans veio com modelagem inovadora e o ajuste ideal ao corpo. Com um detalhe assimétrico no cós que traz um toque moderno e exclusivo, este jeans se destaca pela sua versatilidade, combinando facilmente com qualquer look. Composição: 100% Algodão Modelo veste 34.",100% Algodão,partial_or_variant_unavailable,https://cdn.vnda.com.br/intibrand/2025/08/22/16_24_55_656_regata-20ethel-20off-white-20-2b-20cal-c3-87a-20jeans-20dihl-20azul-20claro-20frente-202-16083990.jpg?v=1755890737,public_catalog,2026-08-24T17:28:30.310313-03:00,jsonld:price,HIGH,200,,5,0.568239106949946,0,-0.04144005125830523,-0.6751409390659104,289
4446,Calça Jeans Dihl Azul Escuro,https://www.intibrand.com/produto/calca-jeans-dihl-azul-escuro-4446,VERÃO 2027,Calças,Azul,394.5,,0.0,34|36|38|40|42,"A calça jeans Dihl foi desenvolvida para oferecer estilo e praticidade no dia a dia, nosso primeiro jeans veio com modelagem inovadora e o ajuste ideal ao corpo. Com um detalhe assimétrico no cós que traz um toque moderno e exclusivo, este jeans se destaca pela sua versatilidade, combinando facilmente com qualquer look. Composição: 100% Algodão Modelo veste 34.",100% Algodão,partial_or_variant_unavailable,https://cdn.vnda.com.br/intibrand/2025/08/22/16_29_18_46_regata-20ethel-20off-white-20-2b-20cal-c3-87a-20jeans-20dihl-20azul-20escuro-20frente-16081650.jpg?v=1755890961,public_catalog,2026-08-24T17:28:30.310313-03:00,jsonld:price,HIGH,200,,5,0.568239106949946,0,-0.04144005125830523,-0.6751409390659104,289
4899,Calça Jeans Malcolm Azul Claro,https://www.intibrand.com/produto/calca-jeans-malcolm-azul-claro-4899,VERÃO 2027,Calças,Azul,859.0,,0.0,34|36|38|40|42|44,A Calça Malcolm foi desenvolvida para trazer praticidade aos looks do dia a dia. Seu design sofisticado carrega o DNA INTI para um closet assertivo e elegante. Modelo veste 34.,,partial_or_variant_unavailable,https://cdn.vnda.com.br/intibrand/2026/08/20/17_10_21_226_blusa-20heather-20marrom-20-2b-20cal-c3-87a-20jeans-20malcolm-20azul-20claro-20frente-17080420.jpg?v=1787256624,public_catalog,2026-08-24T17:28:30.310313-03:00,jsonld:price,HIGH,200,,6,1.2373064458048253,2,1.0048614058661043,0.19475526237177684,166
4900,Calça Jeans Malcolm Azul Escuro,https://www.intibrand.com/produto/calca-jeans-malcolm-azul-escuro-4900,VERÃO 2027,Calças,Azul,859.0,,0.0,34|36|38|40|42|44,A Calça Malcolm foi desenvolvida para trazer praticidade aos looks do dia a dia. Seu design sofisticado carrega o DNA INTI para um closet assertivo e elegante. Modelo veste 34.,,partial_or_variant_unavailable,https://cdn.vnda.com.br/intibrand/2026/08/20/14_38_43_335_gaby-20fotos-20-202026-08-20t143810-789-14084460.jpg?v=1787247528,public_catalog,2026-08-24T17:28:30.310313-03:00,jsonld:price,HIGH,200,,6,1.2373064458048253,2,1.0048614058661043,0.19475526237177684,166
4767,Calça Zeno Off-White,https://www.intibrand.com/produto/calca-zeno-off-white-4767,VERÃO 2027,Calças,Off White,859.0,,0.0,36|38|40|42,"Calça de alfaiataria reta, com caimento elegante e visual minimalista. O modelo apresenta fendas discretas nas barras, garantindo um toque moderno e sofisticado, além de proporcionar maior leveza ao look. Modelo veste 34.",,partial_or_variant_unavailable,https://cdn.vnda.com.br/intibrand/2025/12/19/10_43_59_510_conjunto-20zeno-20off-white-20frente-20ss26-20-1-10127590.jpg?v=1766151842,public_catalog,2026-08-24T17:28:30.310313-03:00,jsonld:price,HIGH,200,,4,1.2373064458048253,0,0.2153526023323615,-0.4767335765701137,289
4768,Calça Zeno Preto,https://www.intibrand.com/produto/calca-zeno-preto-4768,VERÃO 2027,Calças,Preto,859.0,,0.0,36|38|40|42,"Calça de alfaiataria reta, com caimento elegante e visual minimalista. O modelo apresenta fendas discretas nas barras, garantindo um toque moderno e sofisticado, além de proporcionar maior leveza ao look. Modelo veste 34.",,partial_or_variant_unavailable,https://cdn.vnda.com.br/intibrand/2025/12/19/10_44_44_712_conjunto-20zeno-20preto-20frente-20-20ss256-20-2-10129500.jpg?v=1766151884,public_catalog,2026-08-24T17:28:30.310313-03:00,jsonld:price,HIGH,200,,4,1.2373064458048253,0,0.16325395568048942,-0.44519585954865515,289
4376,Conjunto Althea Off-White,https://www.intibrand.com/produto/conjunto-althea-off-white-4376,VERÃO 2027,Conjuntos,Off White,399.5,999.0,60.01,36|38|40|42,"Este conjunto sofisticado em jersey traz a combinação de top e saia. O design ousado conta com um top assimétrico de um ombro só. A manga longa de um lado contrasta com o estilo minimalista do outro ombro exposto, criando um equilíbrio visual moderno e marcante. A saia longa, também com detalhes franzidos, adiciona movimento ao look. Composição: 96% Poliéster / 4% Elastano Modelo veste 34.",96% Poliéster / 4% Elastano,partial_or_variant_unavailable,https://cdn.vnda.com.br/intibrand/2025/01/27/17_39_15_681_17_1_9_974_conjunto20althea20offwhite20frente201.jpg?v=1738010365,public_catalog,2026-08-24T17:28:30.310313-03:00,jsonld:price,HIGH,200,,4,0.9296102385107621,1,-2.907977873340421,3.2627269234666434,46
4377,Conjunto Althea Preto,https://www.intibrand.com/produto/conjunto-althea-preto-4377,VERÃO 2027,Conjuntos,Preto,399.5,999.0,60.01,36|38|40|42,"Este conjunto sofisticado em jersey traz a combinação de top e saia. O design ousado conta com um top assimétrico de um ombro só. A manga longa de um lado contrasta com o estilo minimalista do outro ombro exposto, criando um equilíbrio visual moderno e marcante. A saia longa, também com detalhes franzidos, adiciona movimento ao look. Composição: 96% Poliéster / 4% Elastano Modelo veste 34.",96% Poliéster / 4% Elastano,partial_or_variant_unavailable,https://cdn.vnda.com.br/intibrand/2025/01/27/17_42_43_120_17_1_5_571_conjunto20althea20preto20frente20frente202.jpg?v=1738010594,public_catalog,2026-08-24T17:28:30.310313-03:00,jsonld:price,HIGH,200,,4,0.9296102385107621,1,-2.960076519992293,3.2942646404881017,46
4378,Conjunto Althea Vermelho,https://www.intibrand.com/produto/conjunto-althea-vermelho-4378,VERÃO 2027,Conjuntos,Vermelho,399.5,999.0,60.01,36|38|40|42,"Este conjunto sofisticado em jersey traz a combinação de top e saia. O design ousado conta com um top assimétrico de um ombro só. A manga longa de um lado contrasta com o estilo minimalista do outro ombro exposto, criando um equilíbrio visual moderno e marcante. A saia longa, também com detalhes franzidos, adiciona movimento ao look. Composição: 96% Poliéster / 4% Elastano Modelo veste 34.",96% Poliéster / 4% Elastano,partial_or_variant_unavailable,https://cdn.vnda.com.br/intibrand/2025/01/27/17_41_18_605_17_1_0_033_conjunto20althea20vermelho20frente202.jpg?v=1738010523,public_catalog,2026-08-24T17:28:30.310313-03:00,jsonld:price,HIGH,200,,4,0.9296102385107621,1,-2.928828407119983,3.2595743886943525,46
3589,Conjunto Campbell Rosê,https://www.intibrand.com/produto/conjunto-campbell-rose-3589,VERÃO 2027,Conjuntos,Rosê,324.75,649.5,50.0,PP|P|M|G,,,partial_or_variant_unavailable,https://cdn.vnda.com.br/intibrand/2022/09/02/10_9_1_173_CONJUNTOCAMPBELLROSFRENTE.jpg?v=1662125297,public_catalog,2026-08-24T17:28:30.310313-03:00,jsonld:price,HIGH,200,,4,0.7556719022687609,1,-2.1765847226646966,1.3914818908688595,46
4008,Conjunto Denver Off-White,https://www.intibrand.com/produto/conjunto-denver-off-white-4008,VERÃO 2027,Conjuntos,Off White,492.25,984.5,50.0,34|36|38|40|42,"Texturas que se estruturam e se transformam no conjunto party sofisticado mais esperado. Com top tomara que caída drapeado, decote v e saia longa com cós transpassado. Modelo veste 34.",,unavailable,https://cdn.vnda.com.br/intibrand/2024/03/18/13_47_06_466_13_3_0_078_conjunto20denver20offwhite20zoom202.jpg?v=1710780434,public_catalog,2026-08-24T17:28:30.310313-03:00,jsonld:price,HIGH,200,,5,1.1454333915066899,1,-2.1085962434973755,3.5255169212567097,46
4005,Conjunto Denver Preto,https://www.intibrand.com/produto/conjunto-denver-preto-4005,VERÃO 2027,Conjuntos,Preto,492.25,984.5,50.0,36|38|40|42,"Texturas que se estruturam e se transformam no conjunto party sofisticado mais esperado. Com top tomara que caída drapeado, decote v e saia longa com cós transpassado. Modelo veste 34.",,unavailable,https://cdn.vnda.com.br/intibrand/2024/03/18/13_44_39_879_13_3_4_470_conjunto20denver20preto20frente.jpg?v=1710780287,public_catalog,2026-08-24T17:28:30.310313-03:00,jsonld:price,HIGH,200,,4,1.1454333915066899,1,-2.57826891645751,3.223944603333843,46
4215,Conjunto Fellicce Framboesa,https://www.intibrand.com/produto/conjunto-fellicce-framboesa-4215,VERÃO 2027,Conjuntos,Framboesa,434.75,869.5,50.0,34|36|38|40|42,"Recortes com formas assimétricas e orgânicas são o marco exclusivo da coleção. A combinação ideal para sair do óbvio e continuar exalando elegância, poder e sofisticação. Modelo veste 34.",,partial_or_variant_unavailable,https://cdn.vnda.com.br/intibrand/2024/10/10/14_25_41_669_14_10_7_738_conjunto20fellicce20framboesa20frente.jpg?v=1728581141,public_catalog,2026-08-24T17:28:30.310313-03:00,jsonld:price,HIGH,200,,5,1.0116346713205353,1,-2.0204217091253796,2.911689769048174,46
4212,Conjunto Fellicce Off-White,https://www.intibrand.com/produto/conjunto-fellicce-off-white-4212,VERÃO 2027,Conjuntos,Off White,434.75,869.5,50.0,34|36|38|40|42,"Recortes com formas assimétricas e orgânicas são o marco exclusivo da coleção. A combinação ideal para sair do óbvio e continuar exalando elegância, poder e sofisticação. Modelo veste 34.",,partial_or_variant_unavailable,https://cdn.vnda.com.br/intibrand/2024/10/10/14_26_33_33_14_10_2_253_conjunto20fellicce20offwhite20frente.jpg?v=1728581197,public_catalog,2026-08-24T17:28:30.310313-03:00,jsonld:price,HIGH,200,,5,1.0116346713205353,1,-1.9700517934041504,2.904884941866211,46
4214,Conjunto Fellicce Preto,https://www.intibrand.com/produto/conjunto-fellicce-preto-4214,VERÃO 2027,Conjuntos,Preto,434.75,869.5,50.0,34|36|38|40|42,"Recortes com formas assimétricas e orgânicas são o marco exclusivo da coleção. A combinação ideal para sair do óbvio e continuar exalando elegância, poder e sofisticação. Modelo veste 34.",,partial_or_variant_unavailable,https://cdn.vnda.com.br/intibrand/2024/10/10/14_24_55_346_14_10_4_448_conjunto20fellicce20preto20zoom.jpg?v=1728581101,public_catalog,2026-08-24T17:28:30.310313-03:00,jsonld:price,HIGH,200,,5,1.0116346713205353,1,-2.0221504400560226,2.936422658887669,46
4217,Conjunto Fellicce Vermelho,https://www.intibrand.com/produto/conjunto-fellicce-vermelho-4217,VERÃO 2027,Conjuntos,Vermelho,434.75,869.5,50.0,34|36|38|40|42,"Recortes com formas assimétricas e orgânicas são o marco exclusivo da coleção. A combinação ideal para sair do óbvio e continuar exalando elegância, poder e sofisticação. Modelo veste 34.",,partial_or_variant_unavailable,https://cdn.vnda.com.br/intibrand/2024/10/10/14_24_15_618_14_10_8_835_conjunto20fellicce20vermelho20frente.jpg?v=1728581055,public_catalog,2026-08-24T17:28:30.310313-03:00,jsonld:price,HIGH,200,,5,1.0116346713205353,1,-1.9909023271837125,2.90173240709392,46
4002,Conjunto Guillen Off-White,https://www.intibrand.com/produto/conjunto-guillen-off-white-4002,VERÃO 2027,Conjuntos,Off White,424.75,849.5,50.0,36|38|40|42,"Conjunto de alfaiataria com leve toque acetinado. Top minimalista com pala sobreposta e tecido levemente acetinado, possui tiras de sustentação nas costas, presa por botões laterais. Saia reta com fenda posterior, design orgânico e recorte arredondado no cós. Fechamento posterior por zíper invisível de 20cm. Composição: 93% Poliéster 7% Elastano Modelo veste 34.",93% Poliéster 7% Elastano,partial_or_variant_unavailable,https://cdn.vnda.com.br/intibrand/2024/03/18/13_36_47_252_13_3_4_453_conjunto20guillen20offwhite20zoom20frente202.jpg?v=1710779807,public_catalog,2026-08-24T17:28:30.310313-03:00,jsonld:price,HIGH,200,,4,0.9883653286794648,1,-2.3635311327396784,2.463838910506147,46
4003,Conjunto Guillen Preto,https://www.intibrand.com/produto/conjunto-guillen-preto-4003,VERÃO 2027,Conjuntos,Preto,424.75,849.5,50.0,36|38|40|42,"Conjunto de alfaiataria com leve toque acetinado. Top minimalista com pala sobreposta e tecido levemente acetinado, possui tiras de sustentação nas costas, presa por botões laterais. Saia reta com fenda posterior, design orgânico e recorte arredondado no cós. Fechamento posterior por zíper invisível de 20cm. Composição: 93% Poliéster 7% Elastano Modelo veste 34.",93% Poliéster 7% Elastano,partial_or_variant_unavailable,https://cdn.vnda.com.br/intibrand/2024/03/18/13_34_42_552_13_3_8_806_conjunto20guillen20preto20frente.jpg?v=1710779682,public_catalog,2026-08-24T17:28:30.310313-03:00,jsonld:price,HIGH,200,,4,0.9883653286794648,1,-2.4156297793915504,2.4953766275276053,46
4339,Conjunto Ivy Off-White,https://www.intibrand.com/produto/conjunto-ivy-off-white-4339,VERÃO 2027,Conjuntos,Off White,497.25,994.5,50.0,34|36|38|40|42,Nos inspiramos nas formas curvilíneas da natureza para criar o Conjunto Ivy. Recortes assimétricos e orgânicos criam um modelo sofisticado e único. Modelo veste 34.,,partial_or_variant_unavailable,https://cdn.vnda.com.br/intibrand/2025/01/08/12_01_59_335_12_1_6_674_conjunto20ivy20offwhite20frente.jpg?v=1749332338,public_catalog,2026-08-24T17:28:30.310313-03:00,jsonld:price,HIGH,200,,5,1.1570680628272252,1,-2.120643586983743,3.579484919464579,46
4336,Conjunto Ivy Preto,https://www.intibrand.com/produto/conjunto-ivy-preto-4336,VERÃO 2027,Conjuntos,Preto,497.25,994.5,50.0,34|36|38|40|42,Nos inspiramos nas formas curvilíneas da natureza para criar o Conjunto Ivy. Recortes assimétricos e orgânicos criam um modelo sofisticado e único. Modelo veste 34.,,partial_or_variant_unavailable,https://cdn.vnda.com.br/intibrand/2025/01/08/12_01_46_727_12_1_9_978_conjunto20ivy20preto20zoom.jpg?v=1749332363,public_catalog,2026-08-24T17:28:30.310313-03:00,jsonld:price,HIGH,200,,5,1.1570680628272252,1,-2.172742233635615,3.6110226364860374,46
4702,Conjunto Lamellae Azul,https://www.intibrand.com/produto/conjunto-lamellae-azul-4702,VERÃO 2027,Conjuntos,Azul,494.5,1094.5,54.82,34|36|38|40|42,"Um look cheio de bossa e presença. O conjunto Lamellae combina um top com decote degagê e alça de metal a uma saia de design transpassado, com caimento fluido e um recorte lateral que adiciona um toque sexy e marcante. A escolha perfeita para os eventos mais elegantes da temporada de verão. Modelo veste 34.",,partial_or_variant_unavailable,https://cdn.vnda.com.br/intibrand/2025/12/10/18_54_38_116_conjunto-20lamellae-20azul-20frente-201012-18127680.jpg?v=1765403678,public_catalog,2026-08-24T17:28:30.310313-03:00,jsonld:price,HIGH,200,,5,1.1506689936009307,1,-2.4694309162603507,4.112684046842624,46
4700,Conjunto Lamellae Off-White,https://www.intibrand.com/produto/conjunto-lamellae-off-white-4700,VERÃO 2027,Conjuntos,Off White,494.5,1094.5,54.82,34|36|38|40|42,"Um look cheio de bossa e presença. O conjunto Lamellae combina um top com decote degagê e alça de metal a uma saia de design transpassado, com caimento fluido e um recorte lateral que adiciona um toque sexy e marcante. A escolha perfeita para os eventos mais elegantes da temporada de verão. Modelo veste 34.",,partial_or_variant_unavailable,https://cdn.vnda.com.br/intibrand/2025/11/11/18_07_03_991_conjunto-20lamellae-20off-white-20frente-20-1-18115410.jpg?v=1762895239,public_catalog,2026-08-24T17:28:30.310313-03:00,jsonld:price,HIGH,200,,5,1.1506689936009307,1,-2.423791667177569,4.107415277789384,46
4701,Conjunto Lamellae Preto,https://www.intibrand.com/produto/conjunto-lamellae-preto-4701,VERÃO 2027,Conjuntos,Preto,494.5,1094.5,54.82,34|36|38|40|42,"Um look cheio de bossa e presença. O conjunto Lamellae combina um top com decote degagê e alça de metal a uma saia de design transpassado, com caimento fluido e um recorte lateral que adiciona um toque sexy e marcante. A escolha perfeita para os eventos mais elegantes da temporada de verão. Modelo veste 34.",,partial_or_variant_unavailable,https://cdn.vnda.com.br/intibrand/2025/12/10/19_01_21_99_macaquinho-20martin-20preto-20frente-19124210.jpg?v=1765404085,public_catalog,2026-08-24T17:28:30.310313-03:00,jsonld:price,HIGH,200,,5,1.1506689936009307,1,-2.4758903138294412,4.138952994810842,46
3955,Conjunto Mitchell Preto,https://www.intibrand.com/produto/conjunto-mitchell-preto-3955,VERÃO 2027,Conjuntos,Preto,424.75,849.5,50.0,34|36|38|40|42,Assimetria é um dos pilares do nosso design e esse conjunto da linha festa em alfaiataria fluida traz top franzido com alças delicadas e é esruturado com aro e entretela. Fechamento com zíper destacável nas costas. A saia possui recorte assimétrico lateral franzido e aviamento banhado a ouro. Modelo veste 34.,,partial_or_variant_unavailable,https://cdn.vnda.com.br/intibrand/2023/12/14/16_03_13_562_16_12_7_732_conjunto20mitchell20preto20frente201.jpg?v=1702580593,public_catalog,2026-08-24T17:28:30.310313-03:00,jsonld:price,HIGH,200,,5,0.9883653286794648,1,-1.998055753083288,2.8284866624719305,46
3592,Conjunto Murano Pink,https://www.intibrand.com/produto/conjunto-murano-pink-3592,VERÃO 2027,Conjuntos,Pink,297.25,594.5,50.0,PP|P|M|G,"Conjunto de cropped e saia longa, confeccionada em tecido de alfaiataria fluida, com modelagem exclusiva. Cropped com design assimétrico e recorte frontal com formato de gota e duas alças transversais de sustentação. Saia longa com recorte de gota na cintura, fenda frontal e tiras para amarração posterior. Tecido: Alfaiataria Composição: 100% Poliéster Modelo veste 34.",100% Poliéster,partial_or_variant_unavailable,https://cdn.vnda.com.br/intibrand/2022/09/01/18_9_6_648_CONJUNTOMURANOPINKSOLTA.jpg?v=1666730769,public_catalog,2026-08-24T17:28:30.310313-03:00,jsonld:price,HIGH,200,,4,0.6916812100058173,1,-2.1103256282192713,1.0908557336924325,46
3593,Conjunto Murano Preto,https://www.intibrand.com/produto/conjunto-murano-preto-3593,VERÃO 2027,Conjuntos,Preto,297.25,594.5,50.0,PP|P|M|G,"Conjunto de cropped e saia longa, confeccionada em tecido de alfaiataria fluida, com modelagem exclusiva. Cropped com design assimétrico e recorte frontal com formato de gota e duas alças transversais de sustentação. Saia longa com recorte de gota na cintura, fenda frontal e tiras para amarração posterior. Tecido: Alfaiataria Composição: 100% Poliéster Modelo veste 34.",100% Poliéster,partial_or_variant_unavailable,https://cdn.vnda.com.br/intibrand/2022/09/01/18_9_3_327_CONJUNTOMURANOPRETOFRENTE.jpg?v=1662066479,public_catalog,2026-08-24T17:28:30.310313-03:00,jsonld:price,HIGH,200,,4,0.6916812100058173,1,-2.108422520489182,1.1191926732269346,46
3594,Conjunto Murano Rosê,https://www.intibrand.com/produto/conjunto-murano-rose-3594,VERÃO 2027,Conjuntos,Rosê,297.25,594.5,50.0,PP|P|M|G,"Conjunto de cropped e saia longa, confeccionada em tecido de alfaiataria fluida, com modelagem exclusiva. Cropped com design assimétrico e recorte frontal com formato de gota e duas alças transversais de sustentação. Saia longa com recorte de gota na cintura, fenda frontal e tiras para amarração posterior. Tecido: Alfaiataria Composição: 100% Poliéster Modelo veste 34.",100% Poliéster,partial_or_variant_unavailable,https://cdn.vnda.com.br/intibrand/2022/09/01/18_9_4_448_CONJUNTOMURANOROSFRENTE3.jpg?v=1662066334,public_catalog,2026-08-24T17:28:30.310313-03:00,jsonld:price,HIGH,200,,4,0.6916812100058173,1,-2.1103243334896757,1.0946579007255774,46
3595,Conjunto Platte Off-White,https://www.intibrand.com/produto/conjunto-platte-off-white-3595,VERÃO 2027,Conjuntos,Off White,247.25,494.5,50.0,PP|P|M|G,"Conjunto de cropped e saia midi com design sofisticado e exclusivo. Confeccionados em alfaiataria fluida. Cropped com recorte assimétrico e duas alças transversais fixas de sustentação. Saia midi com fenda frontal, recorte frontal assimétrico e fechamento por zíper invisível. Composição: 95% Poliéster 5% Elastano Modelo veste 34.",95% Poliéster 5% Elastano,partial_or_variant_unavailable,https://cdn.vnda.com.br/intibrand/2022/09/01/17_9_9_963_CONJUNTOPLATTEOFFWHITEFRENTE.jpg?v=1662065779,public_catalog,2026-08-24T17:28:30.310313-03:00,jsonld:price,HIGH,200,,4,0.5753344968004653,3,-1.9358504389736364,0.5479749741267819,81
4070,Corselet Adrian Framboesa,https://www.intibrand.com/produto/corselet-adrian-framboesa-4070,VERÃO 2027,Unknown,Framboesa,494.5,,0.0,36|38|40|42,"Modelagem estruturada com barbatanas, decote coração e mangas longas, o corselet Adrian foi inspirado no best-seller do verão 2023, o corselet Ness. Modelo veste 34.",,partial_or_variant_unavailable,https://cdn.vnda.com.br/intibrand/2024/04/25/15_56_07_560_15_4_7_769_corselet20adrian20framboesa202b20saia20phillip20framboesa20zoom.jpg?v=1714071394,public_catalog,2026-08-24T17:28:30.310313-03:00,jsonld:price,HIGH,200,,4,0.7120230381569475,0,-0.32950447439038927,-0.8876018946932165,289
4067,Corselet Adrian Off-White,https://www.intibrand.com/produto/corselet-adrian-off-white-4067,VERÃO 2027,Unknown,Off White,494.5,,0.0,36|38|40|42,"Modelagem estruturada com barbatanas, decote coração e mangas longas, o corselet Adrian foi inspirado no best-seller do verão 2023, o corselet Ness. Modelo veste 34.",,partial_or_variant_unavailable,https://cdn.vnda.com.br/intibrand/2024/04/24/18_24_42_612_18_4_6_674_corselet20adrian20offwhite202b20saia20phillip20offwhite20zoom201.jpg?v=1725398659,public_catalog,2026-08-24T17:28:30.310313-03:00,jsonld:price,HIGH,200,,4,0.7120230381569475,0,-0.27913455866916026,-0.8944067218751797,289
4068,Corselet Adrian Preto,https://www.intibrand.com/produto/corselet-adrian-preto-4068,VERÃO 2027,Unknown,Preto,494.5,,0.0,36|38|40|42,"Modelagem estruturada com barbatanas, decote coração e mangas longas, o corselet Adrian foi inspirado no best-seller do verão 2023, o corselet Ness. Modelo veste 34.",,partial_or_variant_unavailable,https://cdn.vnda.com.br/intibrand/2024/04/11/15_39_24_19_15_4_7_794_corselet20adrian20preto20202b20saia20phillip20preta20zoom201.jpg?v=1712860786,public_catalog,2026-08-24T17:28:30.310313-03:00,jsonld:price,HIGH,200,,4,0.7120230381569475,0,-0.33123320532103234,-0.8628690048537211,289
4069,Corselet Adrian Vermelho,https://www.intibrand.com/produto/corselet-adrian-vermelho-4069,VERÃO 2027,Unknown,Vermelho,494.5,,0.0,36|38|40|42,"Modelagem estruturada com barbatanas, decote coração e mangas longas, o corselet Adrian foi inspirado no best-seller do verão 2023, o corselet Ness. Modelo veste 34.",,partial_or_variant_unavailable,https://cdn.vnda.com.br/intibrand/2024/04/11/15_37_40_141_15_4_2_254_corselet20adrian20vermelho202b20saia20phillip20vermelha20zoom201.jpg?v=1712860664,public_catalog,2026-08-24T17:28:30.310313-03:00,jsonld:price,HIGH,200,,4,0.7120230381569475,0,-0.29998509244872235,-0.8975592566474706,289
4637,Corselet Kimbell Off-White,https://www.intibrand.com/produto/corselet-kimbell-off-white-4637,VERÃO 2027,Unknown,Off White,494.5,,0.0,36|38|40|42,"O Corselet Kimbell combina estrutura e modernidade em um design sofisticado. Seu decote transpassado é realçado por uma abertura frontal em efeito envelope. A estrutura bem definida confere personalidade ao look, enquanto a barbatana reforça o design, garantindo um caimento impecável e marcante. Composição: 94% Poliéster / 6% Elastano Modelo veste 34.",94% Poliéster / 6% Elastano,partial_or_variant_unavailable,https://cdn.vnda.com.br/intibrand/2025/09/24/12_35_51_40_corselet-20kimbell-20off-white-20-2b-20pantalona-20savoye-20off-white-20zoom-20-1-12095440.jpg?v=1758728166,public_catalog,2026-08-24T17:28:30.310313-03:00,jsonld:price,HIGH,200,,4,0.7120230381569475,0,-0.27913455866916026,-0.8944067218751797,289
4926,CORSELET KIMBELL + PANTALONA SAVOYE | OFF-WHITE,https://www.intibrand.com/produto/corselet-kimbell-pantalona-savoye-off-white-4926,VERÃO 2027,Unknown,Off White,1822.1,,0.0,36|38|40|42|34|44,"O corselet se destaca pelo decote transpassado com abertura frontal em efeito envelope e estrutura definida com barbatanas, garantindo caimento impecável. A pantalona de alfaiataria complementa o visual com cintura alta, detalhe em V e caimento fluido, trazendo leveza e equilíbrio à produção.",,partial_or_variant_unavailable,https://cdn.vnda.com.br/intibrand/2026/05/13/11_23_57_247_corselet-20kimbell-20off-white-20-2b-20pantalona-20savoye-20off-white-20frente-20-2-11055280.jpg?v=1778682240,public_catalog,2026-08-24T17:28:30.310313-03:00,jsonld:price,HIGH,200,,6,2.6236141108711304,2,2.35282497890911,1.3055746834526245,166
4925,CORSELET KIMBELL + PANTALONA SAVOYE | PRETO,https://www.intibrand.com/produto/corselet-kimbell-pantalona-savoye-preto-4925,VERÃO 2027,Unknown,Preto,1822.1,,0.0,34|36|38|40|42|44,"O corselet se destaca pelo decote transpassado com abertura frontal em efeito envelope e estrutura definida com barbatanas, garantindo caimento impecável. A pantalona de alfaiataria complementa o visual com cintura alta, detalhe em V e caimento fluido, trazendo leveza e equilíbrio à produção.",,partial_or_variant_unavailable,https://cdn.vnda.com.br/intibrand/2026/05/13/11_19_45_297_corselet-20kimbell-20preto-20-2b-20pantalona-20savoye-20preta-20frente-20-8-11050440.jpg?v=1778681996,public_catalog,2026-08-24T17:28:30.310313-03:00,jsonld:price,HIGH,200,,6,2.6236141108711304,2,2.3007263322572378,1.337112400474083,166
4910,Corselet Steven Marrom,https://www.intibrand.com/produto/corselet-steven-marrom-4910,VERÃO 2027,Unknown,Marrom,869.0,,0.0,34|36|38|40|42,"O Corselet Steven tem design elegante. O busto é estruturado, com recortes precisos que oferecem sustentação e realçam o busto de forma sofisticada. É uma peça que combina estrutura e leveza. Composição: 93% Poliéster / 7% Elastano Modelo veste 34.",93% Poliéster / 7% Elastano,partial_or_variant_unavailable,https://cdn.vnda.com.br/intibrand/2026/05/08/11_43_15_406_corselet-20steven-20marrom-20-2b-20saia-20remmy-20marrom-20zoom-20edit-20-1-11056280.jpg?v=1778251403,public_catalog,2026-08-24T17:28:30.310313-03:00,jsonld:price,HIGH,200,,5,1.2512598992080635,0,0.6007822957542209,-0.10914562505739946,289
4908,Corselet Steven Off-White,https://www.intibrand.com/produto/corselet-steven-off-white-4908,VERÃO 2027,Unknown,Off White,869.0,,0.0,34|36|38|40|42,"O Corselet Steven tem design elegante. O busto é estruturado, com recortes precisos que oferecem sustentação e realçam o busto de forma sofisticada. É uma peça que combina estrutura e leveza. Composição: 93% Poliéster / 7% Elastano Modelo veste 34.",93% Poliéster / 7% Elastano,partial_or_variant_unavailable,https://cdn.vnda.com.br/intibrand/2026/05/11/11_27_38_468_gaby-20v-c3-8ddeos-20-20-story-20-202026-05-11t112718-830-11053960.jpg?v=1778509661,public_catalog,2026-08-24T17:28:30.310313-03:00,jsonld:price,HIGH,200,,5,1.2512598992080635,0,0.6452983868302544,-0.1286410526118102,289
4909,Corselet Steven Preto,https://www.intibrand.com/produto/corselet-steven-preto-4909,VERÃO 2027,Unknown,Preto,869.0,,0.0,34|36|38|40|42,"O Corselet Steven tem design elegante. O busto é estruturado, com recortes precisos que oferecem sustentação e realçam o busto de forma sofisticada. É uma peça que combina estrutura e leveza. Composição: 93% Poliéster / 7% Elastano Modelo veste 34.",93% Poliéster / 7% Elastano,partial_or_variant_unavailable,https://cdn.vnda.com.br/intibrand/2026/05/11/11_28_02_551_gaby-20v-c3-8ddeos-20-20-story-20-202026-05-11t112756-096-11059300.jpg?v=1778509682,public_catalog,2026-08-24T17:28:30.310313-03:00,jsonld:price,HIGH,200,,5,1.2512598992080635,0,0.5931997401783823,-0.09710333559035161,289
4121,Corselet Vicenzo Vanilla,https://www.intibrand.com/produto/corselet-vicenzo-vanilla-4121,VERÃO 2027,Unknown,Vanilla,479.5,,0.0,36|38|40|42,"O Corselet Vicenzo é uma peça em alfaiataria que fala por si só, baseado nas formas arquitetônicas modernas. Sua estrutura garante personalidade e autenticidade ao look. Possui duas costuras frontais, decote em V com aro maleável de metal. Para estruturar a ponta ele possui barbatana horizontal e vertical, o fechamento é por zíper na costas. Modelo veste 34.",,partial_or_variant_unavailable,https://cdn.vnda.com.br/intibrand/2024/07/30/10_47_44_618_10_7_4_424_corselet20vicenzo20vanilla202b20pantalona20leon20vanilla20zoom.jpg?v=1722347267,public_catalog,2026-08-24T17:28:30.310313-03:00,jsonld:price,HIGH,200,,4,0.6904247660187185,0,-0.35234820358267815,-0.910045115931578,289
3880,Cropped Adams Off-White,https://www.intibrand.com/produto/cropped-adams-off-white-3880,VERÃO 2027,Croppeds,Off White,339.5,,0.0,36|38|40|42,"Cropped reto com caimento do linho que valoriza o decote com recorte geométrico. Fechamento com zíper destacável nas costas. Composição: 55% Linho / 45% Viscose . Comprimento total: 36/32cm, 38/34cm, 40/36cm, 42/38cm. Modelo veste 34.","55% Linho / 45% Viscose . Comprimento total: 36/32cm, 38/34cm, 40/36cm, 42/38cm.",partial_or_variant_unavailable,https://cdn.vnda.com.br/intibrand/2023/11/16/15_17_43_202_15_11_4_405_cropped20linho20adams20offwhite202b20short20linho20owen20offwhite20frente.jpg?v=1700158663,public_catalog,2026-08-24T17:28:30.310313-03:00,jsonld:price,HIGH,200,,4,0.8605830164765526,0,-0.40528666912619216,-0.8508930449998919,289
3882,Cropped Adams Preto,https://www.intibrand.com/produto/cropped-adams-preto-3882,VERÃO 2027,Croppeds,Preto,339.5,,0.0,36|38|40|42,"Cropped reto com caimento do linho que valoriza o decote com recorte geométrico. Fechamento com zíper destacável nas costas. Composição: 55% Linho / 45% Viscose . Comprimento total: 36/32cm, 38/34cm, 40/36cm, 42/38cm. Modelo veste 34.","55% Linho / 45% Viscose . Comprimento total: 36/32cm, 38/34cm, 40/36cm, 42/38cm.",partial_or_variant_unavailable,https://cdn.vnda.com.br/intibrand/2023/11/16/15_15_26_330_15_11_2_259_cropped20linho20adams20preto202b20short20linho20owen20preto20frente202.jpg?v=1700158529,public_catalog,2026-08-24T17:28:30.310313-03:00,jsonld:price,HIGH,200,,4,0.8605830164765526,0,-0.45738531577806424,-0.8193553279784334,289
3870,Cropped Brooks Azul Marinho,https://www.intibrand.com/produto/cropped-brooks-azul-marinho-3870,VERÃO 2027,Croppeds,Azul Marinho,399.5,,0.0,34|36|38|40|42,"Top tomara que caia em alfaiataria com detalhe texturizado acompanhando o decote coração e com a possibilidade de alça transversal única removível. Fechamento com zíper destacável nas costas. Composição: 93% Poliéster / 7% Elastano . Comprimento total: 34/10cm, 36/12cm, 38/14cm, 40/16cm, 42/18cm. Modelo veste 34.","93% Poliéster / 7% Elastano . Comprimento total: 34/10cm, 36/12cm, 38/14cm, 40/16cm, 42/18cm.",partial_or_variant_unavailable,https://cdn.vnda.com.br/intibrand/2023/12/04/16_05_21_359_16_12_1_191_cropped20brooks20azul20frente.jpg?v=1701716744,public_catalog,2026-08-24T17:28:30.310313-03:00,jsonld:price,HIGH,200,,5,1.0126742712294043,0,0.04970516629968766,-0.40109457955925026,289
4862,Cropped Carlo Off-White,https://www.intibrand.com/produto/cropped-carlo-off-white-4862,VERÃO 2027,Croppeds,Off White,859.0,,0.0,34|36|38|40|42|44,"Com design elegante e feminino, o Cropped Carlo se destaca pelo decote ombro a ombro com drapeado delicado e detalhe central que valoriza o busto. As mangas longas são removíveis, permitindo diferentes formas de uso e trazendo versatilidade à peça. Modelo veste 34.",,partial_or_variant_unavailable,https://cdn.vnda.com.br/intibrand/2026/04/01/18_12_17_482_gaby-20v-c3-8ddeos-20-20-story-20-202026-04-01t181131-884-18040470.jpg?v=1775077944,public_catalog,2026-08-24T17:28:30.310313-03:00,jsonld:price,HIGH,200,,6,2.1774397972116604,2,1.274582267454678,0.7805103401295768,166
4863,Cropped Carlo Preto,https://www.intibrand.com/produto/cropped-carlo-preto-4863,VERÃO 2027,Croppeds,Preto,859.0,,0.0,34|36|38|40|42|44,"Com design elegante e feminino, o Cropped Carlo se destaca pelo decote ombro a ombro com drapeado delicado e detalhe central que valoriza o busto. As mangas longas são removíveis, permitindo diferentes formas de uso e trazendo versatilidade à peça. Modelo veste 34.",,partial_or_variant_unavailable,https://cdn.vnda.com.br/intibrand/2026/04/01/18_10_52_79_gaby-20v-c3-8ddeos-20-20-story-20-202026-04-01t181027-349-18041970.jpg?v=1775077860,public_catalog,2026-08-24T17:28:30.310313-03:00,jsonld:price,HIGH,200,,6,2.1774397972116604,2,1.222483620802806,0.8120480571510353,166
3608,Cropped Daksa Pink Juice,https://www.intibrand.com/produto/cropped-daksa-pink-juice-3608,VERÃO 2027,Croppeds,Pink Juice,239.5,,0.0,PP|P|M|G|GG,"Cropped liso, versátil e minimalista. Modelo com uma alça transversal e corte de formato orgânico. Fechamento por zíper lateral. Confeccionado em Alfaiataria. Composição: 92% Poliéster 8% Elastano Modelo veste PP.",92% Poliéster 8% Elastano,partial_or_variant_unavailable,https://cdn.vnda.com.br/intibrand/2022/08/24/14_8_4_427_CROPPEDDAKZAPINKJUICE.jpg?v=1661364100,public_catalog,2026-08-24T17:28:30.310313-03:00,jsonld:price,HIGH,200,,5,0.6070975918884665,0,-0.2038586992488592,-0.7027147443409022,289
4149,Cropped Fiore Azul,https://www.intibrand.com/produto/cropped-fiore-azul-4149,VERÃO 2027,Croppeds,Azul,444.5,,0.0,34|36|38|40|42,"Cropped em alfaiataria fluida, com decote degagê e aviamento personalizado, um must have da coleção. Parte posterior com duas alças niqueladas cruzadas que dão sustentação e possuem fecho de encaixe. Modelo veste 34.",,partial_or_variant_unavailable,https://cdn.vnda.com.br/intibrand/2024/07/30/12_08_15_772_12_7_8_808_cropped20fiore20azul202b20saia20smith20azul20zoom.jpg?v=1722352099,public_catalog,2026-08-24T17:28:30.310313-03:00,jsonld:price,HIGH,200,,5,1.126742712294043,0,0.13738091429034946,-0.3174338789228544,289
4636,Cropped Lelac Bege,https://www.intibrand.com/produto/cropped-lelac-bege-4636,VERÃO 2027,Croppeds,Bege,394.5,,0.0,36|38|40|42,"Com um design arquitetônico e linhas esculturais, o Cropped Lelac exala modernidade e ousadia. Seus recortes estratégicos conferem um visual marcante e contemporâneo, tornando-o uma peça de destaque. O fechamento posterior é feito por zíper. Composição: 94% Poliéster / 6% Elastano Modelo veste 34.",94% Poliéster / 6% Elastano,partial_or_variant_unavailable,https://cdn.vnda.com.br/intibrand/2025/09/24/12_19_47_576_cropped-20lelac-20bege-20-2b-20short-20saia-20kahn-20bege-20zoom-20lado-20-1-20-1-12098780.jpg?v=1758727191,public_catalog,2026-08-24T17:28:30.310313-03:00,jsonld:price,HIGH,200,,4,1.0,0,-0.3674052360240374,-0.7540357849771256,289
4606,Cropped Linho Brett Caramelo,https://www.intibrand.com/produto/cropped-linho-brett-caramelo-4606,VERÃO 2027,Croppeds,Caramelo,394.5,,0.0,36|38|40|42,"Criado para trazer a leveza do linho de forma casual e descomplicada, o cropped Brett destaca-se pela alça com aplicação de aviamento, adicionando um toque sofisticado ao design. Versátil e atemporal, a peça conta com um fechamento posterior em efeito envelope, garantindo um acabamento impecável. Modelo veste 34.",,partial_or_variant_unavailable,https://cdn.vnda.com.br/intibrand/2025/09/18/11_53_41_999_cropped-20linho-20brett-20caramelo-20-2b-20short-20linho-20strauss-20caramelo-20frente-20zoom-11099430.jpg?v=1758207224,public_catalog,2026-08-24T17:28:30.310313-03:00,jsonld:price,HIGH,200,,4,1.0,0,-0.36457176678237785,-0.7480517548615983,289
4604,Cropped Linho Brett Off-White,https://www.intibrand.com/produto/cropped-linho-brett-off-white-4604,VERÃO 2027,Croppeds,Off White,394.5,,0.0,36|38|40|42,"Criado para trazer a leveza do linho de forma casual e descomplicada, o cropped Brett destaca-se pela alça com aplicação de aviamento, adicionando um toque sofisticado ao design. Versátil e atemporal, a peça conta com um fechamento posterior em efeito envelope, garantindo um acabamento impecável. Modelo veste 34.",,partial_or_variant_unavailable,https://cdn.vnda.com.br/intibrand/2025/09/18/11_53_55_229_cropped-20linho-20brett-20off-white-20-2b-20short-20linho-20straus-20off-white-20frente-20zoom-11095650.jpg?v=1758207237,public_catalog,2026-08-24T17:28:30.310313-03:00,jsonld:price,HIGH,200,,4,1.0,0,-0.3158551992165886,-0.748708093434454,289
4605,Cropped Linho Brett Preto,https://www.intibrand.com/produto/cropped-linho-brett-preto-4605,VERÃO 2027,Croppeds,Preto,394.5,,0.0,36|38|40|42,"Criado para trazer a leveza do linho de forma casual e descomplicada, o cropped Brett destaca-se pela alça com aplicação de aviamento, adicionando um toque sofisticado ao design. Versátil e atemporal, a peça conta com um fechamento posterior em efeito envelope, garantindo um acabamento impecável. Modelo veste 34.",,partial_or_variant_unavailable,https://cdn.vnda.com.br/intibrand/2025/09/17/17_47_59_291_cropped-20linho-20brett-20preto-20-2b-20short-20linho-20straus-20preto-20-20zoom-20frente-20-1-20-1-17095530.jpg?v=1758142082,public_catalog,2026-08-24T17:28:30.310313-03:00,jsonld:price,HIGH,200,,4,1.0,0,-0.3679538458684607,-0.7171703764129954,289
4285,Cropped Linho Carl Azul,https://www.intibrand.com/produto/cropped-linho-carl-azul-4285,VERÃO 2027,Croppeds,Azul,399.5,,0.0,36|38|40|42,"Cropped confeccionado em linho, com decote em formato de coração, duas pences no busto, garantindo o caimento perfeito e sustentação dos seios. Modelo veste 34.",,partial_or_variant_unavailable,https://cdn.vnda.com.br/intibrand/2024/11/28/14_40_15_497_14_11_3_354_cropped20linho20carl20azul202b20short20linho20andie20azul20zoom202.jpg?v=1732815618,public_catalog,2026-08-24T17:28:30.310313-03:00,jsonld:price,HIGH,200,,4,1.0126742712294043,0,-0.35336431467122476,-0.7341497833298105,289
4288,Cropped Linho Carl Caramelo,https://www.intibrand.com/produto/cropped-linho-carl-caramelo-4288,VERÃO 2027,Croppeds,Caramelo,399.5,,0.0,36|38|40|42,"Cropped confeccionado em linho, com decote em formato de coração, duas pences no busto, garantindo o caimento perfeito e sustentação dos seios. Modelo veste 34.",,partial_or_variant_unavailable,https://cdn.vnda.com.br/intibrand/2024/11/28/14_40_41_99_14_11_3_305_cropped20linho20carl20caramelo202b20short20linho20andie20caramelo20frente20zoo2c.jpg?v=1732815643,public_catalog,2026-08-24T17:28:30.310313-03:00,jsonld:price,HIGH,200,,4,1.0126742712294043,0,-0.3564416331542321,-0.7387622138101948,289
4286,Cropped Linho Carl Off-White,https://www.intibrand.com/produto/cropped-linho-carl-off-white-4286,VERÃO 2027,Croppeds,Off White,399.5,,0.0,36|38|40|42,"Cropped confeccionado em linho, com decote em formato de coração, duas pences no busto, garantindo o caimento perfeito e sustentação dos seios. Modelo veste 34.",,partial_or_variant_unavailable,https://cdn.vnda.com.br/intibrand/2024/11/28/14_41_03_35_14_11_0_006_cropped20linho20carl20offwhite202b20short20linho20andie20offwhite20frente20zoom.jpg?v=1732815665,public_catalog,2026-08-24T17:28:30.310313-03:00,jsonld:price,HIGH,200,,4,1.0126742712294043,0,-0.30772506558844287,-0.7394185523830505,289
4287,Cropped Linho Carl Preto,https://www.intibrand.com/produto/cropped-linho-carl-preto-4287,VERÃO 2027,Croppeds,Preto,399.5,,0.0,36|38|40|42,"Cropped confeccionado em linho, com decote em formato de coração, duas pences no busto, garantindo o caimento perfeito e sustentação dos seios. Modelo veste 34.",,partial_or_variant_unavailable,https://cdn.vnda.com.br/intibrand/2024/11/14/17_45_45_517_17_11_9_952_cropped20linho20carl20preto202b20pantalona20linho20bess20preta20zoom.jpg?v=1731617147,public_catalog,2026-08-24T17:28:30.310313-03:00,jsonld:price,HIGH,200,,4,1.0126742712294043,0,-0.35982371224031495,-0.707880835361592,289
3612,Cropped Linho Lugano Pink,https://www.intibrand.com/produto/cropped-linho-lugano-pink-3612,VERÃO 2027,Croppeds,Pink,264.5,,0.0,PP|P|M|G|GG,"Cropped com design exclusivo. Top modelo de um ombro só, com detalhe frontal de tecido transpassado, decote oval e fechamento posterior por zíper. Confeccionado em tecido de linho. Composição: Viscose 68% Linho 28% Fibras diversas 4% Modelo veste PP.",Viscose 68% Linho 28% Fibras diversas 4%,partial_or_variant_unavailable,https://cdn.vnda.com.br/intibrand/2022/09/01/16_9_2_213_CROPPEDLINHOLUGANOPINKFRENTE.jpg?v=1662059251,public_catalog,2026-08-24T17:28:30.310313-03:00,jsonld:price,HIGH,200,,5,0.670468948035488,0,-0.1636664016220777,-0.6539253483396621,289
4126,Cropped Mancini Bege,https://www.intibrand.com/produto/cropped-mancini-bege-4126,VERÃO 2027,Croppeds,Bege,394.5,,0.0,34|36|38|40|42,"Modelo minimalista e elegante, seu estilo clean nos dá a possibilidade de variadas combinações. Confeccionado em alfaiataria, é uma peça atemporal que nunca sairá da moda. Cropped estruturado com entretela, possui duas barbatanas frontais, recorte vertical na lateral e nas costas um zíper de 12cm. Modelo veste 34.",,partial_or_variant_unavailable,https://cdn.vnda.com.br/intibrand/2024/12/09/11_22_42_598_11_12_4_454_cropped20mancini20bege202b20short20saia20raff20bege20zoom20frente.jpg?v=1733754164,public_catalog,2026-08-24T17:28:30.310313-03:00,jsonld:price,HIGH,200,,5,1.0,0,0.05016879028422489,-0.42092575003280036,289
4123,Cropped Mancini Off-White,https://www.intibrand.com/produto/cropped-mancini-off-white-4123,VERÃO 2027,Croppeds,Off White,394.5,,0.0,34|36|38|40|42,"Modelo minimalista e elegante, seu estilo clean nos dá a possibilidade de variadas combinações. Confeccionado em alfaiataria, é uma peça atemporal que nunca sairá da moda. Cropped estruturado com entretela, possui duas barbatanas frontais, recorte vertical na lateral e nas costas um zíper de 12cm. Modelo veste 34.",,partial_or_variant_unavailable,https://cdn.vnda.com.br/intibrand/2024/08/15/11_10_51_870_11_8_1_121_cropped20mancini20offwhite202b20short20saia20raff20offwhite20frente20zoom.jpg?v=1723731054,public_catalog,2026-08-24T17:28:30.310313-03:00,jsonld:price,HIGH,200,,5,1.0,0,0.10171882709167368,-0.4155980584901288,289
4124,Cropped Mancini Preto,https://www.intibrand.com/produto/cropped-mancini-preto-4124,VERÃO 2027,Croppeds,Preto,394.5,,0.0,34|36|38|40|42,"Modelo minimalista e elegante, seu estilo clean nos dá a possibilidade de variadas combinações. Confeccionado em alfaiataria, é uma peça atemporal que nunca sairá da moda. Cropped estruturado com entretela, possui duas barbatanas frontais, recorte vertical na lateral e nas costas um zíper de 12cm. Modelo veste 34.",,partial_or_variant_unavailable,https://cdn.vnda.com.br/intibrand/2024/08/15/11_18_04_601_11_8_9_975_cropped20mancini20preto202b20pantalona20savoye20preta20frente20zoom.jpg?v=1723731487,public_catalog,2026-08-24T17:28:30.310313-03:00,jsonld:price,HIGH,200,,5,1.0,0,0.0496201804398016,-0.38406034146867024,289
4125,Cropped Mancini Vermelho,https://www.intibrand.com/produto/cropped-mancini-vermelho-4125,VERÃO 2027,Croppeds,Vermelho,394.5,,0.0,34|36|38|40|42,"Modelo minimalista e elegante, seu estilo clean nos dá a possibilidade de variadas combinações. Confeccionado em alfaiataria, é uma peça atemporal que nunca saíra da moda. Modelo veste 34.",,partial_or_variant_unavailable,https://cdn.vnda.com.br/intibrand/2024/10/18/23_24_04_709_23_10_1_147_cropped20mancini20vermelho202b20saia20moretti20vermelha20zoom201201.jpg?v=1729304648,public_catalog,2026-08-24T17:28:30.310313-03:00,jsonld:price,HIGH,200,,5,1.0,0,0.0808682933121116,-0.4187505932624197,289
3615,Cropped Nahanni Pink Juice,https://www.intibrand.com/produto/cropped-nahanni-pink-juice-3615,VERÃO 2027,Croppeds,Pink Juice,274.5,,0.0,PP|P|M|G,"Cropped liso, versátil e minimalista. Parte frontal do modelo com detalhe do metal feito exclusivamente para a coleção. Fechamento por zíper lateral. O metal não esquenta no sol e nem enferruja no contato com água. Confeccionado em Alfaiataria Composição: 92% Poliéster 8% Elastano Modelo veste PP.",92% Poliéster 8% Elastano,partial_or_variant_unavailable,https://cdn.vnda.com.br/intibrand/2022/08/25/13_8_6_649_CROPPEDNAHANNIPINKJUICESAIAZAIREPINKJUICEFRENTE1.jpg?v=1661445201,public_catalog,2026-08-24T17:28:30.310313-03:00,jsonld:price,HIGH,200,,4,0.6958174904942965,0,-0.5645217901601011,-0.9707979919254033,289
4480,Cropped Ophelia Off-White,https://www.intibrand.com/produto/cropped-ophelia-off-white-4480,VERÃO 2027,Croppeds,Off White,494.5,,0.0,36|38|40|42,"Cropped de manga longa com design orgânico, trazendo recortes na parte frontal. O busto ovalado é complementado por tiras que se prendem na parte posterior com fecho, garantindo um ajuste seguro e moderno. A peça conta ainda com um zíper nas costas para maior praticidade. Confeccionado em tecido de alfaiataria. Composição: 95% Poliéster 5% Elastano | Forro: 100% Poliéster Modelo veste 34.",95% Poliéster 5% Elastano | Forro: 100% Poliéster,partial_or_variant_unavailable,https://cdn.vnda.com.br/intibrand/2025/02/04/18_28_06_760_18_2_7_704_cropped20ophelia20offwhite202b20pantalona20ozuna20offwhite20zoom201.jpg?v=1738704491,public_catalog,2026-08-24T17:28:30.310313-03:00,jsonld:price,HIGH,200,,4,1.2534854245880862,0,-0.1532525266536732,-0.562917272406385,289
4481,Cropped Ophelia Preto,https://www.intibrand.com/produto/cropped-ophelia-preto-4481,VERÃO 2027,Croppeds,Preto,494.5,,0.0,36|38|40|42,"Cropped de manga longa com design orgânico, trazendo recortes na parte frontal. O busto ovalado é complementado por tiras que se prendem na parte posterior com fecho, garantindo um ajuste seguro e moderno. A peça conta ainda com um zíper nas costas para maior praticidade. Confeccionado em tecido de alfaiataria. Composição: 95% Poliéster 5% Elastano | Forro: 100% Poliéster Modelo veste 34.",95% Poliéster 5% Elastano | Forro: 100% Poliéster,partial_or_variant_unavailable,https://cdn.vnda.com.br/intibrand/2025/06/18/17_10_57_866_17_6_5_513_cropped20ophelia20preto202b20pantalona20flare20preta20zoom.jpg?v=1750277460,public_catalog,2026-08-24T17:28:30.310313-03:00,jsonld:price,HIGH,200,,4,1.2534854245880862,0,-0.20535117330554528,-0.5313795553849264,289
4379,Cropped Petal Off-White,https://www.intibrand.com/produto/cropped-petal-off-white-4379,VERÃO 2027,Croppeds,Off White,449.5,,0.0,36|38|40|42,"Este cropped de manga longa é uma peça moderna e elegante. O modelo é muito versátil e pode ser usado com o decote degagê na frente e nas costas. Confeccionado em malha jersey, tecido macio e com acabamento franzido por toda a peça, ele proporciona textura e movimento ao look. Composição: 96% Poliéster 4% Elastano | Forro: 92,6% Poliéster 7,4% Elastano. Modelo veste 34.","96% Poliéster 4% Elastano | Forro: 92,6% Poliéster 7,4% Elastano.",partial_or_variant_unavailable,https://cdn.vnda.com.br/intibrand/2025/01/27/18_08_49_267_18_1_3_307_cropped20petal20offwhite202b20saia20cleon20offwhite20frente202.jpg?v=1750178264,public_catalog,2026-08-24T17:28:30.310313-03:00,jsonld:price,HIGH,200,,4,1.1394169835234473,0,-0.2264237293069851,-0.646523141869016,289
4380,Cropped Petal Preto,https://www.intibrand.com/produto/cropped-petal-preto-4380,VERÃO 2027,Croppeds,Preto,449.5,,0.0,36|38|40|42,"Este cropped de manga longa é uma peça moderna e elegante. O modelo é muito versátil e pode ser usado com o decote degagê na frente e nas costas. Confeccionado em malha jersey, tecido macio e com acabamento franzido por toda a peça, ele proporciona textura e movimento ao look. Composição: 96% Poliéster 4% Elastano | Forro: 92,6% Poliéster 7,4% Elastano. Modelo veste 34.","96% Poliéster 4% Elastano | Forro: 92,6% Poliéster 7,4% Elastano.",partial_or_variant_unavailable,https://cdn.vnda.com.br/intibrand/2025/06/06/17_58_49_850_17_6_9_961_cropped20petal20preto202b20saia20cleon20preta20zoom202.jpg?v=1749243532,public_catalog,2026-08-24T17:28:30.310313-03:00,jsonld:price,HIGH,200,,4,1.1394169835234473,0,-0.2785223759588572,-0.6149854248475575,289
4381,Cropped Petal Vermelho,https://www.intibrand.com/produto/cropped-petal-vermelho-4381,VERÃO 2027,Croppeds,Vermelho,449.5,,0.0,36|38|40|42,"Este cropped de manga longa é uma peça moderna e elegante. O modelo é muito versátil e pode ser usado com o decote degagê na frente e nas costas. Confeccionado em malha jersey, tecido macio e com acabamento franzido por toda a peça, ele proporciona textura e movimento ao look. Composição: 96% Poliéster 4% Elastano | Forro: 92,6% Poliéster 7,4% Elastano. Modelo veste 34.","96% Poliéster 4% Elastano | Forro: 92,6% Poliéster 7,4% Elastano.",partial_or_variant_unavailable,https://cdn.vnda.com.br/intibrand/2025/01/27/18_04_56_148_18_1_4_477_cropped20petal20vermelho202b20saia20cleon20vermelha20frente202201.jpg?v=1738011948,public_catalog,2026-08-24T17:28:30.310313-03:00,jsonld:price,HIGH,200,,4,1.1394169835234473,0,-0.2472742630865472,-0.649675676641307,289
3620,Cropped Phuket Pink Juice,https://www.intibrand.com/produto/cropped-phuket-pink-juice-3620,VERÃO 2027,Croppeds,Pink Juice,344.5,,0.0,PP|P|M|G,"Cropped com design orgânico e recortes na parte frontal. Bojo com formato ovalado, com tiras que prendem na parte posterior por fecho metálico. Confeccionado em tecido de alfaiataria. Composição: 92% Poliéster 8% Elastano Modelo veste PP.",92% Poliéster 8% Elastano,partial_or_variant_unavailable,https://cdn.vnda.com.br/intibrand/2022/09/01/15_9_4_466_CROPPEDPHUKETPINKJUICESHORTBORAKAYPINKJUICEFRENTE1.jpg?v=1662058313,public_catalog,2026-08-24T17:28:30.310313-03:00,jsonld:price,HIGH,200,,4,0.8732572877059569,0,-0.45069991936606035,-0.840744417205755,289
3135,Cropped Robie Off-White,https://www.intibrand.com/produto/cropped-robie-off-white-3135,VERÃO 2027,Croppeds,Off White,394.5,,0.0,36|38|40|42,"Cropped sofisticado em malha crepe, oferecendo conforto e uma estrutura impecável. As mangas em tecido fluido e translúcido proporcionam leveza, enquanto os ombros drapeados e mangas bufantes adicionam um toque moderno e elegante, ideal para compor looks fashionistas e versáteis. Composição: 100% Poliéster | Manga: 100% Poliéster Modelo veste 34.",100% Poliéster | Manga: 100% Poliéster,partial_or_variant_unavailable,https://cdn.vnda.com.br/intibrand/2022/03/18/17_3_1_182_CROPPEDROBIEOFFWHITEPANTALONALAVIEOFFWHITEFRENTE.jpg?v=1748635027,public_catalog,2026-08-24T17:28:30.310313-03:00,jsonld:price,HIGH,200,,4,1.0,0,-0.3158551992165886,-0.748708093434454,289
3137,Cropped Robie Preto,https://www.intibrand.com/produto/cropped-robie-preto-3137,VERÃO 2027,Croppeds,Preto,394.5,,0.0,36|38|40|42,"Cropped sofisticado em malha crepe, oferecendo conforto e uma estrutura impecável. As mangas em tecido fluido e translúcido proporcionam leveza, enquanto os ombros drapeados e mangas bufantes adicionam um toque moderno e elegante, ideal para compor looks fashionistas e versáteis. Composição: 100% Poliéster | Manga: 100% Poliéster Modelo veste 34.",100% Poliéster | Manga: 100% Poliéster,partial_or_variant_unavailable,https://cdn.vnda.com.br/intibrand/2022/03/18/17_3_9_979_CROPPEDROBIEPRETOPANTALONAVILLAGEPRETAZOOM2.jpg?v=1647633745,public_catalog,2026-08-24T17:28:30.310313-03:00,jsonld:price,HIGH,200,,4,1.0,0,-0.3679538458684607,-0.7171703764129954,289
3767,Cropped Saarinen Off-White,https://www.intibrand.com/produto/cropped-saarinen-off-white-3767,VERÃO 2027,Croppeds,Off White,384.5,,0.0,PP|P|M|G,"Cropped com uma manga longa, produzido em alfaiataria. Modelagem com design orgânico em formato ondulado, acabamento com forro embutido. Fecho lateral por zíper destacável. Composição: 95% Poliéster / 5% Elastano. Modelo veste PP.",95% Poliéster / 5% Elastano.,partial_or_variant_unavailable,https://cdn.vnda.com.br/intibrand/2023/04/20/17_4_3_399_CROPPED20SAARINEN20OFFWHITE202B20PANTALONA20LAUTNER20OFFWHITE20FRENTE20ZOOM.png?v=1682022420,public_catalog,2026-08-24T17:28:30.310313-03:00,jsonld:price,HIGH,200,,4,0.9746514575411914,0,-0.3321154664728802,-0.7672871755372609,289
4087,Cropped Wiley Off-White,https://www.intibrand.com/produto/cropped-wiley-off-white-4087,VERÃO 2027,Croppeds,Off White,364.5,,0.0,36|38|40|42,"Perfeito para compor seu look com muito estilo e sofisticação. Feito em tecido acetinado e com mangas bufantes, o Wiley veio para ser um best-seller da Pairs. Modelo veste 34.",,partial_or_variant_unavailable,https://cdn.vnda.com.br/intibrand/2024/04/30/15_13_44_623_15_4_4_433_cropped20wiley20offwhite202b20pantalona20savoye20offwhite20frente20zoom201.jpg?v=1714500828,public_catalog,2026-08-24T17:28:30.310313-03:00,jsonld:price,HIGH,200,,4,0.9239543726235742,0,-0.3646360009854633,-0.8044453397428747,289
4790,Macacão Aaron Off-White,https://www.intibrand.com/produto/macacao-aaron-off-white-4790,VERÃO 2027,Macacões,Off White,1789.0,,0.0,34|36|38|40|42,"Elegante e prático, o Macacão Aaron possui modelagem que alonga a silhueta e é confeccionado em alfaiataria encorpada, garantindo caimento impecável. O ombro unilateral valoriza o colo enquanto a alça destaca botões orgânicos banhados a ouro e fechamento posterior. Composição: 93% Poliéster / 7% Elastano Modelo veste 34.",93% Poliéster / 7% Elastano,partial_or_variant_unavailable,https://cdn.vnda.com.br/intibrand/2026/02/12/15_54_40_985_macac-c3-83o-20aaron-20off-white-20frente-202-15025990.jpg?v=1770922480,public_catalog,2026-08-24T17:28:30.310313-03:00,jsonld:price,HIGH,200,,5,1.2014775016789792,2,1.5769736279973015,0.04704514800246684,166
4791,Macacão Aaron Preto,https://www.intibrand.com/produto/macacao-aaron-preto-4791,VERÃO 2027,Macacões,Preto,1789.0,,0.0,34|36|38|40|42,"Elegante e prático, o Macacão Aaron possui modelagem que alonga a silhueta e é confeccionado em alfaiataria encorpada, garantindo caimento impecável. O ombro unilateral valoriza o colo enquanto a alça destaca botões orgânicos banhados a ouro e fechamento posterior. Composição: 93% Poliéster / 7% Elastano Modelo veste 34.",93% Poliéster / 7% Elastano,partial_or_variant_unavailable,https://cdn.vnda.com.br/intibrand/2026/02/12/15_51_11_404_macac-c3-83o-20aaron-20preto-20frente-20-1-15021810.jpg?v=1770922281,public_catalog,2026-08-24T17:28:30.310313-03:00,jsonld:price,HIGH,200,,5,1.2014775016789792,2,1.5248749813454294,0.07858286502392543,166
3738,Macacão Alberts Bege,https://www.intibrand.com/produto/macacao-alberts-bege-3738,VERÃO 2027,Macacões,Bege,694.5,,0.0,36|38|40|42|44,"Macacão tomara que caia estruturado, confeccionado em alfaiataria encorpada, decote geométrico quadrado. Fechamento posterior por zíper invisível. Modelagem mais justa na cintura, conferir tabela de medidas abaixo. Composição: 93% Poliéster / 7% Elastano",93% Poliéster / 7% Elastano,partial_or_variant_unavailable,https://cdn.vnda.com.br/intibrand/2023/04/11/12_4_0_008_MACACC383O20ALBERTS20BEGE20ZOOM.jpg?v=1730970080,public_catalog,2026-08-24T17:28:30.310313-03:00,jsonld:price,HIGH,200,,5,0.4664204163868368,0,0.25344192329824966,-0.6831597898044217,289
3739,Macacão Alberts Off-White,https://www.intibrand.com/produto/macacao-alberts-off-white-3739,VERÃO 2027,Macacões,Off White,694.5,,0.0,34|36|38|40|42,"Macacão tomara que caia sofisticado, feito em alfaiataria de tecido encorpado para garantir caimento impecável. Com um elegante decote quadrado geométrico e fechamento traseiro por zíper invisível, é a escolha perfeita para um look moderno e refinado. Best seller Inti, de volta para mais uma coleção especial. Composição: 93% Poliéster / 7% Elastano",93% Poliéster / 7% Elastano,partial_or_variant_unavailable,https://cdn.vnda.com.br/intibrand/2023/04/11/12_4_5_588_MACACC383O20ALBERTS20OFFWHITE20SOLTA.jpg?v=1681225304,public_catalog,2026-08-24T17:28:30.310313-03:00,jsonld:price,HIGH,200,,5,0.4664204163868368,0,0.30499196010569846,-0.6778320982617501,289
3740,Macacão Alberts Preto,https://www.intibrand.com/produto/macacao-alberts-preto-3740,VERÃO 2027,Macacões,Preto,1250.1,,0.0,34|36|38|40|42,"Macacão tomara que caia sofisticado, feito em alfaiataria de tecido encorpado para garantir caimento impecável. Com um elegante decote quadrado geométrico e fechamento traseiro por zíper invisível, é a escolha perfeita para um look moderno e refinado. Best seller Inti, de volta para mais uma coleção especial. Composição: 93% Poliéster / 7% Elastano",93% Poliéster / 7% Elastano,partial_or_variant_unavailable,https://cdn.vnda.com.br/intibrand/2023/11/28/12_07_34_457_12_11_3_343_macacacc83o20alberts20preto20luz201.jpg?v=1743721090,public_catalog,2026-08-24T17:28:30.310313-03:00,jsonld:price,HIGH,200,,5,0.8395567494963062,2,0.8985881646923596,-0.2783256301901327,166
4853,Macacão Amber Off-White,https://www.intibrand.com/produto/macacao-amber-off-white-4853,VERÃO 2027,Macacões,Off White,1789.0,,0.0,34|36|38|40|42|44,"Inspirado no vestido Masp, o Macacão Amber traduz a força da alfaiataria em uma proposta contemporânea. O modelo apresenta ombreira em um dos lados e fechamento por botão no outro, criando um jogo assimétrico elegante e marcante. Composição: 93% Poliéster / 7% Elastano Modelo veste 34.",93% Poliéster / 7% Elastano,partial_or_variant_unavailable,https://cdn.vnda.com.br/intibrand/2026/03/31/16_39_13_207_gaby-20v-c3-8ddeos-20-20-story-20-202026-03-31t163835-104-16032310.jpg?v=1774985956,public_catalog,2026-08-24T17:28:30.310313-03:00,jsonld:price,HIGH,200,,6,1.2014775016789792,2,1.9945476543055636,0.38015518294679207,166
4854,Macacão Amber Preto,https://www.intibrand.com/produto/macacao-amber-preto-4854,VERÃO 2027,Macacões,Preto,1789.0,,0.0,34|36|38|40|42|44,"Inspirado no vestido Masp, o Macacão Amber traduz a força da alfaiataria em uma proposta contemporânea. O modelo apresenta ombreira em um dos lados e fechamento por botão no outro, criando um jogo assimétrico elegante e marcante. Composição: 93% Poliéster / 7% Elastano Modelo veste 34.",93% Poliéster / 7% Elastano,partial_or_variant_unavailable,https://cdn.vnda.com.br/intibrand/2026/03/31/16_36_28_797_gaby-20v-c3-8ddeos-20-20-story-20-202026-03-31t163611-769-16034830.jpg?v=1774985794,public_catalog,2026-08-24T17:28:30.310313-03:00,jsonld:price,HIGH,200,,6,1.2014775016789792,2,1.9424490076536916,0.41169289996825065,166
4855,Macacão Amber Vermelho,https://www.intibrand.com/produto/macacao-amber-vermelho-4855,VERÃO 2027,Macacões,Vermelho,1789.0,,0.0,34|36|38|40|42|44,"Inspirado no vestido Masp, o Macacão Amber traduz a força da alfaiataria em uma proposta contemporânea. O modelo apresenta ombreira em um dos lados e fechamento por botão no outro, criando um jogo assimétrico elegante e marcante. Composição: 93% Poliéster / 7% Elastano Modelo veste 34.",93% Poliéster / 7% Elastano,partial_or_variant_unavailable,https://cdn.vnda.com.br/intibrand/2026/03/31/16_35_16_658_gaby-20v-c3-8ddeos-20-20-story-20-202026-03-31t163502-965-16034620.jpg?v=1774985716,public_catalog,2026-08-24T17:28:30.310313-03:00,jsonld:price,HIGH,200,,6,1.2014775016789792,2,1.9736971205260014,0.3770026481745012,166
4647,Macacão Avia Off-White,https://www.intibrand.com/produto/macacao-avia-off-white-4647,VERÃO 2027,Macacões,Off White,644.5,,0.0,36|38|40|42,"Com um caimento fluido e um design impecável, o Macacão Avia apresenta decote halter com ilhós e alças reguláveis, destacando os ombros com elegância. O fechamento com zíper invisível garante um ajuste perfeito, enquanto o forro presente em todas as cores proporciona conforto. Modelo veste 34.",,partial_or_variant_unavailable,https://cdn.vnda.com.br/intibrand/2025/09/24/14_16_52_565_macac-c3-83o-20avia-20off-white-20frente-20movimento-20-1-14098780.jpg?v=1758734212,public_catalog,2026-08-24T17:28:30.310313-03:00,jsonld:price,HIGH,200,,4,0.43284083277367363,0,-0.17068995418299335,-1.044056671637515,289
4786,Macacão Breddon Marrom,https://www.intibrand.com/produto/macacao-breddon-marrom-4786,VERÃO 2027,Macacões,Marrom,1789.0,,0.0,34|36|38|40|42|44,"Com modelagem acinturada, o Macacão BREDDON apresenta drapeado frontal assimétrico, mangas longas e calça fluida, valorizando a silhueta com sutileza e criando um visual elegante e atemporal. Composição: 96% Poliéster / 4% Elastano Modelo veste 34.",96% Poliéster / 4% Elastano,partial_or_variant_unavailable,https://cdn.vnda.com.br/intibrand/2026/02/12/13_27_00_735_macac-c3-83o-20breddon-20marrom-20frente-202-20-1-13020990.jpg?v=1770913627,public_catalog,2026-08-24T17:28:30.310313-03:00,jsonld:price,HIGH,200,,6,1.2014775016789792,2,1.9500315632295302,0.3996506105012028,166
4783,Macacão Breddon Off-White,https://www.intibrand.com/produto/macacao-breddon-off-white-4783,VERÃO 2027,Macacões,Off White,1789.0,,0.0,34|36|38|40|42|44,"Com modelagem acinturada, o Macacão BREDDON apresenta drapeado frontal assimétrico, mangas longas e calça fluida, valorizando a silhueta com sutileza e criando um visual elegante e atemporal. Composição: 96% Poliéster / 4% Elastano Modelo veste 34.",96% Poliéster / 4% Elastano,partial_or_variant_unavailable,https://cdn.vnda.com.br/intibrand/2026/03/05/12_04_15_428_macac-c3-83o-20breddon-20off-white-20frente-20-2-12035560.jpg?v=1772723064,public_catalog,2026-08-24T17:28:30.310313-03:00,jsonld:price,HIGH,200,,6,1.2014775016789792,2,1.9945476543055636,0.38015518294679207,166
4784,Macacão Breddon Preto,https://www.intibrand.com/produto/macacao-breddon-preto-4784,VERÃO 2027,Macacões,Preto,1789.0,,0.0,34|36|38|40|42|44,"Com modelagem acinturada, o Macacão BREDDON apresenta drapeado frontal assimétrico, mangas longas e calça fluida, valorizando a silhueta com sutileza e criando um visual elegante e atemporal. Composição: 96% Poliéster / 4% Elastano Modelo veste 34.",96% Poliéster / 4% Elastano,partial_or_variant_unavailable,https://cdn.vnda.com.br/intibrand/2026/02/12/13_16_24_804_macac-c3-83o-20breddon-20preto-20frente-13027790.jpg?v=1770912998,public_catalog,2026-08-24T17:28:30.310313-03:00,jsonld:price,HIGH,200,,6,1.2014775016789792,2,1.9424490076536916,0.41169289996825065,166
4785,Macacão Breddon Vermelho,https://www.intibrand.com/produto/macacao-breddon-vermelho-4785,VERÃO 2027,Macacões,Vermelho,1789.0,,0.0,34|36|38|40|42|44,"Com modelagem acinturada, o Macacão BREDDON apresenta drapeado frontal assimétrico, mangas longas e calça fluida, valorizando a silhueta com sutileza e criando um visual elegante e atemporal. Composição: 96% Poliéster / 4% Elastano Modelo veste 34.",96% Poliéster / 4% Elastano,partial_or_variant_unavailable,https://cdn.vnda.com.br/intibrand/2026/02/12/13_28_34_315_macac-c3-83o-20breddon-20vermelho-20frente-20-1-13028010.jpg?v=1770913723,public_catalog,2026-08-24T17:28:30.310313-03:00,jsonld:price,HIGH,200,,6,1.2014775016789792,2,1.9736971205260014,0.3770026481745012,166
4373,Macacão Damian Off-White,https://www.intibrand.com/produto/macacao-damian-off-white-4373,VERÃO 2027,Macacões,Off White,994.5,,0.0,36|38|40|42,"Com decote ombro a ombro, a peça possui drapeados que realçam o busto e as costas, proporcionando um visual refinado. Um elegante detalhe em dourado, posicionado no centro do busto, adiciona um toque de luxo. As mangas longas complementam a peça, enquanto a calça de pernas amplas garante movimento e fluidez. Feito em malha jersey. Composição: 96% Poliéster / 4% Elastano Modelo veste 34.",96% Poliéster / 4% Elastano,partial_or_variant_unavailable,https://cdn.vnda.com.br/intibrand/2025/01/23/16_47_38_94_16_1_2_235_macacc383o20damian20offwhite20frente204.jpg?v=1737661682,public_catalog,2026-08-24T17:28:30.310313-03:00,jsonld:price,HIGH,200,,4,0.667897918065816,0,0.23606526168001346,-0.8122549026174366,289
4374,Macacão Damian Preto,https://www.intibrand.com/produto/macacao-damian-preto-4374,VERÃO 2027,Macacões,Preto,994.5,,0.0,36|38|40|42,"Com decote ombro a ombro, a peça possui drapeados que realçam o busto e as costas, proporcionando um visual refinado. Um elegante detalhe em dourado, posicionado no centro do busto, adiciona um toque de luxo. As mangas longas complementam a peça, enquanto a calça de pernas amplas garante movimento e fluidez. Feito em malha jersey. Composição: 96% Poliéster / 4% Elastano Modelo veste 34.",96% Poliéster / 4% Elastano,partial_or_variant_unavailable,https://cdn.vnda.com.br/intibrand/2025/01/23/16_49_16_387_16_1_6_675_macacc383o20damian20preto20frente202.jpg?v=1737661794,public_catalog,2026-08-24T17:28:30.310313-03:00,jsonld:price,HIGH,200,,4,0.667897918065816,0,0.18396661502814138,-0.780717185595978,289
4713,Macacão Fiorese Off-White,https://www.intibrand.com/produto/macacao-fiorese-off-white-4713,VERÃO 2027,Macacões,Off White,844.5,,0.0,36|38|40|42,"Uma peça sofisticada que imprime imponência por meio da modelagem clássica INTI. O decote tomara que caia com acabamento assimétrico adiciona um toque arquitetônico ao visual, valorizando o colo com elegância. A cintura marcada e as pernas amplas alongam a silhueta, garantindo caimento impecável, versatilidade e atemporalidade. Composição: 94% Poliéster / 6% Elastano Modelo veste 34.",94% Poliéster / 6% Elastano,partial_or_variant_unavailable,https://cdn.vnda.com.br/intibrand/2025/11/21/15_47_19_287_macac-c3-83o-20fiorese-20off-white-20frente-15116980.jpg?v=1763750839,public_catalog,2026-08-24T17:28:30.310313-03:00,jsonld:price,HIGH,200,,4,0.5671591672263264,0,0.061741597738724806,-0.9115985179117561,289
4975,Macacão Linho Armand Azul,https://www.intibrand.com/produto/macacao-linho-armand-azul-4975,VERÃO 2027,Macacões,Azul,1689.0,,0.0,34|36|38|40|42|44,"Confeccionado em linho, o Macacão Armand une a leveza e a naturalidade do tecido a uma proposta sofisticada e contemporânea. O modelo tomara que caia valoriza a silhueta, enquanto a calça de corte reto traz equilíbrio e elegância à produção. Com fechamento por zíper invisível nas costas, é uma peça versátil que transita entre diferentes ocasiões com facilidade. Modelo veste 34.",,unavailable,https://cdn.vnda.com.br/intibrand/2026/08/19/15_51_02_26_macac-c3-83o-20armand-20azul-20lado-20-1-15088760.jpg?v=1787171782,public_catalog,2026-08-24T17:28:30.310313-03:00,jsonld:price,HIGH,200,,6,1.1343183344526528,2,1.832692629261923,0.31919487513715256,166
4977,Macacão Linho Armand Marrom,https://www.intibrand.com/produto/macacao-linho-armand-marrom-4977,VERÃO 2027,Macacões,Marrom,1689.0,,0.0,34|36|38|40|42|44,"Confeccionado em linho, o Macacão Armand une a leveza e a naturalidade do tecido a uma proposta sofisticada e contemporânea. O modelo tomara que caia valoriza a silhueta, enquanto a calça de corte reto traz equilíbrio e elegância à produção. Com fechamento por zíper invisível nas costas, é uma peça versátil que transita entre diferentes ocasiões com facilidade. Modelo veste 34.",,unavailable,https://cdn.vnda.com.br/intibrand/2026/08/18/17_38_27_523_macac-c3-83o-20armand-20marrom-20frente-17089520.jpg?v=1787085512,public_catalog,2026-08-24T17:28:30.310313-03:00,jsonld:price,HIGH,200,,6,1.1343183344526528,2,1.8338157872686716,0.3334215336383233,166
4976,Macacão Linho Armand Preto,https://www.intibrand.com/produto/macacao-linho-armand-preto-4976,VERÃO 2027,Macacões,Preto,,,0.0,34|36|38|40|42|44,"Confeccionado em linho, o Macacão Armand une a leveza e a naturalidade do tecido a uma proposta sofisticada e contemporânea. O modelo tomara que caia valoriza a silhueta, enquanto a calça de corte reto traz equilíbrio e elegância à produção. Com fechamento por zíper invisível nas costas, é uma peça versátil que transita entre diferentes ocasiões com facilidade. Modelo veste 34.",,partial_or_variant_unavailable,,public_catalog,2026-08-24T17:28:30.310313-03:00,,NONE,200,NO_PRICE_FOUND,6,,2,0.7983299612176246,0.02804602630672961,166
4613,Macacão Linho Braid Off-White,https://www.intibrand.com/produto/macacao-linho-braid-off-white-4613,VERÃO 2027,Macacões,Off White,894.5,,0.0,36|38|40|42,"Inspirado na estética refinada do Cropped Brett, o Macacão Braid combina elegância e conforto em uma modelagem impecável. O fechamento posterior com efeito envelope, aliado ao zíper invisível, garante um ajuste perfeito, tornando-o a escolha ideal para compor looks casuais. Modelo veste 34.",,partial_or_variant_unavailable,https://cdn.vnda.com.br/intibrand/2025/09/22/18_05_11_171_macac-c3-83o-20linho-20braid-20off-white-20frente-20-1-20-1-18098650.jpg?v=1758575117,public_catalog,2026-08-24T17:28:30.310313-03:00,jsonld:price,HIGH,200,,4,0.6007387508394896,0,0.11984948571915438,-0.8784839794803163,289
4614,Macacão Linho Braid Preto,https://www.intibrand.com/produto/macacao-linho-braid-preto-4614,VERÃO 2027,Macacões,Preto,894.5,,0.0,36|38|40|42,"Inspirado na estética refinada do Cropped Brett, o Macacão Braid combina elegância e conforto em uma modelagem impecável. O fechamento posterior com efeito envelope, aliado ao zíper invisível, garante um ajuste perfeito, tornando-o a escolha ideal para compor looks casuais. Modelo veste 34.",,partial_or_variant_unavailable,https://cdn.vnda.com.br/intibrand/2025/09/22/18_08_18_576_macac-c3-83o-20linho-20braid-20preto-20frente-20-1-20-1-18092390.jpg?v=1758575298,public_catalog,2026-08-24T17:28:30.310313-03:00,jsonld:price,HIGH,200,,4,0.6007387508394896,0,0.06775083906728228,-0.8469462624588577,289
4810,Macacão Megan Off-White,https://www.intibrand.com/produto/macacao-megan-off-white-4810,VERÃO 2027,Macacões,Off White,1789.0,,0.0,34|36|38|40|42|44,"O Macacão Megan é confeccionado em tecido fluido, com decote transpassado e detalhes drapeados na parte frontal, que valorizam o busto. As pernas amplas garantem movimento e sofisticação. Nas costas, apresenta decote profundo, que adiciona um toque moderno. Composição: 94% Poliéster / 6% Elastano Modelo veste 34.",94% Poliéster / 6% Elastano,partial_or_variant_unavailable,https://cdn.vnda.com.br/intibrand/2026/03/11/13_46_44_567_macac-c3-83o-20megan-20off-white-20frente-204-20-1-13036190.jpg?v=1773247634,public_catalog,2026-08-24T17:28:30.310313-03:00,jsonld:price,HIGH,200,,6,1.2014775016789792,2,1.9945476543055636,0.38015518294679207,166
4811,Macacão Megan Preto,https://www.intibrand.com/produto/macacao-megan-preto-4811,VERÃO 2027,Macacões,Preto,1789.0,,0.0,34|36|38|40|42,"O Macacão Megan é confeccionado em tecido fluido, com decote transpassado e detalhes drapeados na parte frontal, que valorizam o busto. As pernas amplas garantem movimento e sofisticação. Nas costas, apresenta decote profundo, que adiciona um toque moderno. Composição: 94% Poliéster / 6% Elastano Modelo veste 34.",94% Poliéster / 6% Elastano,partial_or_variant_unavailable,https://cdn.vnda.com.br/intibrand/2026/03/09/12_54_44_630_macac-c3-83o-20megan-20preto-20frente-20-1-12039960.jpg?v=1773071684,public_catalog,2026-08-24T17:28:30.310313-03:00,jsonld:price,HIGH,200,,5,1.2014775016789792,2,1.5248749813454294,0.07858286502392543,166
4812,Macacão Megan Vermelho,https://www.intibrand.com/produto/macacao-megan-vermelho-4812,VERÃO 2027,Macacões,Vermelho,1789.0,,0.0,34|36|38|40|42,"O Macacão Megan é confeccionado em tecido fluido, com decote transpassado e detalhes drapeados na parte frontal, que valorizam o busto. As pernas amplas garantem movimento e sofisticação. Nas costas, apresenta decote profundo, que adiciona um toque moderno. Composição: 94% Poliéster / 6% Elastano Modelo veste 34.",94% Poliéster / 6% Elastano,partial_or_variant_unavailable,https://cdn.vnda.com.br/intibrand/2026/03/09/12_53_55_403_macac-c3-83o-20megan-20vermelho-20frente-202-20-1-12034330.jpg?v=1773071646,public_catalog,2026-08-24T17:28:30.310313-03:00,jsonld:price,HIGH,200,,5,1.2014775016789792,2,1.5561230942177393,0.04389261323017593,166
4712,Macacão Mila Avelã,https://www.intibrand.com/produto/macacao-mila-avela-4712,VERÃO 2027,Macacões,Avelã,1889.0,,0.0,36|38|40|42,"O Macacão Mila propõe uma versão mais sofisticada de um clássico da coleção. Desenvolvido com características únicas, seu busto traz efeito texturizado e acompanha uma gargantilha orgânica banhada a ouro. A calça apresenta um shape clean e longilíneo, completando o visual com elegância. Modelo veste 34.",,partial_or_variant_unavailable,https://cdn.vnda.com.br/intibrand/2025/11/14/12_59_50_285_macac-c3-83o-20mila-20avel-c3-83-20lado-12119910.jpg?v=1763135994,public_catalog,2026-08-24T17:28:30.310313-03:00,jsonld:price,HIGH,200,,4,1.2686366689053055,2,1.2244436755600043,-0.22613151573098367,166
4710,Macacão Mila Off-White,https://www.intibrand.com/produto/macacao-mila-off-white-4710,VERÃO 2027,Macacões,Off White,1889.0,,0.0,36|38|40|42,"O Macacão Mila propõe uma versão mais sofisticada de um clássico da coleção. Desenvolvido com características únicas, seu busto traz efeito texturizado e acompanha uma gargantilha orgânica banhada a ouro. A calça apresenta um shape clean e longilíneo, completando o visual com elegância. Modelo veste 34.",,partial_or_variant_unavailable,https://cdn.vnda.com.br/intibrand/2025/11/14/12_58_32_314_macac-c3-83o-20mila-20off-white-20frente-12112120.jpg?v=1763135914,public_catalog,2026-08-24T17:28:30.310313-03:00,jsonld:price,HIGH,200,,4,1.2686366689053055,2,1.2756153776498982,-0.21983581007897884,166
4711,Macacão Mila Preto,https://www.intibrand.com/produto/macacao-mila-preto-4711,VERÃO 2027,Macacões,Preto,1889.0,,0.0,36|38|40|42,"O Macacão Mila propõe uma versão mais sofisticada de um clássico da coleção. Desenvolvido com características únicas, seu busto traz efeito texturizado e acompanha uma gargantilha orgânica banhada a ouro. A calça apresenta um shape clean e longilíneo, completando o visual com elegância. Modelo veste 34.",,partial_or_variant_unavailable,https://cdn.vnda.com.br/intibrand/2025/11/14/13_01_16_676_macac-c3-83o-20mila-20preto-20frente-13110390.jpg?v=1763136076,public_catalog,2026-08-24T17:28:30.310313-03:00,jsonld:price,HIGH,200,,4,1.2686366689053055,2,1.2235167309980262,-0.18829809305752027,166
4959,Macacão Novari Off-White,https://www.intibrand.com/produto/macacao-novari-off-white-4959,VERÃO 2027,Macacões,Off White,1689.0,,0.0,34|36|38|40|42|44,"Uma releitura do Vestido Jones, o Macacão Novari traduz a sofisticação da alfaiataria em uma silhueta contemporânea e marcante. O modelo apresenta decote em formato de coração e alça única sobre um ombro, criando uma composição assimétrica que destaca a personalidade característica da INTI. Versátil e elegante, é uma peça que transita com facilidade entre diferentes ocasiões. O fechamento nas costas por zíper invisível garante um acabamento discreto e sofisticado. Composição: 93% Poliéster / 7% Elastano Modelo veste 34.",93% Poliéster / 7% Elastano,unavailable,https://cdn.vnda.com.br/intibrand/2026/08/18/12_44_20_386_gaby-20fotos-20-202026-08-18t124343-995-12088620.jpg?v=1787078381,public_catalog,2026-08-24T17:28:30.310313-03:00,jsonld:price,HIGH,200,,6,1.1343183344526528,2,1.878331878344705,0.3139261060839125,166
4960,Macacão Novari Preto,https://www.intibrand.com/produto/macacao-novari-preto-4960,VERÃO 2027,Macacões,Preto,1689.0,,0.0,34|36|38|40|42|44,"Uma releitura do Vestido Jones, o Macacão Novari traduz a sofisticação da alfaiataria em uma silhueta contemporânea e marcante. O modelo apresenta decote em formato de coração e alça única sobre um ombro, criando uma composição assimétrica que destaca a personalidade característica da INTI. Versátil e elegante, é uma peça que transita com facilidade entre diferentes ocasiões. O fechamento nas costas por zíper invisível garante um acabamento discreto e sofisticado. Composição: 93% Poliéster / 7% Elastano Modelo veste 34.",93% Poliéster / 7% Elastano,unavailable,https://cdn.vnda.com.br/intibrand/2026/08/20/17_22_38_379_macac-c3-83o-20novari-20preto-20frente-201-17082780.jpg?v=1787257382,public_catalog,2026-08-24T17:28:30.310313-03:00,jsonld:price,HIGH,200,,6,1.1343183344526528,2,1.826233231692833,0.3454638231053711,166
4961,Macacão Novari Vermelho,https://www.intibrand.com/produto/macacao-novari-vermelho-4961,VERÃO 2027,Macacões,Vermelho,1689.0,,0.0,34|36|38|40|42|44,"Uma releitura do Vestido Jones, o Macacão Novari traduz a sofisticação da alfaiataria em uma silhueta contemporânea e marcante. O modelo apresenta decote em formato de coração e alça única sobre um ombro, criando uma composição assimétrica que destaca a personalidade característica da INTI. Versátil e elegante, é uma peça que transita com facilidade entre diferentes ocasiões. O fechamento nas costas por zíper invisível garante um acabamento discreto e sofisticado. Composição: 93% Poliéster / 7% Elastano Modelo veste 34.",93% Poliéster / 7% Elastano,unavailable,https://cdn.vnda.com.br/intibrand/2026/08/24/16_47_40_508_macac-c3-83o-20novari-20vermelho-20-20frente-202-20-16084910.jpg?v=1787600860,public_catalog,2026-08-24T17:28:30.310313-03:00,jsonld:price,HIGH,200,,6,1.1343183344526528,2,1.8574813445651428,0.31077357131162164,166
4234,Macacão Oliver Framboesa,https://www.intibrand.com/produto/macacao-oliver-framboesa-4234,VERÃO 2027,Macacões,Framboesa,744.5,,0.0,36|38|40|42|44,"O Oliver é o macacão must have da coleção, minimalista e estruturado. Suas curvas orgânicas, assimétricas e singulares são protagonistas desse modelo. Modelo veste 34.",,partial_or_variant_unavailable,https://cdn.vnda.com.br/intibrand/2024/10/24/14_15_03_90_14_10_3_327_macacc383o20oliver20framboesa20frente.jpg?v=1729790103,public_catalog,2026-08-24T17:28:30.310313-03:00,jsonld:price,HIGH,200,,5,0.5,0,0.312729932364899,-0.6379127326483471,289
4231,Macacão Oliver Off-White,https://www.intibrand.com/produto/macacao-oliver-off-white-4231,VERÃO 2027,Macacões,Off White,744.5,,0.0,36|38|40|42|44,"O Oliver é o macacão must have da coleção, minimalista e estruturado. Suas curvas orgânicas, assimétricas e singulares são protagonistas desse modelo. Modelo veste 34.",,partial_or_variant_unavailable,https://cdn.vnda.com.br/intibrand/2024/10/24/14_12_54_610_14_10_5_514_macacc383o20oliver20offwhite20frente.jpg?v=1729789980,public_catalog,2026-08-24T17:28:30.310313-03:00,jsonld:price,HIGH,200,,5,0.5,0,0.363099848086128,-0.6447175598303103,289
4233,Macacão Oliver Vermelho,https://www.intibrand.com/produto/macacao-oliver-vermelho-4233,VERÃO 2027,Macacões,Vermelho,744.5,,0.0,36|38|40|42|44,"O Oliver é o macacão must have da coleção, minimalista e estruturado. Suas curvas orgânicas, assimétricas e singulares são protagonistas desse modelo. Modelo veste 34.",,partial_or_variant_unavailable,https://cdn.vnda.com.br/intibrand/2024/10/24/14_17_44_283_14_10_3_305_macacc383o20oliver20vermelho20frente.jpg?v=1729790266,public_catalog,2026-08-24T17:28:30.310313-03:00,jsonld:price,HIGH,200,,5,0.5,0,0.3422493143065659,-0.6478700946026013,289
4455,Macacão Orpheus Off-White,https://www.intibrand.com/produto/macacao-orpheus-off-white-4455,VERÃO 2027,Macacões,Off White,1489.0,,0.0,36|38|40|42,"Este macacão tomara que caia é uma peça sofisticada e minimalista. O design sem alças realça o colo de maneira sutil, criando um visual moderno e ousado. Versátil, ele pode ser usado tanto em eventos formais quanto em produções noturnas, sendo facilmente combinado com acessórios marcantes. Modelo veste 34.",,partial_or_variant_unavailable,https://cdn.vnda.com.br/intibrand/2025/02/03/16_15_56_304_16_2_4_414_macacc383o20orpheus20offwhite20frente202201.jpg?v=1738610156,public_catalog,2026-08-24T17:28:30.310313-03:00,jsonld:price,HIGH,200,,4,1.0,0,0.8107522738064619,-0.48475211753049713,289
4457,Macacão Orpheus Vermelho,https://www.intibrand.com/produto/macacao-orpheus-vermelho-4457,VERÃO 2027,Macacões,Vermelho,1489.0,,0.0,36|38|40|42,"Este macacão tomara que caia é uma peça sofisticada e minimalista. O design sem alças realça o colo de maneira sutil, criando um visual moderno e ousado. Versátil, ele pode ser usado tanto em eventos formais quanto em produções noturnas, sendo facilmente combinado com acessórios marcantes. Modelo veste 34.",,partial_or_variant_unavailable,https://cdn.vnda.com.br/intibrand/2025/02/03/16_14_33_304_16_2_6_684_macacc383o20orpheus2020vermelho20frente201.jpg?v=1738610073,public_catalog,2026-08-24T17:28:30.310313-03:00,jsonld:price,HIGH,200,,4,1.0,0,0.7899017400268997,-0.487904652302788,289
4646,Macacão Rith Avelã,https://www.intibrand.com/produto/macacao-rith-avela-4646,VERÃO 2027,Macacões,Avelã,894.5,,0.0,36|38|40|42,"O Macacão Rith é uma peça sofisticada que valoriza a silhueta feminina. Com um design elegante e um corte que acintura, ele proporciona um ajuste impecável e marcante. O detalhe exclusivo do aviamento no ombro confere um toque de personalidade, tornando-o ainda mais único. Modelo veste 34.",,partial_or_variant_unavailable,https://cdn.vnda.com.br/intibrand/2025/09/24/14_04_05_918_macac-c3-83o-20rith-20avel-c3-83-20frente-14090770.jpg?v=1758733453,public_catalog,2026-08-24T17:28:30.310313-03:00,jsonld:price,HIGH,200,,4,0.6007387508394896,0,0.06867778362926064,-0.8847796851323212,289
4644,Macacão Rith Off-White,https://www.intibrand.com/produto/macacao-rith-off-white-4644,VERÃO 2027,Macacões,Off White,894.5,,0.0,36|38|40|42,"O Macacão Rith é uma peça sofisticada que valoriza a silhueta feminina. Com um design elegante e um corte que acintura, ele proporciona um ajuste impecável e marcante. O detalhe exclusivo do aviamento no ombro confere um toque de personalidade, tornando-o ainda mais único. Modelo veste 34.",,partial_or_variant_unavailable,https://cdn.vnda.com.br/intibrand/2025/09/24/14_05_47_95_macac-c3-83o-20rith-20off-white-20zoom-20frente-14093080.jpg?v=1758733547,public_catalog,2026-08-24T17:28:30.310313-03:00,jsonld:price,HIGH,200,,4,0.6007387508394896,0,0.11984948571915438,-0.8784839794803163,289
4645,Macacão Rith Preto,https://www.intibrand.com/produto/macacao-rith-preto-4645,VERÃO 2027,Macacões,Preto,894.5,,0.0,36|38|40|42,"O Macacão Rith é uma peça sofisticada que valoriza a silhueta feminina. Com um design elegante e um corte que acintura, ele proporciona um ajuste impecável e marcante. O detalhe exclusivo do aviamento no ombro confere um toque de personalidade, tornando-o ainda mais único. Modelo veste 34.",,partial_or_variant_unavailable,https://cdn.vnda.com.br/intibrand/2025/12/10/16_56_31_178_macac-c3-83o-20rith-20preto-20frent-16121720.jpg?v=1765396593,public_catalog,2026-08-24T17:28:30.310313-03:00,jsonld:price,HIGH,200,,4,0.6007387508394896,0,0.06775083906728228,-0.8469462624588577,289
4564,Macacão Sleuk Off-White,https://www.intibrand.com/produto/macacao-sleuk-off-white-4564,VERÃO 2027,Macacões,Off White,844.5,,0.0,34|36|38|40|42,"Este macacão em alfaiataria é a definição de elegância e sofisticação. Com um recorte marcante na cintura, ele valoriza a silhueta e garante um ajuste impecável. O detalhe do busto arredondado adiciona um toque feminino e delicado, tornando a peça ainda mais única. Composição: 94% Poliéster / 6% Elastano Modelo veste 34.",94% Poliéster / 6% Elastano,partial_or_variant_unavailable,https://cdn.vnda.com.br/intibrand/2025/08/21/15_39_10_809_macac-c3-83o-20sleuk-20off-white-20frente-15081420.jpg?v=1755801575,public_catalog,2026-08-24T17:28:30.310313-03:00,jsonld:price,HIGH,200,,5,0.5671591672263264,0,0.47931562404698713,-0.5784884829674308,289
4565,Macacão Sleuk Preto,https://www.intibrand.com/produto/macacao-sleuk-preto-4565,VERÃO 2027,Macacões,Preto,844.5,,0.0,34|36|38|40|42,"Este macacão em alfaiataria é a definição de elegância e sofisticação. Com um recorte marcante na cintura, ele valoriza a silhueta e garante um ajuste impecável. O detalhe do busto arredondado adiciona um toque feminino e delicado, tornando a peça ainda mais única. Composição: 94% Poliéster / 6% Elastano Modelo veste 34.",94% Poliéster / 6% Elastano,partial_or_variant_unavailable,https://cdn.vnda.com.br/intibrand/2025/08/18/17_11_58_130_macac-c3-83o-20sleuk-20preto-20frente-20-1-17084240.jpg?v=1755547918,public_catalog,2026-08-24T17:28:30.310313-03:00,jsonld:price,HIGH,200,,5,0.5671591672263264,0,0.42721697739511505,-0.5469507659459723,289
4566,Macacão Sleuk Vermelho,https://www.intibrand.com/produto/macacao-sleuk-vermelho-4566,VERÃO 2027,Macacões,Vermelho,844.5,,0.0,34|36|38|40|42,"Este macacão em alfaiataria é a definição de elegância e sofisticação. Com um recorte marcante na cintura, ele valoriza a silhueta e garante um ajuste impecável. O detalhe do busto arredondado adiciona um toque feminino e delicado, tornando a peça ainda mais única. Composição: 94% Poliéster / 6% Elastano Modelo veste 34.",94% Poliéster / 6% Elastano,partial_or_variant_unavailable,https://cdn.vnda.com.br/intibrand/2025/08/18/17_14_13_946_macac-c3-83o-20sleuk-20vermelho-20frente-202-20-1-20-1-17083780.jpg?v=1757093135,public_catalog,2026-08-24T17:28:30.310313-03:00,jsonld:price,HIGH,200,,5,0.5671591672263264,0,0.45846509026742505,-0.5816410177397218,289
4367,Macacão Zander Off-White,https://www.intibrand.com/produto/macacao-zander-off-white-4367,VERÃO 2027,Macacões,Off White,744.5,,0.0,34|36|38|40|42,"Feito em tecido de alfaiataria de alta qualidade, combina sofisticação e conforto para os eventos mais elegantes. Com design clean e corte moderno, valoriza a forma feminina ao destacar a cintura e criar uma silhueta alongada. A peça é perfeita para eventos formais e ocasiões especiais, ideal para quem busca elegância e estilo em uma peça atemporal. Composição: 93% Poliéster / 7% Elastano Modelo veste 34.",93% Poliéster / 7% Elastano,partial_or_variant_unavailable,https://cdn.vnda.com.br/intibrand/2025/01/23/14_52_44_452_14_1_6_648_macacc383o20zander20offwhite20frente203.jpg?v=1737654776,public_catalog,2026-08-24T17:28:30.310313-03:00,jsonld:price,HIGH,200,,5,0.5,0,0.363099848086128,-0.6447175598303103,289
4652,Macaquinho Evans Bege,https://www.intibrand.com/produto/macaquinho-evans-bege-4652,VERÃO 2027,Unknown,Bege,694.5,,0.0,36|38|40|42,"Macaquinho em alfaiataria com recortes em efeito ondas na cintura. O decote orgânico cria um efeito único e inovador, valorizando o colo e os ombros, enquanto as laterais abertas acentuam a cintura de maneira elegante. Fechamento por zíper invisível. Modelo veste 34.",,partial_or_variant_unavailable,https://cdn.vnda.com.br/intibrand/2025/09/24/14_47_38_579_macaquinho-20evans-20bege-20frente-20-1-14098000.jpg?v=1758736058,public_catalog,2026-08-24T17:28:30.310313-03:00,jsonld:price,HIGH,200,,4,1.0,0,-0.059998924346487625,-0.6686766647828477,289
4651,Macaquinho Evans Preto,https://www.intibrand.com/produto/macaquinho-evans-preto-4651,VERÃO 2027,Unknown,Preto,694.5,,0.0,36|38|40|42,"Macaquinho em alfaiataria com recortes em efeito ondas na cintura. O decote orgânico cria um efeito único e inovador, valorizando o colo e os ombros, enquanto as laterais abertas acentuam a cintura de maneira elegante. Fechamento por zíper invisível. Modelo veste 34.",,partial_or_variant_unavailable,https://cdn.vnda.com.br/intibrand/2025/09/24/14_48_55_479_macaquinho-20evans-20preto-20frente-202-20-1-14096170.jpg?v=1758736144,public_catalog,2026-08-24T17:28:30.310313-03:00,jsonld:price,HIGH,200,,4,1.0,0,-0.06054753419091092,-0.6318112562187175,289
4580,Macaquinho Linho Tau Bege,https://www.intibrand.com/produto/macaquinho-linho-tau-bege-4580,VERÃO 2027,Unknown,Bege,694.5,,0.0,36|38|40|42,"Confeccionado em linho rústico, o macaquinho Tau oferece frescor e leveza para os dias mais quentes. Seu detalhe sobreposto no busto proporciona sustentação, garantindo um ajuste impecável. Com alças removíveis, a peça permite versatilidade no look, podendo ser usada de diferentes maneiras neste verão. Modelo veste 34.",,partial_or_variant_unavailable,https://cdn.vnda.com.br/intibrand/2025/08/21/19_00_38_959_macaquinho-20tau-20bege-20zoom-20medio-20-1-20-1-19081390.jpg?v=1755813669,public_catalog,2026-08-24T17:28:30.310313-03:00,jsonld:price,HIGH,200,,4,1.0,0,-0.059998924346487625,-0.6686766647828477,289
4578,Macaquinho Linho Tau Off-White,https://www.intibrand.com/produto/macaquinho-linho-tau-off-white-4578,VERÃO 2027,Unknown,Off White,694.5,,0.0,36|38|40|42,"Confeccionado em linho rústico, o macaquinho Tau oferece frescor e leveza para os dias mais quentes. Seu detalhe sobreposto no busto proporciona sustentação, garantindo um ajuste impecável. Com alças removíveis, a peça permite versatilidade no look, podendo ser usada de diferentes maneiras neste verão. Modelo veste 34.",,partial_or_variant_unavailable,https://cdn.vnda.com.br/intibrand/2025/08/21/19_04_38_757_macaquinho-20tau-20off-white-20frente-201-20-1-20-1-19083300.jpg?v=1755813878,public_catalog,2026-08-24T17:28:30.310313-03:00,jsonld:price,HIGH,200,,4,1.0,0,-0.00844888753903883,-0.663348973240176,289
4579,Macaquinho Linho Tau Preto,https://www.intibrand.com/produto/macaquinho-linho-tau-preto-4579,VERÃO 2027,Unknown,Preto,694.5,,0.0,36|38|40|42,"Confeccionado em linho rústico, o macaquinho Tau oferece frescor e leveza para os dias mais quentes. Seu detalhe sobreposto no busto proporciona sustentação, garantindo um ajuste impecável. Com alças removíveis, a peça permite versatilidade no look, podendo ser usada de diferentes maneiras neste verão. Modelo veste 34.",,partial_or_variant_unavailable,https://cdn.vnda.com.br/intibrand/2025/08/21/19_02_43_307_macaquinho-20linho-20tau-20preto-20zoom-20medio-20-1-20-1-19087140.jpg?v=1755813769,public_catalog,2026-08-24T17:28:30.310313-03:00,jsonld:price,HIGH,200,,4,1.0,0,-0.06054753419091092,-0.6318112562187175,289
4567,Macaquinho Martin Off-White,https://www.intibrand.com/produto/macaquinho-martin-off-white-4567,VERÃO 2027,Unknown,Off White,644.5,,0.0,36|38|40|42,"O macaquinho Martin possui um design único, com tecido sobreposto, busto arredondado e um sofisticado recorte lateral da cintura, que realça ainda mais a silhueta. Confeccionado em alfaiataria, ele combina elegância e personalidade, proporcionando um ajuste perfeito e um visual marcante. Composição: 94% Poliéster / 6% Elastano Modelo veste 34.",94% Poliéster / 6% Elastano,partial_or_variant_unavailable,https://cdn.vnda.com.br/intibrand/2025/09/26/12_02_54_263_macaquinho-20martin-20off-white-20lado-20-2-12098270.jpg?v=1758898982,public_catalog,2026-08-24T17:28:30.310313-03:00,jsonld:price,HIGH,200,,4,0.9280057595392368,0,-0.07612030532156919,-0.7211134103989271,289
4479,Macaquinho Neil Preto,https://www.intibrand.com/produto/macaquinho-neil-preto-4479,VERÃO 2027,Unknown,Preto,1289.0,,0.0,34|36|38|40|42|44,"Este macaquinho leve com mangas bufantes combina conforto e estilo. O busto drapeado conta com bojo de recorte personalizado orgânico e tecido sobreposto, proporcionando um ajuste perfeito e um toque elegante. Ideal para diversas ocasiões casuais deste inverno. Modelo veste 34.",,partial_or_variant_unavailable,https://cdn.vnda.com.br/intibrand/2025/02/04/18_09_09_408_18_2_6_670_macaquinho20neil20preto20zoom20aw25202.jpg?v=1738703355,public_catalog,2026-08-24T17:28:30.310313-03:00,jsonld:price,HIGH,200,,6,1.8560115190784736,2,1.5792136758598996,0.721227971487481,166
4801,Pantalona Braxton Off-White,https://www.intibrand.com/produto/pantalona-braxton-off-white-4801,VERÃO 2027,Calças,Off White,989.0,,0.0,34|36|38|40|42,"Calça em alfaiataria reta, com um detalhe assimétrico acetinado no cós e na lateral das pernas, que traz modernidade ao look de forma minimalista e elegante. Modelo veste 34.",,partial_or_variant_unavailable,https://cdn.vnda.com.br/intibrand/2026/03/04/16_40_49_969_body-20emma-20off-white-20-2b-20pantalona-20braxton-20off-white-20frente-201-16036670.jpg?v=1772653254,public_catalog,2026-08-24T17:28:30.310313-03:00,jsonld:price,HIGH,200,,5,1.424558876485416,2,0.8088890958227533,0.00660724770496962,166
4802,Pantalona Braxton Preto,https://www.intibrand.com/produto/pantalona-braxton-preto-4802,VERÃO 2027,Calças,Preto,989.0,,0.0,34|36|38|40|42,"Calça em alfaiataria reta, com um detalhe assimétrico acetinado no cós e na lateral das pernas, que traz modernidade ao look de forma minimalista e elegante. Modelo veste 34.",,partial_or_variant_unavailable,https://cdn.vnda.com.br/intibrand/2026/03/09/13_43_11_757_body-20emma-20preto-20-2b-20pantalona-20braxton-20preta-20frente-20-3-13036300.jpg?v=1773074602,public_catalog,2026-08-24T17:28:30.310313-03:00,jsonld:price,HIGH,200,,5,1.424558876485416,2,0.7567904491708811,0.038144964726428206,166
2095,Pantalona Flare Off-White,https://www.intibrand.com/produto/pantalona-flare-off-white-2095,VERÃO 2027,Calças,Off White,989.0,,0.0,34|36|38|40|42|44,"Nossa clássica pantalona flare de alfaiataria rivage, possui forro, caimento leve e fluido, além de dois recortes frontais amplos. Também possui fecho frontal de zíper e gancho americano. Modelagem exclusiva e sofisticada. Composição: 100% Poliéster",100% Poliéster,partial_or_variant_unavailable,https://cdn.vnda.com.br/intibrand/2026/08/19/15_57_39_88_body-20manon-20off-white-20-2b-20pantalona-20flare-20off-white-20zoom-202-20-15087340.jpg?v=1787165864,public_catalog,2026-08-24T17:28:30.310313-03:00,jsonld:price,HIGH,200,,6,1.424558876485416,2,1.2264631221310156,0.3397172826492948,166
2094,Pantalona Flare Preta,https://www.intibrand.com/produto/pantalona-flare-preta-2094,VERÃO 2027,Calças,Unknown,989.0,,0.0,34|36|38|40|42|44,"Nossa clássica pantalona flare de alfaiataria rivage, possui caimento leve e fluido, além de dois recortes frontais amplos. Também possui fecho frontal de zíper e gancho americano. Modelagem exclusiva e sofisticada.",,partial_or_variant_unavailable,https://cdn.vnda.com.br/intibrand/2026/08/19/17_34_08_436_hf_20260819_203103_297d8b28-616c-449c-b773-e8a0f5e51919_easy-resize-com-17086040.jpg?v=1787171659,public_catalog,2026-08-24T17:28:30.310313-03:00,jsonld:price,HIGH,200,,6,1.424558876485416,2,1.1759672583692096,0.3423817904165491,166
4609,Pantalona Linho Abbie Caramelo,https://www.intibrand.com/produto/pantalona-linho-abbie-caramelo-4609,VERÃO 2027,Calças,Caramelo,599.5,,0.0,36|38|40|42,"O Linho se faz presente em momentos especiais do dia a dia com a nossa Pantalona Abbie. Com modelagem de cintura alta, botões laterais banhados a ouro no cós e um corte amplo, garante liberdade de movimento em um visual fluido e elegante.",,partial_or_variant_unavailable,https://cdn.vnda.com.br/intibrand/2025/09/19/13_02_37_251_cropped-20linho-20brett-20caramelo-20-2b-20pantalona-20linho-20abbie-20caramelo-20frente-20-2-20-1-13098290.jpg?v=1758297757,public_catalog,2026-08-24T17:28:30.310313-03:00,jsonld:price,HIGH,200,,4,0.863521786100108,0,-0.1846121208777554,-0.7759610059305786,289
4607,Pantalona Linho Abbie Off-White,https://www.intibrand.com/produto/pantalona-linho-abbie-off-white-4607,VERÃO 2027,Calças,Off White,599.5,,0.0,36|38|40|42,"O Linho se faz presente em momentos especiais do dia a dia com a nossa Pantalona Abbie. Com modelagem de cintura alta, botões laterais banhados a ouro no cós e um corte amplo, garante liberdade de movimento em um visual fluido e elegante.",,partial_or_variant_unavailable,https://cdn.vnda.com.br/intibrand/2025/10/24/17_01_04_6_body-20heydar-20off-white-20-2b-20pantalona-20linho-20abbie-20off-white-20frente-20reedit-17103570.jpg?v=1761336067,public_catalog,2026-08-24T17:28:30.310313-03:00,jsonld:price,HIGH,200,,4,0.863521786100108,0,-0.13589555331196615,-0.7766173445034343,289
4608,Pantalona Linho Abbie Preto,https://www.intibrand.com/produto/pantalona-linho-abbie-preto-4608,VERÃO 2027,Calças,Preto,599.5,,0.0,36|38|40|42,"O Linho se faz presente em momentos especiais do dia a dia com a nossa Pantalona Abbie. Com modelagem de cintura alta, botões laterais banhados a ouro no cós e um corte amplo, garante liberdade de movimento em um visual fluido e elegante.",,partial_or_variant_unavailable,https://cdn.vnda.com.br/intibrand/2025/09/19/13_04_30_380_cropped-20linho-20brett-20preto-20-2b-20pantalona-20linho-20abbie-20preta-20frente-20-2-13095870.jpg?v=1758297876,public_catalog,2026-08-24T17:28:30.310313-03:00,jsonld:price,HIGH,200,,4,0.863521786100108,0,-0.18799419996383823,-0.7450796274819758,289
4436,Pantalona Ozuna Avelã,https://www.intibrand.com/produto/pantalona-ozuna-avela-4436,VERÃO 2027,Calças,Avelã,594.5,,0.0,36|38|40|42,"Com um efeito plissado na lateral, a Pantalona Ozuna se destaca pela sua elegância e originalidade, criando um visual sofisticado e moderno. O cós acinturado proporciona um ajuste perfeito, valorizando a silhueta e garantindo conforto ao longo do dia. Composição: 100% Poliéster Modelo veste 34.",100% Poliéster,partial_or_variant_unavailable,https://cdn.vnda.com.br/intibrand/2025/06/11/17_54_14_35_17_6_9_982_cropped20ophelia20avelc383202b20pantalona20ozuna20avelc3832020frente202.jpg?v=1749675273,public_catalog,2026-08-24T17:28:30.310313-03:00,jsonld:price,HIGH,200,,4,0.85631976953547,0,-0.1938350426011725,-0.7886911574373915,289
4434,Pantalona Ozuna Off-White,https://www.intibrand.com/produto/pantalona-ozuna-off-white-4434,VERÃO 2027,Calças,Off White,594.5,,0.0,36|38|40|42,"Com um efeito plissado na lateral, a Pantalona Ozuna se destaca pela sua elegância e originalidade, criando um visual sofisticado e moderno. O cós acinturado proporciona um ajuste perfeito, valorizando a silhueta e garantindo conforto ao longo do dia. Composição: 100% Poliéster | Forro: 100% Poliéster Modelo veste 34.",100% Poliéster | Forro: 100% Poliéster,partial_or_variant_unavailable,https://cdn.vnda.com.br/intibrand/2025/01/31/14_47_26_797_14_1_8_807_cropped20ophelia20offwhite202b20pantalona20ozuna20offwhite20frentpg.jpg?v=1738345660,public_catalog,2026-08-24T17:28:30.310313-03:00,jsonld:price,HIGH,200,,4,0.85631976953547,0,-0.14266334051127877,-0.7823954517853866,289
4435,Pantalona Ozuna Preto,https://www.intibrand.com/produto/pantalona-ozuna-preto-4435,VERÃO 2027,Calças,Preto,594.5,,0.0,36|38|40|42,"Com um efeito plissado na lateral, a Pantalona Ozuna se destaca pela sua elegância e originalidade, criando um visual sofisticado e moderno. O cós acinturado proporciona um ajuste perfeito, valorizando a silhueta e garantindo conforto ao longo do dia. Composição: 100% Poliéster Modelo veste 34.",100% Poliéster,partial_or_variant_unavailable,https://cdn.vnda.com.br/intibrand/2025/06/11/17_55_08_924_17_6_5_562_cropped20ophelia20preto202b20pantalona20ozuna20preta20frente.jpg?v=1749675313,public_catalog,2026-08-24T17:28:30.310313-03:00,jsonld:price,HIGH,200,,4,0.85631976953547,0,-0.19476198716315085,-0.750857734763928,289
3721,Pantalona Savoye Areia,https://www.intibrand.com/produto/pantalona-savoye-areia-3721,VERÃO 2027,Calças,Areia,789.0,,0.0,36|38|40|42|44,"Pantalona confeccionada em alfaiataria fluida, com forro, cintura alta e detalhe em V na cintura. Fechamento posterior com zíper invisível e corte reto. Sem bolsos. Tecido: Alfaiataria fluida. . Comprimento total: 36/1,13m, 38/1,15m, 40/1,17m, 42/1,19m, 44/1,21m. Modelo veste 34.",,partial_or_variant_unavailable,https://cdn.vnda.com.br/intibrand/2023/04/11/10_4_3_365_BODY20CLAUDE20VERMELHO202B20PANTALONA20SAVOYE20AREIA20FRENTE.jpg?v=1681220859,public_catalog,2026-08-24T17:28:30.310313-03:00,jsonld:price,HIGH,200,,5,1.136478213899892,0,0.48597942375700015,-0.22074078028887184,289
4536,Pantalona Savoye Avelã,https://www.intibrand.com/produto/pantalona-savoye-avela-4536,VERÃO 2027,Calças,Avelã,879.0,,0.0,36|38|40|42,"Nossa clássica pantalona best seller INTI é confeccionada em alfaiataria rivage fluida, cintura alta e detalhe em V na cintura. O cós é estruturado por entretela, fechamento posterior com zíper invisível de 25cm e corte reto. Modelo veste 34.",,partial_or_variant_unavailable,https://cdn.vnda.com.br/intibrand/2025/07/11/11_02_13_579_11_7_7_764_cropped20ophelia20avelc383202b20pantalona20savoye20avelc38320frente.jpg?v=1752242541,public_catalog,2026-08-24T17:28:30.310313-03:00,jsonld:price,HIGH,200,,4,1.2661145120633777,0,0.19125204903971846,-0.4599168530943096,289
2777,Pantalona Savoye Off-White,https://www.intibrand.com/produto/pantalona-savoye-off-white-2777,VERÃO 2027,Calças,Off White,929.0,,0.0,34|36|38|40|42|44,"Nossa clássica pantalona best seller INTI é confeccionada em alfaiataria rivage fluida, com forro, cintura alta e detalhe em V na cintura. O cós é estruturado por entretela, fechamento posterior com zíper invisível de 25cm e corte reto. Modelo veste 34.",,partial_or_variant_unavailable,https://cdn.vnda.com.br/intibrand/2026/08/19/12_00_51_583_cropped-20vegga-20off-white-20-2b-20pantalona-20savoye-20off-white-20-20c-20al-c3-87a-20-20s-20al-c3-87a-20-20frente-202-12083540.jpg?v=1787151740,public_catalog,2026-08-24T17:28:30.310313-03:00,jsonld:price,HIGH,200,,6,1.3381346777097587,2,1.1452496757392634,0.270379995265868,166
2778,Pantalona Savoye Preta,https://www.intibrand.com/produto/pantalona-savoye-preta-2778,VERÃO 2027,Calças,Unknown,929.0,,0.0,34|36|38|40|42|44,"Nossa clássica pantalona best seller INTI é confeccionada em alfaiataria rivage fluida, cintura alta e detalhe em V na cintura. O cós é estruturado por entretela, fechamento posterior com zíper invisível de 25cm e corte reto. Modelo veste 34.",,partial_or_variant_unavailable,https://cdn.vnda.com.br/intibrand/2026/08/19/12_21_57_325_gaby-20fotos-20-202026-08-19t122131-801-12085670.jpg?v=1787152921,public_catalog,2026-08-24T17:28:30.310313-03:00,jsonld:price,HIGH,200,,6,1.3381346777097587,2,1.0947538119774574,0.2730445030331223,166
3635,Pantalona Suytun Preta,https://www.intibrand.com/produto/pantalona-suytun-preta-3635,VERÃO 2027,Calças,Unknown,424.5,,0.0,36|38|40|42|44,"Calça de alfaiataria de cintura baixa, com modelagem moderna e confortável. O design elegante conta com fechamento frontal por zíper invisível e gancho metálico, garantindo um ajuste perfeito e discreto. Ideal para compor looks sofisticados e versáteis, a peça combina estilo e praticidade. Modelo veste 34.",,partial_or_variant_unavailable,https://cdn.vnda.com.br/intibrand/2025/03/19/14_33_46_939_14_3_3_372_corselet20cretan20preto202b20pantalona20suytun20preta20frente202.jpg?v=1742405630,public_catalog,2026-08-24T17:28:30.310313-03:00,jsonld:price,HIGH,200,,5,0.6114512063377746,0,-0.00568994274145332,-0.6430765566601828,289
4563,Pantalona Touret Avelã,https://www.intibrand.com/produto/pantalona-touret-avela-4563,VERÃO 2027,Calças,Avelã,494.5,,0.0,36|38|40|42,"A pantalona Touret se destaca pelo design sofisticado e minimalista. Confeccionada em alfaiataria fluida, apresenta cintura alta, assimetria no cós e botões orgânicos banhados a ouro. Uma peça que equilibra modernidade e sofisticação. Modelo veste 34.",,partial_or_variant_unavailable,https://cdn.vnda.com.br/intibrand/2025/08/05/13_26_30_855_body-20otto-20off-white-20-2b-20pantalona-20touret-20avel-c3-83-20frente-20-2-20-1-13083040.jpg?v=1754411195,public_catalog,2026-08-24T17:28:30.310313-03:00,jsonld:price,HIGH,200,,4,0.712279438242708,0,-0.329190786587426,-0.904253303076436,289
4561,Pantalona Touret Off-White,https://www.intibrand.com/produto/pantalona-touret-off-white-4561,VERÃO 2027,Calças,Off White,494.5,,0.0,36|38|40|42,"A pantalona Touret se destaca pelo design sofisticado e minimalista. Confeccionada em alfaiataria fluida, apresenta cintura alta, assimetria no cós e botões orgânicos banhados a ouro. Uma peça que equilibra modernidade e sofisticação. Modelo veste 34.",,partial_or_variant_unavailable,https://cdn.vnda.com.br/intibrand/2026/02/03/11_00_55_812_body-20eli-20off-white-20-2b-20pantalona-20touret-20off-white-20frente-20reedit-11028870.jpg?v=1770127258,public_catalog,2026-08-24T17:28:30.310313-03:00,jsonld:price,HIGH,200,,4,0.712279438242708,0,-0.27801908449753227,-0.8979575974244312,289
4562,Pantalona Touret Preto,https://www.intibrand.com/produto/pantalona-touret-preto-4562,VERÃO 2027,Calças,Preto,494.5,,0.0,36|38|40|42,"A pantalona Touret se destaca pelo design sofisticado e minimalista. Confeccionada em alfaiataria fluida, apresenta cintura alta, assimetria no cós e botões orgânicos banhados a ouro. Uma peça que equilibra modernidade e sofisticação. Modelo veste 34.",,partial_or_variant_unavailable,https://cdn.vnda.com.br/intibrand/2026/02/02/12_39_21_607_body-20eli-20preto-20-2b-20pantalona-20touret-20preta-20frente-203-20reeditada-12026330.jpg?v=1770046879,public_catalog,2026-08-24T17:28:30.310313-03:00,jsonld:price,HIGH,200,,4,0.712279438242708,0,-0.33011773114940435,-0.8664198804029726,289
3715,Pareô Azul,https://www.intibrand.com/produto/pareo-azul-3715,VERÃO 2027,Pareôs,Azul,389.0,,0.0,U,"Pareô longo confeccionado em microfibra, com fechamento por amarração feita com duas faixas embutidas de 3cm. Modelagem confortável e exclusiva. Composição: 87% Poliamida, 13% Elastano.","87% Poliamida, 13% Elastano.",unavailable,https://cdn.vnda.com.br/intibrand/2024/08/19/19_12_08_322_19_8_2_253_biquc38dni20duncan20azul202b20parec39420azul20frente201.jpg?v=1724105576,public_catalog,2026-08-24T17:28:30.310313-03:00,jsonld:price,HIGH,200,,1,0.7955010224948875,0,-1.6818032034720016,-1.8858121998863238,289
2774,Pareô Azul Marinho,https://www.intibrand.com/produto/pareo-azul-marinho-2774,VERÃO 2027,Pareôs,Azul Marinho,459.0,,0.0,U,"Pareô longo confeccionado em microfibra, com fechamento por amarração feita com duas faixas embutidas de 3cm. Modelagem confortável e exclusiva. Composição: 87% Poliamida, 13% Elastano.","87% Poliamida, 13% Elastano.",partial_or_variant_unavailable,https://cdn.vnda.com.br/intibrand/2026/03/05/12_26_22_662_biqu-c3-8dni-20vitto-20azul-20marinho-20-2b-20pare-c3-94-20azul-20marinho-20frente-20-2-12030740.jpg?v=1772724387,public_catalog,2026-08-24T17:28:30.310313-03:00,jsonld:price,HIGH,200,,1,0.9386503067484663,0,-1.5910226806191956,-1.7778169763790963,289
4859,Pareô Grazia Marrom,https://www.intibrand.com/produto/pareo-grazia-marrom-4859,VERÃO 2027,Pareôs,Marrom,739.0,,0.0,PP|P|M|G,"A escolha perfeita para finalizar os looks de praia da temporada. O Pareô Grazia apresenta comprimento longo e drapeado na cintura, acompanhado por aviamento exclusivo da coleção, banhado a ouro. Composição: 87% Poliéster / 13% Elastano Modelo veste PP.",87% Poliéster / 13% Elastano,partial_or_variant_unavailable,https://cdn.vnda.com.br/intibrand/2026/04/01/18_23_21_539_gaby-20v-c3-8ddeos-20-20-story-20-202026-04-01t182151-108-18047970.jpg?v=1775078619,public_catalog,2026-08-24T17:28:30.310313-03:00,jsonld:price,HIGH,200,,4,1.5112474437627812,0,0.09846737441031314,-0.332005163147216,289
4857,Pareô Grazia Pérola,https://www.intibrand.com/produto/pareo-grazia-perola-4857,VERÃO 2027,Pareôs,Pérola,739.0,,0.0,PP|P|M|G,"A escolha perfeita para finalizar os looks de praia da temporada. O Pareô Grazia apresenta comprimento longo e drapeado na cintura, acompanhado por aviamento exclusivo da coleção, banhado a ouro. Composição: 84% Poliamida / 16% Elastano Modelo veste PP.",84% Poliamida / 16% Elastano,partial_or_variant_unavailable,https://cdn.vnda.com.br/intibrand/2026/04/01/18_26_59_548_gaby-20v-c3-8ddeos-20-20-story-20-202026-04-01t182640-304-18043250.jpg?v=1775078819,public_catalog,2026-08-24T17:28:30.310313-03:00,jsonld:price,HIGH,200,,4,1.5112474437627812,0,0.052264983894964444,-0.3331860499283044,289
4858,Pareô Grazia Preto,https://www.intibrand.com/produto/pareo-grazia-preto-4858,VERÃO 2027,Pareôs,Preto,739.0,,0.0,PP|P|M|G,"A escolha perfeita para finalizar os looks de praia da temporada. O Pareô Grazia apresenta comprimento longo e drapeado na cintura, acompanhado por aviamento exclusivo da coleção, banhado a ouro. Composição: 84% Poliamida / 16% Elastano Modelo veste PP.",84% Poliamida / 16% Elastano,partial_or_variant_unavailable,https://cdn.vnda.com.br/intibrand/2026/04/01/18_25_08_914_gaby-20v-c3-8ddeos-20-20-story-20-202026-04-01t182416-431-18049380.jpg?v=1775078714,public_catalog,2026-08-24T17:28:30.310313-03:00,jsonld:price,HIGH,200,,4,1.5112474437627812,0,0.09088481883447445,-0.3199628736801682,289
4683,Pareô Heidi Cobre,https://www.intibrand.com/produto/pareo-heidi-cobre-4683,VERÃO 2027,Pareôs,Cobre,299.5,,0.0,PP|P|M|G,"O Pareô Heidi é a peça perfeita para compor um look resort com elegância. Com drapeado delicado, fenda lateral e modelo longo, ele traz movimento e leveza, proporcionando um visual moderno e feminino. Composição: 87% Poliéster / 13% Elastano Modelo veste PP.",87% Poliéster / 13% Elastano,unavailable,https://cdn.vnda.com.br/intibrand/2025/09/26/16_29_19_559_biqu-c3-8dni-20capanema-20cobre-20-2b-20pare-c3-94-20heidi-20cobre-20frente-16092370.jpg?v=1758914967,public_catalog,2026-08-24T17:28:30.310313-03:00,jsonld:price,HIGH,200,,4,0.6124744376278118,0,-0.5852684901583529,-1.0337850197054654,289
4684,Pareô Heidi Vermelho,https://www.intibrand.com/produto/pareo-heidi-vermelho-4684,VERÃO 2027,Pareôs,Vermelho,299.5,,0.0,PP|P|M|G,"O Pareô Heidi é a peça perfeita para compor um look resort com elegância. Com drapeado delicado, fenda lateral e modelo longo, ele traz movimento e leveza, proporcionando um visual moderno e feminino. Composição: 84% Poliamida / 16% Elastano Modelo veste PP.",84% Poliamida / 16% Elastano,unavailable,https://cdn.vnda.com.br/intibrand/2025/09/26/16_27_38_844_biqu-c3-8dni-20finca-20vermelho-20-2b-20pare-c3-94-20heidi-20vermelho-20frente-16090180.jpg?v=1758914858,public_catalog,2026-08-24T17:28:30.310313-03:00,jsonld:price,HIGH,200,,4,0.6124744376278118,0,-0.5389068892871228,-1.0330531116495763,289
4590,Pareô Leanni Cobre,https://www.intibrand.com/produto/pareo-leanni-cobre-4590,VERÃO 2027,Pareôs,Cobre,344.5,,0.0,PP|P|M|G,"O pareô Leanni é a escolha perfeita para compor looks resort. Um longo leve e versátil, que possui aviamento exclusivo na lateral, adicionando um toque único à peça. Composição: 87% Poliéster / 13% Elastano Modelo veste PP.",87% Poliéster / 13% Elastano,unavailable,https://cdn.vnda.com.br/intibrand/2025/09/08/12_50_00_558_biqu-c3-8dni-20eaton-20cobre-20-2b-20pare-c3-94-20leanni-20cobre-20frente-202-20-1-12097530.jpg?v=1757346600,public_catalog,2026-08-24T17:28:30.310313-03:00,jsonld:price,HIGH,200,,4,0.7044989775051125,0,-0.5175852320361098,-0.9643242702676846,289
4588,Pareô Leanni Pérola,https://www.intibrand.com/produto/pareo-leanni-perola-4588,VERÃO 2027,Pareôs,Pérola,344.5,,0.0,PP|P|M|G,"O pareô Leanni é a escolha perfeita para compor looks resort. Um longo leve e versátil, que possui aviamento exclusivo na lateral, adicionando um toque único à peça. Composição: 84% Poliamida / 16% Elastano Modelo veste PP.",84% Poliamida / 16% Elastano,partial_or_variant_unavailable,https://cdn.vnda.com.br/intibrand/2025/09/08/12_49_25_811_biqu-c3-8dni-20finca-20p-c3-89rola-20-2b-20pare-c3-94-20leanni-20p-c3-89rola-20frente-20-1-12093990.jpg?v=1757346569,public_catalog,2026-08-24T17:28:30.310313-03:00,jsonld:price,HIGH,200,,4,0.7044989775051125,0,-0.5410915789766998,-0.942125286666182,289
4589,Pareô Leanni Preto,https://www.intibrand.com/produto/pareo-leanni-preto-4589,VERÃO 2027,Pareôs,Preto,344.5,,0.0,PP|P|M|G,"O pareô Leanni é a escolha perfeita para compor looks resort. Um longo leve e versátil, que possui aviamento exclusivo na lateral, adicionando um toque único à peça. Composição: 84% Poliamida / 16% Elastano Modelo veste PP.",84% Poliamida / 16% Elastano,partial_or_variant_unavailable,https://cdn.vnda.com.br/intibrand/2025/09/08/12_47_09_704_biqu-c3-8dni-20eaton-20preto-20-2b-20pare-c3-94-20leanni-20preto-20frente-12090840.jpg?v=1757346433,public_catalog,2026-08-24T17:28:30.310313-03:00,jsonld:price,HIGH,200,,4,0.7044989775051125,0,-0.5024717440371897,-0.9289021104180457,289
4734,Pareô Lenk Cobre,https://www.intibrand.com/produto/pareo-lenk-cobre-4734,VERÃO 2027,Pareôs,Cobre,499.0,,0.0,U,"Este modelo sofisticado da coleção de Alto Verão Inti 2025 é a escolha perfeita para compor looks leves e elegantes. Com caimento fluido e efeito drapeado, acompanha aviamento removível orgânico banhado a ouro, traduzindo sofisticação e originalidade em um visual versátil e atemporal. Composição: 87% Poliéster / 13% Elastano Modelo veste PP.",87% Poliéster / 13% Elastano,unavailable,https://cdn.vnda.com.br/intibrand/2025/11/28/18_40_14_60_biqu-c3-8dni-20harper-20cobre-20-2b-20pare-c3-94-20lenk-20cobre-20frente-18115930.jpg?v=1764366014,public_catalog,2026-08-24T17:28:30.310313-03:00,jsonld:price,HIGH,200,,1,1.0204498977505112,0,-1.5379281247411956,-1.725172468697613,289
4732,Pareô Lenk Pérola,https://www.intibrand.com/produto/pareo-lenk-perola-4732,VERÃO 2027,Pareôs,Pérola,499.0,,0.0,U,"Este modelo sofisticado da coleção de Alto Verão Inti 2025 é a escolha perfeita para compor looks leves e elegantes. Com caimento fluido e efeito drapeado, acompanha aviamento removível orgânico banhado a ouro, traduzindo sofisticação e originalidade em um visual versátil e atemporal. Composição: 84% Poliamida / 16% Elastano Modelo veste PP.",84% Poliamida / 16% Elastano,partial_or_variant_unavailable,https://cdn.vnda.com.br/intibrand/2025/11/28/18_39_04_458_biqu-c3-8dni-20trycia-20p-c3-89rola-20-2b-20pare-c3-94-20lenk-20p-c3-89rola-20frente-18118140.jpg?v=1764365960,public_catalog,2026-08-24T17:28:30.310313-03:00,jsonld:price,HIGH,200,,1,1.0204498977505112,0,-1.5614344716817856,-1.7029734850961105,289
4733,Pareô Lenk Preto,https://www.intibrand.com/produto/pareo-lenk-preto-4733,VERÃO 2027,Pareôs,Preto,499.0,,0.0,U,"Este modelo sofisticado da coleção de Alto Verão Inti 2025 é a escolha perfeita para compor looks leves e elegantes. Com caimento fluido e efeito drapeado, acompanha aviamento removível orgânico banhado a ouro, traduzindo sofisticação e originalidade em um visual versátil e atemporal. Composição: 84% Poliamida / 16% Elastano Modelo veste PP.",84% Poliamida / 16% Elastano,partial_or_variant_unavailable,https://cdn.vnda.com.br/intibrand/2025/11/28/18_40_50_821_biqu-c3-8dni-20trycia-20preto-20-2b-20pare-c3-94-20lenk-20preto-20frente-202-18118210.jpg?v=1766426718,public_catalog,2026-08-24T17:28:30.310313-03:00,jsonld:price,HIGH,200,,1,1.0204498977505112,0,-1.5228146367422755,-1.6897503088479744,289
4856,Pareô Marrom,https://www.intibrand.com/produto/pareo-marrom-4856,VERÃO 2027,Pareôs,Marrom,459.0,,0.0,U,"Pareô longo confeccionado em microfibra, com fechamento por amarração feita com duas faixas embutidas de 3cm. Modelagem confortável e exclusiva. Composição: 84% Poliamida / 16% Elastano.",84% Poliamida / 16% Elastano.,partial_or_variant_unavailable,https://cdn.vnda.com.br/intibrand/2026/03/31/16_14_46_773_gaby-20v-c3-8ddeos-20-20-story-20-202026-03-31t161402-145-16033330.jpg?v=1774984486,public_catalog,2026-08-24T17:28:30.310313-03:00,jsonld:price,HIGH,200,,1,0.9386503067484663,0,-1.5753949772750973,-1.7635354867041606,289
3718,Pareô Maya Azul,https://www.intibrand.com/produto/pareo-maya-azul-3718,VERÃO 2027,Pareôs,Azul,269.5,,0.0,PP|P|M|G,"O Pareô Maya possui amarração diferenciada e uma faixa frontal, além do elástico forrado de 2cm na cintura. Com drapeados naturais e fenda frontal, ele traz caimento refinado e delicado que valoriza a silhueta. Confeccionado em microfibra com superfície levemente acetinada. Composição: 87% Poliamida / 13% Elastano Modelo veste PP.",87% Poliamida / 13% Elastano,unavailable,https://cdn.vnda.com.br/intibrand/2024/09/05/13_46_19_683_13_9_6_671_biquc38dni20kobe20azul202b20parec39420maya20azul20frente.jpg?v=1725554787,public_catalog,2026-08-24T17:28:30.310313-03:00,jsonld:price,HIGH,200,,4,0.5511247443762781,0,-0.608817776671838,-1.070938974115899,289
4223,Pareô Maya Azul Índigo,https://www.intibrand.com/produto/pareo-maya-azul-indigo-4223,VERÃO 2027,Pareôs,Azul Índigo,539.0,,0.0,PP|P|M|G,"O Pareô Maya possui amarração diferenciada e uma faixa frontal, além do elástico forrado de 2cm na cintura. Com drapeados naturais e fenda frontal, ele traz caimento refinado e delicado que valoriza a silhueta. Confeccionado em microfibra com superfície levemente acetinada. Composição: 87% Poliamida / 13% Elastano Modelo veste PP.",87% Poliamida / 13% Elastano,unavailable,https://cdn.vnda.com.br/intibrand/2024/10/17/14_46_15_970_14_10_8_835_biquc38dni20conti20azul20c38dndigo202b20parec39420maya20azul20c38dndigo20frente.jpg?v=1729187180,public_catalog,2026-08-24T17:28:30.310313-03:00,jsonld:price,HIGH,200,,4,1.1022494887525562,0,-0.22028229690527354,-0.6594381067914723,289
3636,Pareô Maya Azul Marinho,https://www.intibrand.com/produto/pareo-maya-azul-marinho-3636,VERÃO 2027,Pareôs,Azul Marinho,449.0,,0.0,PP|P|M|G,"O Pareô Maya possui amarração diferenciada e uma faixa frontal, além do elástico forrado de 2cm na cintura. Com drapeados naturais e fenda frontal, ele traz caimento refinado e delicado que valoriza a silhueta. Confeccionado em microfibra com superfície levemente acetinada. Composição: 87% Poliamida / 13% Elastano Modelo veste PP.",87% Poliamida / 13% Elastano,partial_or_variant_unavailable,https://cdn.vnda.com.br/intibrand/2023/10/19/18_24_00_501_18_10_2_298_biquc38dni20pierce20azul20marinho202b20parec39420maya20azul20marinho20frente.jpg?v=1697750649,public_catalog,2026-08-24T17:28:30.310313-03:00,jsonld:price,HIGH,200,,4,0.918200408997955,0,-0.35334132572157384,-0.7939225936434051,289
3964,Pareô Maya Pérola,https://www.intibrand.com/produto/pareo-maya-perola-3964,VERÃO 2027,Pareôs,Pérola,569.0,,0.0,PP|P|M|G,"O Pareô Maya possui amarração diferenciada e uma faixa frontal, além do elástico forrado de 2cm na cintura. Com drapeados naturais e fenda frontal, ele traz caimento refinado e delicado que valoriza a silhueta. Confeccionado em microfibra com superfície levemente acetinada. Composição: 87% Poliamida / 13% Elastano Modelo veste PP.",87% Poliamida / 13% Elastano,partial_or_variant_unavailable,https://cdn.vnda.com.br/intibrand/2025/03/11/11_07_31_435_11_3_7_700_biquc38dni20riva20pc389rola202b2020parec39420maya20pc389rola20frente201.jpg?v=1743674294,public_catalog,2026-08-24T17:28:30.310313-03:00,jsonld:price,HIGH,200,,4,1.16359918200409,0,-0.20342732456684268,-0.5955933255821426,289
3640,Pareô Maya Preto,https://www.intibrand.com/produto/pareo-maya-preto-3640,VERÃO 2027,Pareôs,Preto,569.0,,0.0,PP|P|M|G,"O Pareô Maya possui amarração diferenciada e uma faixa frontal, além do elástico forrado de 2cm na cintura. Com drapeados naturais e fenda frontal, ele traz caimento refinado e delicado que valoriza a silhueta. Confeccionado em microfibra com superfície levemente acetinada. Composição: 87% Poliamida / 13% Elastano Modelo veste PP.",87% Poliamida / 13% Elastano,partial_or_variant_unavailable,https://cdn.vnda.com.br/intibrand/2025/03/11/11_06_27_209_11_3_1_129_biquc38dni20riva20preto202b20parec39420maya20preto20frente201.jpg?v=1741701990,public_catalog,2026-08-24T17:28:30.310313-03:00,jsonld:price,HIGH,200,,4,1.16359918200409,0,-0.16480748962733266,-0.5823701493340063,289
2117,Pareô Off-White,https://www.intibrand.com/produto/pareo-off-white-2117,VERÃO 2027,Pareôs,Off White,489.0,,0.0,U,"Pareô longo confeccionado em microfibra, com fechamento por amarração feita com duas faixas embutidas de 3cm. Modelagem confortável e exclusiva. Composição: 87% Poliamida / 13% Elastano.",87% Poliamida / 13% Elastano.,unavailable,https://cdn.vnda.com.br/intibrand/2026/08/21/17_34_42_101_biqu-c3-8dni-20lorian-20off-white-20-2b-20pare-c3-94-20off-white-20frente-20-1-17086400.jpg?v=1787344489,public_catalog,2026-08-24T17:28:30.310313-03:00,jsonld:price,HIGH,200,,1,1.0,0,-1.4857567141175685,-1.7367237479667177,289
2116,Pareô Preto,https://www.intibrand.com/produto/pareo-preto-2116,VERÃO 2027,Pareôs,Preto,489.0,,0.0,U,"Pareô longo confeccionado em microfibra, com fechamento por amarração feita com duas faixas embutidas de 3cm. Modelagem confortável e exclusiva. Composição: 87% Poliamida / 13% Elastano.",87% Poliamida / 13% Elastano.,partial_or_variant_unavailable,https://cdn.vnda.com.br/intibrand/2026/08/21/17_33_44_412_biqu-c3-8dni-20lorian-20preto-20-2b-20pare-c3-94-20preto-20frente-20-1-17089130.jpg?v=1787344428,public_catalog,2026-08-24T17:28:30.310313-03:00,jsonld:price,HIGH,200,,1,1.0,0,-1.5378553607694405,-1.7051860309452591,289
3153,Pareô Terracota,https://www.intibrand.com/produto/pareo-terracota-3153,VERÃO 2027,Pareôs,Terracota,489.0,,0.0,U,"Pareô longo confeccionado em microfibra, com fechamento por amarração feita com duas faixas embutidas de 3cm. Modelagem confortável e exclusiva. Composição: 85% Poliamida / 15% Elastano.",85% Poliamida / 15% Elastano.,partial_or_variant_unavailable,https://cdn.vnda.com.br/intibrand/2026/08/21/17_37_20_928_biqu-c3-8dni-20castillo-20terracota-20-2b-20pare-c3-94-20terracota-20frente-20-1-17080400.jpg?v=1787344646,public_catalog,2026-08-24T17:28:30.310313-03:00,jsonld:price,HIGH,200,,1,1.0,0,-1.54356801427046,-1.7315374921570394,289
2672,Pareô Vermelho,https://www.intibrand.com/produto/pareo-vermelho-2672,VERÃO 2027,Pareôs,Vermelho,429.0,,0.0,U,,,unavailable,https://cdn.vnda.com.br/intibrand/2025/09/17/12_51_56_854_biqu-c3-8dni-20finca-20vermelho-20-2b-20pare-c3-94-20vermelho-20frente-20-1-12096550.jpg?v=1758124320,public_catalog,2026-08-24T17:28:30.310313-03:00,jsonld:price,HIGH,200,,1,0.8773006134969326,0,-1.5968515920601214,-1.8324906153227163,289
4687,Saia Bitar Cobre,https://www.intibrand.com/produto/saia-bitar-cobre-4687,VERÃO 2027,Saias,Cobre,264.5,,0.0,P|M|G,"A Saia Bitar é uma peça curta que mistura versatilidade e originalidade. Com metade drapeada e metade lisa, traz personalidade única ao visual. Seu design moderno é ideal para compor looks resort. Modelo veste PP.",,unavailable,https://cdn.vnda.com.br/intibrand/2025/09/26/16_53_30_241_biqu-c3-8dni-20capanema-20cobre-20-2b-20saia-20bitar-20cobre-20ss26-20-1-16090160.jpg?v=1758916439,public_catalog,2026-08-24T17:28:30.310313-03:00,jsonld:price,HIGH,200,,3,0.595050618672666,0,-1.0277116272978715,-1.3634278013380547,289
4685,Saia Bitar Pérola,https://www.intibrand.com/produto/saia-bitar-perola-4685,VERÃO 2027,Saias,Pérola,264.5,,0.0,P|M|G,"A Saia Bitar é uma peça curta que mistura versatilidade e originalidade. Com metade drapeada e metade lisa, traz personalidade única ao visual. Seu design moderno é ideal para compor looks resort. Modelo veste PP.",,partial_or_variant_unavailable,https://cdn.vnda.com.br/intibrand/2025/09/26/16_56_00_836_biqu-c3-8dni-20finca-20p-c3-89rola-20-2b-20saia-20bitar-20p-c3-89rola-20frente-20-1-16092160.jpg?v=1758916560,public_catalog,2026-08-24T17:28:30.310313-03:00,jsonld:price,HIGH,200,,3,0.595050618672666,0,-1.0512179742384615,-1.3412288177365521,289
4686,Saia Bitar Preto,https://www.intibrand.com/produto/saia-bitar-preto-4686,VERÃO 2027,Saias,Preto,264.5,,0.0,P|M|G,"A Saia Bitar é uma peça curta que mistura versatilidade e originalidade. Com metade drapeada e metade lisa, traz personalidade única ao visual. Seu design moderno é ideal para compor looks resort. Modelo veste PP.",,partial_or_variant_unavailable,https://cdn.vnda.com.br/intibrand/2025/09/26/16_54_32_798_biqu-c3-8dni-20finca-20preto-20-2b-20saia-20bitar-20preto-20frente-20-2-16099650.jpg?v=1758916486,public_catalog,2026-08-24T17:28:30.310313-03:00,jsonld:price,HIGH,200,,3,0.595050618672666,0,-1.0125981392989514,-1.328005641488416,289
4688,Saia Bitar Vermelho,https://www.intibrand.com/produto/saia-bitar-vermelho-4688,VERÃO 2027,Saias,Vermelho,264.5,,0.0,P|M|G,"A Saia Bitar é uma peça curta que mistura versatilidade e originalidade. Com metade drapeada e metade lisa, traz personalidade única ao visual. Seu design moderno é ideal para compor looks resort. Modelo veste PP.",,unavailable,https://cdn.vnda.com.br/intibrand/2025/09/26/16_50_39_439_biqu-c3-8dni-20finca-20vermelho-20-2b-20saia-20bitar-20vermelho-20zoom-20frente-20-2-16097620.jpg?v=1758916239,public_catalog,2026-08-24T17:28:30.310313-03:00,jsonld:price,HIGH,200,,3,0.595050618672666,0,-0.9813500264266415,-1.3626958932821656,289
4523,Saia Dorian Off-White,https://www.intibrand.com/produto/saia-dorian-off-white-4523,VERÃO 2027,Saias,Off White,444.5,,0.0,36|38|40|42,"A saia Dorian possui um drapeado plissado no cós que proporciona um ajuste impecável e um toque de charme, enquanto a fenda central nas costas adiciona um detalhe ousado e estiloso. Com fechamento em zíper invisível nas costas, essa saia é prática e fácil de vestir, garantindo um visual moderno para o inverno. Composição: 100% Poliéster Modelo veste 34.",100% Poliéster,partial_or_variant_unavailable,https://cdn.vnda.com.br/intibrand/2025/03/19/14_40_56_327_14_3_7_709_cropped20callie20offwhite202b20saia20dorian20offwhite20frente202203.jpg?v=1742406059,public_catalog,2026-08-24T17:28:30.310313-03:00,jsonld:price,HIGH,200,,4,1.0,0,-0.26301812937799446,-0.724943651332903,289
4524,Saia Dorian Preto,https://www.intibrand.com/produto/saia-dorian-preto-4524,VERÃO 2027,Saias,Preto,444.5,,0.0,36|38|40|42,"A saia Dorian possui um drapeado plissado no cós que proporciona um ajuste impecável e um toque de charme, enquanto a fenda central nas costas adiciona um detalhe ousado e estiloso. Com fechamento em zíper invisível nas costas, essa saia é prática e fácil de vestir, garantindo um visual moderno para o inverno. Composição: 100% Poliéster Modelo veste 34.",100% Poliéster,partial_or_variant_unavailable,https://cdn.vnda.com.br/intibrand/2025/03/19/14_39_48_996_14_3_2_217_cropped20callie20preto202b20saia20dorian20preta20frente203.jpg?v=1742406009,public_catalog,2026-08-24T17:28:30.310313-03:00,jsonld:price,HIGH,200,,4,1.0,0,-0.31511677602986654,-0.6934059343114444,289
4194,Saia Gianni Preta,https://www.intibrand.com/produto/saia-gianni-preta-4194,VERÃO 2027,Saias,Unknown,369.5,,0.0,36|38|40|42,"Saia curta com uma modelagem moderna e elegante, confeccionada em alfaiataria. Ideal para sair do óbvio nos looks de verão. É uma das grandes apostas da coleção. Modelo veste 34.",,partial_or_variant_unavailable,https://cdn.vnda.com.br/intibrand/2024/10/16/11_40_21_509_11_10_6_601_cropped20rodger20preto202b20saia20gianni20preta20frente.jpg?v=1729089625,public_catalog,2026-08-24T17:28:30.310313-03:00,jsonld:price,HIGH,200,,4,0.8312710911136107,0,-0.4301420502068099,-0.8478998403292514,289
4572,Saia Hazel Off-White,https://www.intibrand.com/produto/saia-hazel-off-white-4572,VERÃO 2027,Saias,Off White,444.5,,0.0,36|38|40|42,"Saia longa de alfaiataria com corte reto e fenda lateral discreta, proporcionando sofisticação e liberdade de movimento. Possui cintura alta e acabamento impecável, garantindo um caimento elegante e atemporal. Ideal para composições refinadas, transita perfeitamente entre ocasiões formais e produções contemporâneas. Composição: 94% Poliéster / 6% Elastano Modelo veste 34.",94% Poliéster / 6% Elastano,partial_or_variant_unavailable,https://cdn.vnda.com.br/intibrand/2026/02/02/12_43_01_602_body-20eli-20off-white-20-2b-20saia-20hazel-20off-white-20frente-20-5-12026400.jpg?v=1770046981,public_catalog,2026-08-24T17:28:30.310313-03:00,jsonld:price,HIGH,200,,4,1.0,0,-0.26301812937799446,-0.724943651332903,289
3878,Saia Hill Pink,https://www.intibrand.com/produto/saia-hill-pink-3878,VERÃO 2027,Saias,Pink,329.5,,0.0,34|36|38|40|42,"A saia em alfaiataria estruturada é versátil e traz o cós com transpasse texturizado com pespontos lineares inspirados no minimalismo característico da INTI. Possui zíper de nylon de 15cm, além do botão de pressão frontal interno de 12mm. Composição: 95% Poliéster / 5% Elastano . Comprimento total: 34/40cm, 36/42cm, 38/44cm, 40/46cm, 42/48cm. Modelo veste 34.","95% Poliéster / 5% Elastano . Comprimento total: 34/40cm, 36/42cm, 38/44cm, 40/46cm, 42/48cm.",partial_or_variant_unavailable,https://cdn.vnda.com.br/intibrand/2023/11/14/12_35_27_809_12_11_7_798_cropped20brooks20pink202b20saia20hill20pink20frente.jpg?v=1701710533,public_catalog,2026-08-24T17:28:30.310313-03:00,jsonld:price,HIGH,200,,5,0.7412823397075365,0,-0.07827554495444122,-0.5812512406058122,289
4036,Saia Keith Off-White,https://www.intibrand.com/produto/saia-keith-off-white-4036,VERÃO 2027,Saias,Off White,339.5,,0.0,36|38|40|42,Uma versão mini ideal para eventos diurnos. A Saia Keith possui design contemporâneo e detalhe assimétrico na pala. Elegante com estilo característico Inti. Modelo veste 34.,,partial_or_variant_unavailable,https://cdn.vnda.com.br/intibrand/2024/03/19/13_38_41_201_13_3_4_437_cropped20harold20offwhite202b20saia20keith2020offwhite20frente202b20acessorio.jpg?v=1710866324,public_catalog,2026-08-24T17:28:30.310313-03:00,jsonld:price,HIGH,200,,4,0.7637795275590551,0,-0.42629740927180765,-0.9008126268019466,289
4676,Saia Lisse Off-White,https://www.intibrand.com/produto/saia-lisse-off-white-4676,VERÃO 2027,Saias,Off White,494.5,,0.0,36|38|40|42,"Mais uma peça casual para o verão 26. Saia midi com cós arredondado em formato orgânico e recorte lateral direito, com aviamento exclusivo banhado a ouro, que traz sofisticação e estilo. Composição: 94% Poliéster / 6% Elastano Modelo veste 34.",94% Poliéster / 6% Elastano,partial_or_variant_unavailable,https://cdn.vnda.com.br/intibrand/2025/09/26/14_10_54_482_cropped-20lelac-20off-white-20-2b-20saia-20lisse-20off-white-20lado-202-20-3-14096120.jpg?v=1758906657,public_catalog,2026-08-24T17:28:30.310313-03:00,jsonld:price,HIGH,200,,4,1.1124859392575928,0,-0.18526609133332156,-0.6411965201571679,289
4677,Saia Lisse Preto,https://www.intibrand.com/produto/saia-lisse-preto-4677,VERÃO 2027,Saias,Preto,494.5,,0.0,36|38|40|42,"Mais uma peça casual para o verão 26. Saia midi com cós arredondado em formato orgânico e recorte lateral direito, com aviamento exclusivo banhado a ouro, que traz sofisticação e estilo. Composição: 94% Poliéster / 6% Elastano Modelo veste 34.",94% Poliéster / 6% Elastano,partial_or_variant_unavailable,https://cdn.vnda.com.br/intibrand/2025/09/26/14_11_27_526_cropped-20lelac-20preto-20-2b-20saia-20lisse-20preto-20lado-202-20-3-14098730.jpg?v=1758906722,public_catalog,2026-08-24T17:28:30.310313-03:00,jsonld:price,HIGH,200,,4,1.1124859392575928,0,-0.23736473798519364,-0.6096588031357093,289
4162,Saia Moretti Vermelho,https://www.intibrand.com/produto/saia-moretti-vermelho-4162,VERÃO 2027,Saias,Vermelho,394.5,,0.0,36|38|40|42|44,"Trouxemos uma nova proposta em alfaiataria para nossas saias midis, com um design autêntico, clean e arquitetônico. Suas linhas retas e ânguladas são os grandes protagonistas do modelo. Saia envelope, fechamento com dois ganchos americanos e um botão de pressão interno. Modelo veste 34.",,partial_or_variant_unavailable,https://cdn.vnda.com.br/intibrand/2024/08/08/12_13_26_41_12_8_0_067_cropped20mancini20vermelho202b20saia20moretti20vermelha20zoom.jpg?v=1727357247,public_catalog,2026-08-24T17:28:30.310313-03:00,jsonld:price,HIGH,200,,5,0.8875140607424072,0,0.05595332510603286,-0.47873328233660367,289
4806,Saia Remmy Marrom,https://www.intibrand.com/produto/saia-remmy-marrom-4806,VERÃO 2027,Saias,Marrom,989.0,,0.0,34|36|38|40|42,"Saia longa, com caimento elegante e design que valoriza o movimento. Possui fechamento por zíper invisível na parte posterior e fenda traseira, garantindo conforto e sofisticação na medida certa. Composição: 93% Poliéster / 7% Elastano Modelo veste 34.",93% Poliéster / 7% Elastano,partial_or_variant_unavailable,https://cdn.vnda.com.br/intibrand/2026/03/16/15_46_55_737_corselet-20steven-20marrom-20-2b-20saia-20remmy-20marrom-20frente-20edit-15036490.jpg?v=1773686818,public_catalog,2026-08-24T17:28:30.310313-03:00,jsonld:price,HIGH,200,,5,2.2249718785151855,2,0.9567595001607224,0.5396680696695881,166
4805,Saia Remmy Preto,https://www.intibrand.com/produto/saia-remmy-preto-4805,VERÃO 2027,Saias,Preto,989.0,,0.0,34|36|38|40|42,"Saia longa, com caimento elegante e design que valoriza o movimento. Possui fechamento por zíper invisível na parte posterior e fenda traseira, garantindo conforto e sofisticação na medida certa. Composição: 93% Poliéster / 7% Elastano Modelo veste 34.",93% Poliéster / 7% Elastano,partial_or_variant_unavailable,https://cdn.vnda.com.br/intibrand/2026/03/05/12_50_52_173_body-20chiara-20preto-20-2b-20saia-20remmy-20preta-20frente-205-12031060.jpg?v=1772726674,public_catalog,2026-08-24T17:28:30.310313-03:00,jsonld:price,HIGH,200,,5,2.2249718785151855,2,0.9491769445848838,0.551710359136636,166
4860,Saia Riley Off-White,https://www.intibrand.com/produto/saia-riley-off-white-4860,VERÃO 2027,Saias,Off White,859.0,,0.0,34|36|38|40|42|44,"Com design contemporâneo, a Saia Riley se destaca pelo recorte assimétrico que valoriza a silhueta. O detalhe vazado lateral adiciona personalidade ao visual, enquanto a modelagem estruturada garante elegância e caimento impecável. Composição: 93% Poliéster / 7% Elastano Modelo veste 34.",93% Poliéster / 7% Elastano,partial_or_variant_unavailable,https://cdn.vnda.com.br/intibrand/2026/04/01/18_18_07_673_gaby-20v-c3-8ddeos-20-20-story-20-202026-04-01t181744-416-18043610.jpg?v=1775078309,public_catalog,2026-08-24T17:28:30.310313-03:00,jsonld:price,HIGH,200,,6,1.9325084364454443,2,1.2166943186288686,0.6355401360025914,166
4861,Saia Riley Preto,https://www.intibrand.com/produto/saia-riley-preto-4861,VERÃO 2027,Saias,Preto,859.0,,0.0,34|36|38|40|42|44,"Com design contemporâneo, a Saia Riley se destaca pelo recorte assimétrico que valoriza a silhueta. O detalhe vazado lateral adiciona personalidade ao visual, enquanto a modelagem estruturada garante elegância e caimento impecável. Composição: 93% Poliéster / 7% Elastano Modelo veste 34.",93% Poliéster / 7% Elastano,partial_or_variant_unavailable,https://cdn.vnda.com.br/intibrand/2026/04/01/18_16_20_480_gaby-20v-c3-8ddeos-20-20-story-20-202026-04-01t181539-265-18040050.jpg?v=1775078194,public_catalog,2026-08-24T17:28:30.310313-03:00,jsonld:price,HIGH,200,,6,1.9325084364454443,2,1.1645956719769965,0.66707785302405,166
4151,Saia Smith Preta,https://www.intibrand.com/produto/saia-smith-preta-4151,VERÃO 2027,Saias,Unknown,644.5,,0.0,34|36|38|40|42,"A saia Smith é definitivamente um must have para o verão. Saia longa de cintura baixa, corte reto e fechamento posterior por zíper invisível. Modelo veste 34.",,partial_or_variant_unavailable,https://cdn.vnda.com.br/intibrand/2024/07/30/13_09_53_23_13_7_1_193_cropped20fiore20preto202b20saia20smith20preta20frente.jpg?v=1722355804,public_catalog,2026-08-24T17:28:30.310313-03:00,jsonld:price,HIGH,200,,5,1.4499437570303713,0,0.41506818534715345,-0.05418058391838299,289
3948,Saída Bennett Pérola,https://www.intibrand.com/produto/saida-bennett-perola-3948,VERÃO 2027,Saídas,Pérola,989.0,,0.0,PP|P|M|G,O drapeado modela essa saída com fenda e franzidos frontais. O decote profundo possui o acabamento da faixa que agrega movimeto à peça. Confeccionado em malha estruturada com leve brilho. Composição: 85% Poliamida / 15% Elastano Modelo veste PP.,85% Poliamida / 15% Elastano,partial_or_variant_unavailable,https://cdn.vnda.com.br/intibrand/2025/11/14/11_59_40_866_sa-c3-8dda-20bennett-20p-c3-89rola-20zoom-20-3-11113600.jpg?v=1763132385,public_catalog,2026-08-24T17:28:30.310313-03:00,jsonld:price,HIGH,200,,4,1.663582842724979,0,0.353514766116435,-0.14943454743192644,289
3949,Saída Bennett Preta,https://www.intibrand.com/produto/saida-bennett-preta-3949,VERÃO 2027,Saídas,Unknown,989.0,,0.0,PP|P|M|G,O drapeado modela essa saída com fenda e franzidos frontais. O decote profundo possui o acabamento da faixa que agrega movimeto à peça. Confeccionado em malha estruturada com leve brilho. Composição: 85% Poliamida / 15% Elastano Modelo veste PP.,85% Poliamida / 15% Elastano,partial_or_variant_unavailable,https://cdn.vnda.com.br/intibrand/2025/11/14/12_00_29_343_sa-c3-8dda-20bennett-20preta-20frente-20-3-12112990.jpg?v=1763132435,public_catalog,2026-08-24T17:28:30.310313-03:00,jsonld:price,HIGH,200,,4,1.663582842724979,0,0.39373738394601104,-0.16508458043799448,289
4584,Saída Clarke Cobre,https://www.intibrand.com/produto/saida-clarke-cobre-4584,VERÃO 2027,Saídas,Cobre,594.5,,0.0,PP|P|M|G,"Com decote degagê e alças ajustáveis, a saída Clarke é a peça resort perfeita para quem busca versatilidade. As alças permitem diversas amarrações, oferecendo opções de uso personalizadas. Composição: 87% Poliéster / 13% Elastano Modelo veste PP.",87% Poliéster / 13% Elastano,partial_or_variant_unavailable,https://cdn.vnda.com.br/intibrand/2025/08/29/13_40_17_413_sa-c3-8dda-20clarke-20cobre-20frente-13087530.jpg?v=1756485628,public_catalog,2026-08-24T17:28:30.310313-03:00,jsonld:price,HIGH,200,,4,1.0,0,-0.18069361881448115,-0.6887063185846434,289
4581,Saída Clarke Pérola,https://www.intibrand.com/produto/saida-clarke-perola-4581,VERÃO 2027,Saídas,Pérola,594.5,,0.0,PP|P|M|G,"Com decote degagê e alças ajustáveis, a saída Clarke é a peça resort perfeita para quem busca versatilidade. As alças permitem diversas amarrações, oferecendo opções de uso personalizadas. Composição: 84% Poliamida / 16% Elastano Modelo veste PP.",84% Poliamida / 16% Elastano,partial_or_variant_unavailable,https://cdn.vnda.com.br/intibrand/2025/08/22/12_14_32_939_sa-c3-8dda-20clarke-20p-c3-89rola-20frente-12085960.jpg?v=1755876164,public_catalog,2026-08-24T17:28:30.310313-03:00,jsonld:price,HIGH,200,,4,1.0,0,-0.20419996575507107,-0.6665073349831407,289
4582,Saída Clarke Preto,https://www.intibrand.com/produto/saida-clarke-preto-4582,VERÃO 2027,Saídas,Preto,594.5,,0.0,PP|P|M|G,"Com decote degagê e alças ajustáveis, a saída Clarke é a peça resort perfeita para quem busca versatilidade. As alças permitem diversas amarrações, oferecendo opções de uso personalizadas. Composição: 84% Poliamida / 16% Elastano Modelo veste PP.",84% Poliamida / 16% Elastano,partial_or_variant_unavailable,https://cdn.vnda.com.br/intibrand/2025/08/22/12_15_17_677_sa-c3-8dda-20clarke-20preta-20frente-12088150.jpg?v=1755875717,public_catalog,2026-08-24T17:28:30.310313-03:00,jsonld:price,HIGH,200,,4,1.0,0,-0.16558013081556106,-0.6532841587350044,289
4583,Saída Clarke Vermelho,https://www.intibrand.com/produto/saida-clarke-vermelho-4583,VERÃO 2027,Saídas,Vermelho,594.5,,0.0,PP|P|M|G,"Com decote degagê e alças ajustáveis, a saída Clarke é a peça resort perfeita para quem busca versatilidade. As alças permitem diversas amarrações, oferecendo opções de uso personalizadas. Composição: 84% Poliamida / 16% Elastano Modelo veste PP.",84% Poliamida / 16% Elastano,partial_or_variant_unavailable,https://cdn.vnda.com.br/intibrand/2025/08/29/13_41_15_147_sa-c3-8dda-20clarke-20vermelha-20frente-13089890.jpg?v=1756485684,public_catalog,2026-08-24T17:28:30.310313-03:00,jsonld:price,HIGH,200,,4,1.0,0,-0.1343320179432511,-0.687974410528754,289
4450,Saída Topaz Pérola,https://www.intibrand.com/produto/saida-topaz-perola-4450,VERÃO 2027,Saídas,Pérola,594.5,,0.0,P|M|G,"Esta saída longa é uma das grandes apostas da coleção. Com um decote degagê profundo e alças finas, a peça se ajusta elegantemente ao corpo, criando uma silhueta fluida e atraente. O detalhe lateral com aplicação de aviamento luxuoso confere um toque único, destacando a cintura e trazendo ainda mais personalidade a peça. Composição: 87% Poliamida / 13% Elastano | Forro: 92,6% Poliéster / 7,4% Elastano. Modelo veste PP.","87% Poliamida / 13% Elastano | Forro: 92,6% Poliéster / 7,4% Elastano.",partial_or_variant_unavailable,https://cdn.vnda.com.br/intibrand/2025/02/03/15_44_00_366_15_2_6_622_sac38dda20topaz20offwhite20frente202.jpg?v=1749084103,public_catalog,2026-08-24T17:28:30.310313-03:00,jsonld:price,HIGH,200,,3,1.0,0,-0.6217739920633334,-0.9996173699274659,289
4451,Saída Topaz Preto,https://www.intibrand.com/produto/saida-topaz-preto-4451,VERÃO 2027,Saídas,Preto,594.5,,0.0,P|M|G,"Esta saída longa é uma das grandes apostas da coleção. Com um decote degagê profundo e alças finas, a peça se ajusta elegantemente ao corpo, criando uma silhueta fluida e atraente. O detalhe lateral com aplicação de aviamento luxuoso confere um toque único, destacando a cintura e trazendo ainda mais personalidade a peça. Composição: 87% Poliamida / 13% Elastano Modelo veste PP.",87% Poliamida / 13% Elastano,partial_or_variant_unavailable,https://cdn.vnda.com.br/intibrand/2025/09/11/13_45_20_89_sa-c3-8dda-20topaz-20preta-20frente-202-2c-2c-2c-13091500.jpg?v=1757609127,public_catalog,2026-08-24T17:28:30.310313-03:00,jsonld:price,HIGH,200,,3,1.0,0,-0.5831541571238233,-0.9863941936793296,289
4533,Short Adonis Preto,https://www.intibrand.com/produto/short-adonis-preto-4533,VERÃO 2027,Shorts,Preto,345.0,,0.0,36|38|40|42,"Short em alfaiataria com design sofisticado e modelagem impecável. Possui cintura alta e recorte frontal, realçando a silhueta com um toque de modernidade. O caimento refinado garante elegância e conforto, tornando a peça versátil para diferentes ocasiões. Composição: 94% Poliéster / 6% Elastano Modelo veste 34.",94% Poliéster / 6% Elastano,partial_or_variant_unavailable,https://cdn.vnda.com.br/intibrand/2025/03/31/18_12_07_322_18_3_3_348_conjunto20adonis20preto20frente20zoom202.jpg?v=1743455532,public_catalog,2026-08-24T17:28:30.310313-03:00,jsonld:price,HIGH,200,,4,0.9274193548387096,0,-0.4314999648919085,-0.7567839420857932,289
4901,Short Caleb Off-White,https://www.intibrand.com/produto/short-caleb-off-white-4901,VERÃO 2027,Shorts,Off White,689.0,,0.0,34|36|38|40|42|44,"Sofisticação atemporal define o Short Caleb. Com modelagem de alfaiataria e acabamento impecável, ele é a peça versátil que transita com facilidade entre o casual e o elegante. Composição: 93% Poliéster / 7% Elastano Modelo veste 34.",93% Poliéster / 7% Elastano,partial_or_variant_unavailable,https://cdn.vnda.com.br/intibrand/2026/04/29/15_41_53_648_gaby-20v-c3-8ddeos-20-20-3740-20x-204987-20px-20-2-15044520.jpg?v=1777488121,public_catalog,2026-08-24T17:28:30.310313-03:00,jsonld:price,HIGH,200,,6,1.8521505376344085,2,1.028230156092682,0.5508618616597464,166
4902,Short Caleb Preto,https://www.intibrand.com/produto/short-caleb-preto-4902,VERÃO 2027,Shorts,Preto,689.0,,0.0,34|36|38|40|42|44,"Sofisticação atemporal define o Short Caleb. Com modelagem de alfaiataria e acabamento impecável, ele é a peça versátil que transita com facilidade entre o casual e o elegante. Composição: 93% Poliéster / 7% Elastano Modelo veste 34.",93% Poliéster / 7% Elastano,partial_or_variant_unavailable,https://cdn.vnda.com.br/intibrand/2026/04/29/15_35_53_415_gaby-20v-c3-8ddeos-20-20-3740-20x-204987-20px-20-1-15043480.jpg?v=1777487953,public_catalog,2026-08-24T17:28:30.310313-03:00,jsonld:price,HIGH,200,,6,1.8521505376344085,2,0.9761315094408101,0.582399578681205,166
4598,Short Linho Strauss Caramelo,https://www.intibrand.com/produto/short-linho-strauss-caramelo-4598,VERÃO 2027,Shorts,Caramelo,364.5,,0.0,36|38|40|42,"O short em linho de cintura alta é a peça versátil que não pode faltar no seu closet. Perfeito para compor looks tanto casuais quanto resort, ele proporciona conforto em qualquer ocasião. Modelo veste 34.",,partial_or_variant_unavailable,https://cdn.vnda.com.br/intibrand/2025/09/11/17_04_52_663_cropped-20linho-20brett-20caramelo-20-2b-20short-20linho-20strauss-20caramelo-20frente-20-1-20-1-17095810.jpg?v=1757621209,public_catalog,2026-08-24T17:28:30.310313-03:00,jsonld:price,HIGH,200,,4,0.9798387096774194,0,-0.39566606393528553,-0.7495176830572804,289
4597,Short Linho Strauss Preto,https://www.intibrand.com/produto/short-linho-strauss-preto-4597,VERÃO 2027,Shorts,Preto,364.5,,0.0,36|38|40|42,"O short em linho de cintura alta é a peça versátil que não pode faltar no seu closet. Perfeito para compor looks tanto casuais quanto resort, ele proporciona conforto em qualquer ocasião. Modelo veste 34.",,partial_or_variant_unavailable,https://cdn.vnda.com.br/intibrand/2025/09/11/17_12_00_627_cropped-20linho-20brett-20preto-20-2b-20short-20linho-20straus-20preto-20-20frente-20-2-20-1-17098930.jpg?v=1757621522,public_catalog,2026-08-24T17:28:30.310313-03:00,jsonld:price,HIGH,200,,4,0.9798387096774194,0,-0.3990481430213684,-0.7186363046086776,289
4520,Short Saia Donati Preto,https://www.intibrand.com/produto/short-saia-donati-preto-4520,VERÃO 2027,Shorts,Preto,344.5,,0.0,36|38|40|42,"Este short saia une conforto e estilo em uma peça moderna e versátil. Com design assimétrico e sobreposição frontal, traz um visual elegante e diferenciado. Possui cintura alta que alonga a silhueta, perfeito para looks casuais. Composição: 94% Poliéster / 6% Elastano Modelo veste 34.",94% Poliéster / 6% Elastano,partial_or_variant_unavailable,https://cdn.vnda.com.br/intibrand/2025/03/11/11_55_18_803_11_3_8_833_cropped20rhea20preto202b20short20saia20donati20preto20frente202.jpg?v=1741704926,public_catalog,2026-08-24T17:28:30.310313-03:00,jsonld:price,HIGH,200,,4,0.9260752688172043,0,-0.43233206288858905,-0.7577620866364886,289
4673,Short Saia Kahn Off-White,https://www.intibrand.com/produto/short-saia-kahn-off-white-4673,VERÃO 2027,Shorts,Off White,394.5,,0.0,36|38|40|42,"O Short Saia Kahn, confeccionado em alfaiataria, possui tecido sobreposto e cós plissado que acintura a peça. Ele proporciona um ajuste impecável e realça a silhueta de forma elegante. O zíper invisível garante praticidade e um acabamento perfeito. Modelo veste 34.",,partial_or_variant_unavailable,https://cdn.vnda.com.br/intibrand/2025/09/26/12_54_27_319_cropped-20lelac-20off-white-20-2b-20short-20saia-20kahn-20off-white-20frente-20-3-12098340.jpg?v=1758902075,public_catalog,2026-08-24T17:28:30.310313-03:00,jsonld:price,HIGH,200,,4,1.060483870967742,0,-0.29702361656866544,-0.6914853485884198,289
4674,Short Saia Kahn Preto,https://www.intibrand.com/produto/short-saia-kahn-preto-4674,VERÃO 2027,Shorts,Preto,394.5,,0.0,36|38|40|42,"O Short Saia Kahn, confeccionado em alfaiataria, possui tecido sobreposto e cós plissado que acintura a peça. Ele proporciona um ajuste impecável e realça a silhueta de forma elegante. O zíper invisível garante praticidade e um acabamento perfeito. Modelo veste 34.",,partial_or_variant_unavailable,https://cdn.vnda.com.br/intibrand/2025/09/26/12_57_34_424_cropped-20lelac-20preto-20-2b-20short-20saia-20kahn-20preto-20frente-20-3-12098040.jpg?v=1758902254,public_catalog,2026-08-24T17:28:30.310313-03:00,jsonld:price,HIGH,200,,4,1.060483870967742,0,-0.3491222632205375,-0.6599476315669612,289
4140,Short Saia Raff Azul Marinho,https://www.intibrand.com/produto/short-saia-raff-azul-marinho-4140,VERÃO 2027,Shorts,Azul Marinho,344.5,,0.0,34|36|38|40|42,"Nosso primeiro short saia em alfaiataria chegou com uma modelagem delicada e elegante na medida certa. Formas lineares desconstruídas e design clean criam a peça perfeita. Possui cós sobreposto estruturado com fechamento em gancho americano, bainha invisível, e zíper também invisível nas costas. Modelo veste 34.",,partial_or_variant_unavailable,https://cdn.vnda.com.br/intibrand/2024/07/29/10_38_24_235_10_7_5_534_cropped20mancini20azul20marinho202b20short20saia20raff20azul20marinho20frente201.jpg?v=1722260306,public_catalog,2026-08-24T17:28:30.310313-03:00,jsonld:price,HIGH,200,,5,0.9260752688172043,0,-0.022803184348586393,-0.45097583083414683,289
4678,Short Vesu Off-White,https://www.intibrand.com/produto/short-vesu-off-white-4678,VERÃO 2027,Shorts,Off White,379.5,,0.0,36|38|40|42,"O Short Vesu, confeccionado em alfaiataria, é uma peça de design original e único. Com uma ondulação delicada na parte inferior, o design traz um toque sofisticado e moderno à peça. O zíper invisível na parte posterior garante um ajuste perfeito e acabamento impecável. Composição: 94% Poliéster / 6% Elastano Modelo veste 34.",94% Poliéster / 6% Elastano,partial_or_variant_unavailable,https://cdn.vnda.com.br/intibrand/2025/09/26/14_25_33_570_blusa-20moonsoon-20off-white-20-2b-20short-20vesu-20off-white-20frente-203-20-3-14099540.jpg?v=1758907539,public_catalog,2026-08-24T17:28:30.310313-03:00,jsonld:price,HIGH,200,,4,1.0201612903225807,0,-0.32198655646908086,-0.7208296851092779,289
4437,Sobretudo Ferraro Off-White,https://www.intibrand.com/produto/sobretudo-ferraro-off-white-4437,VERÃO 2027,Sobretudos,Off White,1244.5,,0.0,36|38|40|42,"O Sobretudo Ferraro veio com comprimento médio e barra assimétrica. O modelo é perfeito para ocasiões sofisticadas neste inverno. Possui gola ampla, dois botões orgânicos banhados a ouro e mangas longas. Além do caimento estruturado que destaca a silhueta de forma sutil. Composição: 80% Poliéster / 20% Viscose Modelo veste 34.",80% Poliéster / 20% Viscose,partial_or_variant_unavailable,https://cdn.vnda.com.br/intibrand/2025/01/31/17_21_59_50_17_1_7_787_sobretudo20ferraro20offwhite20frente.jpg?v=1738354956,public_catalog,2026-08-24T17:28:30.310313-03:00,jsonld:price,HIGH,200,,4,1.0,0,0.5345665904735043,-0.5287649271412099,289
2333,Top Orion Branco | Orion Top White,https://www.intibrand.com/produto/top-orion-branco-2333,VERÃO 2027,Croppeds,Branco,89.5,,0.0,P|M|G|GG,"Top faixa básico com costura embutida. Composição: 87% Poliamida, 13% Elastano.","87% Poliamida, 13% Elastano.",partial_or_variant_unavailable,https://cdn.vnda.com.br/intibrand/2020/03/27/18_3_9_986_oriontopwhite1.jpg?v=1585343098,public_catalog,2026-08-24T17:28:30.310313-03:00,jsonld:price,HIGH,200,,4,0.22686945500633712,0,-0.8650574294587767,-1.3129830825328717,289
4385,Vestido Acacius Off-White,https://www.intibrand.com/produto/vestido-acacius-off-white-4385,VERÃO 2027,Vestidos,Off White,1789.0,,0.0,34|36|38|40|42|44,"Vestido midi de manga longa com um design sofisticado e elegante. Confeccionado em malha jersey com caimento ajustado ao corpo, o modelo apresenta um delicado drapeado que valoriza a silhueta de forma sutil. Ideal para eventos sociais ou ocasiões especiais, o vestido traz conforto e estilo em uma única peça. Composição: 96% Poliéster 4% Elastano | Forro: 88% Poliamida 12% Elastano Modelo veste 34.",96% Poliéster 4% Elastano | Forro: 88% Poliamida 12% Elastano,partial_or_variant_unavailable,https://cdn.vnda.com.br/intibrand/2025/01/28/12_12_04_462_12_1_3_384_vestido20acacius20offwhite20frente201.jpg?v=1738077129,public_catalog,2026-08-24T17:28:30.310313-03:00,jsonld:price,HIGH,200,,6,1.672744273024778,2,2.226484726811686,0.6657784398117168,166
4386,Vestido Acacius Preto,https://www.intibrand.com/produto/vestido-acacius-preto-4386,VERÃO 2027,Vestidos,Preto,1789.0,,0.0,34|36|38|40|42|44,"Vestido midi de manga longa com um design sofisticado e elegante. Confeccionado em malha jersey com caimento ajustado ao corpo, o modelo apresenta um delicado drapeado que valoriza a silhueta de forma sutil. Ideal para eventos sociais ou ocasiões especiais, o vestido traz conforto e estilo em uma única peça. Composição: 96% Poliéster 4% Elastano | Forro: 88% Poliamida 12% Elastano Modelo veste 34.",96% Poliéster 4% Elastano | Forro: 88% Poliamida 12% Elastano,partial_or_variant_unavailable,https://cdn.vnda.com.br/intibrand/2025/01/28/12_10_30_201_12_1_4_498_vestido20acacius20preto20zoom201.jpg?v=1747732091,public_catalog,2026-08-24T17:28:30.310313-03:00,jsonld:price,HIGH,200,,6,1.672744273024778,2,2.174386080159814,0.6973161568331754,166
4387,Vestido Acacius Vermelho,https://www.intibrand.com/produto/vestido-acacius-vermelho-4387,VERÃO 2027,Vestidos,Vermelho,1789.0,,0.0,34|36|38|40|42|44,"Vestido midi de manga longa com um design sofisticado e elegante. Confeccionado em malha jersey com caimento ajustado ao corpo, o modelo apresenta um delicado drapeado que valoriza a silhueta de forma sutil. Ideal para eventos sociais ou ocasiões especiais, o vestido traz conforto e estilo em uma única peça. Composição: 96% Poliéster 4% Elastano | Forro: 88% Poliamida 12% Elastano Modelo veste 34.",96% Poliéster 4% Elastano | Forro: 88% Poliamida 12% Elastano,partial_or_variant_unavailable,https://cdn.vnda.com.br/intibrand/2026/02/25/14_14_49_199_vestido-20acacius-20vermelho-20frente-20-3-14027850.jpg?v=1772039693,public_catalog,2026-08-24T17:28:30.310313-03:00,jsonld:price,HIGH,200,,6,1.672744273024778,2,2.2056341930321244,0.6626259050394259,166
4703,Vestido Alvorada Off-White,https://www.intibrand.com/produto/vestido-alvorada-off-white-4703,VERÃO 2027,Vestidos,Off White,744.5,,0.0,34|36|38|40|42,"O Vestido Alvorada é a definição de sofisticação moderna. Com um design assimétrico marcante, ele se destaca pelo corte único de um ombro só, criando uma silhueta envolvente. A modelagem transpassada valoriza as curvas, enquanto o recorte lateral na cintura adiciona um toque ousado e contemporâneo. A inovação aparece na saia removível, que pode ser destacada facilmente por meio de botões de pressão internos. Composição: 96% Poliéster / 4% Elastano Modelo veste 34.",96% Poliéster / 4% Elastano,partial_or_variant_unavailable,https://cdn.vnda.com.br/intibrand/2025/11/19/19_23_00_3_alvorada-20-1-19118050.jpg?v=1763591011,public_catalog,2026-08-24T17:28:30.310313-03:00,jsonld:price,HIGH,200,,5,0.6961196820944366,0,0.5265376131936195,-0.5356505562743163,289
4704,Vestido Alvorada Preto,https://www.intibrand.com/produto/vestido-alvorada-preto-4704,VERÃO 2027,Vestidos,Preto,744.5,,0.0,34|36|38|40|42,"O Vestido Alvorada é a definição de sofisticação moderna. Com um design assimétrico marcante, ele se destaca pelo corte único de um ombro só, criando uma silhueta envolvente. A modelagem transpassada valoriza as curvas, enquanto o recorte lateral na cintura adiciona um toque ousado e contemporâneo. A inovação aparece na saia removível, que pode ser destacada facilmente por meio de botões de pressão internos. Composição: 96% Poliéster / 4% Elastano Modelo veste 34.",96% Poliéster / 4% Elastano,partial_or_variant_unavailable,https://cdn.vnda.com.br/intibrand/2025/11/19/19_23_24_412_alvorada-20-2-19115400.jpg?v=1763591083,public_catalog,2026-08-24T17:28:30.310313-03:00,jsonld:price,HIGH,200,,5,0.6961196820944366,0,0.47443896654174733,-0.5041128392528578,289
4705,Vestido Alvorada Vermelho,https://www.intibrand.com/produto/vestido-alvorada-vermelho-4705,VERÃO 2027,Vestidos,Vermelho,744.5,,0.0,34|36|38|40|42,"O Vestido Alvorada é a definição de sofisticação moderna. Com um design assimétrico marcante, ele se destaca pelo corte único de um ombro só, criando uma silhueta envolvente. A modelagem transpassada valoriza as curvas, enquanto o recorte lateral na cintura adiciona um toque ousado e contemporâneo. A inovação aparece na saia removível, que pode ser destacada facilmente por meio de botões de pressão internos. Composição: 96% Poliéster / 4% Elastano Modelo veste 34.",96% Poliéster / 4% Elastano,partial_or_variant_unavailable,https://cdn.vnda.com.br/intibrand/2025/11/19/19_25_30_884_alvorada-20-3-19117890.jpg?v=1778004852,public_catalog,2026-08-24T17:28:30.310313-03:00,jsonld:price,HIGH,200,,5,0.6961196820944366,0,0.5056870794140573,-0.5388030910466073,289
4544,Vestido Amida Off-White,https://www.intibrand.com/produto/vestido-amida-off-white-4544,VERÃO 2027,Vestidos,Off White,1889.0,,0.0,36|38|40|42,"O vestido Amida é uma peça elegante da linha Party, confeccionada em alfaiataria. Possui recorte em gota na lateral e busto arredondado. A alça única adiciona um toque moderno e delicado, enquanto a fenda posterior e o zíper invisível garantem um acabamento impecável. Composição: 94% Poliéster / 6% Elastano Modelo veste 34.",94% Poliéster / 6% Elastano,partial_or_variant_unavailable,https://cdn.vnda.com.br/intibrand/2025/07/25/16_05_07_812_16_7_4_478_vestido20amida20offwhite20lado.jpg?v=1753470323,public_catalog,2026-08-24T17:28:30.310313-03:00,jsonld:price,HIGH,200,,4,1.7662459093034129,2,1.5141105456465553,0.08269086979302395,166
4301,Vestido Archie Off-White,https://www.intibrand.com/produto/vestido-archie-off-white-4301,VERÃO 2027,Vestidos,Off White,644.5,,0.0,36|38|40|42,"Para os dias de verão, nossa escolha é o vestido Archie. Seu design moderno, detalhes orgânicos e caimento impecável o tornam único. Modelo veste 34.",,partial_or_variant_unavailable,https://cdn.vnda.com.br/intibrand/2024/11/28/11_00_53_212_11_11_6_603_vestido20archie20offwhite20frente.jpg?v=1732802456,public_catalog,2026-08-24T17:28:30.310313-03:00,jsonld:price,HIGH,200,,4,0.6026180458158018,0,-0.013810284566036314,-0.9518930910885993,289
4303,Vestido Archie Preto,https://www.intibrand.com/produto/vestido-archie-preto-4303,VERÃO 2027,Vestidos,Preto,644.5,,0.0,36|38|40|42,"Para os dias de verão, nossa escolha é o vestido Archie. Seu design moderno, detalhes orgânicos e caimento impecável o tornam único. Modelo veste 34.",,partial_or_variant_unavailable,https://cdn.vnda.com.br/intibrand/2024/11/28/10_48_22_83_10_11_1_115_vestido20archie20preto20frente.jpg?v=1733493890,public_catalog,2026-08-24T17:28:30.310313-03:00,jsonld:price,HIGH,200,,4,0.6026180458158018,0,-0.0659089312179084,-0.9203553740671407,289
4304,Vestido Archie Vermelho,https://www.intibrand.com/produto/vestido-archie-vermelho-4304,VERÃO 2027,Vestidos,Vermelho,644.5,,0.0,36|38|40|42,"Para os dias de verão, nossa escolha é o vestido Archie. Seu design moderno, detalhes orgânicos e caimento impecável o tornam único. Modelo veste 34.",,partial_or_variant_unavailable,https://cdn.vnda.com.br/intibrand/2024/11/28/11_00_16_866_11_11_1_117_vestido20archie20vermelho20frente.jpg?v=1732802420,public_catalog,2026-08-24T17:28:30.310313-03:00,jsonld:price,HIGH,200,,4,0.6026180458158018,0,-0.034660818345598414,-0.9550456258608903,289
4364,Vestido Asther Off-White,https://www.intibrand.com/produto/vestido-asther-off-white-4364,VERÃO 2027,Vestidos,Off White,744.5,,0.0,36|38|40|42,"Com um design minimalista e moderno, o design exclusivo valoriza a silhueta feminina, destacando o busto e a cintura com delicadeza. Ideal para eventos sofisticados, a peça é sinônimo de elegância e estilo, sendo uma escolha certeira para ocasiões que exigem sofisticação. Composição: 93% Poliéster / 7% Elastano Modelo veste 34.",93% Poliéster / 7% Elastano,partial_or_variant_unavailable,https://cdn.vnda.com.br/intibrand/2025/01/23/14_05_10_764_14_1_7_775_vestido20asther20offwhite20frente201.jpg?v=1737651922,public_catalog,2026-08-24T17:28:30.310313-03:00,jsonld:price,HIGH,200,,4,0.6961196820944366,0,0.10896358688535715,-0.8687605912186416,289
4366,Vestido Asther Vermelho,https://www.intibrand.com/produto/vestido-asther-vermelho-4366,VERÃO 2027,Vestidos,Vermelho,744.5,,0.0,36|38|40|42,"Com um design minimalista e moderno, o design exclusivo valoriza a silhueta feminina, destacando o busto e a cintura com delicadeza. Ideal para eventos sofisticados, a peça é sinônimo de elegância e estilo, sendo uma escolha certeira para ocasiões que exigem sofisticação. Composição: 93% Poliéster / 7% Elastano Modelo veste 34.",93% Poliéster / 7% Elastano,partial_or_variant_unavailable,https://cdn.vnda.com.br/intibrand/2025/01/23/14_03_13_195_14_1_7_719_vestido20asther20vermelho20zoom20frente202201.jpg?v=1737651797,public_catalog,2026-08-24T17:28:30.310313-03:00,jsonld:price,HIGH,200,,4,0.6961196820944366,0,0.08811305310579504,-0.8719131259909325,289
4489,Vestido Atlas Off-White,https://www.intibrand.com/produto/vestido-atlas-off-white-4489,VERÃO 2027,Vestidos,Off White,644.5,,0.0,36|38|40|42,"O Atlas é um vestido curto e elegante, com uma manga removível e modelagem impecável. Ele possui um decote assimétrico exclusivo que adiciona sofisticação ao look. A modelagem é ajustada ao corpo e o fechamento é por zíper posterior. Composição: 95% Poliéster 5% Elastano | Forro: 100% Poliéster Modelo veste 34.",95% Poliéster 5% Elastano | Forro: 100% Poliéster,partial_or_variant_unavailable,https://cdn.vnda.com.br/intibrand/2025/02/05/13_08_33_928_13_2_4_486_vestido20atlas20offwhite20zoom20frente201.jpg?v=1738771734,public_catalog,2026-08-24T17:28:30.310313-03:00,jsonld:price,HIGH,200,,4,0.6026180458158018,0,-0.013810284566036314,-0.9518930910885993,289
4490,Vestido Atlas Preto,https://www.intibrand.com/produto/vestido-atlas-preto-4490,VERÃO 2027,Vestidos,Preto,644.5,,0.0,36|38|40|42,"O Atlas é um vestido curto e elegante, com uma manga removível e modelagem impecável. Ele possui um decote assimétrico exclusivo que adiciona sofisticação ao look. A modelagem é ajustada ao corpo e o fechamento é por zíper posterior. Composição: 95% Poliéster 5% Elastano | Forro: 100% Poliéster Modelo veste 34.",95% Poliéster 5% Elastano | Forro: 100% Poliéster,partial_or_variant_unavailable,https://cdn.vnda.com.br/intibrand/2025/02/05/13_14_07_136_13_2_3_377_vestido20atlas20preto20frente201.jpg?v=1738772055,public_catalog,2026-08-24T17:28:30.310313-03:00,jsonld:price,HIGH,200,,4,0.6026180458158018,0,-0.0659089312179084,-0.9203553740671407,289
4491,Vestido Atlas Vermelho,https://www.intibrand.com/produto/vestido-atlas-vermelho-4491,VERÃO 2027,Vestidos,Vermelho,644.5,,0.0,36|38|40|42,"O Atlas é um vestido curto e elegante, com uma manga removível e modelagem impecável. Ele possui um decote assimétrico exclusivo que adiciona sofisticação ao look. A modelagem é ajustada ao corpo e o fechamento é por zíper posterior. Composição: 95% Poliéster 5% Elastano | Forro: 100% Poliéster Modelo veste 34.",95% Poliéster 5% Elastano | Forro: 100% Poliéster,partial_or_variant_unavailable,https://cdn.vnda.com.br/intibrand/2025/02/05/13_09_44_970_13_2_9_998_vestido20atlas20vermelho20frente202201.jpg?v=1738772072,public_catalog,2026-08-24T17:28:30.310313-03:00,jsonld:price,HIGH,200,,4,0.6026180458158018,0,-0.034660818345598414,-0.9550456258608903,289
4341,Vestido Axel Preto,https://www.intibrand.com/produto/vestido-axel-preto-4341,VERÃO 2027,Vestidos,Preto,994.5,,0.0,34|36|38|40|42,"Um modelo moderno, descontraído e elegante ao mesmo tempo. Possui um aviamento metálico exclusivo da nossa coleção e recortes lineares estratégicos. Composição: 100% Viscose Modelo veste 34.",100% Viscose,partial_or_variant_unavailable,https://cdn.vnda.com.br/intibrand/2025/01/08/12_15_27_833_12_1_7_762_vestido20axel20preto20frente.jpg?v=1736349331,public_catalog,2026-08-24T17:28:30.310313-03:00,jsonld:price,HIGH,200,,5,0.9298737727910238,0,0.781373645170231,-0.2962815895779637,289
4342,Vestido Axel Vermelho,https://www.intibrand.com/produto/vestido-axel-vermelho-4342,VERÃO 2027,Vestidos,Vermelho,994.5,,0.0,34|36|38|40|42,"Um modelo moderno, descontraído e elegante ao mesmo tempo. Possui um aviamento metálico exclusivo da nossa coleção e recortes lineares estratégicos. Composição: 100% Viscose Modelo veste 34.",100% Viscose,partial_or_variant_unavailable,https://cdn.vnda.com.br/intibrand/2025/01/08/12_16_07_365_12_1_3_342_vestido20axel20vermelho20frente.jpg?v=1736349399,public_catalog,2026-08-24T17:28:30.310313-03:00,jsonld:price,HIGH,200,,5,0.9298737727910238,0,0.812621758042541,-0.33097184137171315,289
4358,Vestido Azarius Off-White,https://www.intibrand.com/produto/vestido-azarius-off-white-4358,VERÃO 2027,Vestidos,Off White,694.5,,0.0,36|38|40|42,"Com design minimalista, ele se destaca pelos recortes assimétricos na cintura, que proporcionam um toque contemporâneo e sensual. A peça possui mangas longas e um elegante decote reto, criando um equilíbrio perfeito entre o ousado e o discreto. Composição: 95% Poliéster 5% Elastano | Forro: 100% Poliéster Modelo veste 34.",95% Poliéster 5% Elastano | Forro: 100% Poliéster,partial_or_variant_unavailable,https://cdn.vnda.com.br/intibrand/2025/05/14/16_29_43_356_16_5_0_041_vestido20azarius20offwhite20frente20reeditado.jpg?v=1747250985,public_catalog,2026-08-24T17:28:30.310313-03:00,jsonld:price,HIGH,200,,4,0.6493688639551192,0,0.047576651159660414,-0.9103268411536205,289
4359,Vestido Azarius Preto,https://www.intibrand.com/produto/vestido-azarius-preto-4359,VERÃO 2027,Vestidos,Preto,694.5,,0.0,36|38|40|42,"Com design minimalista, ele se destaca pelos recortes assimétricos na cintura, que proporcionam um toque contemporâneo e sensual. A peça possui mangas longas e um elegante decote reto, criando um equilíbrio perfeito entre o ousado e o discreto. Composição: 95% Poliéster 5% Elastano | Forro: 100% Poliéster Modelo veste 34.",95% Poliéster 5% Elastano | Forro: 100% Poliéster,partial_or_variant_unavailable,https://cdn.vnda.com.br/intibrand/2025/05/14/17_42_30_177_17_5_3_349_vestido20azarius20preto20frente20120reeditado.jpg?v=1747255358,public_catalog,2026-08-24T17:28:30.310313-03:00,jsonld:price,HIGH,200,,4,0.6493688639551192,0,-0.004521995492211675,-0.8787891241321619,289
4360,Vestido Azarius Vermelho,https://www.intibrand.com/produto/vestido-azarius-vermelho-4360,VERÃO 2027,Vestidos,Vermelho,694.5,,0.0,36|38|40|42,"Com design minimalista, ele se destaca pelos recortes assimétricos na cintura, que proporcionam um toque contemporâneo e sensual. A peça possui mangas longas e um elegante decote reto, criando um equilíbrio perfeito entre o ousado e o discreto. Composição: 95% Poliéster 5% Elastano | Forro: 100% Poliéster Modelo veste 34.",95% Poliéster 5% Elastano | Forro: 100% Poliéster,partial_or_variant_unavailable,https://cdn.vnda.com.br/intibrand/2025/05/14/17_43_41_936_17_5_2_231_vestido20azarius20vermelho20zoom20220reeditado.jpg?v=1747255424,public_catalog,2026-08-24T17:28:30.310313-03:00,jsonld:price,HIGH,200,,4,0.6493688639551192,0,0.026726117380098315,-0.9134793759259114,289
4462,Vestido Barlett Off-White,https://www.intibrand.com/produto/vestido-barlett-off-white-4462,VERÃO 2027,Vestidos,Off White,794.5,,0.0,36|38|40|42,"Este vestido midi é uma peça de destaque, com um design assimétrico que combina modernidade e sofisticação. Ele apresenta um recorte único no decote, que valoriza o colo de forma elegante. Um dos diferenciais é a manga longa em um dos lados, enquanto o outro ombro fica à mostra, criando um contraste atraente. Modelo veste 34.",,partial_or_variant_unavailable,https://cdn.vnda.com.br/intibrand/2025/02/03/17_09_34_694_17_2_9_991_vestido20barlett20offwhite20zoom20frente201.jpg?v=1753723618,public_catalog,2026-08-24T17:28:30.310313-03:00,jsonld:price,HIGH,200,,4,0.7428705002337541,0,0.1703505226110539,-0.8271943412836629,289
4463,Vestido Barlett Preto,https://www.intibrand.com/produto/vestido-barlett-preto-4463,VERÃO 2027,Vestidos,Preto,794.5,,0.0,36|38|40|42,"Este vestido midi é uma peça de destaque, com um design assimétrico que combina modernidade e sofisticação. Ele apresenta um recorte único no decote, que valoriza o colo de forma elegante. Um dos diferenciais é a manga longa em um dos lados, enquanto o outro ombro fica à mostra, criando um contraste atraente. Modelo veste 34.",,partial_or_variant_unavailable,https://cdn.vnda.com.br/intibrand/2025/02/03/17_08_47_954_17_2_0_037_vestido20barlett20preto20frente201.jpg?v=1738613331,public_catalog,2026-08-24T17:28:30.310313-03:00,jsonld:price,HIGH,200,,4,0.7428705002337541,0,0.11825187595918182,-0.7956566242622043,289
4464,Vestido Barlett Vermelho,https://www.intibrand.com/produto/vestido-barlett-vermelho-4464,VERÃO 2027,Vestidos,Vermelho,794.5,,0.0,36|38|40|42,"Este vestido midi é uma peça de destaque, com um design assimétrico que combina modernidade e sofisticação. Ele apresenta um recorte único no decote, que valoriza o colo de forma elegante. Um dos diferenciais é a manga longa em um dos lados, enquanto o outro ombro fica à mostra, criando um contraste atraente. Modelo veste 34.",,partial_or_variant_unavailable,https://cdn.vnda.com.br/intibrand/2025/02/03/17_08_05_853_17_2_3_321_vestido20barlett20vermelho20frente.jpg?v=1738613285,public_catalog,2026-08-24T17:28:30.310313-03:00,jsonld:price,HIGH,200,,4,0.7428705002337541,0,0.14949998883149182,-0.8303468760559538,289
4749,Vestido Bauhaus Preto,https://www.intibrand.com/produto/vestido-bauhaus-preto-4749,VERÃO 2027,Vestidos,Preto,794.5,,0.0,34|36|38|40|42,"O Vestido Bauhaus é um modelo envelope sofisticado, confeccionado em alfaiataria. Com decote em V e fechamento por zíper e botão interno, ele oferece um ajuste perfeito e um visual elegante. Composição: 93% Poliéster / 7% Elastano Modelo veste 34.",93% Poliéster / 7% Elastano,partial_or_variant_unavailable,https://cdn.vnda.com.br/intibrand/2025/12/08/16_14_19_891_vestido-20bauhaus-20preto-20frente-20-1-16121970.jpg?v=1765221268,public_catalog,2026-08-24T17:28:30.310313-03:00,jsonld:price,HIGH,200,,5,0.7428705002337541,0,0.5358259022674442,-0.46254658931787895,289
4750,Vestido Bauhaus Vermelho,https://www.intibrand.com/produto/vestido-bauhaus-vermelho-4750,VERÃO 2027,Vestidos,Vermelho,794.5,,0.0,34|36|38|40|42,"O Vestido Bauhaus é um modelo envelope sofisticado, confeccionado em alfaiataria. Com decote em V e fechamento por zíper e botão interno, ele oferece um ajuste perfeito e um visual elegante. Composição: 93% Poliéster / 7% Elastano Modelo veste 34.",93% Poliéster / 7% Elastano,partial_or_variant_unavailable,https://cdn.vnda.com.br/intibrand/2025/12/08/16_06_55_341_vestido-20bauhaus-20vermelho-20frente-20-1-16124280.jpg?v=1765220815,public_catalog,2026-08-24T17:28:30.310313-03:00,jsonld:price,HIGH,200,,5,0.7428705002337541,0,0.5670740151397542,-0.4972368411116284,289
4989,Vestido Bianchi Marrom,https://www.intibrand.com/produto/vestido-bianchi-marrom-4989,VERÃO 2027,Vestidos,Marrom,,,0.0,34|36|38|40|42|44,"Midi e estruturado, o Vestido Bianchi combina a sofisticação da alfaiataria a uma silhueta contemporânea e elegante. O modelo possui decote oval e faixa removível no pescoço, presa por botões de pressão internos nas costas, permitindo diferentes formas de uso. A fenda posterior proporciona maior conforto ao caminhar, enquanto o fechamento por zíper invisível garante um acabamento discreto e sofisticado. Composição: 93% Poliéster / 7% Elastano Modelo veste 34.",93% Poliéster / 7% Elastano,partial_or_variant_unavailable,,public_catalog,2026-08-24T17:28:30.310313-03:00,,NONE,200,NO_PRICE_FOUND,6,,2,0.9205252609739264,-0.000775243892020723,166
4986,Vestido Bianchi Off-White,https://www.intibrand.com/produto/vestido-bianchi-off-white-4986,VERÃO 2027,Vestidos,Off White,,,0.0,34|36|38|40|42|44,"Midi e estruturado, o Vestido Bianchi combina a sofisticação da alfaiataria a uma silhueta contemporânea e elegante. O modelo possui decote oval e faixa removível no pescoço, presa por botões de pressão internos nas costas, permitindo diferentes formas de uso. A fenda posterior proporciona maior conforto ao caminhar, enquanto o fechamento por zíper invisível garante um acabamento discreto e sofisticado. Composição: 93% Poliéster / 7% Elastano Modelo veste 34.",93% Poliéster / 7% Elastano,partial_or_variant_unavailable,,public_catalog,2026-08-24T17:28:30.310313-03:00,,NONE,200,NO_PRICE_FOUND,6,,2,0.9650413520499599,-0.020270671446431472,166
4987,Vestido Bianchi Preto,https://www.intibrand.com/produto/vestido-bianchi-preto-4987,VERÃO 2027,Vestidos,Preto,,,0.0,34|36|38|40|42|44,"Midi e estruturado, o Vestido Bianchi combina a sofisticação da alfaiataria a uma silhueta contemporânea e elegante. O modelo possui decote oval e faixa removível no pescoço, presa por botões de pressão internos nas costas, permitindo diferentes formas de uso. A fenda posterior proporciona maior conforto ao caminhar, enquanto o fechamento por zíper invisível garante um acabamento discreto e sofisticado. Composição: 93% Poliéster / 7% Elastano Modelo veste 34.",93% Poliéster / 7% Elastano,partial_or_variant_unavailable,,public_catalog,2026-08-24T17:28:30.310313-03:00,,NONE,200,NO_PRICE_FOUND,6,,2,0.9129427053980878,0.011267045575027116,166
4988,Vestido Bianchi Vermelho,https://www.intibrand.com/produto/vestido-bianchi-vermelho-4988,VERÃO 2027,Vestidos,Vermelho,,,0.0,34|36|38|40|42|44,"Midi e estruturado, o Vestido Bianchi combina a sofisticação da alfaiataria a uma silhueta contemporânea e elegante. O modelo possui decote oval e faixa removível no pescoço, presa por botões de pressão internos nas costas, permitindo diferentes formas de uso. A fenda posterior proporciona maior conforto ao caminhar, enquanto o fechamento por zíper invisível garante um acabamento discreto e sofisticado. Composição: 93% Poliéster / 7% Elastano Modelo veste 34.",93% Poliéster / 7% Elastano,partial_or_variant_unavailable,,public_catalog,2026-08-24T17:28:30.310313-03:00,,NONE,200,NO_PRICE_FOUND,6,,2,0.9441908182703977,-0.02342320621872238,166
3891,Vestido Bonet Off-White,https://www.intibrand.com/produto/vestido-bonet-off-white-3891,VERÃO 2027,Vestidos,Off White,994.5,,0.0,36|38|40|42|44,"Vestido longo produzido em tecido fluido. O modelo possui um busto estruturado drapeado manualmente em ateliê, além de recortes geométricos. A peça dispõe de tule nude para a sustentação do decote e ziper invisível de 40cm nas costas. O design conta com uma alça transversal. . Comprimento total: 36/1,39m, 38/1,41m, 40/1,43m, 42/1,45m, 44/1,47. Comprimento saia: 36/1,21m, 38/1,23m, 40/1,25m, 42/1,27m, 44/1,29. Modelo veste 34.",,partial_or_variant_unavailable,https://cdn.vnda.com.br/intibrand/2023/11/28/16_54_06_326_16_11_3_357_vestido20bonet20offwhite20frente202.jpg?v=1701201246,public_catalog,2026-08-24T17:28:30.310313-03:00,jsonld:price,HIGH,200,,5,0.9298737727910238,0,0.8334722918221031,-0.32781930659942227,289
3889,Vestido Bonet Rosê,https://www.intibrand.com/produto/vestido-bonet-rose-3889,VERÃO 2027,Vestidos,Rosê,994.5,,0.0,36|38|40|42|44,"Vestido longo produzido em tecido fluido. O modelo possui um busto estruturado drapeado manualmente em ateliê, além de recortes geométricos. A peça dispõe de tule nude para a sustentação do decote e ziper invisível de 40cm nas costas. O design conta com uma alça transversal. . Comprimento total: 36/1,39m, 38/1,41m, 40/1,43m, 42/1,45m, 44/1,47. Comprimento saia: 36/1,21m, 38/1,23m, 40/1,25m, 42/1,27m, 44/1,29. Modelo veste 34.",,partial_or_variant_unavailable,https://cdn.vnda.com.br/intibrand/2023/11/28/16_50_21_112_16_11_4_448_vestido20bonet20rosc38a20frente202.jpg?v=1728927560,public_catalog,2026-08-24T17:28:30.310313-03:00,jsonld:price,HIGH,200,,5,0.9298737727910238,0,0.7794718321697374,-0.32081636207932096,289
4952,Vestido Brent Marrom,https://www.intibrand.com/produto/vestido-brent-marrom-4952,VERÃO 2027,Vestidos,Marrom,1589.0,,0.0,34|36|38|40|42|44,"O Vestido Brent apresenta gola alta, mangas longas e comprimento curto ajustado, valorizando as pernas. O drapeado estratégico se une a um aviamento orgânico na lateral. A modelagem justa realça a silhueta em perfeita sintonia com o DNA INTI. Composição: 96% Poliéster / 4% Elastano Modelo veste 34.",96% Poliéster / 4% Elastano,partial_or_variant_unavailable,https://cdn.vnda.com.br/intibrand/2026/06/11/13_02_23_319_gaby-20fotos-20-32-13061490.jpg?v=1781193777,public_catalog,2026-08-24T17:28:30.310313-03:00,jsonld:price,HIGH,200,,6,1.4857410004675082,2,1.9364208928328663,0.5190088676262121,166
4950,Vestido Brent Off-White,https://www.intibrand.com/produto/vestido-brent-off-white-4950,VERÃO 2027,Vestidos,Off White,1589.0,,0.0,34|36|38|40|42|44,"O Vestido Brent apresenta gola alta, mangas longas e comprimento curto ajustado, valorizando as pernas. O drapeado estratégico se une a um aviamento orgânico na lateral. A modelagem justa realça a silhueta em perfeita sintonia com o DNA INTI. Composição: 96% Poliéster / 4% Elastano Modelo veste 34.",96% Poliéster / 4% Elastano,partial_or_variant_unavailable,https://cdn.vnda.com.br/intibrand/2026/06/11/13_10_40_341_gaby-20fotos-20-47-13063480.jpg?v=1781194245,public_catalog,2026-08-24T17:28:30.310313-03:00,jsonld:price,HIGH,200,,6,1.4857410004675082,2,1.9809369839088997,0.4995134400718014,166
4951,Vestido Brent Preto,https://www.intibrand.com/produto/vestido-brent-preto-4951,VERÃO 2027,Vestidos,Preto,1589.0,,0.0,34|36|38|40|42|44,"O Vestido Brent apresenta gola alta, mangas longas e comprimento curto ajustado, valorizando as pernas. O drapeado estratégico se une a um aviamento orgânico na lateral. A modelagem justa realça a silhueta em perfeita sintonia com o DNA INTI. Composição: 96% Poliéster / 4% Elastano Modelo veste 34.",96% Poliéster / 4% Elastano,partial_or_variant_unavailable,https://cdn.vnda.com.br/intibrand/2026/06/11/13_07_20_437_gaby-20fotos-20-42-13063640.jpg?v=1781194046,public_catalog,2026-08-24T17:28:30.310313-03:00,jsonld:price,HIGH,200,,6,1.4857410004675082,2,1.9288383372570277,0.53105115709326,166
4300,Vestido Brice Preto,https://www.intibrand.com/produto/vestido-brice-preto-4300,VERÃO 2027,Vestidos,Preto,989.5,,0.0,34|36|38|40|42,"A mescla perfeita entre ousadia e elegância. O novo vestido Brice é o longo com caimento fluido, aviamento metálico e tecido sobreposto por todo o decote. Composição: 100% Poliéster Modelo veste 34.",100% Poliéster,partial_or_variant_unavailable,https://cdn.vnda.com.br/intibrand/2024/11/25/18_05_23_129_18_11_5_509_vestido20brice20preto20frente.jpg?v=1732568726,public_catalog,2026-08-24T17:28:30.310313-03:00,jsonld:price,HIGH,200,,5,0.9251986909770921,0,0.7752349515976614,-0.3004382145714615,289
4343,Vestido Brice Vermelho,https://www.intibrand.com/produto/vestido-brice-vermelho-4343,VERÃO 2027,Vestidos,Vermelho,1583.2,,0.0,34|36|38|40|42,"A mescla perfeita entre ousadia e elegância. O novo vestido Brice é o longo com caimento fluido, aviamento metálico e tecido sobreposto por todo o decote. Composição: 100% Poliéster Modelo veste 34.",100% Poliéster,partial_or_variant_unavailable,https://cdn.vnda.com.br/intibrand/2025/01/08/12_27_33_56_12_1_4_447_vestido20brice20vermelho20frente201.jpg?v=1744416899,public_catalog,2026-08-24T17:28:30.310313-03:00,jsonld:price,HIGH,200,,5,1.4803179055633473,2,1.5353915392768942,0.15842918536272765,166
4145,Vestido Bridget Vermelho,https://www.intibrand.com/produto/vestido-bridget-vermelho-4145,VERÃO 2027,Vestidos,Vermelho,1989.0,,0.0,34|36|38|40|42|44,"Elegante, minimalista e atemporal. O longo confeccionado em alfaiataria, com detalhe único no decote e recortes que garantem o caimento perfeito no corpo. Ele é todo estruturado com barbatana frontal, decote na diagonal e ponta dobrada com botão de pressão interno, além disso, possui fenda central nas costas e zíper invisível de 35cm. Composição: 94% Poliéster / 6% Elastano Modelo veste 34.",94% Poliéster / 6% Elastano,partial_or_variant_unavailable,https://cdn.vnda.com.br/intibrand/2024/07/30/11_38_10_287_11_7_3_383_vestido20bridget20vermelho20frente.jpg?v=1722350301,public_catalog,2026-08-24T17:28:30.310313-03:00,jsonld:price,HIGH,200,,6,1.8597475455820476,2,2.4511819359349114,0.828890904779341,166
4440,Vestido Calla Off-White,https://www.intibrand.com/produto/vestido-calla-off-white-4440,VERÃO 2027,Vestidos,Off White,644.5,,0.0,36|38|40|42,"O Vestido Calla possui um drapeado que proporciona um ajuste perfeito e uma silhueta sofisticada, enquanto as mangas longas levemente bufantes adicionam um toque romântico e delicado. O fechamento ao final das mangas traz um detalhe refinado que complementa o design da peça. Peça ideal para eventos diurnos deste inverno. Composição: 100% Poliéster | Forro 100% Poliéster Modelo veste 34.",100% Poliéster | Forro 100% Poliéster,partial_or_variant_unavailable,https://cdn.vnda.com.br/intibrand/2025/02/03/11_00_09_541_11_2_2_220_vestido20calla20offwhite20zoom20frente201.jpg?v=1738591228,public_catalog,2026-08-24T17:28:30.310313-03:00,jsonld:price,HIGH,200,,4,0.6026180458158018,0,-0.013810284566036314,-0.9518930910885993,289
4441,Vestido Calla Preto,https://www.intibrand.com/produto/vestido-calla-preto-4441,VERÃO 2027,Vestidos,Preto,644.5,,0.0,36|38|40|42,"O Vestido Calla possui um drapeado que proporciona um ajuste perfeito e uma silhueta sofisticada, enquanto as mangas longas levemente bufantes adicionam um toque romântico e delicado. O fechamento ao final das mangas traz um detalhe refinado que complementa o design da peça. Peça ideal para eventos diurnos deste inverno. Composição: 100% Poliéster | Forro 100% Poliéster Modelo veste 34.",100% Poliéster | Forro 100% Poliéster,partial_or_variant_unavailable,https://cdn.vnda.com.br/intibrand/2025/02/03/11_01_43_468_11_2_5_571_vestido20calla20preto20frente20zoom.jpg?v=1738591312,public_catalog,2026-08-24T17:28:30.310313-03:00,jsonld:price,HIGH,200,,4,0.6026180458158018,0,-0.0659089312179084,-0.9203553740671407,289
4442,Vestido Calla Vanilla,https://www.intibrand.com/produto/vestido-calla-vanilla-4442,VERÃO 2027,Vestidos,Vanilla,644.5,,0.0,36|38|40|42,"O Vestido Calla possui um drapeado que proporciona um ajuste perfeito e uma silhueta sofisticada, enquanto as mangas longas levemente bufantes adicionam um toque romântico e delicado. O fechamento ao final das mangas traz um detalhe refinado que complementa o design da peça. Peça ideal para eventos diurnos deste inverno. Composição: 100% Poliéster | Forro 100% Poliéster Modelo veste 34.",100% Poliéster | Forro 100% Poliéster,partial_or_variant_unavailable,https://cdn.vnda.com.br/intibrand/2025/02/03/11_01_05_140_11_2_9_945_vestido20calla20vanilla20frente201.jpg?v=1738591267,public_catalog,2026-08-24T17:28:30.310313-03:00,jsonld:price,HIGH,200,,4,0.6026180458158018,0,-0.06672250414479507,-0.9502021539973724,289
4800,Vestido Cameron Azul,https://www.intibrand.com/produto/vestido-cameron-azul-4800,VERÃO 2027,Vestidos,Azul,1889.0,,0.0,34|36|38|40|42|44,"O Vestido Cameron reúne toda a sofisticação INTI em uma modelagem de sleep dress impecável e envolvente. Seu decote degagê acompanha alças finas que percorrem as costas, finalizadas com aviamento orgânico exclusivo, um charme extra para um design irresistível. Modelo veste 34.",,partial_or_variant_unavailable,https://cdn.vnda.com.br/intibrand/2026/03/04/17_43_54_568_vestido-20cameron-20azul-20frente-20-1-17033090.jpg?v=1772657044,public_catalog,2026-08-24T17:28:30.310313-03:00,jsonld:price,HIGH,200,,6,1.7662459093034129,2,2.3036193491802983,0.7541797087349145,166
4799,Vestido Cameron Fúcsia,https://www.intibrand.com/produto/vestido-cameron-fucsia-4799,VERÃO 2027,Vestidos,Fúcsia,1889.0,,0.0,34|36|38|40|42|44,"O Vestido Cameron reúne toda a sofisticação INTI em uma modelagem de sleep dress impecável e envolvente. Seu decote degagê acompanha alças finas que percorrem as costas, finalizadas com aviamento orgânico exclusivo, um charme extra para um design irresistível. Modelo veste 34.",,partial_or_variant_unavailable,https://cdn.vnda.com.br/intibrand/2026/05/12/13_09_01_636_vestido-20cameron-20f-c3-9acsia-20frente-20reedit-13051140.jpg?v=1778602146,public_catalog,2026-08-24T17:28:30.310313-03:00,jsonld:price,HIGH,200,,6,1.7662459093034129,2,2.2968677300678726,0.7541466717137791,166
4797,Vestido Cameron Off-White,https://www.intibrand.com/produto/vestido-cameron-off-white-4797,VERÃO 2027,Vestidos,Off White,1889.0,,0.0,34|36|38|40|42|44,"O Vestido Cameron reúne toda a sofisticação INTI em uma modelagem de sleep dress impecável e envolvente. Seu decote degagê acompanha alças finas que percorrem as costas, finalizadas com aviamento orgânico exclusivo, um charme extra para um design irresistível. Modelo veste 34.",,partial_or_variant_unavailable,https://cdn.vnda.com.br/intibrand/2026/03/04/12_27_05_26_vestido-20cameron-20off-white-20lado-201-20-1-12034770.jpg?v=1772638086,public_catalog,2026-08-24T17:28:30.310313-03:00,jsonld:price,HIGH,200,,6,1.7662459093034129,2,2.34925859826308,0.7489109396816744,166
4798,Vestido Cameron Preto,https://www.intibrand.com/produto/vestido-cameron-preto-4798,VERÃO 2027,Vestidos,Preto,1889.0,,0.0,34|36|38|40|42|44,"O Vestido Cameron reúne toda a sofisticação INTI em uma modelagem de sleep dress impecável e envolvente. Seu decote degagê acompanha alças finas que percorrem as costas, finalizadas com aviamento orgânico exclusivo, um charme extra para um design irresistível. Modelo veste 34.",,partial_or_variant_unavailable,https://cdn.vnda.com.br/intibrand/2026/04/29/13_23_31_680_vestido-20cameron-20preto-13049730.jpg?v=1777479841,public_catalog,2026-08-24T17:28:30.310313-03:00,jsonld:price,HIGH,200,,6,1.7662459093034129,2,2.297159951611208,0.780448656703133,166
4026,Vestido Catton Off-White,https://www.intibrand.com/produto/vestido-catton-off-white-4026,VERÃO 2027,Vestidos,Off White,949.5,,0.0,34|36|38|40|42,"Outro modelo pensado para transitar entre as temporadas com muita versatilidade e elegância. Em malha crepe encorpada, ele possui mangas removíveis, modela perfeitamente a silhueta feminina, decote estruturado com aro, além da fenda frontal e zíper invisível nas costas. . Comprimento total: 34/1,37m, 36/1,39m, 38/1,41m, 40/1,43m, 42/1,45m, 44/1,47m. Modelo veste 34.",,partial_or_variant_unavailable,https://cdn.vnda.com.br/intibrand/2024/07/12/12_57_18_446_12_7_2_257_vestido20catton20offwhite20zoom20reeditado.jpg?v=1720799845,public_catalog,2026-08-24T17:28:30.310313-03:00,jsonld:price,HIGH,200,,5,0.8877980364656382,0,0.7782240496689762,-0.3652289315409032,289
4498,Vestido Collins Vermelho,https://www.intibrand.com/produto/vestido-collins-vermelho-4498,VERÃO 2027,Vestidos,Vermelho,1789.0,,0.0,36|38|40|42,"Com gola em argola banhada a ouro, este vestido longo exibe um drapeado impecável e um caimento fluido, destacando o movimento do tecido leve. O deslumbrante recorte nas costas adiciona um toque irresistível de elegância. Fechamento com zíper invisível nas costas para um acabamento perfeito. Composição: 100% Poliéster | Forro: 100% Poliéster Modelo veste 34.",100% Poliéster | Forro: 100% Poliéster,partial_or_variant_unavailable,https://cdn.vnda.com.br/intibrand/2025/06/04/17_35_58_867_17_6_8_803_vestido20collins20vermelho20frente20sem20pc389.jpg?v=1749069361,public_catalog,2026-08-24T17:28:30.310313-03:00,jsonld:price,HIGH,200,,4,1.672744273024778,2,1.3704861404156,-0.003594164849224692,166
4764,Vestido Copan Off-White,https://www.intibrand.com/produto/vestido-copan-off-white-4764,VERÃO 2027,Vestidos,Off White,1289.0,,0.0,34|36|38|40|42,"O Vestido Copan é um modelo curto de alfaiataria, ideal para repaginar os looks clássicos. Desenvolvido com linhas orgânicas e alça unilateral, seu recorte assimétrico no busto cria uma silhueta moderna, remetendo à fluidez da arquitetura orgânica. A barra assimétrica adiciona dinamismo ao visual. Composição: 93% Poliéster / 7% Elastano Modelo veste 34.",93% Poliéster / 7% Elastano,partial_or_variant_unavailable,https://cdn.vnda.com.br/intibrand/2025/12/18/17_29_34_581_vestido-20copan-20off-white-20frente-17128810.jpg?v=1766089787,public_catalog,2026-08-24T17:28:30.310313-03:00,jsonld:price,HIGH,200,,5,1.2052360916316036,2,1.195041343246457,-0.08299409448239684,166
4766,Vestido Copan Vermelho,https://www.intibrand.com/produto/vestido-copan-vermelho-4766,VERÃO 2027,Vestidos,Vermelho,1289.0,,0.0,34|36|38|40|42,"O Vestido Copan é um modelo curto de alfaiataria, ideal para repaginar os looks clássicos. Desenvolvido com linhas orgânicas e alça unilateral, seu recorte assimétrico no busto cria uma silhueta moderna, remetendo à fluidez da arquitetura orgânica. A barra assimétrica adiciona dinamismo ao visual. Composição: 93% Poliéster / 7% Elastano Modelo veste 34.",93% Poliéster / 7% Elastano,partial_or_variant_unavailable,https://cdn.vnda.com.br/intibrand/2025/12/18/17_30_32_992_vestido-20copan-20vermelho-20lado-17121280.jpg?v=1766089860,public_catalog,2026-08-24T17:28:30.310313-03:00,jsonld:price,HIGH,200,,5,1.2052360916316036,2,1.174190809466895,-0.08614662925468775,166
4787,Vestido Cowden Off-White,https://www.intibrand.com/produto/vestido-cowden-off-white-4787,VERÃO 2027,Vestidos,Off White,1789.0,,0.0,34|36|38|40|42,"Vestido midi com recorte frontal abaixo do busto que cria um visual moderno, com um caimento estruturado que valoriza a silhueta, fechamento nas costas e pequena fenda atrás para conforto e movimento. Composição: 93% Poliéster / 7% Elastano Modelo veste 34.",93% Poliéster / 7% Elastano,partial_or_variant_unavailable,https://cdn.vnda.com.br/intibrand/2026/03/05/12_02_05_896_vestido-20cowden-20off-white-20-20frente-20-2-12032720.jpg?v=1772722928,public_catalog,2026-08-24T17:28:30.310313-03:00,jsonld:price,HIGH,200,,5,1.672744273024778,2,1.8089107005034244,0.3326684048673915,166
4788,Vestido Cowden Preto,https://www.intibrand.com/produto/vestido-cowden-preto-4788,VERÃO 2027,Vestidos,Preto,1789.0,,0.0,34|36|38|40|42,"Vestido midi com recorte frontal abaixo do busto que cria um visual moderno, com um caimento estruturado que valoriza a silhueta, fechamento nas costas e pequena fenda atrás para conforto e movimento. Composição: 93% Poliéster / 7% Elastano Modelo veste 34.",93% Poliéster / 7% Elastano,partial_or_variant_unavailable,https://cdn.vnda.com.br/intibrand/2026/02/12/15_31_07_346_vestido-20cowden-20preto-20frente-20-1-15029890.jpg?v=1770921067,public_catalog,2026-08-24T17:28:30.310313-03:00,jsonld:price,HIGH,200,,5,1.672744273024778,2,1.7568120538515524,0.3642061218888501,166
4789,Vestido Cowden Vermelho,https://www.intibrand.com/produto/vestido-cowden-vermelho-4789,VERÃO 2027,Vestidos,Vermelho,1789.0,,0.0,34|36|38|40|42,"Vestido midi com recorte frontal abaixo do busto que cria um visual moderno, com um caimento estruturado que valoriza a silhueta, fechamento nas costas e pequena fenda atrás para conforto e movimento. Composição: 93% Poliéster / 7% Elastano Modelo veste 34.",93% Poliéster / 7% Elastano,partial_or_variant_unavailable,https://cdn.vnda.com.br/intibrand/2026/02/12/15_30_11_66_vestido-20cowden-20vermelho-20frente-20-1-15023400.jpg?v=1770921026,public_catalog,2026-08-24T17:28:30.310313-03:00,jsonld:price,HIGH,200,,5,1.672744273024778,2,1.7880601667238623,0.32951587009510064,166
4822,Vestido Dylan Off-White,https://www.intibrand.com/produto/vestido-dylan-off-white-4822,VERÃO 2027,Vestidos,Off White,1689.0,,0.0,34|36|38|40|42|44,"O Vestido Dylan é midi, com modelagem justa ao corpo e drapeado contínuo do busto à barra. Possui versatilidade no decote, podendo ser usado de três formas: frente única cruzada no pescoço, ombro a ombro alto ou baixo. Composição: 96% Poliéster / 4% Elastano Modelo veste 34.",96% Poliéster / 4% Elastano,partial_or_variant_unavailable,https://cdn.vnda.com.br/intibrand/2026/05/05/15_12_14_885_artes-20site-20-12-15054610.jpg?v=1778004741,public_catalog,2026-08-24T17:28:30.310313-03:00,jsonld:price,HIGH,200,,6,1.579242636746143,2,2.1037108553602932,0.582645939941759,166
4823,Vestido Dylan Preto,https://www.intibrand.com/produto/vestido-dylan-preto-4823,VERÃO 2027,Vestidos,Preto,1689.0,,0.0,34|36|38|40|42|44,"O Vestido Dylan é midi, com modelagem justa ao corpo e drapeado contínuo do busto à barra. Possui versatilidade no decote, podendo ser usado de três formas: frente única cruzada no pescoço, ombro a ombro alto ou baixo. Composição: 96% Poliéster / 4% Elastano Modelo veste 34.",96% Poliéster / 4% Elastano,partial_or_variant_unavailable,https://cdn.vnda.com.br/intibrand/2026/05/05/15_11_54_76_artes-20site-20-13-15056160.jpg?v=1778004717,public_catalog,2026-08-24T17:28:30.310313-03:00,jsonld:price,HIGH,200,,6,1.579242636746143,2,2.051612208708421,0.6141836569632175,166
4824,Vestido Dylan Vermelho,https://www.intibrand.com/produto/vestido-dylan-vermelho-4824,VERÃO 2027,Vestidos,Vermelho,1689.0,,0.0,34|36|38|40|42|44,"O Vestido Dylan é midi, com modelagem justa ao corpo e drapeado contínuo do busto à barra. Possui versatilidade no decote, podendo ser usado de três formas: frente única cruzada no pescoço, ombro a ombro alto ou baixo. Composição: 96% Poliéster / 4% Elastano Modelo veste 34.",96% Poliéster / 4% Elastano,partial_or_variant_unavailable,https://cdn.vnda.com.br/intibrand/2026/05/05/15_11_26_371_artes-20site-20-14-15059230.jpg?v=1778004689,public_catalog,2026-08-24T17:28:30.310313-03:00,jsonld:price,HIGH,200,,6,1.579242636746143,2,2.0828603215807315,0.579493405169468,166
4328,Vestido Ethan Bege,https://www.intibrand.com/produto/vestido-ethan-bege-4328,VERÃO 2027,Vestidos,Bege,719.5,,0.0,36|38|40|42,O Ethan é a mescla perfeita entre sensualidade e elegância. Seu decote em formato orgânico e seus pequenos recorte estratégicos garantem uma bossa especial ao modelo. Modelo veste 34.,,partial_or_variant_unavailable,https://cdn.vnda.com.br/intibrand/2024/12/20/11_32_02_992_11_12_5_550_vestido20ethan20bege20frente.jpg?v=1734705125,public_catalog,2026-08-24T17:28:30.310313-03:00,jsonld:price,HIGH,200,,4,0.6727442730247779,0,0.026720082215059972,-0.8948714077288027,289
4317,Vestido Ethan Off-White,https://www.intibrand.com/produto/vestido-ethan-off-white-4317,VERÃO 2027,Vestidos,Off White,719.5,,0.0,36|38|40|42,O Ethan é a mescla perfeita entre sensualidade e elegância. Seu decote em formato orgânico e seus pequenos recorte estratégicos garantem uma bossa especial ao modelo. Modelo veste 34.,,partial_or_variant_unavailable,https://cdn.vnda.com.br/intibrand/2024/12/06/11_33_49_564_11_12_0_067_vestido20ethan20offwhite20frente.jpg?v=1733495639,public_catalog,2026-08-24T17:28:30.310313-03:00,jsonld:price,HIGH,200,,4,0.6727442730247779,0,0.07827011902250877,-0.889543716186131,289
4318,Vestido Ethan Preto,https://www.intibrand.com/produto/vestido-ethan-preto-4318,VERÃO 2027,Vestidos,Preto,,,0.0,36|38|40|42,O Ethan é a mescla perfeita entre sensualidade e elegância. Seu decote em formato orgânico e seus pequenos recorte estratégicos garantem uma bossa especial ao modelo. Modelo veste 34.,,partial_or_variant_unavailable,,public_catalog,2026-08-24T17:28:30.310313-03:00,,NONE,200,NO_PRICE_FOUND,4,,0,0.07779465278156315,-0.6549530243136233,289
4319,Vestido Ethan Vermelho,https://www.intibrand.com/produto/vestido-ethan-vermelho-4319,VERÃO 2027,Vestidos,Vermelho,719.5,,0.0,36|38|40|42,O Ethan é a mescla perfeita entre sensualidade e elegância. Seu decote em formato orgânico e seus pequenos recorte estratégicos garantem uma bossa especial ao modelo. Modelo veste 34.,,partial_or_variant_unavailable,https://cdn.vnda.com.br/intibrand/2025/11/13/10_43_01_427_vestido-20ethan-20vermelho-20frente-20-2-10112450.jpg?v=1763041383,public_catalog,2026-08-24T17:28:30.310313-03:00,jsonld:price,HIGH,200,,4,0.6727442730247779,0,0.057419585242946665,-0.892696250958422,289
4852,Vestido Filippo Azul,https://www.intibrand.com/produto/vestido-filippo-azul-4852,VERÃO 2027,Vestidos,Azul,1789.0,,0.0,36|38|40|42,"Longo e fluido, o Vestido Filippo se destaca pela parte posterior aberta e pelo detalhe cruzado no busto, com aviamento exclusivo da coleção. Um design elegante e contemporâneo, pensado para produções marcantes com estética minimalista. Modelo veste 34.",,partial_or_variant_unavailable,https://cdn.vnda.com.br/intibrand/2026/07/15/12_13_02_156_vestido-20filippo-20azul-20frente-12073740.jpg?v=1784128395,public_catalog,2026-08-24T17:28:30.310313-03:00,jsonld:price,HIGH,200,,4,1.672744273024778,2,1.34569742511238,0.004827138976306265,166
4850,Vestido Filippo Off-White,https://www.intibrand.com/produto/vestido-filippo-off-white-4850,VERÃO 2027,Vestidos,Off White,1789.0,,0.0,36|38|40|42,"Longo e fluido, o Vestido Filippo se destaca pela parte posterior aberta e pelo detalhe cruzado no busto, com aviamento exclusivo da coleção. Um design elegante e contemporâneo, pensado para produções marcantes com estética minimalista. Modelo veste 34.",,partial_or_variant_unavailable,https://cdn.vnda.com.br/intibrand/2026/03/31/13_33_06_22_gaby-20v-c3-8ddeos-20-20-story-20-202026-03-31t133108-335-13032280.jpg?v=1774974789,public_catalog,2026-08-24T17:28:30.310313-03:00,jsonld:price,HIGH,200,,4,1.672744273024778,2,1.391336674195162,-0.0004416300769337833,166
4851,Vestido Filippo Preto,https://www.intibrand.com/produto/vestido-filippo-preto-4851,VERÃO 2027,Vestidos,Preto,1789.0,,0.0,36|38|40|42,"Longo e fluido, o Vestido Filippo se destaca pela parte posterior aberta e pelo detalhe cruzado no busto, com aviamento exclusivo da coleção. Um design elegante e contemporâneo, pensado para produções marcantes com estética minimalista. Modelo veste 34.",,partial_or_variant_unavailable,https://cdn.vnda.com.br/intibrand/2026/07/06/16_43_37_483_gaby-20fotos-20-84-16072070.jpg?v=1783367019,public_catalog,2026-08-24T17:28:30.310313-03:00,jsonld:price,HIGH,200,,4,1.672744273024778,2,1.33923802754329,0.031096086944524804,166
4969,Vestido Fontaine Framboesa,https://www.intibrand.com/produto/vestido-fontaine-framboesa-4969,VERÃO 2027,Vestidos,Framboesa,1989.0,,0.0,34|36|38|40|42|44,"O Vestido Fontaine traduz a sofisticação da alfaiataria em uma silhueta elegante e atemporal. Longo, possui busto estruturado com decote arredondado, cintura marcada e caimento reto, valorizando a feminilidade de forma singular. Confeccionado em crepe de alfaiataria, traz faixa removível no pescoço, fixada por botões de pressão internos, que permite diferentes formas de uso. A fenda nas costas garante maior conforto ao caminhar, enquanto o fechamento por zíper invisível mantém o acabamento impecável. Composição: 95% Poliéster / 5% Elastano Modelo veste 34.",95% Poliéster / 5% Elastano,partial_or_variant_unavailable,https://cdn.vnda.com.br/intibrand/2026/08/24/10_25_05_88_artes-20site-20-19-10084110.jpg?v=1787577907,public_catalog,2026-08-24T17:28:30.310313-03:00,jsonld:price,HIGH,200,,6,1.8597475455820476,2,2.421662553993244,0.8388482667335951,166
4968,Vestido Fontaine Off-White,https://www.intibrand.com/produto/vestido-fontaine-off-white-4968,VERÃO 2027,Vestidos,Off White,1989.0,,0.0,34|36|38|40|42|44,"O Vestido Fontaine traduz a sofisticação da alfaiataria em uma silhueta elegante e atemporal. Longo, possui busto estruturado com decote arredondado, cintura marcada e caimento reto, valorizando a feminilidade de forma singular. Confeccionado em crepe de alfaiataria e com forro interno que evita transparência, traz faixa removível no pescoço, fixada por botões de pressão internos, que permite diferentes formas de uso. A fenda nas costas garante maior conforto ao caminhar, enquanto o fechamento por zíper invisível mantém o acabamento impecável. Composição: 95% Poliéster / 5% Elastano Modelo veste 34.",95% Poliéster / 5% Elastano,partial_or_variant_unavailable,https://cdn.vnda.com.br/intibrand/2026/08/24/10_24_19_108_artes-20site-20-17-10081900.jpg?v=1787577862,public_catalog,2026-08-24T17:28:30.310313-03:00,jsonld:price,HIGH,200,,6,1.8597475455820476,2,2.472032469714473,0.832043439551632,166
4970,Vestido Fontaine Preto,https://www.intibrand.com/produto/vestido-fontaine-preto-4970,VERÃO 2027,Vestidos,Preto,1989.0,,0.0,34|36|38|40|42|44,"O Vestido Fontaine traduz a sofisticação da alfaiataria em uma silhueta elegante e atemporal. Longo, possui busto estruturado com decote arredondado, cintura marcada e caimento reto, valorizando a feminilidade de forma singular. Confeccionado em crepe de alfaiataria, traz faixa removível no pescoço, fixada por botões de pressão internos, que permite diferentes formas de uso. A fenda nas costas garante maior conforto ao caminhar, enquanto o fechamento por zíper invisível mantém o acabamento impecável. Composição: 95% Poliéster / 5% Elastano Modelo veste 34.",95% Poliéster / 5% Elastano,partial_or_variant_unavailable,https://cdn.vnda.com.br/intibrand/2026/08/24/10_25_35_713_artes-20site-20-18-10086080.jpg?v=1787577938,public_catalog,2026-08-24T17:28:30.310313-03:00,jsonld:price,HIGH,200,,6,1.8597475455820476,2,2.419933823062601,0.8635811565730905,166
4971,Vestido Fontaine Vermelho,https://www.intibrand.com/produto/vestido-fontaine-vermelho-4971,VERÃO 2027,Vestidos,Vermelho,1989.0,,0.0,34|36|38|40|42|44,"O Vestido Fontaine traduz a sofisticação da alfaiataria em uma silhueta elegante e atemporal. Longo, possui busto estruturado com decote arredondado, cintura marcada e caimento reto, valorizando a feminilidade de forma singular. Confeccionado em crepe de alfaiataria, traz faixa removível no pescoço, fixada por botões de pressão internos, que permite diferentes formas de uso. A fenda nas costas garante maior conforto ao caminhar, enquanto o fechamento por zíper invisível mantém o acabamento impecável. Composição: 95% Poliéster / 5% Elastano Modelo veste 34.",95% Poliéster / 5% Elastano,partial_or_variant_unavailable,https://cdn.vnda.com.br/intibrand/2026/08/24/10_25_58_552_artes-20site-20-20-10089340.jpg?v=1787577961,public_catalog,2026-08-24T17:28:30.310313-03:00,jsonld:price,HIGH,200,,6,1.8597475455820476,2,2.4511819359349114,0.828890904779341,166
4295,Vestido Fontana Off-White,https://www.intibrand.com/produto/vestido-fontana-off-white-4295,VERÃO 2027,Vestidos,Off White,894.5,,0.0,34|36|38|40|42,"Vestido longo que exalta os pequenos recortes e as linhas diagonais arquitetônicas. Com caimento leve e fluido, é uma peça ousada e elegante na medida certa. Composição: 100% Poliéster Modelo veste 34.",100% Poliéster,partial_or_variant_unavailable,https://cdn.vnda.com.br/intibrand/2024/11/25/14_22_47_274_14_11_2_277_vestido20fontana20offwhite20frente.jpg?v=1732555373,public_catalog,2026-08-24T17:28:30.310313-03:00,jsonld:price,HIGH,200,,5,0.836372136512389,0,0.7106984203707096,-0.4109518064693799,289
4298,Vestido Fontana Vermelho,https://www.intibrand.com/produto/vestido-fontana-vermelho-4298,VERÃO 2027,Vestidos,Vermelho,894.5,,0.0,34|36|38|40|42,"Vestido longo que exalta os pequenos recortes e as linhas diagonais arquitetônicas. Com caimento leve e fluido, é uma peça ousada e elegante na medida certa. Composição: 100% Poliéster Modelo veste 34.",100% Poliéster,partial_or_variant_unavailable,https://cdn.vnda.com.br/intibrand/2024/11/25/14_24_33_129_14_11_9_978_vestido20fontana20vermelho20frente.jpg?v=1732555476,public_catalog,2026-08-24T17:28:30.310313-03:00,jsonld:price,HIGH,200,,5,0.836372136512389,0,0.6898478865911475,-0.4141043412416708,289
4774,Vestido Forest Azul,https://www.intibrand.com/produto/vestido-forest-azul-4774,VERÃO 2027,Vestidos,Azul,794.5,,0.0,36|38|40|42,"Vestido longo de caimento fluido, com alças anatômicas e maleáveis em metal niquelado. O tecido sobreposto em diagonal traz leveza e movimento. Possui fendas laterais e fechamento por amarração nas costas. Modelo veste 34.",,partial_or_variant_unavailable,https://cdn.vnda.com.br/intibrand/2026/01/30/11_58_44_54_vestido-20forest-20azul-20lado-20-1-11015610.jpg?v=1769785127,public_catalog,2026-08-24T17:28:30.310313-03:00,jsonld:price,HIGH,200,,4,0.7428705002337541,0,0.12471127352827203,-0.8219255722304228,289
4772,Vestido Forest Off-White,https://www.intibrand.com/produto/vestido-forest-off-white-4772,VERÃO 2027,Vestidos,Off White,794.5,,0.0,36|38|40|42,"Vestido longo de caimento fluido, com alças anatômicas e maleáveis em metal niquelado. O tecido sobreposto em diagonal traz leveza e movimento. Possui fendas laterais e fechamento por amarração nas costas. Modelo veste 34.",,partial_or_variant_unavailable,https://cdn.vnda.com.br/intibrand/2026/01/30/12_03_33_460_vestido-20forest-20off-white-20frente-202-20-1-12018510.jpg?v=1769785494,public_catalog,2026-08-24T17:28:30.310313-03:00,jsonld:price,HIGH,200,,4,0.7428705002337541,0,0.1703505226110539,-0.8271943412836629,289
4773,Vestido Forest Preto,https://www.intibrand.com/produto/vestido-forest-preto-4773,VERÃO 2027,Vestidos,Preto,794.5,,0.0,36|38|40|42,"Vestido longo de caimento fluido, com alças anatômicas e maleáveis em metal niquelado. O tecido sobreposto em diagonal traz leveza e movimento. Possui fendas laterais e fechamento por amarração nas costas. Modelo veste 34.",,partial_or_variant_unavailable,https://cdn.vnda.com.br/intibrand/2026/01/30/12_07_07_639_vestido-20forest-20preto-20zoom-20frente-202-20-1-12016660.jpg?v=1769785627,public_catalog,2026-08-24T17:28:30.310313-03:00,jsonld:price,HIGH,200,,4,0.7428705002337541,0,0.11825187595918182,-0.7956566242622043,289
4669,Vestido Gio Azul,https://www.intibrand.com/produto/vestido-gio-azul-4669,VERÃO 2027,Vestidos,Azul,844.5,,0.0,36|38|40|42,"O Vestido Gio esbanja elegância com seu decote degagê e alças que realçam o colo. O caimento leve e fluído garante sofisticação e conforto. Nas costas, o aviamento adiciona um toque especial e moderno ao design. Modelo veste 34.",,partial_or_variant_unavailable,https://cdn.vnda.com.br/intibrand/2025/10/24/18_24_55_383_vestido-20gio-20azul-20costas-20reedit-20-1-18106410.jpg?v=1764081694,public_catalog,2026-08-24T17:28:30.310313-03:00,jsonld:price,HIGH,200,,4,0.7896213183730715,0,0.18609820925396872,-0.7803593222954439,289
4667,Vestido Gio Off-White,https://www.intibrand.com/produto/vestido-gio-off-white-4667,VERÃO 2027,Vestidos,Off White,844.5,,0.0,36|38|40|42,"O Vestido Gio esbanja elegância com seu decote degagê e alças que realçam o colo. O caimento leve e fluído garante sofisticação e conforto. Nas costas, o aviamento adiciona um toque especial e moderno ao design. Modelo veste 34.",,partial_or_variant_unavailable,https://cdn.vnda.com.br/intibrand/2025/10/24/18_21_21_325_vestido-20gio-20off-white-20frente-203-20reedit-18103130.jpg?v=1761340899,public_catalog,2026-08-24T17:28:30.310313-03:00,jsonld:price,HIGH,200,,4,0.7896213183730715,0,0.2317374583367506,-0.7856280913486839,289
4668,Vestido Gio Preto,https://www.intibrand.com/produto/vestido-gio-preto-4668,VERÃO 2027,Vestidos,Preto,844.5,,0.0,36|38|40|42,"O Vestido Gio esbanja elegância com seu decote degagê e alças que realçam o colo. O caimento leve e fluído garante sofisticação e conforto. Nas costas, o aviamento adiciona um toque especial e moderno ao design. Modelo veste 34.",,partial_or_variant_unavailable,https://cdn.vnda.com.br/intibrand/2025/10/24/16_00_04_302_vestido-20gio-20preto-20frente-20reedit-16103760.jpg?v=1761332413,public_catalog,2026-08-24T17:28:30.310313-03:00,jsonld:price,HIGH,200,,4,0.7896213183730715,0,0.17963881168487852,-0.7540903743272254,289
4670,Vestido Hadid Off-White,https://www.intibrand.com/produto/vestido-hadid-off-white-4670,VERÃO 2027,Vestidos,Off White,794.5,,0.0,38|40|42|44,"Vestido confeccionado em alfaiataria, com comprimento midi, modelagem sofisticada e elegante. Apresenta design assimétrico, com recortes geométricos na região do decote, criando um detalhe moderno e sensual. Composição: 94% Poliéster / 6% Elastano Modelo veste 34.",94% Poliéster / 6% Elastano,partial_or_variant_unavailable,https://cdn.vnda.com.br/intibrand/2025/09/26/12_25_25_187_vestido-20hadid-20off-white-20frente-20-1-20-1-12097990.jpg?v=1758900332,public_catalog,2026-08-24T17:28:30.310313-03:00,jsonld:price,HIGH,200,,4,0.7428705002337541,0,0.1703505226110539,-0.8271943412836629,289
4671,Vestido Hadid Preto,https://www.intibrand.com/produto/vestido-hadid-preto-4671,VERÃO 2027,Vestidos,Preto,794.5,,0.0,38|40|42|44,"Vestido confeccionado em alfaiataria, com comprimento midi, modelagem sofisticada e elegante. Apresenta design assimétrico, com recortes geométricos na região do decote, criando um detalhe moderno e sensual. Composição: 94% Poliéster / 6% Elastano Modelo veste 34.",94% Poliéster / 6% Elastano,partial_or_variant_unavailable,https://cdn.vnda.com.br/intibrand/2025/09/26/12_21_50_369_vestido-20hadid-20preto-20frente-20-1-12096320.jpg?v=1758900110,public_catalog,2026-08-24T17:28:30.310313-03:00,jsonld:price,HIGH,200,,4,0.7428705002337541,0,0.11825187595918182,-0.7956566242622043,289
4672,Vestido Hadid Vermelho,https://www.intibrand.com/produto/vestido-hadid-vermelho-4672,VERÃO 2027,Vestidos,Vermelho,794.5,,0.0,38|40|42|44,"Vestido confeccionado em alfaiataria, com comprimento midi, modelagem sofisticada e elegante. Apresenta design assimétrico, com recortes geométricos na região do decote, criando um detalhe moderno e sensual. Composição: 94% Poliéster / 6% Elastano Modelo veste 34.",94% Poliéster / 6% Elastano,partial_or_variant_unavailable,https://cdn.vnda.com.br/intibrand/2025/09/26/12_21_00_860_vestido-20hadid-20vermelho-20frente-20-1-20-1-12093880.jpg?v=1758900065,public_catalog,2026-08-24T17:28:30.310313-03:00,jsonld:price,HIGH,200,,4,0.7428705002337541,0,0.14949998883149182,-0.8303468760559538,289
4698,Vestido Harpa Preto,https://www.intibrand.com/produto/vestido-harpa-preto-4698,VERÃO 2027,Vestidos,Preto,1889.0,,0.0,34|36|38|40|42,"Com design sofisticado e sensual na medida certa, o vestido Harpa se destaca pelo recorte escultural que envolve o colo e valoriza a silhueta com elegância. A assimetria do busto, aliada ao caimento da saia longa, cria um equilíbrio perfeito. É a escolha ideal para mulheres confiantes que buscam um look irreverente e cosmopolita. Composição: 96% Poliéster / 4% Elastano Modelo veste 34.",96% Poliéster / 4% Elastano,partial_or_variant_unavailable,https://cdn.vnda.com.br/intibrand/2025/11/11/17_08_48_373_vestido-20harpa-20preto-20lado-17114980.jpg?v=1762891733,public_catalog,2026-08-24T17:28:30.310313-03:00,jsonld:price,HIGH,200,,5,1.7662459093034129,2,1.8795859253029457,0.4473386217588078,166
4699,Vestido Harpa Vermelho,https://www.intibrand.com/produto/vestido-harpa-vermelho-4699,VERÃO 2027,Vestidos,Vermelho,1889.0,,0.0,34|36|38|40|42,"Com design sofisticado e sensual na medida certa, o vestido Harpa se destaca pelo recorte escultural que envolve o colo e valoriza a silhueta com elegância. A assimetria do busto, aliada ao caimento da saia longa, cria um equilíbrio perfeito. É a escolha ideal para mulheres confiantes que buscam um look irreverente e cosmopolita. Composição: 96% Poliéster / 4% Elastano Modelo veste 34.",96% Poliéster / 4% Elastano,partial_or_variant_unavailable,https://cdn.vnda.com.br/intibrand/2025/11/11/17_08_00_726_vestido-20harpa-20vermelho-20lado-202-17110770.jpg?v=1762891697,public_catalog,2026-08-24T17:28:30.310313-03:00,jsonld:price,HIGH,200,,5,1.7662459093034129,2,1.9108340381752555,0.4126483699650583,166
4093,Vestido Iron Off-White,https://www.intibrand.com/produto/vestido-iron-off-white-4093,VERÃO 2027,Vestidos,Off White,949.5,,0.0,36|38|40|42,"Seu próximo evento de gala já tem o look perfeito! O vestido Iron combina elegância e modernidade com recortes assimétricos e um sofisticado decote unilateral. A fenda estratégica e o caimento fluido garantem um visual deslumbrante e cheio de movimento, ideal para quem quer se destacar com estilo e sofisticação. Modelo veste 34.",,partial_or_variant_unavailable,https://cdn.vnda.com.br/intibrand/2024/05/06/11_53_08_111_11_5_0_032_vestido20iron20offwhite20frente.jpg?v=1720630368,public_catalog,2026-08-24T17:28:30.310313-03:00,jsonld:price,HIGH,200,,4,0.8877980364656382,0,0.3606500233607138,-0.6983389664852284,289
4843,Vestido Ivory Azul,https://www.intibrand.com/produto/vestido-ivory-azul-4843,VERÃO 2027,Vestidos,Azul,1989.0,,0.0,36|38|40|42|44,"O Vestido Ivory revela uma modelagem elegante com decote degagê e caimento leve, trazendo uma presença sofisticada para ocasiões especiais. Os recortes estratégicos adicionam sensualidade na medida certa. Modelo veste 34.",,partial_or_variant_unavailable,https://cdn.vnda.com.br/intibrand/2026/03/30/16_24_15_771_gaby-20v-c3-8ddeos-20-20-story-20-202026-03-30t162333-853-16032470.jpg?v=1774898661,public_catalog,2026-08-24T17:28:30.310313-03:00,jsonld:price,HIGH,200,,5,1.8597475455820476,2,2.0088191943234293,0.5042021736605468,166
4842,Vestido Ivory Fúcsia,https://www.intibrand.com/produto/vestido-ivory-fucsia-4842,VERÃO 2027,Vestidos,Fúcsia,1989.0,,0.0,36|38|40|42|44,"O Vestido Ivory revela uma modelagem elegante com decote degagê e caimento leve, trazendo uma presença sofisticada para ocasiões especiais. Os recortes estratégicos adicionam sensualidade na medida certa. Modelo veste 34.",,partial_or_variant_unavailable,https://cdn.vnda.com.br/intibrand/2026/05/19/17_34_15_143_vestido-20ivory-20f-c3-9acsia-20frente-202-20reedit-17053300.jpg?v=1779222862,public_catalog,2026-08-24T17:28:30.310313-03:00,jsonld:price,HIGH,200,,5,1.8597475455820476,2,2.0020675752110035,0.5041691366394114,166
4840,Vestido Ivory Off-White,https://www.intibrand.com/produto/vestido-ivory-off-white-4840,VERÃO 2027,Vestidos,Off White,1989.0,,0.0,36|38|40|42|44,"O Vestido Ivory revela uma modelagem elegante com decote degagê e caimento leve, trazendo uma presença sofisticada para ocasiões especiais. Os recortes estratégicos adicionam sensualidade na medida certa. Modelo veste 34.",,partial_or_variant_unavailable,https://cdn.vnda.com.br/intibrand/2026/03/30/16_28_31_143_gaby-20v-c3-8ddeos-20-20-story-20-202026-03-30t162813-847-16030840.jpg?v=1774898911,public_catalog,2026-08-24T17:28:30.310313-03:00,jsonld:price,HIGH,200,,5,1.8597475455820476,2,2.0544584434062108,0.4989334046073067,166
4841,Vestido Ivory Preto,https://www.intibrand.com/produto/vestido-ivory-preto-4841,VERÃO 2027,Vestidos,Preto,1989.0,,0.0,36|38|40|42|44,"O Vestido Ivory revela uma modelagem elegante com decote degagê e caimento leve, trazendo uma presença sofisticada para ocasiões especiais. Os recortes estratégicos adicionam sensualidade na medida certa. Modelo veste 34.",,partial_or_variant_unavailable,https://cdn.vnda.com.br/intibrand/2026/03/30/16_30_18_516_gaby-20v-c3-8ddeos-20-20-story-20-202026-03-30t162936-967-16039020.jpg?v=1774899018,public_catalog,2026-08-24T17:28:30.310313-03:00,jsonld:price,HIGH,200,,5,1.8597475455820476,2,2.0023597967543387,0.5304711216287653,166
4492,Vestido Jones Off-White,https://www.intibrand.com/produto/vestido-jones-off-white-4492,VERÃO 2027,Vestidos,Off White,1689.0,,0.0,34|36|38|40|42|44,"Um vestido midi de alça única, com design orgânico, destaca-se pela assimetria e decote coração. Um best seller INTI, de volta para esta coleção. A modelagem acinturada em alfaiataria realça a silhueta, enquanto a fenda posterior e o zíper invisível completam o visual elegante. Composição: 93% Poliéster / 7% Elastano Modelo veste 34.",93% Poliéster / 7% Elastano,partial_or_variant_unavailable,https://cdn.vnda.com.br/intibrand/2025/02/05/13_50_18_668_13_2_4_483_vestido20jones20offwhite20lado201.jpg?v=1743625629,public_catalog,2026-08-24T17:28:30.310313-03:00,jsonld:price,HIGH,200,,6,1.579242636746143,2,2.1037108553602932,0.582645939941759,166
4493,Vestido Jones Preto,https://www.intibrand.com/produto/vestido-jones-preto-4493,VERÃO 2027,Vestidos,Preto,1689.0,,0.0,34|36|38|40|42|44,"Um vestido midi de alça única, com design orgânico, destaca-se pela assimetria e decote coração. Um best seller INTI, de volta para esta coleção. A modelagem acinturada em alfaiataria realça a silhueta, enquanto a fenda posterior e o zíper invisível completam o visual elegante. Composição: 93% Poliéster / 7% Elastano Modelo veste 34.",93% Poliéster / 7% Elastano,partial_or_variant_unavailable,https://cdn.vnda.com.br/intibrand/2025/02/05/13_49_05_329_13_2_9_918_vestido20jones20preto20frente201.jpg?v=1738774151,public_catalog,2026-08-24T17:28:30.310313-03:00,jsonld:price,HIGH,200,,6,1.579242636746143,2,2.051612208708421,0.6141836569632175,166
4494,Vestido Jones Vermelho,https://www.intibrand.com/produto/vestido-jones-vermelho-4494,VERÃO 2027,Vestidos,Vermelho,1689.0,,0.0,34|36|38|40|42|44,"Um vestido midi de alça única, com design orgânico, destaca-se pela assimetria e decote coração. Um best seller INTI, de volta para esta coleção. A modelagem acinturada em alfaiataria realça a silhueta, enquanto a fenda posterior e o zíper invisível completam o visual elegante. Composição: 93% Poliéster / 7% Elastano Modelo veste 34.",93% Poliéster / 7% Elastano,partial_or_variant_unavailable,https://cdn.vnda.com.br/intibrand/2025/02/05/13_47_57_343_13_2_6_612_vestido20jones20vermelho20frente201.jpg?v=1738774096,public_catalog,2026-08-24T17:28:30.310313-03:00,jsonld:price,HIGH,200,,6,1.579242636746143,2,2.0828603215807315,0.579493405169468,166
4731,Vestido Linho Alanis Avelã,https://www.intibrand.com/produto/vestido-linho-alanis-avela-4731,VERÃO 2027,Vestidos,Avelã,644.5,,0.0,34|36|38|40|42,"O Alanis é um modelo curto feito em linho, perfeito para ocasiões casuais. Uma peça que traz um toque natural, com alça em aviamento banhado a ouro e silhueta ajustada ao corpo. Um modelo elegante e atemporal. Possui linhas anatômicas que destacam o busto e alças com reguladores. Modelo veste 34.",,partial_or_variant_unavailable,https://cdn.vnda.com.br/intibrand/2025/11/28/18_31_51_480_vestido-20linho-20alanis-20avel-c3-83-20zoom-18115170.jpg?v=1775498777,public_catalog,2026-08-24T17:28:30.310313-03:00,jsonld:price,HIGH,200,,5,0.6026180458158018,0,0.35259203965233227,-0.6250787617962789,289
4729,Vestido Linho Alanis Off-White,https://www.intibrand.com/produto/vestido-linho-alanis-off-white-4729,VERÃO 2027,Vestidos,Off White,644.5,,0.0,34|36|38|40|42,"O Alanis é um modelo curto feito em linho, perfeito para ocasiões casuais. Uma peça que traz um toque natural, com alça em aviamento banhado a ouro e silhueta ajustada ao corpo. Um modelo elegante e atemporal. Possui linhas anatômicas que destacam o busto e alças com reguladores. Modelo veste 34.",,partial_or_variant_unavailable,https://cdn.vnda.com.br/intibrand/2025/11/28/18_32_23_840_vestido-20linho-20alanis-20off-white-20zoom-18112400.jpg?v=1775498783,public_catalog,2026-08-24T17:28:30.310313-03:00,jsonld:price,HIGH,200,,5,0.6026180458158018,0,0.403763741742226,-0.618783056144274,289
4730,Vestido Linho Alanis Preto,https://www.intibrand.com/produto/vestido-linho-alanis-preto-4730,VERÃO 2027,Vestidos,Preto,644.5,,0.0,34|36|38|40|42,"O Alanis é um modelo curto feito em linho, perfeito para ocasiões casuais. Uma peça que traz um toque natural, com alça em aviamento banhado a ouro e silhueta ajustada ao corpo. Um modelo elegante e atemporal. Possui linhas anatômicas que destacam o busto e alças com reguladores. Modelo veste 34.",,partial_or_variant_unavailable,https://cdn.vnda.com.br/intibrand/2025/11/28/18_31_06_154_vestido-20linho-20alanis-20preto-20frente-18115940.jpg?v=1764365470,public_catalog,2026-08-24T17:28:30.310313-03:00,jsonld:price,HIGH,200,,5,0.6026180458158018,0,0.35166509509035393,-0.5872453391228154,289
4666,Vestido Linho Arum Avelã,https://www.intibrand.com/produto/vestido-linho-arum-avela-4666,VERÃO 2027,Vestidos,Avelã,744.5,,0.0,36|38|40|42,"O Vestido Linho Arum é perfeito para quem busca leveza e elegância. Com tecido fluido e leve, ele proporciona conforto em qualquer ocasião. O aviamento exclusivo, desenvolvido especialmente para a coleção, adiciona um toque único à peça. O detalhe de torção nas costas traz toda a delicadeza e originalidade. Modelo veste 34.",,partial_or_variant_unavailable,https://cdn.vnda.com.br/intibrand/2025/09/25/14_32_19_225_vestido-20linho-20arum-20avel-c3-83-20frente-20-1-20-1-14097280.jpg?v=1758821539,public_catalog,2026-08-24T17:28:30.310313-03:00,jsonld:price,HIGH,200,,4,0.6961196820944366,0,0.0577918847954634,-0.8750562968706465,289
4664,Vestido Linho Arum Off-White,https://www.intibrand.com/produto/vestido-linho-arum-off-white-4664,VERÃO 2027,Vestidos,Off White,744.5,,0.0,36|38|40|42,"O Vestido Linho Arum é perfeito para quem busca leveza e elegância. Com tecido fluido e leve, ele proporciona conforto em qualquer ocasião. O aviamento exclusivo, desenvolvido especialmente para a coleção, adiciona um toque único à peça. O detalhe de torção nas costas traz toda a delicadeza e originalidade. Modelo veste 34.",,partial_or_variant_unavailable,https://cdn.vnda.com.br/intibrand/2025/09/25/14_58_41_737_vestido-20linho-20arum-20off-white-20frente-20-1-20-1-14095230.jpg?v=1758823132,public_catalog,2026-08-24T17:28:30.310313-03:00,jsonld:price,HIGH,200,,4,0.6961196820944366,0,0.10896358688535715,-0.8687605912186416,289
4665,Vestido Linho Arum Preto,https://www.intibrand.com/produto/vestido-linho-arum-preto-4665,VERÃO 2027,Vestidos,Preto,744.5,,0.0,36|38|40|42,"O Vestido Linho Arum é perfeito para quem busca leveza e elegância. Com tecido fluido e leve, ele proporciona conforto em qualquer ocasião. O aviamento exclusivo, desenvolvido especialmente para a coleção, adiciona um toque único à peça. O detalhe de torção nas costas traz toda a delicadeza e originalidade. Modelo veste 34.",,partial_or_variant_unavailable,https://cdn.vnda.com.br/intibrand/2025/09/25/14_59_30_579_vestido-20linho-20arum-20preto-20frente-20-1-14099020.jpg?v=1758823174,public_catalog,2026-08-24T17:28:30.310313-03:00,jsonld:price,HIGH,200,,4,0.6961196820944366,0,0.05686494023348505,-0.837222874197183,289
4663,Vestido Linho Frank Bege,https://www.intibrand.com/produto/vestido-linho-frank-bege-4663,VERÃO 2027,Vestidos,Bege,744.5,,0.0,36|38|40|42,"Vestido midi de linho rústico com decote sem alças, estruturado por entretela, criando um recorte sutil na parte superior do busto. O tecido encorpado proporciona sustentação ao decote, garantindo um visual impecável e elegante. Modelo veste 34.",,partial_or_variant_unavailable,https://cdn.vnda.com.br/intibrand/2025/09/25/13_47_55_347_vestido-20frank-20bege-20frente-20-1-13095430.jpg?v=1758818880,public_catalog,2026-08-24T17:28:30.310313-03:00,jsonld:price,HIGH,200,,4,0.6961196820944366,0,0.05741355007790835,-0.8740882827613132,289
4662,Vestido Linho Frank Preto,https://www.intibrand.com/produto/vestido-linho-frank-preto-4662,VERÃO 2027,Vestidos,Preto,744.5,,0.0,36|38|40|42,"Vestido midi de linho rústico com decote sem alças, estruturado por entretela, criando um recorte sutil na parte superior do busto. O tecido encorpado proporciona sustentação ao decote, garantindo um visual impecável e elegante. Modelo veste 34.",,partial_or_variant_unavailable,https://cdn.vnda.com.br/intibrand/2025/09/25/13_50_18_808_vestido-20linho-20frank-20preto-20frente-20-1-20-1-13093920.jpg?v=1758819026,public_catalog,2026-08-24T17:28:30.310313-03:00,jsonld:price,HIGH,200,,4,0.6961196820944366,0,0.05686494023348505,-0.837222874197183,289
4560,Vestido Linho Masp Avelã,https://www.intibrand.com/produto/vestido-linho-masp-avela-4560,VERÃO 2027,Vestidos,Avelã,689.5,,0.0,36|38|40|42,"Vestido curto confeccionado em linho, destacando-se pela sua modelagem sofisticada e moderna. Possui design assimétrico de um ombro só, com ombreira estruturada que adiciona imponência ao look. O corte ajustado valoriza a silhueta, enquanto o tecido confere um caimento elegante. Modelo veste 34.",,partial_or_variant_unavailable,https://cdn.vnda.com.br/intibrand/2025/08/05/12_29_45_301_vestido-20masp-20avel-c3-83-20frente-20-2-20-1-12088760.jpg?v=1754407792,public_catalog,2026-08-24T17:28:30.310313-03:00,jsonld:price,HIGH,200,,4,0.6446937821411874,0,-0.009733744502803015,-0.9207791717991233,289
4558,Vestido Linho Masp Off-White,https://www.intibrand.com/produto/vestido-linho-masp-off-white-4558,VERÃO 2027,Vestidos,Off White,689.5,,0.0,36|38|40|42,"Vestido curto confeccionado em linho, destacando-se pela sua modelagem sofisticada e moderna. Possui design assimétrico de um ombro só, com ombreira estruturada que adiciona imponência ao look. O corte ajustado valoriza a silhueta, enquanto o tecido confere um caimento elegante. Modelo veste 34.",,partial_or_variant_unavailable,https://cdn.vnda.com.br/intibrand/2025/08/27/09_39_24_430_vestido-20masp-20off-white-20frente-201-20-1-09088220.jpg?v=1756298384,public_catalog,2026-08-24T17:28:30.310313-03:00,jsonld:price,HIGH,200,,4,0.6446937821411874,0,0.04143795758709073,-0.9144834661471184,289
4559,Vestido Linho Masp Preto,https://www.intibrand.com/produto/vestido-linho-masp-preto-4559,VERÃO 2027,Vestidos,Preto,689.5,,0.0,36|38|40|42,"Vestido curto confeccionado em linho, destacando-se pela sua modelagem sofisticada e moderna. Possui design assimétrico de um ombro só, com ombreira estruturada que adiciona imponência ao look. O corte ajustado valoriza a silhueta, enquanto o tecido confere um caimento elegante. Modelo veste 34.",,partial_or_variant_unavailable,https://cdn.vnda.com.br/intibrand/2025/08/05/12_33_04_423_vestido-20masp-20preto-20frente-20-1-20-1-12081980.jpg?v=1754407992,public_catalog,2026-08-24T17:28:30.310313-03:00,jsonld:price,HIGH,200,,4,0.6446937821411874,0,-0.010660689064781362,-0.8829457491256598,289
4405,Vestido Linho Reyes Preto,https://www.intibrand.com/produto/vestido-linho-reyes-preto-4405,VERÃO 2027,Vestidos,Preto,694.5,,0.0,36|38|40|42,"Com um caimento fluido que valoriza a silhueta, este vestido de linho é perfeito para ocasiões especiais. As alças duplas banhadas a ouro trazem um toque de glamour e sofisticação, enquanto o decote em V acentuado nas costas adiciona um detalhe elegante e sensual. Composição: 80% Viscose 20% Linho | Forro: 100% Viscose Modelo veste 34.",80% Viscose 20% Linho | Forro: 100% Viscose,partial_or_variant_unavailable,https://cdn.vnda.com.br/intibrand/2025/01/29/10_26_41_162_10_1_2_262_vestido20reyes20linho20preto20aw2520frente201.jpg?v=1738157207,public_catalog,2026-08-24T17:28:30.310313-03:00,jsonld:price,HIGH,200,,4,0.6493688639551192,0,-0.004521995492211675,-0.8787891241321619,289
4757,Vestido Linho Sugarloaf Avelã,https://www.intibrand.com/produto/vestido-linho-sugarloaf-avela-4757,VERÃO 2027,Vestidos,Avelã,644.5,,0.0,36|38|40|42,"Trazendo formas arquitetônicas aos nossos modelos casuais, o vestido Sugarloaf faz alusão a linhas naturais, destacando o busto com recorte assimétrico em formato de onda que percorre as costas, criando uma abertura sinuosa e irreverente. As alças finas com amarração nas costas conferem elegância e valorizam a silhueta. Modelo veste 34.",,partial_or_variant_unavailable,https://cdn.vnda.com.br/intibrand/2025/12/10/15_40_01_396_vestido-20linho-20sugarloaf-20avel-c3-83-20frente-15124900.jpg?v=1765392001,public_catalog,2026-08-24T17:28:30.310313-03:00,jsonld:price,HIGH,200,,4,0.6026180458158018,0,-0.06498198665593005,-0.9581887967406042,289
4755,Vestido Linho Sugarloaf Off-White,https://www.intibrand.com/produto/vestido-linho-sugarloaf-off-white-4755,VERÃO 2027,Vestidos,Off White,644.5,,0.0,36|38|40|42,"Trazendo formas arquitetônicas aos nossos modelos casuais, o vestido Sugarloaf faz alusão a linhas naturais, destacando o busto com recorte assimétrico em formato de onda que percorre as costas, criando uma abertura sinuosa e irreverente. As alças finas com amarração nas costas conferem elegância e valorizam a silhueta. Modelo veste 34.",,partial_or_variant_unavailable,https://cdn.vnda.com.br/intibrand/2025/12/10/15_43_22_693_vestido-20linho-20sugarloaf-20off-white-20frente-202-15128300.jpg?v=1765392208,public_catalog,2026-08-24T17:28:30.310313-03:00,jsonld:price,HIGH,200,,4,0.6026180458158018,0,-0.013810284566036314,-0.9518930910885993,289
4756,Vestido Linho Sugarloaf Preto,https://www.intibrand.com/produto/vestido-linho-sugarloaf-preto-4756,VERÃO 2027,Vestidos,Preto,644.5,,0.0,36|38|40|42,"Trazendo formas arquitetônicas aos nossos modelos casuais, o vestido Sugarloaf faz alusão a linhas naturais, destacando o busto com recorte assimétrico em formato de onda que percorre as costas, criando uma abertura sinuosa e irreverente. As alças finas com amarração nas costas conferem elegância e valorizam a silhueta. Modelo veste 34.",,partial_or_variant_unavailable,https://cdn.vnda.com.br/intibrand/2025/12/10/15_40_33_586_vestido-20linho-20sugarloaf-20preto-20frente-15127800.jpg?v=1765392110,public_catalog,2026-08-24T17:28:30.310313-03:00,jsonld:price,HIGH,200,,4,0.6026180458158018,0,-0.0659089312179084,-0.9203553740671407,289
4716,Vestido Loren Off-White,https://www.intibrand.com/produto/vestido-loren-off-white-4716,VERÃO 2027,Vestidos,Off White,494.5,,0.0,36|38|40|42,"Um dos modelos mais inovadores da coleção. Desenvolvido em tecido texturizado e encorpado, mistura uma modelagem clássica a detalhes exclusivos. O aviamento orgânico, criado especialmente para a coleção, destaca o colo e finaliza a alça de forma singular. Um modelo midi pensado para te acompanhar em diferentes momentos do dia a dia. Composição: 96% Poliéster / 4 % Elastano Modelo veste 34.",96% Poliéster / 4 % Elastano,partial_or_variant_unavailable,https://cdn.vnda.com.br/intibrand/2025/11/26/17_07_20_777_vestido-20loren-20off-white-20frente-17112920.jpg?v=1764187640,public_catalog,2026-08-24T17:28:30.310313-03:00,jsonld:price,HIGH,200,,4,0.46236559139784944,0,-0.19797109174312652,-1.0765918408935358,289
4717,Vestido Loren Preto,https://www.intibrand.com/produto/vestido-loren-preto-4717,VERÃO 2027,Vestidos,Preto,494.5,,0.0,36|38|40|42,"Um dos modelos mais inovadores da coleção. Desenvolvido em tecido texturizado e encorpado, mistura uma modelagem clássica a detalhes exclusivos. O aviamento orgânico, criado especialmente para a coleção, destaca o colo e finaliza a alça de forma singular. Um modelo midi pensado para te acompanhar em diferentes momentos do dia a dia. Composição: 96% Poliéster / 4 % Elastano Modelo veste 34.",96% Poliéster / 4 % Elastano,partial_or_variant_unavailable,https://cdn.vnda.com.br/intibrand/2025/11/26/17_08_02_742_vestido-20loren-20preto-20frente-17113960.jpg?v=1764187689,public_catalog,2026-08-24T17:28:30.310313-03:00,jsonld:price,HIGH,200,,4,0.46236559139784944,0,-0.25006973839499863,-1.0450541238720772,289
4547,Vestido Ludwig Off-White,https://www.intibrand.com/produto/vestido-ludwig-off-white-4547,VERÃO 2027,Vestidos,Off White,1689.0,,0.0,34|36|38|40|42|44,"Vestido midi confeccionado em alfaiataria, com um design clássico e estruturado. O modelo possui barbatanas no top e um decote diagonal no busto. Além disso, conta com uma fenda central nas costas e fechamento por zíper invisível. O corte não é justo, o modelo se acomoda bem ao corpo sem ficar apertado. Composição: 94% Poliéster / 6% Elastano Modelo veste 34.",94% Poliéster / 6% Elastano,partial_or_variant_unavailable,https://cdn.vnda.com.br/intibrand/2025/08/04/13_22_47_429_vestido-20ludwig-20off-white-20frente-20-1-20-1-13081110.jpg?v=1754324567,public_catalog,2026-08-24T17:28:30.310313-03:00,jsonld:price,HIGH,200,,6,1.579242636746143,2,2.1037108553602932,0.582645939941759,166
4548,Vestido Ludwig Preto,https://www.intibrand.com/produto/vestido-ludwig-preto-4548,VERÃO 2027,Vestidos,Preto,1689.0,,0.0,34|36|38|40|42|44,"Vestido midi confeccionado em alfaiataria, com um design clássico e estruturado. O modelo possui barbatanas no top e um decote diagonal no busto. Além disso, conta com uma fenda central nas costas e fechamento por zíper invisível. O corte não é justo, o modelo se acomoda bem ao corpo sem ficar apertado. Composição: 94% Poliéster / 6% Elastano Modelo veste 34.",94% Poliéster / 6% Elastano,partial_or_variant_unavailable,https://cdn.vnda.com.br/intibrand/2025/08/26/13_20_37_23_vestido-20ludwig-20preto-20frente-201-20-2-13089100.jpg?v=1756225239,public_catalog,2026-08-24T17:28:30.310313-03:00,jsonld:price,HIGH,200,,6,1.579242636746143,2,2.051612208708421,0.6141836569632175,166
4549,Vestido Ludwig Vermelho,https://www.intibrand.com/produto/vestido-ludwig-vermelho-4549,VERÃO 2027,Vestidos,Vermelho,1689.0,,0.0,34|36|38|40|42|44,"Vestido midi confeccionado em alfaiataria, com um design clássico e estruturado. O modelo possui barbatanas no top e um decote diagonal no busto. Além disso, conta com uma fenda central nas costas e fechamento por zíper invisível. O corte não é justo, o modelo se acomoda bem ao corpo sem ficar apertado. Composição: 93% Poliéster 7% Elastano Modelo veste 34.",93% Poliéster 7% Elastano,partial_or_variant_unavailable,https://cdn.vnda.com.br/intibrand/2025/08/04/13_20_18_174_vestido-20ludwig-20vermelho-20frente-20-1-20-1-13087210.jpg?v=1754324418,public_catalog,2026-08-24T17:28:30.310313-03:00,jsonld:price,HIGH,200,,6,1.579242636746143,2,2.0828603215807315,0.579493405169468,166
4780,Vestido Maddox Off-White,https://www.intibrand.com/produto/vestido-maddox-off-white-4780,VERÃO 2027,Vestidos,Off White,2389.0,,0.0,34|36|38|40|42,"Com estrutura que remete a toques arquitetônicos e decote em V com barbatanas, o vestido Maddox possui modelagem imponente e comprimento longo, revelando a personalidade da mulher INTI com maestria. Um design que equilibra sofisticação e presença. Composição: 93% Poliéster / 7% Elastano Modelo veste 34.",93% Poliéster / 7% Elastano,partial_or_variant_unavailable,https://cdn.vnda.com.br/intibrand/2026/02/10/17_02_36_982_vestido-20maddox-20off-white-20-20frente-20-1-17022280.jpg?v=1770753789,public_catalog,2026-08-24T17:28:30.310313-03:00,jsonld:price,HIGH,200,,5,2.2337540906965874,2,2.545553929211785,0.8314634040871376,166
4782,Vestido Maddox Vermelho,https://www.intibrand.com/produto/vestido-maddox-vermelho-4782,VERÃO 2027,Vestidos,Vermelho,2389.0,,0.0,34|36|38|40|42,"Com estrutura que remete a toques arquitetônicos e decote em V com barbatanas, o vestido Maddox possui modelagem imponente e comprimento longo, revelando a personalidade da mulher INTI com maestria. Um design que equilibra sofisticação e presença. Composição: 93% Poliéster / 7% Elastano Modelo veste 34.",93% Poliéster / 7% Elastano,partial_or_variant_unavailable,https://cdn.vnda.com.br/intibrand/2026/02/10/17_00_03_877_vestido-20maddox-20vermelho-20frente-203-16025770.jpg?v=1770753636,public_catalog,2026-08-24T17:28:30.310313-03:00,jsonld:price,HIGH,200,,5,2.2337540906965874,2,2.524703395432223,0.8283108693148467,166
4719,Vestido Malmo Off-White,https://www.intibrand.com/produto/vestido-malmo-off-white-4719,VERÃO 2027,Vestidos,Off White,1889.0,,0.0,34|36|38|40|42,"Feito para mulheres com personalidade, o vestido Malmo é um modelo longo que valoriza a silhueta de forma envolvente, com um toque sensual e elegante. Os recortes estratégicos acompanham o aviamento niquelado central, enquanto as costas à mostra se encontram com uma saia de caimento leve. Composição: 96% Poliéster / 4% Elastano Modelo veste 34.",96% Poliéster / 4% Elastano,partial_or_variant_unavailable,https://cdn.vnda.com.br/intibrand/2025/11/28/12_03_54_860_vestido-20malmo-20off-white-20lado-12110410.jpg?v=1764342234,public_catalog,2026-08-24T17:28:30.310313-03:00,jsonld:price,HIGH,200,,5,1.7662459093034129,2,1.9316845719548177,0.4158009047373492,166
4720,Vestido Malmo Preto,https://www.intibrand.com/produto/vestido-malmo-preto-4720,VERÃO 2027,Vestidos,Preto,1889.0,,0.0,34|36|38|40|42,"Feito para mulheres com personalidade, o vestido Malmo é um modelo longo que valoriza a silhueta de forma envolvente, com um toque sensual e elegante. Os recortes estratégicos acompanham o aviamento niquelado central, enquanto as costas à mostra se encontram com uma saia de caimento leve. Composição: 96% Poliéster / 4% Elastano Modelo veste 34.",96% Poliéster / 4% Elastano,partial_or_variant_unavailable,https://cdn.vnda.com.br/intibrand/2025/11/28/12_05_42_413_vestido-20malmo-20preto-20lado-12117200.jpg?v=1764342347,public_catalog,2026-08-24T17:28:30.310313-03:00,jsonld:price,HIGH,200,,5,1.7662459093034129,2,1.8795859253029457,0.4473386217588078,166
4721,Vestido Malmo Vermelho,https://www.intibrand.com/produto/vestido-malmo-vermelho-4721,VERÃO 2027,Vestidos,Vermelho,1889.0,,0.0,34|36|38|40|42,"Feito para mulheres com personalidade, o vestido Malmo é um modelo longo que valoriza a silhueta de forma envolvente, com um toque sensual e elegante. Os recortes estratégicos acompanham o aviamento niquelado central, enquanto as costas à mostra se encontram com uma saia de caimento leve. Composição: 96% Poliéster / 4% Elastano Modelo veste 34.",96% Poliéster / 4% Elastano,partial_or_variant_unavailable,https://cdn.vnda.com.br/intibrand/2025/11/28/12_04_45_740_vestido-20malmo-20vermelho-20frente-12111890.jpg?v=1764342285,public_catalog,2026-08-24T17:28:30.310313-03:00,jsonld:price,HIGH,200,,5,1.7662459093034129,2,1.9108340381752555,0.4126483699650583,166
4107,Vestido Matt Preto,https://www.intibrand.com/produto/vestido-matt-preto-4107,VERÃO 2027,Vestidos,Preto,699.5,,0.0,34|36|38|40|42,"Mais um must-have para o inverno. Feito em alfaiataria, o vestido Matt possui decote assimétrico e mood contemporâneo que agrega elegância para o look. Modelo veste 34.",,partial_or_variant_unavailable,https://cdn.vnda.com.br/intibrand/2024/05/24/11_43_39_556_11_5_5_566_vestido20matt2020preto20zoom201202.jpg?v=1716561837,public_catalog,2026-08-24T17:28:30.310313-03:00,jsonld:price,HIGH,200,,5,0.654043945769051,0,0.4191907243886203,-0.5415224641943387,289
3697,Vestido Mayon Pink,https://www.intibrand.com/produto/vestido-mayon-pink-3697,VERÃO 2027,Vestidos,Pink,1149.5,,0.0,PP|P|M|G,"Vestido longo confeccionado em crepe de alfaiataria, com decote estruturado por barbatana e busto em formato V, com detalhes de recortes nas laterais. Fechamento posterior por zíper.",,partial_or_variant_unavailable,https://cdn.vnda.com.br/intibrand/2022/08/29/14_8_6_622_VESTIDOMAYONPINKFRENTE.jpg?v=1661793737,public_catalog,2026-08-24T17:28:30.310313-03:00,jsonld:price,HIGH,200,,4,1.0748013090229078,0,0.5521960118815393,-0.5288731892583569,289
3699,Vestido Mayon Rosê,https://www.intibrand.com/produto/vestido-mayon-rose-3699,VERÃO 2027,Vestidos,Rosê,1149.5,,0.0,PP|P|M|G,"Vestido longo confeccionado em crepe de alfaiataria, com decote estruturado por barbatana e busto em formato V, com detalhes de recortes nas laterais. Fechamento posterior por zíper.",,partial_or_variant_unavailable,https://cdn.vnda.com.br/intibrand/2022/08/29/14_8_2_280_VESTIDOMAYONROSFRENTE.jpg?v=1661793788,public_catalog,2026-08-24T17:28:30.310313-03:00,jsonld:price,HIGH,200,,4,1.0748013090229078,0,0.552197306611135,-0.5250710222252118,289
4936,Vestido Osbert Marrom,https://www.intibrand.com/produto/vestido-osbert-marrom-4936,VERÃO 2027,Vestidos,Marrom,2289.0,,0.0,34|36|38|40|42,"O vestido Osbert tem tecido fluido, com mangas longas e decote fechado na frente. Os drapeados equilibram a silhueta, enquanto o decote profundo nas costas e a saia alongada garantem leveza e movimento. Composição: 96% Poliéster / 4% Elastano | Forro: 88% Poliamida / 12% Elastano Modelo veste 34.",96% Poliéster / 4% Elastano | Forro: 88% Poliamida / 12% Elastano,partial_or_variant_unavailable,https://cdn.vnda.com.br/intibrand/2026/05/15/12_57_08_38_gaby-20v-c3-8ddeos-20-20-a4-20-9-12057280.jpg?v=1778860628,public_catalog,2026-08-24T17:28:30.310313-03:00,jsonld:price,HIGH,200,,5,2.1402524544179524,2,2.3782639666843584,0.7678263317715907,166
4933,Vestido Osbert Off-White,https://www.intibrand.com/produto/vestido-osbert-off-white-4933,VERÃO 2027,Vestidos,Off White,2289.0,,0.0,34|36|38|40|42,"O vestido Osbert tem tecido fluido, com mangas longas e decote fechado na frente. Os drapeados equilibram a silhueta, enquanto o decote profundo nas costas e a saia alongada garantem leveza e movimento. Composição: 96% Poliéster / 4% Elastano | Forro: 88% Poliamida / 12% Elastano Modelo veste 34.",96% Poliéster / 4% Elastano | Forro: 88% Poliamida / 12% Elastano,partial_or_variant_unavailable,https://cdn.vnda.com.br/intibrand/2026/05/15/12_45_54_927_vestido-20osbert-20off-white-20frente-203-12054550.jpg?v=1778859961,public_catalog,2026-08-24T17:28:30.310313-03:00,jsonld:price,HIGH,200,,5,2.1402524544179524,2,2.4227800577603915,0.74833090421718,166
4934,Vestido Osbert Preto,https://www.intibrand.com/produto/vestido-osbert-preto-4934,VERÃO 2027,Vestidos,Preto,2289.0,,0.0,34|36|38|40|42,"O vestido Osbert tem tecido fluido, com mangas longas e decote fechado na frente. Os drapeados equilibram a silhueta, enquanto o decote profundo nas costas e a saia alongada garantem leveza e movimento. Composição: 96% Poliéster / 4% Elastano | Forro: 88% Poliamida / 12% Elastano Modelo veste 34.",96% Poliéster / 4% Elastano | Forro: 88% Poliamida / 12% Elastano,partial_or_variant_unavailable,https://cdn.vnda.com.br/intibrand/2026/05/15/12_55_54_14_gaby-20v-c3-8ddeos-20-20-a4-20-6-12055830.jpg?v=1778860554,public_catalog,2026-08-24T17:28:30.310313-03:00,jsonld:price,HIGH,200,,5,2.1402524544179524,2,2.3706814111085195,0.7798686212386385,166
4754,Vestido Perot Azul,https://www.intibrand.com/produto/vestido-perot-azul-4754,VERÃO 2027,Vestidos,Azul,994.5,,0.0,36|38|40|42,"Elegância em sua forma mais atemporal. O vestido Perot é a essência do minimalismo. Com alças finas e decote halter, destaca suavemente os ombros e o colo, criando uma silhueta alongada. Confeccionado em tecido leve que proporciona movimento e conforto. A alça em aviamento finaliza o modelo com perfeição. Modelo veste 34.",,partial_or_variant_unavailable,https://cdn.vnda.com.br/intibrand/2025/12/15/11_59_50_917_vestido-20perot-20azul-20frente-202-11122700.jpg?v=1765810797,public_catalog,2026-08-24T17:28:30.310313-03:00,jsonld:price,HIGH,200,,4,0.9298737727910238,0,0.3702590164310589,-0.6556605724905075,289
4751,Vestido Perot Off-White,https://www.intibrand.com/produto/vestido-perot-off-white-4751,VERÃO 2027,Vestidos,Off White,994.5,,0.0,36|38|40|42,"Elegância em sua forma mais atemporal. O vestido Perot é a essência do minimalismo. Com alças finas e decote halter, destaca suavemente os ombros e o colo, criando uma silhueta alongada. Confeccionado em tecido leve que proporciona movimento e conforto. A alça em aviamento finaliza o modelo com perfeição. Modelo veste 34.",,partial_or_variant_unavailable,https://cdn.vnda.com.br/intibrand/2025/12/15/11_59_10_755_vestido-20perot-20off-white-20frente-11122580.jpg?v=1765810750,public_catalog,2026-08-24T17:28:30.310313-03:00,jsonld:price,HIGH,200,,4,0.9298737727910238,0,0.4158982655138408,-0.6609293415437475,289
4753,Vestido Perot Vermelho,https://www.intibrand.com/produto/vestido-perot-vermelho-4753,VERÃO 2027,Vestidos,Vermelho,994.5,,0.0,36|38|40|42,"Elegância em sua forma mais atemporal. O vestido Perot é a essência do minimalismo. Com alças finas e decote halter, destaca suavemente os ombros e o colo, criando uma silhueta alongada. Confeccionado em tecido leve que proporciona movimento e conforto. A alça em aviamento finaliza o modelo com perfeição. Modelo veste 34.",,partial_or_variant_unavailable,https://cdn.vnda.com.br/intibrand/2025/12/09/12_14_52_28_vestido-20perot-20vermelho-20-20frente-12120610.jpg?v=1765293297,public_catalog,2026-08-24T17:28:30.310313-03:00,jsonld:price,HIGH,200,,4,0.9298737727910238,0,0.3950477317342787,-0.6640818763160384,289
4747,Vestido Reidy Paetê Dourado,https://www.intibrand.com/produto/vestido-reidy-paete-dourado-4747,VERÃO 2027,Vestidos,Paetê Dourado,994.5,,0.0,36|38|40|42,"Impactante e sofisticado, o Vestido Reidy propõe uma abordagem ousada e elegante para mulheres que desejam se destacar. Com design de um ombro só, transmite sensualidade e modernidade de forma refinada. Os recortes estratégicos revelam sutilmente a pele, enquanto o comprimento longo confere ainda mais elegância. Composição: 93% Poliamida / 4% Plastano / 3 % Poliéster Modelo veste 34.",93% Poliamida / 4% Plastano / 3 % Poliéster,partial_or_variant_unavailable,https://cdn.vnda.com.br/intibrand/2025/12/10/17_41_11_610_vestido-20reidy-20dourado-20frente-201012-17126970.jpg?v=1765399281,public_catalog,2026-08-24T17:28:30.310313-03:00,jsonld:price,HIGH,200,,4,0.9298737727910238,0,0.3640752917077598,-0.6582817975037384,289
4745,Vestido Reidy Preto,https://www.intibrand.com/produto/vestido-reidy-preto-4745,VERÃO 2027,Vestidos,Preto,994.5,,0.0,36|38|40|42,"Impactante e sofisticado, o Vestido Reidy propõe uma abordagem ousada e elegante para mulheres que desejam se destacar. Com design de um ombro só, transmite sensualidade e modernidade de forma refinada. Os recortes estratégicos revelam sutilmente a pele, enquanto o comprimento longo confere ainda mais elegância. Composição: 96% Poliéster / 4% Elastano Modelo veste 34.",96% Poliéster / 4% Elastano,partial_or_variant_unavailable,https://cdn.vnda.com.br/intibrand/2025/12/08/11_00_57_854_vestido-20reidy-20preto-20frente-202-11121560.jpg?v=1765202472,public_catalog,2026-08-24T17:28:30.310313-03:00,jsonld:price,HIGH,200,,4,0.9298737727910238,0,0.3637996188619687,-0.6293916245222889,289
4744,Vestido Reidy Vermelho,https://www.intibrand.com/produto/vestido-reidy-vermelho-4744,VERÃO 2027,Vestidos,Vermelho,994.5,,0.0,36|38|40|42,"Impactante e sofisticado, o Vestido Reidy propõe uma abordagem ousada e elegante para mulheres que desejam se destacar. Com design de um ombro só, transmite sensualidade e modernidade de forma refinada. Os recortes estratégicos revelam sutilmente a pele, enquanto o comprimento longo confere ainda mais elegância. Composição: 96% Poliéster / 4% Elastano Modelo veste 34.",96% Poliéster / 4% Elastano,partial_or_variant_unavailable,https://cdn.vnda.com.br/intibrand/2025/12/08/10_51_30_661_vestido-20reidy-20vermelho-20lado-10121680.jpg?v=1765201895,public_catalog,2026-08-24T17:28:30.310313-03:00,jsonld:price,HIGH,200,,4,0.9298737727910238,0,0.3950477317342787,-0.6640818763160384,289
4540,Vestido Rennie Off-White,https://www.intibrand.com/produto/vestido-rennie-off-white-4540,VERÃO 2027,Vestidos,Off White,1144.5,,0.0,36|38|40|42,"Vestido longo fluido em crepe de chiffon, com um detalhe sofisticado de gargantilha banhada a ouro e fecho posterior de zíper invisível. A alça em decote degagê se cruza sobre o ombro direito, deixando o lado esquerdo exposto, criando um visual assimétrico e elegante. O modelo de frente única e o tecido fluido caem de forma reta, conferindo um visual minimalista Modelo veste 34.",,partial_or_variant_unavailable,https://cdn.vnda.com.br/intibrand/2025/10/16/17_11_20_215_vestido-20rennie-20off-white-20-20frente-17101450.jpg?v=1760645485,public_catalog,2026-08-24T17:28:30.310313-03:00,jsonld:price,HIGH,200,,4,1.0701262272089762,0,0.6000590726909311,-0.5362305917388108,289
4164,Vestido Riccie Off-White,https://www.intibrand.com/produto/vestido-riccie-off-white-4164,VERÃO 2027,Vestidos,Off White,1889.0,,0.0,34|36|38|40|42,"Uma mescla sutil de sensualidade e sofisticação. Longo com caimento leve e fluido, possui um lindo decote cascata e aviamento metálico usado como alças de sustentação. Modelo veste 34.",,partial_or_variant_unavailable,https://cdn.vnda.com.br/intibrand/2024/08/08/13_07_19_147_13_8_9_999_vestido20riccie20offwhite20frente.jpg?v=1723133248,public_catalog,2026-08-24T17:28:30.310313-03:00,jsonld:price,HIGH,200,,5,1.7662459093034129,2,1.9316845719548177,0.4158009047373492,166
4156,Vestido Rizzo Framboesa,https://www.intibrand.com/produto/vestido-rizzo-framboesa-4156,VERÃO 2027,Vestidos,Framboesa,694.5,,0.0,36|38|40|42,"Essa peça é uma verdadeira obra de arte. Suas curvas orgânicas nos remetem aos elementos curvilíneos da arquitetura, garantindo singularidade e poder ao vesti-lo. O vestido Rizzo é um tomara que caia com recorte, possui um arredondado estruturado com entretela e zíper central nas costas de 30cm. Modelo veste 34.",,partial_or_variant_unavailable,https://cdn.vnda.com.br/intibrand/2024/08/07/18_02_23_297_18_8_1_155_vestido20rizzo20framboesa20frente.jpg?v=1723064563,public_catalog,2026-08-24T17:28:30.310313-03:00,jsonld:price,HIGH,200,,4,0.6493688639551192,0,-0.0027932645615685895,-0.9035220139716573,289
4157,Vestido Rizzo Preto,https://www.intibrand.com/produto/vestido-rizzo-preto-4157,VERÃO 2027,Vestidos,Preto,694.5,,0.0,36|38|40|42,"Essa peça é uma verdadeira obra de arte. Suas curvas orgânicas nos remetem aos elementos curvilíneos da arquitetura, garantindo singularidade e poder ao vesti-lo. O vestido Rizzo é um tomara que caia com recorte, possui um arredondado estruturado com entretela e zíper central nas costas de 30cm. Modelo veste 34.",,partial_or_variant_unavailable,https://cdn.vnda.com.br/intibrand/2024/08/07/17_59_15_923_17_8_9_975_vestido20rizzo20preto20frente.jpg?v=1723064362,public_catalog,2026-08-24T17:28:30.310313-03:00,jsonld:price,HIGH,200,,4,0.6493688639551192,0,-0.004521995492211675,-0.8787891241321619,289
4158,Vestido Rizzo Vermelho,https://www.intibrand.com/produto/vestido-rizzo-vermelho-4158,VERÃO 2027,Vestidos,Vermelho,694.5,,0.0,36|38|40|42,"Essa peça é uma verdadeira obra de arte. Suas curvas orgânicas nos remetem aos elementos curvilíneos da arquitetura, garantindo singularidade e poder ao vesti-lo. O vestido Rizzo é um tomara que caia com recorte, possui um arredondado estruturado com entretela e zíper central nas costas de 30cm. Modelo veste 34.",,partial_or_variant_unavailable,https://cdn.vnda.com.br/intibrand/2024/08/07/17_57_44_81_17_8_0_032_vestido20rizzo20vermelho20frente.jpg?v=1723064282,public_catalog,2026-08-24T17:28:30.310313-03:00,jsonld:price,HIGH,200,,4,0.6493688639551192,0,0.026726117380098315,-0.9134793759259114,289
4779,Vestido Roland Marrom,https://www.intibrand.com/produto/vestido-roland-marrom-4779,VERÃO 2027,Vestidos,Marrom,1989.0,,0.0,34|36|38|40|42|44,"Elegância que se revela nos detalhes. O vestido Roland é a versão longa de um best-seller INTI, com drapeado ao longo de todo o comprimento que acompanha a silhueta de forma elegante, além de ombreiras que reforçam a estrutura. Um design atemporal para ocasiões especiais. Composição: 96% Poliéster / 4% Elastano Modelo veste 34.",96% Poliéster / 4% Elastano,partial_or_variant_unavailable,https://cdn.vnda.com.br/intibrand/2026/02/12/10_43_35_44_vestido-20roland-20marrom-20frente-10026630.jpg?v=1770903815,public_catalog,2026-08-24T17:28:30.310313-03:00,jsonld:price,HIGH,200,,6,1.8597475455820476,2,2.42751637863844,0.8515388671060427,166
4776,Vestido Roland Off-White,https://www.intibrand.com/produto/vestido-roland-off-white-4776,VERÃO 2027,Vestidos,Off White,1989.0,,0.0,34|36|38|40|42|44,"Elegância que se revela nos detalhes. O vestido Roland é a versão longa de um best-seller INTI, com drapeado ao longo de todo o comprimento que acompanha a silhueta de forma elegante, além de ombreiras que reforçam a estrutura. Um design atemporal para ocasiões especiais. Composição: 96% Poliéster / 4% Elastano Modelo veste 34.",96% Poliéster / 4% Elastano,partial_or_variant_unavailable,https://cdn.vnda.com.br/intibrand/2026/08/19/11_20_06_279_gaby-20fotos-20-202026-08-19t111937-944-11083010.jpg?v=1787149209,public_catalog,2026-08-24T17:28:30.310313-03:00,jsonld:price,HIGH,200,,6,1.8597475455820476,2,2.472032469714473,0.832043439551632,166
4777,Vestido Roland Preto,https://www.intibrand.com/produto/vestido-roland-preto-4777,VERÃO 2027,Vestidos,Preto,1989.0,,0.0,34|36|38|40|42|44,"Elegância que se revela nos detalhes. O vestido Roland é a versão longa de um best-seller INTI, com drapeado ao longo de todo o comprimento que acompanha a silhueta de forma elegante, além de ombreiras que reforçam a estrutura. Um design atemporal para ocasiões especiais. Composição: 96% Poliéster / 4% Elastano Modelo veste 34.",96% Poliéster / 4% Elastano,partial_or_variant_unavailable,https://cdn.vnda.com.br/intibrand/2026/08/19/16_31_59_593_vestido-20roland-20preto-20frente-20-1-20-1-16081440.jpg?v=1787167924,public_catalog,2026-08-24T17:28:30.310313-03:00,jsonld:price,HIGH,200,,6,1.8597475455820476,2,2.419933823062601,0.8635811565730905,166
4778,Vestido Roland Vermelho,https://www.intibrand.com/produto/vestido-roland-vermelho-4778,VERÃO 2027,Vestidos,Vermelho,1989.0,,0.0,34|36|38|40|42|44,"Elegância que se revela nos detalhes. O vestido Roland é a versão longa de um best-seller INTI, com drapeado ao longo de todo o comprimento que acompanha a silhueta de forma elegante, além de ombreiras que reforçam a estrutura. Um design atemporal para ocasiões especiais. Composição: 96% Poliéster / 4% Elastano Modelo veste 34.",96% Poliéster / 4% Elastano,partial_or_variant_unavailable,https://cdn.vnda.com.br/intibrand/2026/08/19/16_36_43_125_gaby-20fotos-20-202026-08-19t163628-801-16086920.jpg?v=1787168207,public_catalog,2026-08-24T17:28:30.310313-03:00,jsonld:price,HIGH,200,,6,1.8597475455820476,2,2.4511819359349114,0.828890904779341,166
4709,Vestido Salk Azul,https://www.intibrand.com/produto/vestido-salk-azul-4709,VERÃO 2027,Vestidos,Azul,844.5,,0.0,36|38|40|42,"A releitura do vestido Vallez, agora em modelo curto, é confeccionada em crepe chiffon, com decote degagê e alças em metal niquelado, destacando o aviamento exclusivo. Modelo veste 34.",,partial_or_variant_unavailable,https://cdn.vnda.com.br/intibrand/2025/11/14/11_54_51_149_vestido-20salk-20azul-20frente-20medio-11112740.jpg?v=1764930937,public_catalog,2026-08-24T17:28:30.310313-03:00,jsonld:price,HIGH,200,,4,0.7896213183730715,0,0.18609820925396872,-0.7803593222954439,289
4706,Vestido Salk Off-White,https://www.intibrand.com/produto/vestido-salk-off-white-4706,VERÃO 2027,Vestidos,Off White,844.5,,0.0,36|38|40|42,"A releitura do vestido Vallez, agora em modelo curto, é confeccionada em crepe chiffon, com decote degagê e alças em metal niquelado, destacando o aviamento exclusivo. Modelo veste 34.",,partial_or_variant_unavailable,https://cdn.vnda.com.br/intibrand/2025/11/14/11_56_33_423_vestido-20salk-20off-white-20frente-201-11117880.jpg?v=1763132227,public_catalog,2026-08-24T17:28:30.310313-03:00,jsonld:price,HIGH,200,,4,0.7896213183730715,0,0.2317374583367506,-0.7856280913486839,289
4708,Vestido Salk Vermelho,https://www.intibrand.com/produto/vestido-salk-vermelho-4708,VERÃO 2027,Vestidos,Vermelho,844.5,,0.0,36|38|40|42,"A releitura do vestido Vallez, agora em modelo curto, é confeccionada em crepe chiffon, com decote degagê e alças em metal niquelado, destacando o aviamento exclusivo. Modelo veste 34.",,partial_or_variant_unavailable,https://cdn.vnda.com.br/intibrand/2025/11/14/11_55_28_585_vestido-20salk-20vermelho-20frente-11119880.jpg?v=1763132128,public_catalog,2026-08-24T17:28:30.310313-03:00,jsonld:price,HIGH,200,,4,0.7896213183730715,0,0.2108869245571885,-0.7887806261209749,289
4983,Vestido Salvi Azul,https://www.intibrand.com/produto/vestido-salvi-azul-4983,VERÃO 2027,Vestidos,Azul,1989.0,,0.0,34|36|38|40|42|44,"O Vestido Salvi combina a fluidez da malha jersey a uma construção sofisticada que valoriza a silhueta. O modelo apresenta decote fechado na parte frontal, ombreiras e recortes estratégicos na cintura, que definem a estrutura da peça. Os drapeados transpassados criam um efeito elegante e equilibram as proporções, enquanto o decote profundo nas costas revela a feminilidade de forma marcante. A cauda alongada completa a silhueta, proporcionando movimento e imponência ao visual. Composição: 96% Poliéster / 4% Elastano Modelo veste 34.",96% Poliéster / 4% Elastano,partial_or_variant_unavailable,https://cdn.vnda.com.br/intibrand/2026/08/21/15_51_41_139_vestido-20salvi-20azul-20frente-15081420.jpg?v=1787338310,public_catalog,2026-08-24T17:28:30.310313-03:00,jsonld:price,HIGH,200,,6,1.8597475455820476,2,2.4263932206316916,0.837312208604872,166
4982,Vestido Salvi Off-White,https://www.intibrand.com/produto/vestido-salvi-off-white-4982,VERÃO 2027,Vestidos,Off White,1989.0,,0.0,34|36|38|40|42|44,"O Vestido Salvi combina a fluidez da malha jersey a uma construção sofisticada que valoriza a silhueta. O modelo apresenta decote fechado na parte frontal, ombreiras e recortes estratégicos na cintura, que definem a estrutura da peça. Os drapeados transpassados criam um efeito elegante e equilibram as proporções, enquanto o decote profundo nas costas revela a feminilidade de forma marcante. A cauda alongada completa a silhueta, proporcionando movimento e imponência ao visual. Composição: 96% Poliéster / 4% Elastano Modelo veste 34.",96% Poliéster / 4% Elastano,partial_or_variant_unavailable,https://cdn.vnda.com.br/intibrand/2026/08/20/17_21_12_390_gaby-20fotos-20-202026-08-20t172103-721-17080270.jpg?v=1787257274,public_catalog,2026-08-24T17:28:30.310313-03:00,jsonld:price,HIGH,200,,6,1.8597475455820476,2,2.472032469714473,0.832043439551632,166
4984,Vestido Salvi Preto,https://www.intibrand.com/produto/vestido-salvi-preto-4984,VERÃO 2027,Vestidos,Preto,1989.0,,0.0,34|36|38|40|42|44,"O Vestido Salvi combina a fluidez da malha jersey a uma construção sofisticada que valoriza a silhueta. O modelo apresenta decote fechado na parte frontal, ombreiras e recortes estratégicos na cintura, que definem a estrutura da peça. Os drapeados transpassados criam um efeito elegante e equilibram as proporções, enquanto o decote profundo nas costas revela a feminilidade de forma marcante. A cauda alongada completa a silhueta, proporcionando movimento e imponência ao visual. Composição: 96% Poliéster / 4% Elastano Modelo veste 34.",96% Poliéster / 4% Elastano,partial_or_variant_unavailable,https://cdn.vnda.com.br/intibrand/2026/08/21/15_49_12_39_vestido-20salvi-20preto-20frente-15082080.jpg?v=1787338178,public_catalog,2026-08-24T17:28:30.310313-03:00,jsonld:price,HIGH,200,,6,1.8597475455820476,2,2.419933823062601,0.8635811565730905,166
4985,Vestido Salvi Vermelho,https://www.intibrand.com/produto/vestido-salvi-vermelho-4985,VERÃO 2027,Vestidos,Vermelho,1989.0,,0.0,34|36|38|40|42|44,"O Vestido Salvi combina a fluidez da malha jersey a uma construção sofisticada que valoriza a silhueta. O modelo apresenta decote fechado na parte frontal, ombreiras e recortes estratégicos na cintura, que definem a estrutura da peça. Os drapeados transpassados criam um efeito elegante e equilibram as proporções, enquanto o decote profundo nas costas revela a feminilidade de forma marcante. A cauda alongada completa a silhueta, proporcionando movimento e imponência ao visual. Composição: 96% Poliéster / 4% Elastano Modelo veste 34.",96% Poliéster / 4% Elastano,partial_or_variant_unavailable,https://cdn.vnda.com.br/intibrand/2026/08/21/15_53_00_393_vestido-20salvi-20vermelho-20-20costas-202-15088470.jpg?v=1787338407,public_catalog,2026-08-24T17:28:30.310313-03:00,jsonld:price,HIGH,200,,6,1.8597475455820476,2,2.4511819359349114,0.828890904779341,166
4738,Vestido Sanaa Paetê Dourado,https://www.intibrand.com/produto/vestido-sanaa-paete-dourado-4738,VERÃO 2027,Vestidos,Paetê Dourado,844.5,,0.0,34|36|38|40|42,"Vestido curto em paetê com acabamento suave, possui decote exclusivo e recorte na cintura. O fechamento é feito nas costas por zíper invisível. Paetê costurado um a um, garantindo um acabamento impecável. O modelo conta ainda com um detalhe assimétrico, conferindo um toque moderno e elegante. Composição: 93% Poliamida / 4% Elastano / 3 % Poliéster Modelo veste 34.",93% Poliamida / 4% Elastano / 3 % Poliéster,partial_or_variant_unavailable,https://cdn.vnda.com.br/intibrand/2025/12/02/10_38_14_50_vestido-20sanaa-20dourado-20frente-10123080.jpg?v=1764682694,public_catalog,2026-08-24T17:28:30.310313-03:00,jsonld:price,HIGH,200,,5,0.7896213183730715,0,0.597488510838932,-0.4498705123643496,289
4739,Vestido Sanaa Paetê Prateado,https://www.intibrand.com/produto/vestido-sanaa-paete-prateado-4739,VERÃO 2027,Vestidos,Paetê Prateado,844.5,,0.0,34|36|38|40|42,"Vestido curto em paetê com acabamento suave, possui decote exclusivo e recorte na cintura. O fechamento é feito nas costas por zíper invisível. Paetê costurado um a um, garantindo um acabamento impecável. O modelo conta ainda com um detalhe assimétrico, conferindo um toque moderno e elegante. Composição: 93% Poliamida / 4% Elastano / 3 % Poliéster Modelo veste 34.",93% Poliamida / 4% Elastano / 3 % Poliéster,partial_or_variant_unavailable,https://cdn.vnda.com.br/intibrand/2025/12/02/10_39_51_602_vestido-20sanaa-20prateado-20frente-202-10124940.jpg?v=1764682791,public_catalog,2026-08-24T17:28:30.310313-03:00,jsonld:price,HIGH,200,,5,0.7896213183730715,0,0.5972010483809322,-0.4490321622152535,289
4349,Vestido Sartori Off-White,https://www.intibrand.com/produto/vestido-sartori-off-white-4349,VERÃO 2027,Vestidos,Off White,2389.0,,0.0,34|36|38|40|42|44,"O Vestido Sartori é um modelo longo, clássico e elegante, com design tomara que caia. Confeccionado em tecido estruturado de alfaiataria, apresenta decote reto com curvatura nas extremidades, criando um caimento que valoriza a silhueta. O fechamento posterior complementa o modelo, enquanto a saia ganha destaque com uma cauda em formato de nesga. Uma peça desenvolvida para protagonizar momentos especiais. Composição: 93% Poliéster / 7% Elastano Modelo veste 34.",93% Poliéster / 7% Elastano,partial_or_variant_unavailable,https://cdn.vnda.com.br/intibrand/2026/08/18/13_55_51_958_gaby-20fotos-20-202026-08-18t135506-490-13087250.jpg?v=1787072163,public_catalog,2026-08-24T17:28:30.310313-03:00,jsonld:price,HIGH,200,,6,2.2337540906965874,2,2.963127955520047,1.1645734390314628,166
4350,Vestido Sartori Preto,https://www.intibrand.com/produto/vestido-sartori-preto-4350,VERÃO 2027,Vestidos,Preto,2389.0,,0.0,34|36|38|40|42|44,"O Vestido Sartori é um modelo longo, clássico e elegante, com design tomara que caia. Confeccionado em tecido estruturado de alfaiataria, apresenta decote reto com curvatura nas extremidades, criando um caimento que valoriza a silhueta. O fechamento posterior complementa o modelo, enquanto a saia ganha destaque com uma cauda em formato de nesga. Uma peça desenvolvida para protagonizar momentos especiais. Composição: 93% Poliéster / 7% Elastano Modelo veste 34.",93% Poliéster / 7% Elastano,partial_or_variant_unavailable,https://cdn.vnda.com.br/intibrand/2026/08/24/12_41_53_165_vestido-20sartori-20preto-20frente-201-12080170.jpg?v=1787586116,public_catalog,2026-08-24T17:28:30.310313-03:00,jsonld:price,HIGH,200,,6,2.2337540906965874,2,2.911029308868175,1.1961111560529214,166
5007,Vestido Sartori Rosê,https://www.intibrand.com/produto/vestido-sartori-rose-5007,VERÃO 2027,Vestidos,Rosê,2389.0,,0.0,34|36|38|40|42|44,"O Vestido Sartori é um modelo longo, clássico e elegante, com design tomara que caia. Confeccionado em tecido estruturado de alfaiataria, apresenta decote reto com curvatura nas extremidades, criando um caimento que valoriza a silhueta. O fechamento posterior complementa o modelo, enquanto a saia ganha destaque com uma cauda em formato de nesga. Uma peça desenvolvida para protagonizar momentos especiais. Composição: 93% Poliéster / 7% Elastano Modelo veste 34.",93% Poliéster / 7% Elastano,partial_or_variant_unavailable,https://cdn.vnda.com.br/intibrand/2026/08/18/14_10_09_403_gaby-20fotos-20-202026-08-18t140931-330-14081280.jpg?v=1787073013,public_catalog,2026-08-24T17:28:30.310313-03:00,jsonld:price,HIGH,200,,6,2.2337540906965874,2,2.9091274958676814,1.1715763835515642,166
4351,Vestido Sartori Vermelho,https://www.intibrand.com/produto/vestido-sartori-vermelho-4351,VERÃO 2027,Vestidos,Vermelho,2389.0,,0.0,34|36|38|40|42|44,"O Vestido Sartori é um modelo longo, clássico e elegante, com design tomara que caia. Confeccionado em tecido estruturado de alfaiataria, apresenta decote reto com curvatura nas extremidades, criando um caimento que valoriza a silhueta. O fechamento posterior complementa o modelo, enquanto a saia ganha destaque com uma cauda em formato de nesga. Uma peça desenvolvida para protagonizar momentos especiais. Composição: 93% Poliéster / 7% Elastano Modelo veste 34.",93% Poliéster / 7% Elastano,partial_or_variant_unavailable,https://cdn.vnda.com.br/intibrand/2026/08/18/13_53_11_238_gaby-20fotos-20-202026-08-18t135234-779-13089250.jpg?v=1787071996,public_catalog,2026-08-24T17:28:30.310313-03:00,jsonld:price,HIGH,200,,6,2.2337540906965874,2,2.9422774217404855,1.1614209042591719,166
4740,Vestido Tess Off-White,https://www.intibrand.com/produto/vestido-tess-off-white-4740,VERÃO 2027,Vestidos,Off White,1989.0,,0.0,36|38|40|42,"Elegante e sofisticado, o Vestido Tess apresenta um design assimétrico, com um ombro só e recortes estratégicos na cintura, criando um visual moderno e sensual. O tecido fluido proporciona um caimento impecável, enquanto o drapeado cuidadosamente posicionado valoriza a silhueta. Modelo veste 34.",,partial_or_variant_unavailable,https://cdn.vnda.com.br/intibrand/2025/12/02/12_49_35_56_vestido-20tess-20off-white-20frente-12124390.jpg?v=1764690636,public_catalog,2026-08-24T17:28:30.310313-03:00,jsonld:price,HIGH,200,,4,1.8597475455820476,2,1.6368844170979486,0.16582336966298147,166
4741,Vestido Tess Preto,https://www.intibrand.com/produto/vestido-tess-preto-4741,VERÃO 2027,Vestidos,Preto,1989.0,,0.0,36|38|40|42,"Elegante e sofisticado, o Vestido Tess apresenta um design assimétrico, com um ombro só e recortes estratégicos na cintura, criando um visual moderno e sensual. O tecido fluido proporciona um caimento impecável, enquanto o drapeado cuidadosamente posicionado valoriza a silhueta. Modelo veste 34.",,partial_or_variant_unavailable,https://cdn.vnda.com.br/intibrand/2025/12/02/12_57_56_84_vestido-20tess-20preto-20frente-12125240.jpg?v=1764691085,public_catalog,2026-08-24T17:28:30.310313-03:00,jsonld:price,HIGH,200,,4,1.8597475455820476,2,1.5847857704460766,0.19736108668444005,166
4742,Vestido Tess Vermelho,https://www.intibrand.com/produto/vestido-tess-vermelho-4742,VERÃO 2027,Vestidos,Vermelho,1989.0,,0.0,36|38|40|42,"Elegante e sofisticado, o Vestido Tess apresenta um design assimétrico, com um ombro só e recortes estratégicos na cintura, criando um visual moderno e sensual. O tecido fluido proporciona um caimento impecável, enquanto o drapeado cuidadosamente posicionado valoriza a silhueta. Modelo veste 34.",,partial_or_variant_unavailable,https://cdn.vnda.com.br/intibrand/2025/12/15/13_17_07_353_vestido-20tess-20cereja-20frente-20reedit-20-1-13128790.jpg?v=1765815429,public_catalog,2026-08-24T17:28:30.310313-03:00,jsonld:price,HIGH,200,,4,1.8597475455820476,2,1.6160338833183865,0.16267083489069056,166
4814,Vestido Tricot Aubrey Bege,https://www.intibrand.com/produto/vestido-tricot-aubrey-bege-4814,VERÃO 2027,Vestidos,Bege,1789.0,,0.0,36|38|40|42,"Em tricot de caimento elegante, o Vestido Aubrey possui comprimento midi e design contemporâneo. As faixas ombro a ombro surgem em alturas distintas e levemente lateralizadas, criando um visual assimétrico e sofisticado. A peça é apresentada em duas opções bicolores, além da versão em cor única no vermelho. Modelo veste 34.",,partial_or_variant_unavailable,https://cdn.vnda.com.br/intibrand/2026/03/19/11_50_52_836_vestido-20tricot-20aubrey-20bege-20frente-20-1-11037530.jpg?v=1773931855,public_catalog,2026-08-24T17:28:30.310313-03:00,jsonld:price,HIGH,200,,4,1.672744273024778,2,1.3397866373877132,-0.005769321619605344,166
4813,Vestido Tricot Aubrey Preto com Off-White,https://www.intibrand.com/produto/vestido-tricot-aubrey-preto-com-off-white-4813,VERÃO 2027,Vestidos,Off White,1789.0,,0.0,36|38|40|42,"Em tricot de caimento elegante, o Vestido Aubrey possui comprimento midi e design contemporâneo. As faixas ombro a ombro surgem em alturas distintas e levemente lateralizadas, criando um visual assimétrico e sofisticado. A peça é apresentada em duas opções bicolores, além da versão em cor única no vermelho. Modelo veste 34.",,partial_or_variant_unavailable,https://cdn.vnda.com.br/intibrand/2026/03/19/11_52_16_111_vestido-20tricot-20aubrey-20preto-20com-20off-white-20frente-204-20-1-11037020.jpg?v=1773931936,public_catalog,2026-08-24T17:28:30.310313-03:00,jsonld:price,HIGH,200,,4,1.672744273024778,2,1.391336674195162,-0.0004416300769337833,166
4815,Vestido Tricot Aubrey Vermelho,https://www.intibrand.com/produto/vestido-tricot-aubrey-vermelho-4815,VERÃO 2027,Vestidos,Vermelho,1789.0,,0.0,36|38|40|42,"Em tricot de caimento elegante, o Vestido Aubrey possui comprimento midi e design contemporâneo. As faixas ombro a ombro surgem em alturas distintas e levemente lateralizadas, criando um visual assimétrico e sofisticado. A peça é apresentada em duas opções bicolores, além da versão em cor única no vermelho. Modelo veste 34.",,partial_or_variant_unavailable,https://cdn.vnda.com.br/intibrand/2026/03/19/11_51_23_193_vestido-20tricot-20aubrey-20vermelho-20-20zoom-20frente-202-20-1-11034660.jpg?v=1773931890,public_catalog,2026-08-24T17:28:30.310313-03:00,jsonld:price,HIGH,200,,4,1.672744273024778,2,1.3704861404156,-0.003594164849224692,166
4470,Vestido Tricot Effie Off-White,https://www.intibrand.com/produto/vestido-tricot-effie-off-white-4470,VERÃO 2027,Vestidos,Off White,494.5,,0.0,36|38|40|42,"Vestido curto de tricot com design moderno e sofisticado. A gola alta confere elegância, enquanto o detalhe assimétrico traz um toque contemporâneo à peça. Com um ombro de fora, o vestido explora a sensualidade de forma sutil e refinada. O tricot garante um caimento perfeito. Composição: 92% Viscose / 07% Poliamida / 01% Elastano Modelo veste 34.",92% Viscose / 07% Poliamida / 01% Elastano,partial_or_variant_unavailable,https://cdn.vnda.com.br/intibrand/2025/02/04/13_13_12_190_13_2_3_361_vestido20tricot20effie20offwhite20frente.jpg?v=1738685599,public_catalog,2026-08-24T17:28:30.310313-03:00,jsonld:price,HIGH,200,,4,0.46236559139784944,0,-0.19797109174312652,-1.0765918408935358,289
4472,Vestido Tricot Effie Vermelho,https://www.intibrand.com/produto/vestido-tricot-effie-vermelho-4472,VERÃO 2027,Vestidos,Vermelho,494.5,,0.0,36|38|40|42,"Vestido curto de tricot com design moderno e sofisticado. A gola alta confere elegância, enquanto o detalhe assimétrico traz um toque contemporâneo à peça. Com um ombro de fora, o vestido explora a sensualidade de forma sutil e refinada. O tricot garante um caimento perfeito. Composição: 92% Viscose / 07% Poliamida / 01% Elastano Modelo veste 34.",92% Viscose / 07% Poliamida / 01% Elastano,partial_or_variant_unavailable,https://cdn.vnda.com.br/intibrand/2025/02/04/13_08_24_913_13_2_7_712_vestido20tricot20effie20vermelho20frente201.jpg?v=1738685304,public_catalog,2026-08-24T17:28:30.310313-03:00,jsonld:price,HIGH,200,,4,0.46236559139784944,0,-0.21882162552268863,-1.0797443756658267,289
4468,Vestido Tricot Murphy Avelã,https://www.intibrand.com/produto/vestido-tricot-murphy-avela-4468,VERÃO 2027,Vestidos,Avelã,894.5,,0.0,36|38|40|42,"Este vestido midi em tricot possui design moderno e sofisticado, com recorte estratégico e delicado na cintura. O decote é alto, valorizando a região do colo de maneira sutil e refinada. O detalhe cruzado na região da cintura cria um visual impactante, além da modelagem ajustada ao corpo que garante um caimento elegante e confortável. Composição: 72% Viscose / 25% Poliamida / 03% Elastano Modelo veste 34.",72% Viscose / 25% Poliamida / 03% Elastano,partial_or_variant_unavailable,https://cdn.vnda.com.br/intibrand/2025/02/03/17_53_46_931_17_2_0_034_vestido20murphy20avelc38320frente202.jpg?v=1738616026,public_catalog,2026-08-24T17:28:30.310313-03:00,jsonld:price,HIGH,200,,4,0.836372136512389,0,0.24195269197255362,-0.75035754706571,289
4467,Vestido Tricot Murphy Preto com Off-White,https://www.intibrand.com/produto/vestido-tricot-murphy-preto-com-off-white-4467,VERÃO 2027,Vestidos,Off White,894.5,,0.0,36|38|40|42,"Este vestido midi em tricot possui design moderno e sofisticado, com recorte estratégico e delicado na cintura. O decote é alto, valorizando a região do colo de maneira sutil e refinada. O detalhe cruzado na região da cintura cria um visual impactante, além da modelagem ajustada ao corpo que garante um caimento elegante e confortável. Composição: 72% Viscose / 25% Poliamida / 03% Elastano Modelo veste 34.",72% Viscose / 25% Poliamida / 03% Elastano,partial_or_variant_unavailable,https://cdn.vnda.com.br/intibrand/2025/02/03/17_52_22_131_17_2_4_456_vestido20murphy20preto20com20offwhite20frente204.jpg?v=1738615944,public_catalog,2026-08-24T17:28:30.310313-03:00,jsonld:price,HIGH,200,,4,0.836372136512389,0,0.29312439406244734,-0.7440618414137051,289
4469,Vestido Tricot Murphy Vermelho,https://www.intibrand.com/produto/vestido-tricot-murphy-vermelho-4469,VERÃO 2027,Vestidos,Vermelho,894.5,,0.0,36|38|40|42,"Este vestido midi em tricot possui design moderno e sofisticado, com recorte estratégico e delicado na cintura. O decote é alto, valorizando a região do colo de maneira sutil e refinada. O detalhe cruzado na região da cintura cria um visual impactante, além da modelagem ajustada ao corpo que garante um caimento elegante e confortável. Composição: 72% Viscose / 25% Poliamida / 03% Elastano Modelo veste 34.",72% Viscose / 25% Poliamida / 03% Elastano,partial_or_variant_unavailable,https://cdn.vnda.com.br/intibrand/2025/02/03/17_52_59_372_17_2_5_548_vestido20murphy20vermelho20frente20aw25202.jpg?v=1738615985,public_catalog,2026-08-24T17:28:30.310313-03:00,jsonld:price,HIGH,200,,4,0.836372136512389,0,0.27227386028288525,-0.7472143761859961,289
4694,Vestido Tricot Nau Avelã,https://www.intibrand.com/produto/vestido-tricot-nau-avela-4694,VERÃO 2027,Vestidos,Avelã,899.5,,0.0,36|38|40|42,"O vestido Nau é um modelo midi em tricot. Apostamos em uma modelagem sofisticada que valoriza a silhueta com personalidade. Com toque texturizado, ele se ajusta ao corpo com conforto e charme. O design de um ombro só e o aviamento banhado a ouro, que destaca a alça, modelam o corpo de forma elegante. Modelo veste 34.",,partial_or_variant_unavailable,https://cdn.vnda.com.br/intibrand/2025/11/04/16_50_20_894_vestido-20tricot-20nau-20avel-c3-83-20frente-20reedit-20-1-16114330.jpg?v=1762285824,public_catalog,2026-08-24T17:28:30.310313-03:00,jsonld:price,HIGH,200,,4,0.8410472183263207,0,0.2480913855451233,-0.7462009220722121,289
4692,Vestido Tricot Nau Preto,https://www.intibrand.com/produto/vestido-tricot-nau-preto-4692,VERÃO 2027,Vestidos,Preto,899.5,,0.0,36|38|40|42,"O vestido Nau é um modelo midi em tricot. Apostamos em uma modelagem sofisticada que valoriza a silhueta com personalidade. Com toque texturizado, ele se ajusta ao corpo com conforto e charme. O design de um ombro só e o aviamento banhado a ouro, que destaca a alça, modelam o corpo de forma elegante. Modelo veste 34.",,partial_or_variant_unavailable,https://cdn.vnda.com.br/intibrand/2025/10/31/16_23_30_980_vestido-20tricot-20nau-20preto-20frente-16102460.jpg?v=1761938619,public_catalog,2026-08-24T17:28:30.310313-03:00,jsonld:price,HIGH,200,,4,0.8410472183263207,0,0.24716444098314497,-0.7083674993987487,289
4693,Vestido Tricot Nau Vermelho,https://www.intibrand.com/produto/vestido-tricot-nau-vermelho-4693,VERÃO 2027,Vestidos,Vermelho,899.5,,0.0,36|38|40|42,"O vestido Nau é um modelo midi em tricot. Apostamos em uma modelagem sofisticada que valoriza a silhueta com personalidade. Com toque texturizado, ele se ajusta ao corpo com conforto e charme. O design de um ombro só e o aviamento banhado a ouro, que destaca a alça, modelam o corpo de forma elegante. Modelo veste 34.",,partial_or_variant_unavailable,https://cdn.vnda.com.br/intibrand/2025/10/31/16_21_10_550_vestido-20tricot-20nau-20frente-16108480.jpg?v=1761938470,public_catalog,2026-08-24T17:28:30.310313-03:00,jsonld:price,HIGH,200,,4,0.8410472183263207,0,0.27841255385545494,-0.7430577511924982,289
4864,Vestido Tucker Off-White,https://www.intibrand.com/produto/vestido-tucker-off-white-4864,VERÃO 2027,Vestidos,Off White,1789.0,,0.0,34|36|38|40|42,"Com comprimento midi e design sofisticado, o vestido Tucker possui um aviamento banhado a ouro em um ombro, removível para diferentes estilos, e uma manga longa também removível, permitindo múltiplas combinações. Modelo veste 34.",,partial_or_variant_unavailable,https://cdn.vnda.com.br/intibrand/2026/05/05/15_10_28_205_artes-20site-20-10-15057390.jpg?v=1778004630,public_catalog,2026-08-24T17:28:30.310313-03:00,jsonld:price,HIGH,200,,5,1.672744273024778,2,1.8089107005034244,0.3326684048673915,166
4866,Vestido Tucker Vermelho,https://www.intibrand.com/produto/vestido-tucker-vermelho-4866,VERÃO 2027,Vestidos,Vermelho,1789.0,,0.0,34|36|38|40|42,"Com comprimento midi e design sofisticado, o vestido Tucker possui um aviamento banhado a ouro em um ombro, removível para diferentes estilos, e uma manga longa também removível, permitindo múltiplas combinações. Modelo veste 34.",,partial_or_variant_unavailable,https://cdn.vnda.com.br/intibrand/2026/05/05/15_10_09_307_artes-20site-20-9-15058320.jpg?v=1778004612,public_catalog,2026-08-24T17:28:30.310313-03:00,jsonld:price,HIGH,200,,5,1.672744273024778,2,1.7880601667238623,0.32951587009510064,166
4109,Vestido Vallez Off-White,https://www.intibrand.com/produto/vestido-vallez-off-white-4109,VERÃO 2027,Vestidos,Off White,1149.5,,0.0,36|38|40|42,"A beleza dos detalhes está traduzida no vestido Vallez. Decote profundo, alças em metal maleável personalizado e modelagem que acompanha a silhueta do corpo. A corrente niquelada acrescenta um toque de sofisticação e exclusividade. Modelo veste 34.",,partial_or_variant_unavailable,https://cdn.vnda.com.br/intibrand/2024/08/15/16_47_12_755_16_8_4_458_vestido20vallez20offwhite20frente20carved.jpg?v=1723751245,public_catalog,2026-08-24T17:28:30.310313-03:00,jsonld:price,HIGH,200,,4,1.0748013090229078,0,0.6061977662635007,-0.5320739667453132,289
4111,Vestido Vallez Preto,https://www.intibrand.com/produto/vestido-vallez-preto-4111,VERÃO 2027,Vestidos,Preto,1149.5,,0.0,36|38|40|42,"A beleza dos detalhes está traduzida no vestido Vallez. Decote profundo, alças em metal maleável personalizado e modelagem que acompanha a silhueta do corpo. A corrente niquelada acrescenta um toque de sofisticação e exclusividade. Modelo veste 34.",,partial_or_variant_unavailable,https://cdn.vnda.com.br/intibrand/2024/08/15/16_51_37_690_16_8_6_691_vestido20vallez20preto20frente20carved201.jpg?v=1723751497,public_catalog,2026-08-24T17:28:30.310313-03:00,jsonld:price,HIGH,200,,4,1.0748013090229078,0,0.5540991196116286,-0.5005362497238546,289
4346,Vestido Vitalli Off-White,https://www.intibrand.com/produto/vestido-vitalli-off-white-4346,VERÃO 2027,Vestidos,Off White,1144.5,,0.0,36|38|40|42,"Vestido longo confeccionado em alfaiataria de alta qualidade, com recortes laterais que trazem um toque moderno e sofisticado à peça. O super diferencial é a gargantilha removível banhada a ouro, criada exclusivamente para o modelo. O caimento impecável valoriza a silhueta para os eventos mais elegantes. Composição: 95% Poliéster 5% Elastano | Forro: 100% Poliéster Modelo veste 34.",95% Poliéster 5% Elastano | Forro: 100% Poliéster,partial_or_variant_unavailable,https://cdn.vnda.com.br/intibrand/2025/01/22/11_26_05_9_11_1_4_423_vestido20vitalli20offwhite20zoom202.jpg?v=1749059321,public_catalog,2026-08-24T17:28:30.310313-03:00,jsonld:price,HIGH,200,,4,1.0701262272089762,0,0.6000590726909311,-0.5362305917388108,289
4979,Vestido Walker Framboesa,https://www.intibrand.com/produto/vestido-walker-framboesa-4979,VERÃO 2027,Vestidos,Framboesa,1989.0,,0.0,34|36|38|40|42|44,"O Vestido Walker combina a sofisticação da alfaiataria com uma modelagem contemporânea. Longo e ajustado ao corpo, valoriza a silhueta e traz recorte orgânico no decote, inspirado no design marcante da Blusa Moonson. Possui forro, fechamento no pescoço com botão de pressão, fenda nas costas e zíper invisível. Uma peça elegante e marcante, ideal para ocasiões especiais. Composição: 93% Poliéster / 7% Elastano Modelo veste 34.",93% Poliéster / 7% Elastano,partial_or_variant_unavailable,https://cdn.vnda.com.br/intibrand/2026/08/17/16_26_35_260_gaby-20fotos-20-202026-08-17t162608-128-16089880.jpg?v=1787069830,public_catalog,2026-08-24T17:28:30.310313-03:00,jsonld:price,HIGH,200,,6,1.8597475455820476,2,2.421662553993244,0.8388482667335951,166
4978,Vestido Walker Off-White,https://www.intibrand.com/produto/vestido-walker-off-white-4978,VERÃO 2027,Vestidos,Off White,1989.0,,0.0,34|36|38|40|42|44,"O Vestido Walker combina a sofisticação da alfaiataria com uma modelagem contemporânea. Longo e ajustado ao corpo, valoriza a silhueta e traz recorte orgânico no decote, inspirado no design marcante da Blusa Moonson. Possui forro, fechamento no pescoço com botão de pressão, fenda nas costas e zíper invisível. Uma peça elegante e marcante, ideal para ocasiões especiais. Composição: 93% Poliéster / 7% Elastano Modelo veste 34.",93% Poliéster / 7% Elastano,partial_or_variant_unavailable,https://cdn.vnda.com.br/intibrand/2026/08/24/16_52_36_924_vestido-20walker-20-20off-white-20frente-16080660.jpg?v=1787601166,public_catalog,2026-08-24T17:28:30.310313-03:00,jsonld:price,HIGH,200,,6,1.8597475455820476,2,2.472032469714473,0.832043439551632,166
4980,Vestido Walker Preto,https://www.intibrand.com/produto/vestido-walker-preto-4980,VERÃO 2027,Vestidos,Preto,1989.0,,0.0,34|36|38|40|42|44,"O Vestido Walker combina a sofisticação da alfaiataria com uma modelagem contemporânea. Longo e ajustado ao corpo, valoriza a silhueta e traz recorte orgânico no decote, inspirado no design marcante da Blusa Moonson. Possui forro, fechamento no pescoço com botão de pressão, fenda nas costas e zíper invisível. Uma peça elegante e marcante, ideal para ocasiões especiais. Composição: 93% Poliéster / 7% Elastano Modelo veste 34.",93% Poliéster / 7% Elastano,partial_or_variant_unavailable,https://cdn.vnda.com.br/intibrand/2026/08/20/17_41_42_863_gaby-20fotos-20-202026-08-20t174120-663-17083830.jpg?v=1787258508,public_catalog,2026-08-24T17:28:30.310313-03:00,jsonld:price,HIGH,200,,6,1.8597475455820476,2,2.419933823062601,0.8635811565730905,166
4981,Vestido Walker Vermelho,https://www.intibrand.com/produto/vestido-walker-vermelho-4981,VERÃO 2027,Vestidos,Vermelho,1989.0,,0.0,34|36|38|40|42|44,"O Vestido Walker combina a sofisticação da alfaiataria com uma modelagem contemporânea. Longo e ajustado ao corpo, valoriza a silhueta e traz recorte orgânico no decote, inspirado no design marcante da Blusa Moonson. Possui forro, fechamento no pescoço com botão de pressão, fenda nas costas e zíper invisível. Uma peça elegante e marcante, ideal para ocasiões especiais. Composição: 93% Poliéster / 7% Elastano Modelo veste 34.",93% Poliéster / 7% Elastano,partial_or_variant_unavailable,https://cdn.vnda.com.br/intibrand/2026/08/24/16_58_32_492_vestido-20walker-20-20vermelho-20frente-202-20-16087070.jpg?v=1787601516,public_catalog,2026-08-24T17:28:30.310313-03:00,jsonld:price,HIGH,200,,6,1.8597475455820476,2,2.4511819359349114,0.828890904779341,166
4949,Vestido Warren Marrom,https://www.intibrand.com/produto/vestido-warren-marrom-4949,VERÃO 2027,Vestidos,Marrom,1789.0,,0.0,34|36|38|40|42|44,"Um vestido elegante para todos os momentos casuais. Com decote ombro a ombro que valoriza o colo, o Vestido Warren possui efeito drapeado que envolve a silhueta com sofisticação e aviamento banhado a ouro no centro do busto. Confeccionado em malha jersey, garante movimento e conforto. Composição: 96% Poliéster / 4% Elastano Modelo veste 34.",96% Poliéster / 4% Elastano,partial_or_variant_unavailable,https://cdn.vnda.com.br/intibrand/2026/06/15/15_52_24_13_gaby-20fotos-20-61-15060370.jpg?v=1781549549,public_catalog,2026-08-24T17:28:30.310313-03:00,jsonld:price,HIGH,200,,6,1.672744273024778,2,2.181968635735653,0.6852738673661275,166
4947,Vestido Warren Off-White,https://www.intibrand.com/produto/vestido-warren-off-white-4947,VERÃO 2027,Vestidos,Off White,1789.0,,0.0,34|36|38|40|42|44,"Um vestido elegante para todos os momentos casuais. Com decote ombro a ombro que valoriza o colo, o Vestido Warren possui efeito drapeado que envolve a silhueta com sofisticação e aviamento banhado a ouro no centro do busto. Confeccionado em malha jersey, garante movimento e conforto. Composição: 96% Poliéster / 4% Elastano Modelo veste 34.",96% Poliéster / 4% Elastano,partial_or_variant_unavailable,https://cdn.vnda.com.br/intibrand/2026/06/15/15_56_54_695_gaby-20fotos-20-73-15065580.jpg?v=1781549847,public_catalog,2026-08-24T17:28:30.310313-03:00,jsonld:price,HIGH,200,,6,1.672744273024778,2,2.226484726811686,0.6657784398117168,166
4948,Vestido Warren Preto,https://www.intibrand.com/produto/vestido-warren-preto-4948,VERÃO 2027,Vestidos,Preto,1789.0,,0.0,34|36|38|40|42|44,"Um vestido elegante para todos os momentos casuais. Com decote ombro a ombro que valoriza o colo, o Vestido Warren possui efeito drapeado que envolve a silhueta com sofisticação e aviamento banhado a ouro no centro do busto. Confeccionado em malha jersey, garante movimento e conforto. Composição: 96% Poliéster / 4% Elastano Modelo veste 34.",96% Poliéster / 4% Elastano,partial_or_variant_unavailable,https://cdn.vnda.com.br/intibrand/2026/06/15/15_54_04_397_gaby-20fotos-20-67-15060870.jpg?v=1781628298,public_catalog,2026-08-24T17:28:30.310313-03:00,jsonld:price,HIGH,200,,6,1.672744273024778,2,2.174386080159814,0.6973161568331754,166
3706,Vestido Zakynthos Rosê,https://www.intibrand.com/produto/vestido-zakynthos-rose-3706,VERÃO 2027,Vestidos,Rosê,849.5,,0.0,PP|P|M|G,"Vestido longo com design minimalista e exclusivo. Vestido confeccionado em tecido crepe, com decote em V na transversal, com uma alça grossa e outra fina saindo do busto. Fenda frontal e fecho posterior por zíper. Composição: 79% Poliéster 16% Viscose",79% Poliéster 16% Viscose,partial_or_variant_unavailable,https://cdn.vnda.com.br/intibrand/2022/09/01/10_9_6_673_VESTIDOZAKYNTHOSROSFRENTE.jpg?v=1662040059,public_catalog,2026-08-24T17:28:30.310313-03:00,jsonld:price,HIGH,200,,4,0.7942964001870033,0,0.18387569225695458,-0.7744685218350847,289
4535,Vestido Zephyr Off-White,https://www.intibrand.com/produto/vestido-zephyr-off-white-4535,VERÃO 2027,Vestidos,Off White,1989.0,,0.0,36|38|40|42,"Este vestido longo, confeccionado em malha jersey, apresenta um design elegante com decote ombro a ombro, destacando a área do busto de forma sofisticada. Seus drapeados suaves e torção com recorte na frente criam um efeito de cintura marcada. Com caimento fluido, o vestido é perfeito para eventos especiais, trazendo um ar charmoso. Composição: 96% Poliéster / 4% Elastano Modelo veste 34.",96% Poliéster / 4% Elastano,partial_or_variant_unavailable,https://cdn.vnda.com.br/intibrand/2025/06/25/13_11_22_554_13_6_2_225_vestido20zephyr20offwhite20frente201.jpg?v=1750867913,public_catalog,2026-08-24T17:28:30.310313-03:00,jsonld:price,HIGH,200,,4,1.8597475455820476,2,1.6368844170979486,0.16582336966298147,166
