product_key,variant_id,product_base,variant_name,color,size,size_known,collection,category,url,image_urls,snapshot_collected_at,availability,availability_quality
29,4870,Biquíni Alann,Biquíni Alann Marrom,Marrom,PP,True,VERÃO 2027,Biquínis,https://www.intibrand.com/produto/biquini-alann-marrom-4870,https://cdn.vnda.com.br/intibrand/2026/04/01/17_51_30_138_gaby-20v-c3-8ddeos-20-20-story-20-202026-04-01t175034-449-17049000.jpg?v=1775076690,2026-08-24T17:28:30.310313-03:00,,unknown_not_observed_per_size
29,4870,Biquíni Alann,Biquíni Alann Marrom,Marrom,P,True,VERÃO 2027,Biquínis,https://www.intibrand.com/produto/biquini-alann-marrom-4870,https://cdn.vnda.com.br/intibrand/2026/04/01/17_51_30_138_gaby-20v-c3-8ddeos-20-20-story-20-202026-04-01t175034-449-17049000.jpg?v=1775076690,2026-08-24T17:28:30.310313-03:00,,unknown_not_observed_per_size
29,4870,Biquíni Alann,Biquíni Alann Marrom,Marrom,M,True,VERÃO 2027,Biquínis,https://www.intibrand.com/produto/biquini-alann-marrom-4870,https://cdn.vnda.com.br/intibrand/2026/04/01/17_51_30_138_gaby-20v-c3-8ddeos-20-20-story-20-202026-04-01t175034-449-17049000.jpg?v=1775076690,2026-08-24T17:28:30.310313-03:00,,unknown_not_observed_per_size
29,4870,Biquíni Alann,Biquíni Alann Marrom,Marrom,G,True,VERÃO 2027,Biquínis,https://www.intibrand.com/produto/biquini-alann-marrom-4870,https://cdn.vnda.com.br/intibrand/2026/04/01/17_51_30_138_gaby-20v-c3-8ddeos-20-20-story-20-202026-04-01t175034-449-17049000.jpg?v=1775076690,2026-08-24T17:28:30.310313-03:00,,unknown_not_observed_per_size
29,4867,Biquíni Alann,Biquíni Alann Pérola,Pérola,PP,True,VERÃO 2027,Biquínis,https://www.intibrand.com/produto/biquini-alann-perola-4867,https://cdn.vnda.com.br/intibrand/2026/04/01/17_52_43_626_gaby-20v-c3-8ddeos-20-20-story-20-202026-04-01t175204-361-17043590.jpg?v=1775076769,2026-08-24T17:28:30.310313-03:00,,unknown_not_observed_per_size
29,4867,Biquíni Alann,Biquíni Alann Pérola,Pérola,P,True,VERÃO 2027,Biquínis,https://www.intibrand.com/produto/biquini-alann-perola-4867,https://cdn.vnda.com.br/intibrand/2026/04/01/17_52_43_626_gaby-20v-c3-8ddeos-20-20-story-20-202026-04-01t175204-361-17043590.jpg?v=1775076769,2026-08-24T17:28:30.310313-03:00,,unknown_not_observed_per_size
29,4867,Biquíni Alann,Biquíni Alann Pérola,Pérola,M,True,VERÃO 2027,Biquínis,https://www.intibrand.com/produto/biquini-alann-perola-4867,https://cdn.vnda.com.br/intibrand/2026/04/01/17_52_43_626_gaby-20v-c3-8ddeos-20-20-story-20-202026-04-01t175204-361-17043590.jpg?v=1775076769,2026-08-24T17:28:30.310313-03:00,,unknown_not_observed_per_size
29,4867,Biquíni Alann,Biquíni Alann Pérola,Pérola,G,True,VERÃO 2027,Biquínis,https://www.intibrand.com/produto/biquini-alann-perola-4867,https://cdn.vnda.com.br/intibrand/2026/04/01/17_52_43_626_gaby-20v-c3-8ddeos-20-20-story-20-202026-04-01t175204-361-17043590.jpg?v=1775076769,2026-08-24T17:28:30.310313-03:00,,unknown_not_observed_per_size
29,4868,Biquíni Alann,Biquíni Alann Preto,Preto,PP,True,VERÃO 2027,Biquínis,https://www.intibrand.com/produto/biquini-alann-preto-4868,https://cdn.vnda.com.br/intibrand/2026/04/01/17_53_51_963_gaby-20v-c3-8ddeos-20-20-story-20-202026-04-01t175334-222-17045380.jpg?v=1775076831,2026-08-24T17:28:30.310313-03:00,,unknown_not_observed_per_size
29,4868,Biquíni Alann,Biquíni Alann Preto,Preto,P,True,VERÃO 2027,Biquínis,https://www.intibrand.com/produto/biquini-alann-preto-4868,https://cdn.vnda.com.br/intibrand/2026/04/01/17_53_51_963_gaby-20v-c3-8ddeos-20-20-story-20-202026-04-01t175334-222-17045380.jpg?v=1775076831,2026-08-24T17:28:30.310313-03:00,,unknown_not_observed_per_size
29,4868,Biquíni Alann,Biquíni Alann Preto,Preto,M,True,VERÃO 2027,Biquínis,https://www.intibrand.com/produto/biquini-alann-preto-4868,https://cdn.vnda.com.br/intibrand/2026/04/01/17_53_51_963_gaby-20v-c3-8ddeos-20-20-story-20-202026-04-01t175334-222-17045380.jpg?v=1775076831,2026-08-24T17:28:30.310313-03:00,,unknown_not_observed_per_size
29,4868,Biquíni Alann,Biquíni Alann Preto,Preto,G,True,VERÃO 2027,Biquínis,https://www.intibrand.com/produto/biquini-alann-preto-4868,https://cdn.vnda.com.br/intibrand/2026/04/01/17_53_51_963_gaby-20v-c3-8ddeos-20-20-story-20-202026-04-01t175334-222-17045380.jpg?v=1775076831,2026-08-24T17:28:30.310313-03:00,,unknown_not_observed_per_size
30,4228,Biquíni Alessio,Biquíni Alessio Castanho,Castanho,PP,True,VERÃO 2027,Biquínis,https://www.intibrand.com/produto/biquini-alessio-castanho-4228,https://cdn.vnda.com.br/intibrand/2024/10/18/17_56_46_341_17_10_8_816_biquc38dni20alessio20castanho20frente.jpg?v=1729285028,2026-08-24T17:28:30.310313-03:00,,unknown_not_observed_per_size
30,4228,Biquíni Alessio,Biquíni Alessio Castanho,Castanho,P,True,VERÃO 2027,Biquínis,https://www.intibrand.com/produto/biquini-alessio-castanho-4228,https://cdn.vnda.com.br/intibrand/2024/10/18/17_56_46_341_17_10_8_816_biquc38dni20alessio20castanho20frente.jpg?v=1729285028,2026-08-24T17:28:30.310313-03:00,,unknown_not_observed_per_size
30,4228,Biquíni Alessio,Biquíni Alessio Castanho,Castanho,M,True,VERÃO 2027,Biquínis,https://www.intibrand.com/produto/biquini-alessio-castanho-4228,https://cdn.vnda.com.br/intibrand/2024/10/18/17_56_46_341_17_10_8_816_biquc38dni20alessio20castanho20frente.jpg?v=1729285028,2026-08-24T17:28:30.310313-03:00,,unknown_not_observed_per_size
30,4228,Biquíni Alessio,Biquíni Alessio Castanho,Castanho,G,True,VERÃO 2027,Biquínis,https://www.intibrand.com/produto/biquini-alessio-castanho-4228,https://cdn.vnda.com.br/intibrand/2024/10/18/17_56_46_341_17_10_8_816_biquc38dni20alessio20castanho20frente.jpg?v=1729285028,2026-08-24T17:28:30.310313-03:00,,unknown_not_observed_per_size
30,4228,Biquíni Alessio,Biquíni Alessio Castanho,Castanho,GG,True,VERÃO 2027,Biquínis,https://www.intibrand.com/produto/biquini-alessio-castanho-4228,https://cdn.vnda.com.br/intibrand/2024/10/18/17_56_46_341_17_10_8_816_biquc38dni20alessio20castanho20frente.jpg?v=1729285028,2026-08-24T17:28:30.310313-03:00,,unknown_not_observed_per_size
30,4226,Biquíni Alessio,Biquíni Alessio Preto,Preto,PP,True,VERÃO 2027,Biquínis,https://www.intibrand.com/produto/biquini-alessio-preto-4226,https://cdn.vnda.com.br/intibrand/2024/10/18/17_58_29_604_17_10_5_569_biquc38dni20alessio20vermelho20preto20frente.jpg?v=1729285109,2026-08-24T17:28:30.310313-03:00,,unknown_not_observed_per_size
30,4226,Biquíni Alessio,Biquíni Alessio Preto,Preto,P,True,VERÃO 2027,Biquínis,https://www.intibrand.com/produto/biquini-alessio-preto-4226,https://cdn.vnda.com.br/intibrand/2024/10/18/17_58_29_604_17_10_5_569_biquc38dni20alessio20vermelho20preto20frente.jpg?v=1729285109,2026-08-24T17:28:30.310313-03:00,,unknown_not_observed_per_size
30,4226,Biquíni Alessio,Biquíni Alessio Preto,Preto,M,True,VERÃO 2027,Biquínis,https://www.intibrand.com/produto/biquini-alessio-preto-4226,https://cdn.vnda.com.br/intibrand/2024/10/18/17_58_29_604_17_10_5_569_biquc38dni20alessio20vermelho20preto20frente.jpg?v=1729285109,2026-08-24T17:28:30.310313-03:00,,unknown_not_observed_per_size
30,4226,Biquíni Alessio,Biquíni Alessio Preto,Preto,G,True,VERÃO 2027,Biquínis,https://www.intibrand.com/produto/biquini-alessio-preto-4226,https://cdn.vnda.com.br/intibrand/2024/10/18/17_58_29_604_17_10_5_569_biquc38dni20alessio20vermelho20preto20frente.jpg?v=1729285109,2026-08-24T17:28:30.310313-03:00,,unknown_not_observed_per_size
30,4226,Biquíni Alessio,Biquíni Alessio Preto,Preto,GG,True,VERÃO 2027,Biquínis,https://www.intibrand.com/produto/biquini-alessio-preto-4226,https://cdn.vnda.com.br/intibrand/2024/10/18/17_58_29_604_17_10_5_569_biquc38dni20alessio20vermelho20preto20frente.jpg?v=1729285109,2026-08-24T17:28:30.310313-03:00,,unknown_not_observed_per_size
30,4227,Biquíni Alessio,Biquíni Alessio Vermelho Carmim,Vermelho Carmim,PP,True,VERÃO 2027,Biquínis,https://www.intibrand.com/produto/biquini-alessio-vermelho-carmim-4227,https://cdn.vnda.com.br/intibrand/2024/10/18/17_59_18_813_17_10_8_820_biquc38dni20alessio20vermelho20carmin20frente.jpg?v=1729285181,2026-08-24T17:28:30.310313-03:00,,unknown_not_observed_per_size
30,4227,Biquíni Alessio,Biquíni Alessio Vermelho Carmim,Vermelho Carmim,P,True,VERÃO 2027,Biquínis,https://www.intibrand.com/produto/biquini-alessio-vermelho-carmim-4227,https://cdn.vnda.com.br/intibrand/2024/10/18/17_59_18_813_17_10_8_820_biquc38dni20alessio20vermelho20carmin20frente.jpg?v=1729285181,2026-08-24T17:28:30.310313-03:00,,unknown_not_observed_per_size
30,4227,Biquíni Alessio,Biquíni Alessio Vermelho Carmim,Vermelho Carmim,M,True,VERÃO 2027,Biquínis,https://www.intibrand.com/produto/biquini-alessio-vermelho-carmim-4227,https://cdn.vnda.com.br/intibrand/2024/10/18/17_59_18_813_17_10_8_820_biquc38dni20alessio20vermelho20carmin20frente.jpg?v=1729285181,2026-08-24T17:28:30.310313-03:00,,unknown_not_observed_per_size
30,4227,Biquíni Alessio,Biquíni Alessio Vermelho Carmim,Vermelho Carmim,G,True,VERÃO 2027,Biquínis,https://www.intibrand.com/produto/biquini-alessio-vermelho-carmim-4227,https://cdn.vnda.com.br/intibrand/2024/10/18/17_59_18_813_17_10_8_820_biquc38dni20alessio20vermelho20carmin20frente.jpg?v=1729285181,2026-08-24T17:28:30.310313-03:00,,unknown_not_observed_per_size
30,4227,Biquíni Alessio,Biquíni Alessio Vermelho Carmim,Vermelho Carmim,GG,True,VERÃO 2027,Biquínis,https://www.intibrand.com/produto/biquini-alessio-vermelho-carmim-4227,https://cdn.vnda.com.br/intibrand/2024/10/18/17_59_18_813_17_10_8_820_biquc38dni20alessio20vermelho20carmin20frente.jpg?v=1729285181,2026-08-24T17:28:30.310313-03:00,,unknown_not_observed_per_size
31,3197,Biquíni Arenella,Biquíni Arenella Azul Marinho,Azul Marinho,PP,True,VERÃO 2027,Biquínis,https://www.intibrand.com/produto/biquini-arenella-azul-marinho-3197,https://cdn.vnda.com.br/intibrand/2022/04/06/13_4_5_536_BIQUINIARENELLAAZULMARINHOSOLTA.jpg?v=1649263794,2026-08-24T17:28:30.310313-03:00,,unknown_not_observed_per_size
31,3197,Biquíni Arenella,Biquíni Arenella Azul Marinho,Azul Marinho,P,True,VERÃO 2027,Biquínis,https://www.intibrand.com/produto/biquini-arenella-azul-marinho-3197,https://cdn.vnda.com.br/intibrand/2022/04/06/13_4_5_536_BIQUINIARENELLAAZULMARINHOSOLTA.jpg?v=1649263794,2026-08-24T17:28:30.310313-03:00,,unknown_not_observed_per_size
31,3197,Biquíni Arenella,Biquíni Arenella Azul Marinho,Azul Marinho,M,True,VERÃO 2027,Biquínis,https://www.intibrand.com/produto/biquini-arenella-azul-marinho-3197,https://cdn.vnda.com.br/intibrand/2022/04/06/13_4_5_536_BIQUINIARENELLAAZULMARINHOSOLTA.jpg?v=1649263794,2026-08-24T17:28:30.310313-03:00,,unknown_not_observed_per_size
31,3197,Biquíni Arenella,Biquíni Arenella Azul Marinho,Azul Marinho,G,True,VERÃO 2027,Biquínis,https://www.intibrand.com/produto/biquini-arenella-azul-marinho-3197,https://cdn.vnda.com.br/intibrand/2022/04/06/13_4_5_536_BIQUINIARENELLAAZULMARINHOSOLTA.jpg?v=1649263794,2026-08-24T17:28:30.310313-03:00,,unknown_not_observed_per_size
32,3196,Biquíni Arenella Off-White,Biquíni Arenella Off-White,Off White,PP,True,VERÃO 2027,Biquínis,https://www.intibrand.com/produto/biquini-arenella-off-white-3196,https://cdn.vnda.com.br/intibrand/2022/04/06/13_4_0_093_BIQUINIARENELLAOFFWHITEFRENTE.jpg?v=1743003136,2026-08-24T17:28:30.310313-03:00,,unknown_not_observed_per_size
32,3196,Biquíni Arenella Off-White,Biquíni Arenella Off-White,Off White,P,True,VERÃO 2027,Biquínis,https://www.intibrand.com/produto/biquini-arenella-off-white-3196,https://cdn.vnda.com.br/intibrand/2022/04/06/13_4_0_093_BIQUINIARENELLAOFFWHITEFRENTE.jpg?v=1743003136,2026-08-24T17:28:30.310313-03:00,,unknown_not_observed_per_size
32,3196,Biquíni Arenella Off-White,Biquíni Arenella Off-White,Off White,M,True,VERÃO 2027,Biquínis,https://www.intibrand.com/produto/biquini-arenella-off-white-3196,https://cdn.vnda.com.br/intibrand/2022/04/06/13_4_0_093_BIQUINIARENELLAOFFWHITEFRENTE.jpg?v=1743003136,2026-08-24T17:28:30.310313-03:00,,unknown_not_observed_per_size
32,3196,Biquíni Arenella Off-White,Biquíni Arenella Off-White,Off White,G,True,VERÃO 2027,Biquínis,https://www.intibrand.com/produto/biquini-arenella-off-white-3196,https://cdn.vnda.com.br/intibrand/2022/04/06/13_4_0_093_BIQUINIARENELLAOFFWHITEFRENTE.jpg?v=1743003136,2026-08-24T17:28:30.310313-03:00,,unknown_not_observed_per_size
31,3193,Biquíni Arenella,Biquíni Arenella Preto,Preto,PP,True,VERÃO 2027,Biquínis,https://www.intibrand.com/produto/biquini-arenella-preto-3193,https://cdn.vnda.com.br/intibrand/2022/04/06/14_4_5_524_BIQUINIARENELLAPRETOFRENTE2.jpg?v=1743003932,2026-08-24T17:28:30.310313-03:00,,unknown_not_observed_per_size
31,3193,Biquíni Arenella,Biquíni Arenella Preto,Preto,P,True,VERÃO 2027,Biquínis,https://www.intibrand.com/produto/biquini-arenella-preto-3193,https://cdn.vnda.com.br/intibrand/2022/04/06/14_4_5_524_BIQUINIARENELLAPRETOFRENTE2.jpg?v=1743003932,2026-08-24T17:28:30.310313-03:00,,unknown_not_observed_per_size
31,3193,Biquíni Arenella,Biquíni Arenella Preto,Preto,M,True,VERÃO 2027,Biquínis,https://www.intibrand.com/produto/biquini-arenella-preto-3193,https://cdn.vnda.com.br/intibrand/2022/04/06/14_4_5_524_BIQUINIARENELLAPRETOFRENTE2.jpg?v=1743003932,2026-08-24T17:28:30.310313-03:00,,unknown_not_observed_per_size
31,3193,Biquíni Arenella,Biquíni Arenella Preto,Preto,G,True,VERÃO 2027,Biquínis,https://www.intibrand.com/produto/biquini-arenella-preto-3193,https://cdn.vnda.com.br/intibrand/2022/04/06/14_4_5_524_BIQUINIARENELLAPRETOFRENTE2.jpg?v=1743003932,2026-08-24T17:28:30.310313-03:00,,unknown_not_observed_per_size
31,3195,Biquíni Arenella,Biquíni Arenella Rosê,Rosê,PP,True,VERÃO 2027,Biquínis,https://www.intibrand.com/produto/biquini-arenella-rose-3195,https://cdn.vnda.com.br/intibrand/2022/04/06/14_4_6_655_BIQUINIARENELLAROSESOLTA.jpg?v=1649265764,2026-08-24T17:28:30.310313-03:00,,unknown_not_observed_per_size
31,3195,Biquíni Arenella,Biquíni Arenella Rosê,Rosê,P,True,VERÃO 2027,Biquínis,https://www.intibrand.com/produto/biquini-arenella-rose-3195,https://cdn.vnda.com.br/intibrand/2022/04/06/14_4_6_655_BIQUINIARENELLAROSESOLTA.jpg?v=1649265764,2026-08-24T17:28:30.310313-03:00,,unknown_not_observed_per_size
31,3195,Biquíni Arenella,Biquíni Arenella Rosê,Rosê,M,True,VERÃO 2027,Biquínis,https://www.intibrand.com/produto/biquini-arenella-rose-3195,https://cdn.vnda.com.br/intibrand/2022/04/06/14_4_6_655_BIQUINIARENELLAROSESOLTA.jpg?v=1649265764,2026-08-24T17:28:30.310313-03:00,,unknown_not_observed_per_size
31,3195,Biquíni Arenella,Biquíni Arenella Rosê,Rosê,G,True,VERÃO 2027,Biquínis,https://www.intibrand.com/produto/biquini-arenella-rose-3195,https://cdn.vnda.com.br/intibrand/2022/04/06/14_4_6_655_BIQUINIARENELLAROSESOLTA.jpg?v=1649265764,2026-08-24T17:28:30.310313-03:00,,unknown_not_observed_per_size
33,4393,Biquíni Atticus,Biquíni Atticus Pérola,Pérola,P,True,VERÃO 2027,Biquínis,https://www.intibrand.com/produto/biquini-atticus-perola-4393,https://cdn.vnda.com.br/intibrand/2025/01/28/17_09_32_198_17_1_6_610_biquc38dni20atticus20pc389rola2020frente202201.jpg?v=1738094972,2026-08-24T17:28:30.310313-03:00,,unknown_not_observed_per_size
33,4393,Biquíni Atticus,Biquíni Atticus Pérola,Pérola,M,True,VERÃO 2027,Biquínis,https://www.intibrand.com/produto/biquini-atticus-perola-4393,https://cdn.vnda.com.br/intibrand/2025/01/28/17_09_32_198_17_1_6_610_biquc38dni20atticus20pc389rola2020frente202201.jpg?v=1738094972,2026-08-24T17:28:30.310313-03:00,,unknown_not_observed_per_size
33,4393,Biquíni Atticus,Biquíni Atticus Pérola,Pérola,G,True,VERÃO 2027,Biquínis,https://www.intibrand.com/produto/biquini-atticus-perola-4393,https://cdn.vnda.com.br/intibrand/2025/01/28/17_09_32_198_17_1_6_610_biquc38dni20atticus20pc389rola2020frente202201.jpg?v=1738094972,2026-08-24T17:28:30.310313-03:00,,unknown_not_observed_per_size
33,4395,Biquíni Atticus,Biquíni Atticus Terracota,Terracota,P,True,VERÃO 2027,Biquínis,https://www.intibrand.com/produto/biquini-atticus-terracota-4395,https://cdn.vnda.com.br/intibrand/2025/01/28/17_09_58_512_17_1_9_929_biquc38dni20atticus20terracota20frente201.jpg?v=1745944669,2026-08-24T17:28:30.310313-03:00,,unknown_not_observed_per_size
33,4395,Biquíni Atticus,Biquíni Atticus Terracota,Terracota,M,True,VERÃO 2027,Biquínis,https://www.intibrand.com/produto/biquini-atticus-terracota-4395,https://cdn.vnda.com.br/intibrand/2025/01/28/17_09_58_512_17_1_9_929_biquc38dni20atticus20terracota20frente201.jpg?v=1745944669,2026-08-24T17:28:30.310313-03:00,,unknown_not_observed_per_size
33,4395,Biquíni Atticus,Biquíni Atticus Terracota,Terracota,G,True,VERÃO 2027,Biquínis,https://www.intibrand.com/produto/biquini-atticus-terracota-4395,https://cdn.vnda.com.br/intibrand/2025/01/28/17_09_58_512_17_1_9_929_biquc38dni20atticus20terracota20frente201.jpg?v=1745944669,2026-08-24T17:28:30.310313-03:00,,unknown_not_observed_per_size
34,3481,Biquíni Azov,Biquíni Azov Preto,Preto,PP,True,VERÃO 2027,Biquínis,https://www.intibrand.com/produto/biquini-azov-preto-3481,https://cdn.vnda.com.br/intibrand/2022/08/29/17_8_1_126_BIQUNIAZOVPRETOFRENTE.jpg?v=1661805982,2026-08-24T17:28:30.310313-03:00,,unknown_not_observed_per_size
34,3481,Biquíni Azov,Biquíni Azov Preto,Preto,P,True,VERÃO 2027,Biquínis,https://www.intibrand.com/produto/biquini-azov-preto-3481,https://cdn.vnda.com.br/intibrand/2022/08/29/17_8_1_126_BIQUNIAZOVPRETOFRENTE.jpg?v=1661805982,2026-08-24T17:28:30.310313-03:00,,unknown_not_observed_per_size
34,3481,Biquíni Azov,Biquíni Azov Preto,Preto,M,True,VERÃO 2027,Biquínis,https://www.intibrand.com/produto/biquini-azov-preto-3481,https://cdn.vnda.com.br/intibrand/2022/08/29/17_8_1_126_BIQUNIAZOVPRETOFRENTE.jpg?v=1661805982,2026-08-24T17:28:30.310313-03:00,,unknown_not_observed_per_size
34,3481,Biquíni Azov,Biquíni Azov Preto,Preto,G,True,VERÃO 2027,Biquínis,https://www.intibrand.com/produto/biquini-azov-preto-3481,https://cdn.vnda.com.br/intibrand/2022/08/29/17_8_1_126_BIQUNIAZOVPRETOFRENTE.jpg?v=1661805982,2026-08-24T17:28:30.310313-03:00,,unknown_not_observed_per_size
34,3481,Biquíni Azov,Biquíni Azov Preto,Preto,GG,True,VERÃO 2027,Biquínis,https://www.intibrand.com/produto/biquini-azov-preto-3481,https://cdn.vnda.com.br/intibrand/2022/08/29/17_8_1_126_BIQUNIAZOVPRETOFRENTE.jpg?v=1661805982,2026-08-24T17:28:30.310313-03:00,,unknown_not_observed_per_size
35,4603,Biquíni Bardi,Biquíni Bardi Cobre,Cobre,PP,True,VERÃO 2027,Biquínis,https://www.intibrand.com/produto/biquini-bardi-cobre-4603,https://cdn.vnda.com.br/intibrand/2025/09/17/16_31_23_633_biqu-c3-8dni-20bardi-20cobre-20frente-16097700.jpg?v=1758137483,2026-08-24T17:28:30.310313-03:00,,unknown_not_observed_per_size
35,4603,Biquíni Bardi,Biquíni Bardi Cobre,Cobre,P,True,VERÃO 2027,Biquínis,https://www.intibrand.com/produto/biquini-bardi-cobre-4603,https://cdn.vnda.com.br/intibrand/2025/09/17/16_31_23_633_biqu-c3-8dni-20bardi-20cobre-20frente-16097700.jpg?v=1758137483,2026-08-24T17:28:30.310313-03:00,,unknown_not_observed_per_size
35,4603,Biquíni Bardi,Biquíni Bardi Cobre,Cobre,M,True,VERÃO 2027,Biquínis,https://www.intibrand.com/produto/biquini-bardi-cobre-4603,https://cdn.vnda.com.br/intibrand/2025/09/17/16_31_23_633_biqu-c3-8dni-20bardi-20cobre-20frente-16097700.jpg?v=1758137483,2026-08-24T17:28:30.310313-03:00,,unknown_not_observed_per_size
35,4603,Biquíni Bardi,Biquíni Bardi Cobre,Cobre,G,True,VERÃO 2027,Biquínis,https://www.intibrand.com/produto/biquini-bardi-cobre-4603,https://cdn.vnda.com.br/intibrand/2025/09/17/16_31_23_633_biqu-c3-8dni-20bardi-20cobre-20frente-16097700.jpg?v=1758137483,2026-08-24T17:28:30.310313-03:00,,unknown_not_observed_per_size
36,4601,Biquíni Bardi Off-White,Biquíni Bardi Off-White,Off White,PP,True,VERÃO 2027,Biquínis,https://www.intibrand.com/produto/biquini-bardi-off-white-4601,https://cdn.vnda.com.br/intibrand/2025/09/17/16_29_49_486_biqu-c3-8dni-20bardi-20p-c3-89rola-20frente-16097510.jpg?v=1758137399,2026-08-24T17:28:30.310313-03:00,,unknown_not_observed_per_size
36,4601,Biquíni Bardi Off-White,Biquíni Bardi Off-White,Off White,P,True,VERÃO 2027,Biquínis,https://www.intibrand.com/produto/biquini-bardi-off-white-4601,https://cdn.vnda.com.br/intibrand/2025/09/17/16_29_49_486_biqu-c3-8dni-20bardi-20p-c3-89rola-20frente-16097510.jpg?v=1758137399,2026-08-24T17:28:30.310313-03:00,,unknown_not_observed_per_size
36,4601,Biquíni Bardi Off-White,Biquíni Bardi Off-White,Off White,M,True,VERÃO 2027,Biquínis,https://www.intibrand.com/produto/biquini-bardi-off-white-4601,https://cdn.vnda.com.br/intibrand/2025/09/17/16_29_49_486_biqu-c3-8dni-20bardi-20p-c3-89rola-20frente-16097510.jpg?v=1758137399,2026-08-24T17:28:30.310313-03:00,,unknown_not_observed_per_size
36,4601,Biquíni Bardi Off-White,Biquíni Bardi Off-White,Off White,G,True,VERÃO 2027,Biquínis,https://www.intibrand.com/produto/biquini-bardi-off-white-4601,https://cdn.vnda.com.br/intibrand/2025/09/17/16_29_49_486_biqu-c3-8dni-20bardi-20p-c3-89rola-20frente-16097510.jpg?v=1758137399,2026-08-24T17:28:30.310313-03:00,,unknown_not_observed_per_size
35,4602,Biquíni Bardi,Biquíni Bardi Preto,Preto,PP,True,VERÃO 2027,Biquínis,https://www.intibrand.com/produto/biquini-bardi-preto-4602,https://cdn.vnda.com.br/intibrand/2025/09/17/16_32_06_699_biqu-c3-8dni-20bardi-20preto-20frente-16099120.jpg?v=1758137526,2026-08-24T17:28:30.310313-03:00,,unknown_not_observed_per_size
35,4602,Biquíni Bardi,Biquíni Bardi Preto,Preto,P,True,VERÃO 2027,Biquínis,https://www.intibrand.com/produto/biquini-bardi-preto-4602,https://cdn.vnda.com.br/intibrand/2025/09/17/16_32_06_699_biqu-c3-8dni-20bardi-20preto-20frente-16099120.jpg?v=1758137526,2026-08-24T17:28:30.310313-03:00,,unknown_not_observed_per_size
35,4602,Biquíni Bardi,Biquíni Bardi Preto,Preto,M,True,VERÃO 2027,Biquínis,https://www.intibrand.com/produto/biquini-bardi-preto-4602,https://cdn.vnda.com.br/intibrand/2025/09/17/16_32_06_699_biqu-c3-8dni-20bardi-20preto-20frente-16099120.jpg?v=1758137526,2026-08-24T17:28:30.310313-03:00,,unknown_not_observed_per_size
35,4602,Biquíni Bardi,Biquíni Bardi Preto,Preto,G,True,VERÃO 2027,Biquínis,https://www.intibrand.com/produto/biquini-bardi-preto-4602,https://cdn.vnda.com.br/intibrand/2025/09/17/16_32_06_699_biqu-c3-8dni-20bardi-20preto-20frente-16099120.jpg?v=1758137526,2026-08-24T17:28:30.310313-03:00,,unknown_not_observed_per_size
37,3006,Biquíni Bercy,Biquíni Bercy Pérola,Pérola,P,True,VERÃO 2027,Biquínis,https://www.intibrand.com/produto/biquini-bercy-perola-3006,https://cdn.vnda.com.br/intibrand/2023/06/21/14_6_0_002_BIQUC38DNI20BERCY20PC389ROLA20FRENTE.jpg?v=1713551785,2026-08-24T17:28:30.310313-03:00,,unknown_not_observed_per_size
37,3006,Biquíni Bercy,Biquíni Bercy Pérola,Pérola,M,True,VERÃO 2027,Biquínis,https://www.intibrand.com/produto/biquini-bercy-perola-3006,https://cdn.vnda.com.br/intibrand/2023/06/21/14_6_0_002_BIQUC38DNI20BERCY20PC389ROLA20FRENTE.jpg?v=1713551785,2026-08-24T17:28:30.310313-03:00,,unknown_not_observed_per_size
37,3006,Biquíni Bercy,Biquíni Bercy Pérola,Pérola,G,True,VERÃO 2027,Biquínis,https://www.intibrand.com/produto/biquini-bercy-perola-3006,https://cdn.vnda.com.br/intibrand/2023/06/21/14_6_0_002_BIQUC38DNI20BERCY20PC389ROLA20FRENTE.jpg?v=1713551785,2026-08-24T17:28:30.310313-03:00,,unknown_not_observed_per_size
37,3005,Biquíni Bercy,Biquíni Bercy Preto,Preto,P,True,VERÃO 2027,Biquínis,https://www.intibrand.com/produto/biquini-bercy-preto-3005,https://cdn.vnda.com.br/intibrand/2022/11/29/19_11_4_414_BIQUC38DNI20BERCY20PRETO20FRENTE.jpg?v=1669761707,2026-08-24T17:28:30.310313-03:00,,unknown_not_observed_per_size
37,3005,Biquíni Bercy,Biquíni Bercy Preto,Preto,M,True,VERÃO 2027,Biquínis,https://www.intibrand.com/produto/biquini-bercy-preto-3005,https://cdn.vnda.com.br/intibrand/2022/11/29/19_11_4_414_BIQUC38DNI20BERCY20PRETO20FRENTE.jpg?v=1669761707,2026-08-24T17:28:30.310313-03:00,,unknown_not_observed_per_size
37,3005,Biquíni Bercy,Biquíni Bercy Preto,Preto,G,True,VERÃO 2027,Biquínis,https://www.intibrand.com/produto/biquini-bercy-preto-3005,https://cdn.vnda.com.br/intibrand/2022/11/29/19_11_4_414_BIQUC38DNI20BERCY20PRETO20FRENTE.jpg?v=1669761707,2026-08-24T17:28:30.310313-03:00,,unknown_not_observed_per_size
38,4058,Biquíni Bernie Off-White,Biquíni Bernie Off-White,Off White,P,True,VERÃO 2027,Biquínis,https://www.intibrand.com/produto/biquini-bernie-off-white-4058,https://cdn.vnda.com.br/intibrand/2024/04/08/14_52_17_6_14_4_0_051_biquc38dni20bernie20offwhite20lado.jpg?v=1712598737,2026-08-24T17:28:30.310313-03:00,,unknown_not_observed_per_size
38,4058,Biquíni Bernie Off-White,Biquíni Bernie Off-White,Off White,M,True,VERÃO 2027,Biquínis,https://www.intibrand.com/produto/biquini-bernie-off-white-4058,https://cdn.vnda.com.br/intibrand/2024/04/08/14_52_17_6_14_4_0_051_biquc38dni20bernie20offwhite20lado.jpg?v=1712598737,2026-08-24T17:28:30.310313-03:00,,unknown_not_observed_per_size
38,4058,Biquíni Bernie Off-White,Biquíni Bernie Off-White,Off White,G,True,VERÃO 2027,Biquínis,https://www.intibrand.com/produto/biquini-bernie-off-white-4058,https://cdn.vnda.com.br/intibrand/2024/04/08/14_52_17_6_14_4_0_051_biquc38dni20bernie20offwhite20lado.jpg?v=1712598737,2026-08-24T17:28:30.310313-03:00,,unknown_not_observed_per_size
39,4412,Biquíni Bonneville,Biquíni Bonneville Pérola,Pérola,P,True,VERÃO 2027,Biquínis,https://www.intibrand.com/produto/biquini-bonneville-perola-4412,https://cdn.vnda.com.br/intibrand/2025/01/29/15_21_32_509_15_1_6_681_biquc38dni20bonneville20pc389rola20frente20320aw25201.jpg?v=1738174902,2026-08-24T17:28:30.310313-03:00,,unknown_not_observed_per_size
39,4412,Biquíni Bonneville,Biquíni Bonneville Pérola,Pérola,M,True,VERÃO 2027,Biquínis,https://www.intibrand.com/produto/biquini-bonneville-perola-4412,https://cdn.vnda.com.br/intibrand/2025/01/29/15_21_32_509_15_1_6_681_biquc38dni20bonneville20pc389rola20frente20320aw25201.jpg?v=1738174902,2026-08-24T17:28:30.310313-03:00,,unknown_not_observed_per_size
39,4412,Biquíni Bonneville,Biquíni Bonneville Pérola,Pérola,G,True,VERÃO 2027,Biquínis,https://www.intibrand.com/produto/biquini-bonneville-perola-4412,https://cdn.vnda.com.br/intibrand/2025/01/29/15_21_32_509_15_1_6_681_biquc38dni20bonneville20pc389rola20frente20320aw25201.jpg?v=1738174902,2026-08-24T17:28:30.310313-03:00,,unknown_not_observed_per_size
39,4412,Biquíni Bonneville,Biquíni Bonneville Pérola,Pérola,GG,True,VERÃO 2027,Biquínis,https://www.intibrand.com/produto/biquini-bonneville-perola-4412,https://cdn.vnda.com.br/intibrand/2025/01/29/15_21_32_509_15_1_6_681_biquc38dni20bonneville20pc389rola20frente20320aw25201.jpg?v=1738174902,2026-08-24T17:28:30.310313-03:00,,unknown_not_observed_per_size
39,3487,Biquíni Bonneville,Biquíni Bonneville Preto,Preto,P,True,VERÃO 2027,Biquínis,https://www.intibrand.com/produto/biquini-bonneville-preto-3487,https://cdn.vnda.com.br/intibrand/2025/04/30/17_12_05_383_17_4_6_600_biquc38dni20bonneville20preto20aw2520frente203.jpg?v=1746043952,2026-08-24T17:28:30.310313-03:00,,unknown_not_observed_per_size
39,3487,Biquíni Bonneville,Biquíni Bonneville Preto,Preto,M,True,VERÃO 2027,Biquínis,https://www.intibrand.com/produto/biquini-bonneville-preto-3487,https://cdn.vnda.com.br/intibrand/2025/04/30/17_12_05_383_17_4_6_600_biquc38dni20bonneville20preto20aw2520frente203.jpg?v=1746043952,2026-08-24T17:28:30.310313-03:00,,unknown_not_observed_per_size
39,3487,Biquíni Bonneville,Biquíni Bonneville Preto,Preto,G,True,VERÃO 2027,Biquínis,https://www.intibrand.com/produto/biquini-bonneville-preto-3487,https://cdn.vnda.com.br/intibrand/2025/04/30/17_12_05_383_17_4_6_600_biquc38dni20bonneville20preto20aw2520frente203.jpg?v=1746043952,2026-08-24T17:28:30.310313-03:00,,unknown_not_observed_per_size
39,3487,Biquíni Bonneville,Biquíni Bonneville Preto,Preto,GG,True,VERÃO 2027,Biquínis,https://www.intibrand.com/produto/biquini-bonneville-preto-3487,https://cdn.vnda.com.br/intibrand/2025/04/30/17_12_05_383_17_4_6_600_biquc38dni20bonneville20preto20aw2520frente203.jpg?v=1746043952,2026-08-24T17:28:30.310313-03:00,,unknown_not_observed_per_size
40,4557,Biquíni Capanema,Biquíni Capanema Cobre,Cobre,PP,True,VERÃO 2027,Biquínis,https://www.intibrand.com/produto/biquini-capanema-cobre-4557,https://cdn.vnda.com.br/intibrand/2025/08/04/17_18_48_172_biqu-c3-8dni-20capanema-20cobre-20zoom-20top-17080670.jpg?v=1757976106,2026-08-24T17:28:30.310313-03:00,,unknown_not_observed_per_size
40,4557,Biquíni Capanema,Biquíni Capanema Cobre,Cobre,P,True,VERÃO 2027,Biquínis,https://www.intibrand.com/produto/biquini-capanema-cobre-4557,https://cdn.vnda.com.br/intibrand/2025/08/04/17_18_48_172_biqu-c3-8dni-20capanema-20cobre-20zoom-20top-17080670.jpg?v=1757976106,2026-08-24T17:28:30.310313-03:00,,unknown_not_observed_per_size
40,4557,Biquíni Capanema,Biquíni Capanema Cobre,Cobre,M,True,VERÃO 2027,Biquínis,https://www.intibrand.com/produto/biquini-capanema-cobre-4557,https://cdn.vnda.com.br/intibrand/2025/08/04/17_18_48_172_biqu-c3-8dni-20capanema-20cobre-20zoom-20top-17080670.jpg?v=1757976106,2026-08-24T17:28:30.310313-03:00,,unknown_not_observed_per_size
40,4557,Biquíni Capanema,Biquíni Capanema Cobre,Cobre,G,True,VERÃO 2027,Biquínis,https://www.intibrand.com/produto/biquini-capanema-cobre-4557,https://cdn.vnda.com.br/intibrand/2025/08/04/17_18_48_172_biqu-c3-8dni-20capanema-20cobre-20zoom-20top-17080670.jpg?v=1757976106,2026-08-24T17:28:30.310313-03:00,,unknown_not_observed_per_size
40,4555,Biquíni Capanema,Biquíni Capanema Pérola,Pérola,PP,True,VERÃO 2027,Biquínis,https://www.intibrand.com/produto/biquini-capanema-perola-4555,https://cdn.vnda.com.br/intibrand/2025/08/04/17_08_45_664_biqu-c3-8dni-20capanema-20p-c3-89rola-20frente-202-17080460.jpg?v=1755965170,2026-08-24T17:28:30.310313-03:00,,unknown_not_observed_per_size
40,4555,Biquíni Capanema,Biquíni Capanema Pérola,Pérola,P,True,VERÃO 2027,Biquínis,https://www.intibrand.com/produto/biquini-capanema-perola-4555,https://cdn.vnda.com.br/intibrand/2025/08/04/17_08_45_664_biqu-c3-8dni-20capanema-20p-c3-89rola-20frente-202-17080460.jpg?v=1755965170,2026-08-24T17:28:30.310313-03:00,,unknown_not_observed_per_size
40,4555,Biquíni Capanema,Biquíni Capanema Pérola,Pérola,M,True,VERÃO 2027,Biquínis,https://www.intibrand.com/produto/biquini-capanema-perola-4555,https://cdn.vnda.com.br/intibrand/2025/08/04/17_08_45_664_biqu-c3-8dni-20capanema-20p-c3-89rola-20frente-202-17080460.jpg?v=1755965170,2026-08-24T17:28:30.310313-03:00,,unknown_not_observed_per_size
40,4555,Biquíni Capanema,Biquíni Capanema Pérola,Pérola,G,True,VERÃO 2027,Biquínis,https://www.intibrand.com/produto/biquini-capanema-perola-4555,https://cdn.vnda.com.br/intibrand/2025/08/04/17_08_45_664_biqu-c3-8dni-20capanema-20p-c3-89rola-20frente-202-17080460.jpg?v=1755965170,2026-08-24T17:28:30.310313-03:00,,unknown_not_observed_per_size
40,4556,Biquíni Capanema,Biquíni Capanema Preto,Preto,PP,True,VERÃO 2027,Biquínis,https://www.intibrand.com/produto/biquini-capanema-preto-4556,https://cdn.vnda.com.br/intibrand/2025/08/04/17_14_14_198_biqu-c3-8dni-20capanema-20preto-20frente-203-17082540.jpg?v=1755965162,2026-08-24T17:28:30.310313-03:00,,unknown_not_observed_per_size
40,4556,Biquíni Capanema,Biquíni Capanema Preto,Preto,P,True,VERÃO 2027,Biquínis,https://www.intibrand.com/produto/biquini-capanema-preto-4556,https://cdn.vnda.com.br/intibrand/2025/08/04/17_14_14_198_biqu-c3-8dni-20capanema-20preto-20frente-203-17082540.jpg?v=1755965162,2026-08-24T17:28:30.310313-03:00,,unknown_not_observed_per_size
40,4556,Biquíni Capanema,Biquíni Capanema Preto,Preto,M,True,VERÃO 2027,Biquínis,https://www.intibrand.com/produto/biquini-capanema-preto-4556,https://cdn.vnda.com.br/intibrand/2025/08/04/17_14_14_198_biqu-c3-8dni-20capanema-20preto-20frente-203-17082540.jpg?v=1755965162,2026-08-24T17:28:30.310313-03:00,,unknown_not_observed_per_size
40,4556,Biquíni Capanema,Biquíni Capanema Preto,Preto,G,True,VERÃO 2027,Biquínis,https://www.intibrand.com/produto/biquini-capanema-preto-4556,https://cdn.vnda.com.br/intibrand/2025/08/04/17_14_14_198_biqu-c3-8dni-20capanema-20preto-20frente-203-17082540.jpg?v=1755965162,2026-08-24T17:28:30.310313-03:00,,unknown_not_observed_per_size
42,5003,Biquíni Castillo Off-White,Biquíni Castillo Off-White,Off White,PP,True,VERÃO 2027,Biquínis,https://www.intibrand.com/produto/biquini-castillo-off-white-5003,https://cdn.vnda.com.br/intibrand/2026/08/19/16_05_44_414_biqu-c3-8dni-20castillo-20off-white-20frente-202-16086210.jpg?v=1787166355,2026-08-24T17:28:30.310313-03:00,,unknown_not_observed_per_size
42,5003,Biquíni Castillo Off-White,Biquíni Castillo Off-White,Off White,P,True,VERÃO 2027,Biquínis,https://www.intibrand.com/produto/biquini-castillo-off-white-5003,https://cdn.vnda.com.br/intibrand/2026/08/19/16_05_44_414_biqu-c3-8dni-20castillo-20off-white-20frente-202-16086210.jpg?v=1787166355,2026-08-24T17:28:30.310313-03:00,,unknown_not_observed_per_size
42,5003,Biquíni Castillo Off-White,Biquíni Castillo Off-White,Off White,M,True,VERÃO 2027,Biquínis,https://www.intibrand.com/produto/biquini-castillo-off-white-5003,https://cdn.vnda.com.br/intibrand/2026/08/19/16_05_44_414_biqu-c3-8dni-20castillo-20off-white-20frente-202-16086210.jpg?v=1787166355,2026-08-24T17:28:30.310313-03:00,,unknown_not_observed_per_size
42,5003,Biquíni Castillo Off-White,Biquíni Castillo Off-White,Off White,G,True,VERÃO 2027,Biquínis,https://www.intibrand.com/produto/biquini-castillo-off-white-5003,https://cdn.vnda.com.br/intibrand/2026/08/19/16_05_44_414_biqu-c3-8dni-20castillo-20off-white-20frente-202-16086210.jpg?v=1787166355,2026-08-24T17:28:30.310313-03:00,,unknown_not_observed_per_size
41,5005,Biquíni Castillo,Biquíni Castillo Preto,Preto,PP,True,VERÃO 2027,Biquínis,https://www.intibrand.com/produto/biquini-castillo-preto-5005,https://cdn.vnda.com.br/intibrand/2026/08/19/17_11_48_493_biqu-c3-8dni-20castillo-20preto-20frente-20-1-17083250.jpg?v=1787170318,2026-08-24T17:28:30.310313-03:00,,unknown_not_observed_per_size
41,5005,Biquíni Castillo,Biquíni Castillo Preto,Preto,P,True,VERÃO 2027,Biquínis,https://www.intibrand.com/produto/biquini-castillo-preto-5005,https://cdn.vnda.com.br/intibrand/2026/08/19/17_11_48_493_biqu-c3-8dni-20castillo-20preto-20frente-20-1-17083250.jpg?v=1787170318,2026-08-24T17:28:30.310313-03:00,,unknown_not_observed_per_size
41,5005,Biquíni Castillo,Biquíni Castillo Preto,Preto,M,True,VERÃO 2027,Biquínis,https://www.intibrand.com/produto/biquini-castillo-preto-5005,https://cdn.vnda.com.br/intibrand/2026/08/19/17_11_48_493_biqu-c3-8dni-20castillo-20preto-20frente-20-1-17083250.jpg?v=1787170318,2026-08-24T17:28:30.310313-03:00,,unknown_not_observed_per_size
41,5005,Biquíni Castillo,Biquíni Castillo Preto,Preto,G,True,VERÃO 2027,Biquínis,https://www.intibrand.com/produto/biquini-castillo-preto-5005,https://cdn.vnda.com.br/intibrand/2026/08/19/17_11_48_493_biqu-c3-8dni-20castillo-20preto-20frente-20-1-17083250.jpg?v=1787170318,2026-08-24T17:28:30.310313-03:00,,unknown_not_observed_per_size
41,5006,Biquíni Castillo,Biquíni Castillo Terracota,Terracota,PP,True,VERÃO 2027,Biquínis,https://www.intibrand.com/produto/biquini-castillo-terracota-5006,https://cdn.vnda.com.br/intibrand/2026/08/19/17_10_54_845_biqu-c3-8dni-20castillo-20terracota-20frente-20-1-17088710.jpg?v=1787170276,2026-08-24T17:28:30.310313-03:00,,unknown_not_observed_per_size
41,5006,Biquíni Castillo,Biquíni Castillo Terracota,Terracota,P,True,VERÃO 2027,Biquínis,https://www.intibrand.com/produto/biquini-castillo-terracota-5006,https://cdn.vnda.com.br/intibrand/2026/08/19/17_10_54_845_biqu-c3-8dni-20castillo-20terracota-20frente-20-1-17088710.jpg?v=1787170276,2026-08-24T17:28:30.310313-03:00,,unknown_not_observed_per_size
41,5006,Biquíni Castillo,Biquíni Castillo Terracota,Terracota,M,True,VERÃO 2027,Biquínis,https://www.intibrand.com/produto/biquini-castillo-terracota-5006,https://cdn.vnda.com.br/intibrand/2026/08/19/17_10_54_845_biqu-c3-8dni-20castillo-20terracota-20frente-20-1-17088710.jpg?v=1787170276,2026-08-24T17:28:30.310313-03:00,,unknown_not_observed_per_size
41,5006,Biquíni Castillo,Biquíni Castillo Terracota,Terracota,G,True,VERÃO 2027,Biquínis,https://www.intibrand.com/produto/biquini-castillo-terracota-5006,https://cdn.vnda.com.br/intibrand/2026/08/19/17_10_54_845_biqu-c3-8dni-20castillo-20terracota-20frente-20-1-17088710.jpg?v=1787170276,2026-08-24T17:28:30.310313-03:00,,unknown_not_observed_per_size
43,3494,Biquíni Clark,Biquíni Clark Fúcsia,Fúcsia,PP,True,VERÃO 2027,Biquínis,https://www.intibrand.com/produto/biquini-clark-fucsia-3494,https://cdn.vnda.com.br/intibrand/2022/10/19/10_10_5_521_BIQUC38DNICLARKMAGENTAFRENTE.jpg?v=1666186498,2026-08-24T17:28:30.310313-03:00,,unknown_not_observed_per_size
43,3494,Biquíni Clark,Biquíni Clark Fúcsia,Fúcsia,P,True,VERÃO 2027,Biquínis,https://www.intibrand.com/produto/biquini-clark-fucsia-3494,https://cdn.vnda.com.br/intibrand/2022/10/19/10_10_5_521_BIQUC38DNICLARKMAGENTAFRENTE.jpg?v=1666186498,2026-08-24T17:28:30.310313-03:00,,unknown_not_observed_per_size
43,3494,Biquíni Clark,Biquíni Clark Fúcsia,Fúcsia,M,True,VERÃO 2027,Biquínis,https://www.intibrand.com/produto/biquini-clark-fucsia-3494,https://cdn.vnda.com.br/intibrand/2022/10/19/10_10_5_521_BIQUC38DNICLARKMAGENTAFRENTE.jpg?v=1666186498,2026-08-24T17:28:30.310313-03:00,,unknown_not_observed_per_size
43,3494,Biquíni Clark,Biquíni Clark Fúcsia,Fúcsia,G,True,VERÃO 2027,Biquínis,https://www.intibrand.com/produto/biquini-clark-fucsia-3494,https://cdn.vnda.com.br/intibrand/2022/10/19/10_10_5_521_BIQUC38DNICLARKMAGENTAFRENTE.jpg?v=1666186498,2026-08-24T17:28:30.310313-03:00,,unknown_not_observed_per_size
43,3494,Biquíni Clark,Biquíni Clark Fúcsia,Fúcsia,GG,True,VERÃO 2027,Biquínis,https://www.intibrand.com/produto/biquini-clark-fucsia-3494,https://cdn.vnda.com.br/intibrand/2022/10/19/10_10_5_521_BIQUC38DNICLARKMAGENTAFRENTE.jpg?v=1666186498,2026-08-24T17:28:30.310313-03:00,,unknown_not_observed_per_size
44,4283,Biquíni Conti,Biquíni Conti Castanho,Castanho,PP,True,VERÃO 2027,Biquínis,https://www.intibrand.com/produto/biquini-conti-castanho-4283,https://cdn.vnda.com.br/intibrand/2024/11/14/16_19_59_453_16_11_1_185_biquc38dni20conti20castanho20frente201.jpg?v=1731612006,2026-08-24T17:28:30.310313-03:00,,unknown_not_observed_per_size
44,4283,Biquíni Conti,Biquíni Conti Castanho,Castanho,P,True,VERÃO 2027,Biquínis,https://www.intibrand.com/produto/biquini-conti-castanho-4283,https://cdn.vnda.com.br/intibrand/2024/11/14/16_19_59_453_16_11_1_185_biquc38dni20conti20castanho20frente201.jpg?v=1731612006,2026-08-24T17:28:30.310313-03:00,,unknown_not_observed_per_size
44,4283,Biquíni Conti,Biquíni Conti Castanho,Castanho,M,True,VERÃO 2027,Biquínis,https://www.intibrand.com/produto/biquini-conti-castanho-4283,https://cdn.vnda.com.br/intibrand/2024/11/14/16_19_59_453_16_11_1_185_biquc38dni20conti20castanho20frente201.jpg?v=1731612006,2026-08-24T17:28:30.310313-03:00,,unknown_not_observed_per_size
44,4283,Biquíni Conti,Biquíni Conti Castanho,Castanho,G,True,VERÃO 2027,Biquínis,https://www.intibrand.com/produto/biquini-conti-castanho-4283,https://cdn.vnda.com.br/intibrand/2024/11/14/16_19_59_453_16_11_1_185_biquc38dni20conti20castanho20frente201.jpg?v=1731612006,2026-08-24T17:28:30.310313-03:00,,unknown_not_observed_per_size
44,4283,Biquíni Conti,Biquíni Conti Castanho,Castanho,GG,True,VERÃO 2027,Biquínis,https://www.intibrand.com/produto/biquini-conti-castanho-4283,https://cdn.vnda.com.br/intibrand/2024/11/14/16_19_59_453_16_11_1_185_biquc38dni20conti20castanho20frente201.jpg?v=1731612006,2026-08-24T17:28:30.310313-03:00,,unknown_not_observed_per_size
44,4280,Biquíni Conti,Biquíni Conti Pérola,Pérola,PP,True,VERÃO 2027,Biquínis,https://www.intibrand.com/produto/biquini-conti-perola-4280,https://cdn.vnda.com.br/intibrand/2024/11/14/16_30_29_0_16_11_9_900_biquc38dni20conti20pc389rola20frente201.jpg?v=1731612667,2026-08-24T17:28:30.310313-03:00,,unknown_not_observed_per_size
44,4280,Biquíni Conti,Biquíni Conti Pérola,Pérola,P,True,VERÃO 2027,Biquínis,https://www.intibrand.com/produto/biquini-conti-perola-4280,https://cdn.vnda.com.br/intibrand/2024/11/14/16_30_29_0_16_11_9_900_biquc38dni20conti20pc389rola20frente201.jpg?v=1731612667,2026-08-24T17:28:30.310313-03:00,,unknown_not_observed_per_size
44,4280,Biquíni Conti,Biquíni Conti Pérola,Pérola,M,True,VERÃO 2027,Biquínis,https://www.intibrand.com/produto/biquini-conti-perola-4280,https://cdn.vnda.com.br/intibrand/2024/11/14/16_30_29_0_16_11_9_900_biquc38dni20conti20pc389rola20frente201.jpg?v=1731612667,2026-08-24T17:28:30.310313-03:00,,unknown_not_observed_per_size
44,4280,Biquíni Conti,Biquíni Conti Pérola,Pérola,G,True,VERÃO 2027,Biquínis,https://www.intibrand.com/produto/biquini-conti-perola-4280,https://cdn.vnda.com.br/intibrand/2024/11/14/16_30_29_0_16_11_9_900_biquc38dni20conti20pc389rola20frente201.jpg?v=1731612667,2026-08-24T17:28:30.310313-03:00,,unknown_not_observed_per_size
44,4280,Biquíni Conti,Biquíni Conti Pérola,Pérola,GG,True,VERÃO 2027,Biquínis,https://www.intibrand.com/produto/biquini-conti-perola-4280,https://cdn.vnda.com.br/intibrand/2024/11/14/16_30_29_0_16_11_9_900_biquc38dni20conti20pc389rola20frente201.jpg?v=1731612667,2026-08-24T17:28:30.310313-03:00,,unknown_not_observed_per_size
44,4284,Biquíni Conti,Biquíni Conti Vermelho Carmim,Vermelho Carmim,PP,True,VERÃO 2027,Biquínis,https://www.intibrand.com/produto/biquini-conti-vermelho-carmim-4284,https://cdn.vnda.com.br/intibrand/2024/11/14/16_23_27_287_16_11_5_514_biquc38dni20conti20vermelho20carmin20frentelado.jpg?v=1731612215,2026-08-24T17:28:30.310313-03:00,,unknown_not_observed_per_size
44,4284,Biquíni Conti,Biquíni Conti Vermelho Carmim,Vermelho Carmim,P,True,VERÃO 2027,Biquínis,https://www.intibrand.com/produto/biquini-conti-vermelho-carmim-4284,https://cdn.vnda.com.br/intibrand/2024/11/14/16_23_27_287_16_11_5_514_biquc38dni20conti20vermelho20carmin20frentelado.jpg?v=1731612215,2026-08-24T17:28:30.310313-03:00,,unknown_not_observed_per_size
44,4284,Biquíni Conti,Biquíni Conti Vermelho Carmim,Vermelho Carmim,M,True,VERÃO 2027,Biquínis,https://www.intibrand.com/produto/biquini-conti-vermelho-carmim-4284,https://cdn.vnda.com.br/intibrand/2024/11/14/16_23_27_287_16_11_5_514_biquc38dni20conti20vermelho20carmin20frentelado.jpg?v=1731612215,2026-08-24T17:28:30.310313-03:00,,unknown_not_observed_per_size
44,4284,Biquíni Conti,Biquíni Conti Vermelho Carmim,Vermelho Carmim,G,True,VERÃO 2027,Biquínis,https://www.intibrand.com/produto/biquini-conti-vermelho-carmim-4284,https://cdn.vnda.com.br/intibrand/2024/11/14/16_23_27_287_16_11_5_514_biquc38dni20conti20vermelho20carmin20frentelado.jpg?v=1731612215,2026-08-24T17:28:30.310313-03:00,,unknown_not_observed_per_size
44,4284,Biquíni Conti,Biquíni Conti Vermelho Carmim,Vermelho Carmim,GG,True,VERÃO 2027,Biquínis,https://www.intibrand.com/produto/biquini-conti-vermelho-carmim-4284,https://cdn.vnda.com.br/intibrand/2024/11/14/16_23_27_287_16_11_5_514_biquc38dni20conti20vermelho20carmin20frentelado.jpg?v=1731612215,2026-08-24T17:28:30.310313-03:00,,unknown_not_observed_per_size
45,3498,Biquíni Cyprus,Biquíni Cyprus Azul Turquesa,Azul Turquesa,PP,True,VERÃO 2027,Biquínis,https://www.intibrand.com/produto/biquini-cyprus-azul-turquesa-3498,https://cdn.vnda.com.br/intibrand/2022/08/25/17_8_5_564_BIQUNICYPRUSAZULTURQUESAFRENTE.jpg?v=1661459377,2026-08-24T17:28:30.310313-03:00,,unknown_not_observed_per_size
45,3498,Biquíni Cyprus,Biquíni Cyprus Azul Turquesa,Azul Turquesa,P,True,VERÃO 2027,Biquínis,https://www.intibrand.com/produto/biquini-cyprus-azul-turquesa-3498,https://cdn.vnda.com.br/intibrand/2022/08/25/17_8_5_564_BIQUNICYPRUSAZULTURQUESAFRENTE.jpg?v=1661459377,2026-08-24T17:28:30.310313-03:00,,unknown_not_observed_per_size
45,3498,Biquíni Cyprus,Biquíni Cyprus Azul Turquesa,Azul Turquesa,M,True,VERÃO 2027,Biquínis,https://www.intibrand.com/produto/biquini-cyprus-azul-turquesa-3498,https://cdn.vnda.com.br/intibrand/2022/08/25/17_8_5_564_BIQUNICYPRUSAZULTURQUESAFRENTE.jpg?v=1661459377,2026-08-24T17:28:30.310313-03:00,,unknown_not_observed_per_size
45,3498,Biquíni Cyprus,Biquíni Cyprus Azul Turquesa,Azul Turquesa,G,True,VERÃO 2027,Biquínis,https://www.intibrand.com/produto/biquini-cyprus-azul-turquesa-3498,https://cdn.vnda.com.br/intibrand/2022/08/25/17_8_5_564_BIQUNICYPRUSAZULTURQUESAFRENTE.jpg?v=1661459377,2026-08-24T17:28:30.310313-03:00,,unknown_not_observed_per_size
45,3498,Biquíni Cyprus,Biquíni Cyprus Azul Turquesa,Azul Turquesa,GG,True,VERÃO 2027,Biquínis,https://www.intibrand.com/produto/biquini-cyprus-azul-turquesa-3498,https://cdn.vnda.com.br/intibrand/2022/08/25/17_8_5_564_BIQUNICYPRUSAZULTURQUESAFRENTE.jpg?v=1661459377,2026-08-24T17:28:30.310313-03:00,,unknown_not_observed_per_size
45,3499,Biquíni Cyprus,Biquíni Cyprus Fúcsia,Fúcsia,PP,True,VERÃO 2027,Biquínis,https://www.intibrand.com/produto/biquini-cyprus-fucsia-3499,https://cdn.vnda.com.br/intibrand/2022/10/19/11_10_1_160_BIQUC38DNICYPRUSFUCSIAFRENTE.jpg?v=1666188662,2026-08-24T17:28:30.310313-03:00,,unknown_not_observed_per_size
45,3499,Biquíni Cyprus,Biquíni Cyprus Fúcsia,Fúcsia,P,True,VERÃO 2027,Biquínis,https://www.intibrand.com/produto/biquini-cyprus-fucsia-3499,https://cdn.vnda.com.br/intibrand/2022/10/19/11_10_1_160_BIQUC38DNICYPRUSFUCSIAFRENTE.jpg?v=1666188662,2026-08-24T17:28:30.310313-03:00,,unknown_not_observed_per_size
45,3499,Biquíni Cyprus,Biquíni Cyprus Fúcsia,Fúcsia,M,True,VERÃO 2027,Biquínis,https://www.intibrand.com/produto/biquini-cyprus-fucsia-3499,https://cdn.vnda.com.br/intibrand/2022/10/19/11_10_1_160_BIQUC38DNICYPRUSFUCSIAFRENTE.jpg?v=1666188662,2026-08-24T17:28:30.310313-03:00,,unknown_not_observed_per_size
45,3499,Biquíni Cyprus,Biquíni Cyprus Fúcsia,Fúcsia,G,True,VERÃO 2027,Biquínis,https://www.intibrand.com/produto/biquini-cyprus-fucsia-3499,https://cdn.vnda.com.br/intibrand/2022/10/19/11_10_1_160_BIQUC38DNICYPRUSFUCSIAFRENTE.jpg?v=1666188662,2026-08-24T17:28:30.310313-03:00,,unknown_not_observed_per_size
45,3499,Biquíni Cyprus,Biquíni Cyprus Fúcsia,Fúcsia,GG,True,VERÃO 2027,Biquínis,https://www.intibrand.com/produto/biquini-cyprus-fucsia-3499,https://cdn.vnda.com.br/intibrand/2022/10/19/11_10_1_160_BIQUC38DNICYPRUSFUCSIAFRENTE.jpg?v=1666188662,2026-08-24T17:28:30.310313-03:00,,unknown_not_observed_per_size
46,3500,Biquíni Cyprus Off-White,Biquíni Cyprus Off-White,Off White,PP,True,VERÃO 2027,Biquínis,https://www.intibrand.com/produto/biquini-cyprus-off-white-3500,https://cdn.vnda.com.br/intibrand/2022/08/25/17_8_0_062_BIQUNICYPRUSOFFWHITEFRENTE.jpg?v=1661459757,2026-08-24T17:28:30.310313-03:00,,unknown_not_observed_per_size
46,3500,Biquíni Cyprus Off-White,Biquíni Cyprus Off-White,Off White,P,True,VERÃO 2027,Biquínis,https://www.intibrand.com/produto/biquini-cyprus-off-white-3500,https://cdn.vnda.com.br/intibrand/2022/08/25/17_8_0_062_BIQUNICYPRUSOFFWHITEFRENTE.jpg?v=1661459757,2026-08-24T17:28:30.310313-03:00,,unknown_not_observed_per_size
46,3500,Biquíni Cyprus Off-White,Biquíni Cyprus Off-White,Off White,M,True,VERÃO 2027,Biquínis,https://www.intibrand.com/produto/biquini-cyprus-off-white-3500,https://cdn.vnda.com.br/intibrand/2022/08/25/17_8_0_062_BIQUNICYPRUSOFFWHITEFRENTE.jpg?v=1661459757,2026-08-24T17:28:30.310313-03:00,,unknown_not_observed_per_size
46,3500,Biquíni Cyprus Off-White,Biquíni Cyprus Off-White,Off White,G,True,VERÃO 2027,Biquínis,https://www.intibrand.com/produto/biquini-cyprus-off-white-3500,https://cdn.vnda.com.br/intibrand/2022/08/25/17_8_0_062_BIQUNICYPRUSOFFWHITEFRENTE.jpg?v=1661459757,2026-08-24T17:28:30.310313-03:00,,unknown_not_observed_per_size
46,3500,Biquíni Cyprus Off-White,Biquíni Cyprus Off-White,Off White,GG,True,VERÃO 2027,Biquínis,https://www.intibrand.com/produto/biquini-cyprus-off-white-3500,https://cdn.vnda.com.br/intibrand/2022/08/25/17_8_0_062_BIQUNICYPRUSOFFWHITEFRENTE.jpg?v=1661459757,2026-08-24T17:28:30.310313-03:00,,unknown_not_observed_per_size
47,4424,Biquíni Dion,Biquíni Dion Preto,Preto,P,True,VERÃO 2027,Biquínis,https://www.intibrand.com/produto/biquini-dion-preto-4424,https://cdn.vnda.com.br/intibrand/2025/01/31/12_42_52_554_12_1_2_290_biquc38dni20dion20preto20frente202201.jpg?v=1738338180,2026-08-24T17:28:30.310313-03:00,,unknown_not_observed_per_size
47,4424,Biquíni Dion,Biquíni Dion Preto,Preto,M,True,VERÃO 2027,Biquínis,https://www.intibrand.com/produto/biquini-dion-preto-4424,https://cdn.vnda.com.br/intibrand/2025/01/31/12_42_52_554_12_1_2_290_biquc38dni20dion20preto20frente202201.jpg?v=1738338180,2026-08-24T17:28:30.310313-03:00,,unknown_not_observed_per_size
47,4424,Biquíni Dion,Biquíni Dion Preto,Preto,G,True,VERÃO 2027,Biquínis,https://www.intibrand.com/produto/biquini-dion-preto-4424,https://cdn.vnda.com.br/intibrand/2025/01/31/12_42_52_554_12_1_2_290_biquc38dni20dion20preto20frente202201.jpg?v=1738338180,2026-08-24T17:28:30.310313-03:00,,unknown_not_observed_per_size
48,4183,Biquíni Duncan,Biquíni Duncan Azul,Azul,PP,True,VERÃO 2027,Biquínis,https://www.intibrand.com/produto/biquini-duncan-azul-4183,https://cdn.vnda.com.br/intibrand/2024/08/27/18_09_03_821_18_8_7_780_biquc38dni20duncan20azul20frente.jpg?v=1724792949,2026-08-24T17:28:30.310313-03:00,,unknown_not_observed_per_size
48,4183,Biquíni Duncan,Biquíni Duncan Azul,Azul,P,True,VERÃO 2027,Biquínis,https://www.intibrand.com/produto/biquini-duncan-azul-4183,https://cdn.vnda.com.br/intibrand/2024/08/27/18_09_03_821_18_8_7_780_biquc38dni20duncan20azul20frente.jpg?v=1724792949,2026-08-24T17:28:30.310313-03:00,,unknown_not_observed_per_size
48,4183,Biquíni Duncan,Biquíni Duncan Azul,Azul,M,True,VERÃO 2027,Biquínis,https://www.intibrand.com/produto/biquini-duncan-azul-4183,https://cdn.vnda.com.br/intibrand/2024/08/27/18_09_03_821_18_8_7_780_biquc38dni20duncan20azul20frente.jpg?v=1724792949,2026-08-24T17:28:30.310313-03:00,,unknown_not_observed_per_size
48,4183,Biquíni Duncan,Biquíni Duncan Azul,Azul,G,True,VERÃO 2027,Biquínis,https://www.intibrand.com/produto/biquini-duncan-azul-4183,https://cdn.vnda.com.br/intibrand/2024/08/27/18_09_03_821_18_8_7_780_biquc38dni20duncan20azul20frente.jpg?v=1724792949,2026-08-24T17:28:30.310313-03:00,,unknown_not_observed_per_size
48,4183,Biquíni Duncan,Biquíni Duncan Azul,Azul,GG,True,VERÃO 2027,Biquínis,https://www.intibrand.com/produto/biquini-duncan-azul-4183,https://cdn.vnda.com.br/intibrand/2024/08/27/18_09_03_821_18_8_7_780_biquc38dni20duncan20azul20frente.jpg?v=1724792949,2026-08-24T17:28:30.310313-03:00,,unknown_not_observed_per_size
48,4184,Biquíni Duncan,Biquíni Duncan Cobre,Cobre,PP,True,VERÃO 2027,Biquínis,https://www.intibrand.com/produto/biquini-duncan-cobre-4184,https://cdn.vnda.com.br/intibrand/2024/08/27/18_10_14_840_18_8_9_966_biquc38dni20duncan20cobre20frente.jpg?v=1724793014,2026-08-24T17:28:30.310313-03:00,,unknown_not_observed_per_size
48,4184,Biquíni Duncan,Biquíni Duncan Cobre,Cobre,P,True,VERÃO 2027,Biquínis,https://www.intibrand.com/produto/biquini-duncan-cobre-4184,https://cdn.vnda.com.br/intibrand/2024/08/27/18_10_14_840_18_8_9_966_biquc38dni20duncan20cobre20frente.jpg?v=1724793014,2026-08-24T17:28:30.310313-03:00,,unknown_not_observed_per_size
48,4184,Biquíni Duncan,Biquíni Duncan Cobre,Cobre,M,True,VERÃO 2027,Biquínis,https://www.intibrand.com/produto/biquini-duncan-cobre-4184,https://cdn.vnda.com.br/intibrand/2024/08/27/18_10_14_840_18_8_9_966_biquc38dni20duncan20cobre20frente.jpg?v=1724793014,2026-08-24T17:28:30.310313-03:00,,unknown_not_observed_per_size
48,4184,Biquíni Duncan,Biquíni Duncan Cobre,Cobre,G,True,VERÃO 2027,Biquínis,https://www.intibrand.com/produto/biquini-duncan-cobre-4184,https://cdn.vnda.com.br/intibrand/2024/08/27/18_10_14_840_18_8_9_966_biquc38dni20duncan20cobre20frente.jpg?v=1724793014,2026-08-24T17:28:30.310313-03:00,,unknown_not_observed_per_size
48,4184,Biquíni Duncan,Biquíni Duncan Cobre,Cobre,GG,True,VERÃO 2027,Biquínis,https://www.intibrand.com/produto/biquini-duncan-cobre-4184,https://cdn.vnda.com.br/intibrand/2024/08/27/18_10_14_840_18_8_9_966_biquc38dni20duncan20cobre20frente.jpg?v=1724793014,2026-08-24T17:28:30.310313-03:00,,unknown_not_observed_per_size
49,4884,Biquíni Easton,Biquíni Easton Azul Marinho,Azul Marinho,PP,True,VERÃO 2027,Biquínis,https://www.intibrand.com/produto/biquini-easton-azul-marinho-4884,https://cdn.vnda.com.br/intibrand/2026/04/01/17_37_41_59_gaby-20v-c3-8ddeos-20-20-story-20-202026-04-01t173706-066-17049990.jpg?v=1775075866,2026-08-24T17:28:30.310313-03:00,,unknown_not_observed_per_size
49,4884,Biquíni Easton,Biquíni Easton Azul Marinho,Azul Marinho,P,True,VERÃO 2027,Biquínis,https://www.intibrand.com/produto/biquini-easton-azul-marinho-4884,https://cdn.vnda.com.br/intibrand/2026/04/01/17_37_41_59_gaby-20v-c3-8ddeos-20-20-story-20-202026-04-01t173706-066-17049990.jpg?v=1775075866,2026-08-24T17:28:30.310313-03:00,,unknown_not_observed_per_size
49,4884,Biquíni Easton,Biquíni Easton Azul Marinho,Azul Marinho,M,True,VERÃO 2027,Biquínis,https://www.intibrand.com/produto/biquini-easton-azul-marinho-4884,https://cdn.vnda.com.br/intibrand/2026/04/01/17_37_41_59_gaby-20v-c3-8ddeos-20-20-story-20-202026-04-01t173706-066-17049990.jpg?v=1775075866,2026-08-24T17:28:30.310313-03:00,,unknown_not_observed_per_size
49,4884,Biquíni Easton,Biquíni Easton Azul Marinho,Azul Marinho,G,True,VERÃO 2027,Biquínis,https://www.intibrand.com/produto/biquini-easton-azul-marinho-4884,https://cdn.vnda.com.br/intibrand/2026/04/01/17_37_41_59_gaby-20v-c3-8ddeos-20-20-story-20-202026-04-01t173706-066-17049990.jpg?v=1775075866,2026-08-24T17:28:30.310313-03:00,,unknown_not_observed_per_size
49,4885,Biquíni Easton,Biquíni Easton Marrom,Marrom,PP,True,VERÃO 2027,Biquínis,https://www.intibrand.com/produto/biquini-easton-marrom-4885,https://cdn.vnda.com.br/intibrand/2026/04/01/17_36_18_633_gaby-20v-c3-8ddeos-20-20-story-20-202026-04-01t173539-313-17049470.jpg?v=1775075778,2026-08-24T17:28:30.310313-03:00,,unknown_not_observed_per_size
49,4885,Biquíni Easton,Biquíni Easton Marrom,Marrom,P,True,VERÃO 2027,Biquínis,https://www.intibrand.com/produto/biquini-easton-marrom-4885,https://cdn.vnda.com.br/intibrand/2026/04/01/17_36_18_633_gaby-20v-c3-8ddeos-20-20-story-20-202026-04-01t173539-313-17049470.jpg?v=1775075778,2026-08-24T17:28:30.310313-03:00,,unknown_not_observed_per_size
49,4885,Biquíni Easton,Biquíni Easton Marrom,Marrom,M,True,VERÃO 2027,Biquínis,https://www.intibrand.com/produto/biquini-easton-marrom-4885,https://cdn.vnda.com.br/intibrand/2026/04/01/17_36_18_633_gaby-20v-c3-8ddeos-20-20-story-20-202026-04-01t173539-313-17049470.jpg?v=1775075778,2026-08-24T17:28:30.310313-03:00,,unknown_not_observed_per_size
49,4885,Biquíni Easton,Biquíni Easton Marrom,Marrom,G,True,VERÃO 2027,Biquínis,https://www.intibrand.com/produto/biquini-easton-marrom-4885,https://cdn.vnda.com.br/intibrand/2026/04/01/17_36_18_633_gaby-20v-c3-8ddeos-20-20-story-20-202026-04-01t173539-313-17049470.jpg?v=1775075778,2026-08-24T17:28:30.310313-03:00,,unknown_not_observed_per_size
50,4882,Biquíni Easton Off-White,Biquíni Easton Off-White,Off White,PP,True,VERÃO 2027,Biquínis,https://www.intibrand.com/produto/biquini-easton-off-white-4882,https://cdn.vnda.com.br/intibrand/2026/04/01/17_40_19_91_gaby-20v-c3-8ddeos-20-20-story-20-202026-04-01t174008-602-17042160.jpg?v=1775076019,2026-08-24T17:28:30.310313-03:00,,unknown_not_observed_per_size
50,4882,Biquíni Easton Off-White,Biquíni Easton Off-White,Off White,P,True,VERÃO 2027,Biquínis,https://www.intibrand.com/produto/biquini-easton-off-white-4882,https://cdn.vnda.com.br/intibrand/2026/04/01/17_40_19_91_gaby-20v-c3-8ddeos-20-20-story-20-202026-04-01t174008-602-17042160.jpg?v=1775076019,2026-08-24T17:28:30.310313-03:00,,unknown_not_observed_per_size
50,4882,Biquíni Easton Off-White,Biquíni Easton Off-White,Off White,M,True,VERÃO 2027,Biquínis,https://www.intibrand.com/produto/biquini-easton-off-white-4882,https://cdn.vnda.com.br/intibrand/2026/04/01/17_40_19_91_gaby-20v-c3-8ddeos-20-20-story-20-202026-04-01t174008-602-17042160.jpg?v=1775076019,2026-08-24T17:28:30.310313-03:00,,unknown_not_observed_per_size
50,4882,Biquíni Easton Off-White,Biquíni Easton Off-White,Off White,G,True,VERÃO 2027,Biquínis,https://www.intibrand.com/produto/biquini-easton-off-white-4882,https://cdn.vnda.com.br/intibrand/2026/04/01/17_40_19_91_gaby-20v-c3-8ddeos-20-20-story-20-202026-04-01t174008-602-17042160.jpg?v=1775076019,2026-08-24T17:28:30.310313-03:00,,unknown_not_observed_per_size
1,4922,BIQUÍNI EASTON + PAREÔ GRAZIA |,BIQUÍNI EASTON + PAREÔ GRAZIA | PRETO,Preto,PP,True,VERÃO 2027,Biquínis,https://www.intibrand.com/produto/biquini-easton-pareo-grazia-preto-4922,https://cdn.vnda.com.br/intibrand/2026/05/13/10_20_55_244_gaby-20v-c3-8ddeos-20-20-story-20-202026-05-13t102022-927-10051810.jpg?v=1778678459,2026-08-24T17:28:30.310313-03:00,,unknown_not_observed_per_size
1,4922,BIQUÍNI EASTON + PAREÔ GRAZIA |,BIQUÍNI EASTON + PAREÔ GRAZIA | PRETO,Preto,P,True,VERÃO 2027,Biquínis,https://www.intibrand.com/produto/biquini-easton-pareo-grazia-preto-4922,https://cdn.vnda.com.br/intibrand/2026/05/13/10_20_55_244_gaby-20v-c3-8ddeos-20-20-story-20-202026-05-13t102022-927-10051810.jpg?v=1778678459,2026-08-24T17:28:30.310313-03:00,,unknown_not_observed_per_size
1,4922,BIQUÍNI EASTON + PAREÔ GRAZIA |,BIQUÍNI EASTON + PAREÔ GRAZIA | PRETO,Preto,M,True,VERÃO 2027,Biquínis,https://www.intibrand.com/produto/biquini-easton-pareo-grazia-preto-4922,https://cdn.vnda.com.br/intibrand/2026/05/13/10_20_55_244_gaby-20v-c3-8ddeos-20-20-story-20-202026-05-13t102022-927-10051810.jpg?v=1778678459,2026-08-24T17:28:30.310313-03:00,,unknown_not_observed_per_size
1,4922,BIQUÍNI EASTON + PAREÔ GRAZIA |,BIQUÍNI EASTON + PAREÔ GRAZIA | PRETO,Preto,G,True,VERÃO 2027,Biquínis,https://www.intibrand.com/produto/biquini-easton-pareo-grazia-preto-4922,https://cdn.vnda.com.br/intibrand/2026/05/13/10_20_55_244_gaby-20v-c3-8ddeos-20-20-story-20-202026-05-13t102022-927-10051810.jpg?v=1778678459,2026-08-24T17:28:30.310313-03:00,,unknown_not_observed_per_size
2,4907,BIQUÍNI EASTON + PAREÔ |,BIQUÍNI EASTON + PAREÔ | MARROM,Marrom,PP,True,VERÃO 2027,Biquínis,https://www.intibrand.com/produto/biquini-easton-pareo-marrom-4907,https://cdn.vnda.com.br/intibrand/2026/05/05/17_38_28_963_gaby-20v-c3-8ddeos-20-20-story-20-202026-05-05t173759-762-17055010.jpg?v=1778013517,2026-08-24T17:28:30.310313-03:00,,unknown_not_observed_per_size
2,4907,BIQUÍNI EASTON + PAREÔ |,BIQUÍNI EASTON + PAREÔ | MARROM,Marrom,P,True,VERÃO 2027,Biquínis,https://www.intibrand.com/produto/biquini-easton-pareo-marrom-4907,https://cdn.vnda.com.br/intibrand/2026/05/05/17_38_28_963_gaby-20v-c3-8ddeos-20-20-story-20-202026-05-05t173759-762-17055010.jpg?v=1778013517,2026-08-24T17:28:30.310313-03:00,,unknown_not_observed_per_size
2,4907,BIQUÍNI EASTON + PAREÔ |,BIQUÍNI EASTON + PAREÔ | MARROM,Marrom,M,True,VERÃO 2027,Biquínis,https://www.intibrand.com/produto/biquini-easton-pareo-marrom-4907,https://cdn.vnda.com.br/intibrand/2026/05/05/17_38_28_963_gaby-20v-c3-8ddeos-20-20-story-20-202026-05-05t173759-762-17055010.jpg?v=1778013517,2026-08-24T17:28:30.310313-03:00,,unknown_not_observed_per_size
2,4907,BIQUÍNI EASTON + PAREÔ |,BIQUÍNI EASTON + PAREÔ | MARROM,Marrom,G,True,VERÃO 2027,Biquínis,https://www.intibrand.com/produto/biquini-easton-pareo-marrom-4907,https://cdn.vnda.com.br/intibrand/2026/05/05/17_38_28_963_gaby-20v-c3-8ddeos-20-20-story-20-202026-05-05t173759-762-17055010.jpg?v=1778013517,2026-08-24T17:28:30.310313-03:00,,unknown_not_observed_per_size
2,4907,BIQUÍNI EASTON + PAREÔ |,BIQUÍNI EASTON + PAREÔ | MARROM,Marrom,U,True,VERÃO 2027,Biquínis,https://www.intibrand.com/produto/biquini-easton-pareo-marrom-4907,https://cdn.vnda.com.br/intibrand/2026/05/05/17_38_28_963_gaby-20v-c3-8ddeos-20-20-story-20-202026-05-05t173759-762-17055010.jpg?v=1778013517,2026-08-24T17:28:30.310313-03:00,,unknown_not_observed_per_size
3,4921,BIQUÍNI EASTON + PAREÔ | OFF-WHITE,BIQUÍNI EASTON + PAREÔ | OFF-WHITE,Off White,PP,True,VERÃO 2027,Biquínis,https://www.intibrand.com/produto/biquini-easton-pareo-off-white-4921,https://cdn.vnda.com.br/intibrand/2026/05/13/10_14_59_237_biqu-c3-8dni-20easton-20off-white-20-2b-20pare-c3-94-20off-white-20frente-202-20-3-10054520.jpg?v=1778678099,2026-08-24T17:28:30.310313-03:00,,unknown_not_observed_per_size
3,4921,BIQUÍNI EASTON + PAREÔ | OFF-WHITE,BIQUÍNI EASTON + PAREÔ | OFF-WHITE,Off White,P,True,VERÃO 2027,Biquínis,https://www.intibrand.com/produto/biquini-easton-pareo-off-white-4921,https://cdn.vnda.com.br/intibrand/2026/05/13/10_14_59_237_biqu-c3-8dni-20easton-20off-white-20-2b-20pare-c3-94-20off-white-20frente-202-20-3-10054520.jpg?v=1778678099,2026-08-24T17:28:30.310313-03:00,,unknown_not_observed_per_size
3,4921,BIQUÍNI EASTON + PAREÔ | OFF-WHITE,BIQUÍNI EASTON + PAREÔ | OFF-WHITE,Off White,M,True,VERÃO 2027,Biquínis,https://www.intibrand.com/produto/biquini-easton-pareo-off-white-4921,https://cdn.vnda.com.br/intibrand/2026/05/13/10_14_59_237_biqu-c3-8dni-20easton-20off-white-20-2b-20pare-c3-94-20off-white-20frente-202-20-3-10054520.jpg?v=1778678099,2026-08-24T17:28:30.310313-03:00,,unknown_not_observed_per_size
3,4921,BIQUÍNI EASTON + PAREÔ | OFF-WHITE,BIQUÍNI EASTON + PAREÔ | OFF-WHITE,Off White,G,True,VERÃO 2027,Biquínis,https://www.intibrand.com/produto/biquini-easton-pareo-off-white-4921,https://cdn.vnda.com.br/intibrand/2026/05/13/10_14_59_237_biqu-c3-8dni-20easton-20off-white-20-2b-20pare-c3-94-20off-white-20frente-202-20-3-10054520.jpg?v=1778678099,2026-08-24T17:28:30.310313-03:00,,unknown_not_observed_per_size
3,4921,BIQUÍNI EASTON + PAREÔ | OFF-WHITE,BIQUÍNI EASTON + PAREÔ | OFF-WHITE,Off White,U,True,VERÃO 2027,Biquínis,https://www.intibrand.com/produto/biquini-easton-pareo-off-white-4921,https://cdn.vnda.com.br/intibrand/2026/05/13/10_14_59_237_biqu-c3-8dni-20easton-20off-white-20-2b-20pare-c3-94-20off-white-20frente-202-20-3-10054520.jpg?v=1778678099,2026-08-24T17:28:30.310313-03:00,,unknown_not_observed_per_size
49,4883,Biquíni Easton,Biquíni Easton Preto,Preto,PP,True,VERÃO 2027,Biquínis,https://www.intibrand.com/produto/biquini-easton-preto-4883,https://cdn.vnda.com.br/intibrand/2026/04/01/17_38_50_374_gaby-20v-c3-8ddeos-20-20-story-20-202026-04-01t173814-162-17041710.jpg?v=1775075930,2026-08-24T17:28:30.310313-03:00,,unknown_not_observed_per_size
49,4883,Biquíni Easton,Biquíni Easton Preto,Preto,P,True,VERÃO 2027,Biquínis,https://www.intibrand.com/produto/biquini-easton-preto-4883,https://cdn.vnda.com.br/intibrand/2026/04/01/17_38_50_374_gaby-20v-c3-8ddeos-20-20-story-20-202026-04-01t173814-162-17041710.jpg?v=1775075930,2026-08-24T17:28:30.310313-03:00,,unknown_not_observed_per_size
49,4883,Biquíni Easton,Biquíni Easton Preto,Preto,M,True,VERÃO 2027,Biquínis,https://www.intibrand.com/produto/biquini-easton-preto-4883,https://cdn.vnda.com.br/intibrand/2026/04/01/17_38_50_374_gaby-20v-c3-8ddeos-20-20-story-20-202026-04-01t173814-162-17041710.jpg?v=1775075930,2026-08-24T17:28:30.310313-03:00,,unknown_not_observed_per_size
49,4883,Biquíni Easton,Biquíni Easton Preto,Preto,G,True,VERÃO 2027,Biquínis,https://www.intibrand.com/produto/biquini-easton-preto-4883,https://cdn.vnda.com.br/intibrand/2026/04/01/17_38_50_374_gaby-20v-c3-8ddeos-20-20-story-20-202026-04-01t173814-162-17041710.jpg?v=1775075930,2026-08-24T17:28:30.310313-03:00,,unknown_not_observed_per_size
51,4630,Biquíni Eaton,Biquíni Eaton Cobre,Cobre,P,True,VERÃO 2027,Biquínis,https://www.intibrand.com/produto/biquini-eaton-cobre-4630,https://cdn.vnda.com.br/intibrand/2025/09/24/10_58_12_120_biqu-c3-8dni-20eaton-20cobre-20frente-20-1-10092880.jpg?v=1758722296,2026-08-24T17:28:30.310313-03:00,,unknown_not_observed_per_size
51,4630,Biquíni Eaton,Biquíni Eaton Cobre,Cobre,M,True,VERÃO 2027,Biquínis,https://www.intibrand.com/produto/biquini-eaton-cobre-4630,https://cdn.vnda.com.br/intibrand/2025/09/24/10_58_12_120_biqu-c3-8dni-20eaton-20cobre-20frente-20-1-10092880.jpg?v=1758722296,2026-08-24T17:28:30.310313-03:00,,unknown_not_observed_per_size
51,4630,Biquíni Eaton,Biquíni Eaton Cobre,Cobre,G,True,VERÃO 2027,Biquínis,https://www.intibrand.com/produto/biquini-eaton-cobre-4630,https://cdn.vnda.com.br/intibrand/2025/09/24/10_58_12_120_biqu-c3-8dni-20eaton-20cobre-20frente-20-1-10092880.jpg?v=1758722296,2026-08-24T17:28:30.310313-03:00,,unknown_not_observed_per_size
51,4628,Biquíni Eaton,Biquíni Eaton Pérola,Pérola,P,True,VERÃO 2027,Biquínis,https://www.intibrand.com/produto/biquini-eaton-perola-4628,https://cdn.vnda.com.br/intibrand/2025/09/24/10_57_13_657_biqu-c3-8dni-20eaton-20p-c3-89rola-20frente-10097570.jpg?v=1758722233,2026-08-24T17:28:30.310313-03:00,,unknown_not_observed_per_size
51,4628,Biquíni Eaton,Biquíni Eaton Pérola,Pérola,M,True,VERÃO 2027,Biquínis,https://www.intibrand.com/produto/biquini-eaton-perola-4628,https://cdn.vnda.com.br/intibrand/2025/09/24/10_57_13_657_biqu-c3-8dni-20eaton-20p-c3-89rola-20frente-10097570.jpg?v=1758722233,2026-08-24T17:28:30.310313-03:00,,unknown_not_observed_per_size
51,4628,Biquíni Eaton,Biquíni Eaton Pérola,Pérola,G,True,VERÃO 2027,Biquínis,https://www.intibrand.com/produto/biquini-eaton-perola-4628,https://cdn.vnda.com.br/intibrand/2025/09/24/10_57_13_657_biqu-c3-8dni-20eaton-20p-c3-89rola-20frente-10097570.jpg?v=1758722233,2026-08-24T17:28:30.310313-03:00,,unknown_not_observed_per_size
51,4629,Biquíni Eaton,Biquíni Eaton Preto,Preto,P,True,VERÃO 2027,Biquínis,https://www.intibrand.com/produto/biquini-eaton-preto-4629,https://cdn.vnda.com.br/intibrand/2025/09/24/10_59_22_177_biqu-c3-8dni-20eaton-20preto-20frente-10099000.jpg?v=1758722362,2026-08-24T17:28:30.310313-03:00,,unknown_not_observed_per_size
51,4629,Biquíni Eaton,Biquíni Eaton Preto,Preto,M,True,VERÃO 2027,Biquínis,https://www.intibrand.com/produto/biquini-eaton-preto-4629,https://cdn.vnda.com.br/intibrand/2025/09/24/10_59_22_177_biqu-c3-8dni-20eaton-20preto-20frente-10099000.jpg?v=1758722362,2026-08-24T17:28:30.310313-03:00,,unknown_not_observed_per_size
51,4629,Biquíni Eaton,Biquíni Eaton Preto,Preto,G,True,VERÃO 2027,Biquínis,https://www.intibrand.com/produto/biquini-eaton-preto-4629,https://cdn.vnda.com.br/intibrand/2025/09/24/10_59_22_177_biqu-c3-8dni-20eaton-20preto-20frente-10099000.jpg?v=1758722362,2026-08-24T17:28:30.310313-03:00,,unknown_not_observed_per_size
52,4616,Biquíni Finca,Biquíni Finca Pérola,Pérola,P,True,VERÃO 2027,Biquínis,https://www.intibrand.com/produto/biquini-finca-perola-4616,https://cdn.vnda.com.br/intibrand/2025/09/24/08_48_26_259_biqu-c3-8dni-20finca-20p-c3-89rola-20frente-202-08095220.jpg?v=1758714520,2026-08-24T17:28:30.310313-03:00,,unknown_not_observed_per_size
52,4616,Biquíni Finca,Biquíni Finca Pérola,Pérola,M,True,VERÃO 2027,Biquínis,https://www.intibrand.com/produto/biquini-finca-perola-4616,https://cdn.vnda.com.br/intibrand/2025/09/24/08_48_26_259_biqu-c3-8dni-20finca-20p-c3-89rola-20frente-202-08095220.jpg?v=1758714520,2026-08-24T17:28:30.310313-03:00,,unknown_not_observed_per_size
52,4616,Biquíni Finca,Biquíni Finca Pérola,Pérola,G,True,VERÃO 2027,Biquínis,https://www.intibrand.com/produto/biquini-finca-perola-4616,https://cdn.vnda.com.br/intibrand/2025/09/24/08_48_26_259_biqu-c3-8dni-20finca-20p-c3-89rola-20frente-202-08095220.jpg?v=1758714520,2026-08-24T17:28:30.310313-03:00,,unknown_not_observed_per_size
52,4617,Biquíni Finca,Biquíni Finca Preto,Preto,P,True,VERÃO 2027,Biquínis,https://www.intibrand.com/produto/biquini-finca-preto-4617,https://cdn.vnda.com.br/intibrand/2025/09/24/08_53_10_858_biqu-c3-8dni-20finca-20preto-20frente-08092590.jpg?v=1758714860,2026-08-24T17:28:30.310313-03:00,,unknown_not_observed_per_size
52,4617,Biquíni Finca,Biquíni Finca Preto,Preto,M,True,VERÃO 2027,Biquínis,https://www.intibrand.com/produto/biquini-finca-preto-4617,https://cdn.vnda.com.br/intibrand/2025/09/24/08_53_10_858_biqu-c3-8dni-20finca-20preto-20frente-08092590.jpg?v=1758714860,2026-08-24T17:28:30.310313-03:00,,unknown_not_observed_per_size
52,4617,Biquíni Finca,Biquíni Finca Preto,Preto,G,True,VERÃO 2027,Biquínis,https://www.intibrand.com/produto/biquini-finca-preto-4617,https://cdn.vnda.com.br/intibrand/2025/09/24/08_53_10_858_biqu-c3-8dni-20finca-20preto-20frente-08092590.jpg?v=1758714860,2026-08-24T17:28:30.310313-03:00,,unknown_not_observed_per_size
52,4618,Biquíni Finca,Biquíni Finca Vermelho,Vermelho,P,True,VERÃO 2027,Biquínis,https://www.intibrand.com/produto/biquini-finca-vermelho-4618,https://cdn.vnda.com.br/intibrand/2025/09/24/08_50_03_874_biqu-c3-8dni-20finca-20vermelho-20frente-08092660.jpg?v=1758714615,2026-08-24T17:28:30.310313-03:00,,unknown_not_observed_per_size
52,4618,Biquíni Finca,Biquíni Finca Vermelho,Vermelho,M,True,VERÃO 2027,Biquínis,https://www.intibrand.com/produto/biquini-finca-vermelho-4618,https://cdn.vnda.com.br/intibrand/2025/09/24/08_50_03_874_biqu-c3-8dni-20finca-20vermelho-20frente-08092660.jpg?v=1758714615,2026-08-24T17:28:30.310313-03:00,,unknown_not_observed_per_size
52,4618,Biquíni Finca,Biquíni Finca Vermelho,Vermelho,G,True,VERÃO 2027,Biquínis,https://www.intibrand.com/produto/biquini-finca-vermelho-4618,https://cdn.vnda.com.br/intibrand/2025/09/24/08_50_03_874_biqu-c3-8dni-20finca-20vermelho-20frente-08092660.jpg?v=1758714615,2026-08-24T17:28:30.310313-03:00,,unknown_not_observed_per_size
53,4477,Biquíni Galea,Biquíni Galea Azul Índigo,Azul Índigo,P,True,VERÃO 2027,Biquínis,https://www.intibrand.com/produto/biquini-galea-azul-4477,https://cdn.vnda.com.br/intibrand/2025/04/15/16_50_20_782_16_4_8_891_biquc38dni20galea20azul20c38dndigo20frente201.jpg?v=1744746632,2026-08-24T17:28:30.310313-03:00,,unknown_not_observed_per_size
53,4477,Biquíni Galea,Biquíni Galea Azul Índigo,Azul Índigo,M,True,VERÃO 2027,Biquínis,https://www.intibrand.com/produto/biquini-galea-azul-4477,https://cdn.vnda.com.br/intibrand/2025/04/15/16_50_20_782_16_4_8_891_biquc38dni20galea20azul20c38dndigo20frente201.jpg?v=1744746632,2026-08-24T17:28:30.310313-03:00,,unknown_not_observed_per_size
53,4477,Biquíni Galea,Biquíni Galea Azul Índigo,Azul Índigo,G,True,VERÃO 2027,Biquínis,https://www.intibrand.com/produto/biquini-galea-azul-4477,https://cdn.vnda.com.br/intibrand/2025/04/15/16_50_20_782_16_4_8_891_biquc38dni20galea20azul20c38dndigo20frente201.jpg?v=1744746632,2026-08-24T17:28:30.310313-03:00,,unknown_not_observed_per_size
53,4477,Biquíni Galea,Biquíni Galea Azul Índigo,Azul Índigo,GG,True,VERÃO 2027,Biquínis,https://www.intibrand.com/produto/biquini-galea-azul-4477,https://cdn.vnda.com.br/intibrand/2025/04/15/16_50_20_782_16_4_8_891_biquc38dni20galea20azul20c38dndigo20frente201.jpg?v=1744746632,2026-08-24T17:28:30.310313-03:00,,unknown_not_observed_per_size
53,3098,Biquíni Galea,Biquíni Galea Preto,Preto,P,True,VERÃO 2027,Biquínis,https://www.intibrand.com/produto/biquini-galea-preto-3098,https://cdn.vnda.com.br/intibrand/2025/04/10/12_33_41_853_12_4_1_143_biquc38dni20galea20preto20frente202.jpg?v=1744299227,2026-08-24T17:28:30.310313-03:00,,unknown_not_observed_per_size
53,3098,Biquíni Galea,Biquíni Galea Preto,Preto,M,True,VERÃO 2027,Biquínis,https://www.intibrand.com/produto/biquini-galea-preto-3098,https://cdn.vnda.com.br/intibrand/2025/04/10/12_33_41_853_12_4_1_143_biquc38dni20galea20preto20frente202.jpg?v=1744299227,2026-08-24T17:28:30.310313-03:00,,unknown_not_observed_per_size
53,3098,Biquíni Galea,Biquíni Galea Preto,Preto,G,True,VERÃO 2027,Biquínis,https://www.intibrand.com/produto/biquini-galea-preto-3098,https://cdn.vnda.com.br/intibrand/2025/04/10/12_33_41_853_12_4_1_143_biquc38dni20galea20preto20frente202.jpg?v=1744299227,2026-08-24T17:28:30.310313-03:00,,unknown_not_observed_per_size
53,3098,Biquíni Galea,Biquíni Galea Preto,Preto,GG,True,VERÃO 2027,Biquínis,https://www.intibrand.com/produto/biquini-galea-preto-3098,https://cdn.vnda.com.br/intibrand/2025/04/10/12_33_41_853_12_4_1_143_biquc38dni20galea20preto20frente202.jpg?v=1744299227,2026-08-24T17:28:30.310313-03:00,,unknown_not_observed_per_size
54,4428,Biquíni Hali,Biquíni Hali Azul Índigo,Azul Índigo,P,True,VERÃO 2027,Biquínis,https://www.intibrand.com/produto/biquini-hali-azul-indigo-4428,https://cdn.vnda.com.br/intibrand/2025/05/21/16_46_03_331_16_5_2_261_biquc38dni20hali20azul20c38dndigo20frente.jpg?v=1747856791,2026-08-24T17:28:30.310313-03:00,,unknown_not_observed_per_size
54,4428,Biquíni Hali,Biquíni Hali Azul Índigo,Azul Índigo,M,True,VERÃO 2027,Biquínis,https://www.intibrand.com/produto/biquini-hali-azul-indigo-4428,https://cdn.vnda.com.br/intibrand/2025/05/21/16_46_03_331_16_5_2_261_biquc38dni20hali20azul20c38dndigo20frente.jpg?v=1747856791,2026-08-24T17:28:30.310313-03:00,,unknown_not_observed_per_size
54,4428,Biquíni Hali,Biquíni Hali Azul Índigo,Azul Índigo,G,True,VERÃO 2027,Biquínis,https://www.intibrand.com/produto/biquini-hali-azul-indigo-4428,https://cdn.vnda.com.br/intibrand/2025/05/21/16_46_03_331_16_5_2_261_biquc38dni20hali20azul20c38dndigo20frente.jpg?v=1747856791,2026-08-24T17:28:30.310313-03:00,,unknown_not_observed_per_size
54,4426,Biquíni Hali,Biquíni Hali Pérola,Pérola,P,True,VERÃO 2027,Biquínis,https://www.intibrand.com/produto/biquini-hali-perola-4426,https://cdn.vnda.com.br/intibrand/2025/01/31/13_33_09_163_13_1_0_078_biquc38dni20hali20pc389rola20lado201.jpg?v=1738341189,2026-08-24T17:28:30.310313-03:00,,unknown_not_observed_per_size
54,4426,Biquíni Hali,Biquíni Hali Pérola,Pérola,M,True,VERÃO 2027,Biquínis,https://www.intibrand.com/produto/biquini-hali-perola-4426,https://cdn.vnda.com.br/intibrand/2025/01/31/13_33_09_163_13_1_0_078_biquc38dni20hali20pc389rola20lado201.jpg?v=1738341189,2026-08-24T17:28:30.310313-03:00,,unknown_not_observed_per_size
54,4426,Biquíni Hali,Biquíni Hali Pérola,Pérola,G,True,VERÃO 2027,Biquínis,https://www.intibrand.com/produto/biquini-hali-perola-4426,https://cdn.vnda.com.br/intibrand/2025/01/31/13_33_09_163_13_1_0_078_biquc38dni20hali20pc389rola20lado201.jpg?v=1738341189,2026-08-24T17:28:30.310313-03:00,,unknown_not_observed_per_size
54,4427,Biquíni Hali,Biquíni Hali Preto,Preto,P,True,VERÃO 2027,Biquínis,https://www.intibrand.com/produto/biquini-hali-preto-4427,https://cdn.vnda.com.br/intibrand/2025/01/31/13_34_09_969_13_1_7_731_biquc38dni20hali20preto20solta201.jpg?v=1738341256,2026-08-24T17:28:30.310313-03:00,,unknown_not_observed_per_size
54,4427,Biquíni Hali,Biquíni Hali Preto,Preto,M,True,VERÃO 2027,Biquínis,https://www.intibrand.com/produto/biquini-hali-preto-4427,https://cdn.vnda.com.br/intibrand/2025/01/31/13_34_09_969_13_1_7_731_biquc38dni20hali20preto20solta201.jpg?v=1738341256,2026-08-24T17:28:30.310313-03:00,,unknown_not_observed_per_size
54,4427,Biquíni Hali,Biquíni Hali Preto,Preto,G,True,VERÃO 2027,Biquínis,https://www.intibrand.com/produto/biquini-hali-preto-4427,https://cdn.vnda.com.br/intibrand/2025/01/31/13_34_09_969_13_1_7_731_biquc38dni20hali20preto20solta201.jpg?v=1738341256,2026-08-24T17:28:30.310313-03:00,,unknown_not_observed_per_size
55,4735,Biquíni Harper,Biquíni Harper Pérola,Pérola,PP,True,VERÃO 2027,Biquínis,https://www.intibrand.com/produto/biquini-harper-perola-4735,https://cdn.vnda.com.br/intibrand/2025/12/01/18_02_43_458_biqu-c3-8dni-20harper-20p-c3-89rola-20frente-18128080.jpg?v=1764623013,2026-08-24T17:28:30.310313-03:00,,unknown_not_observed_per_size
55,4735,Biquíni Harper,Biquíni Harper Pérola,Pérola,P,True,VERÃO 2027,Biquínis,https://www.intibrand.com/produto/biquini-harper-perola-4735,https://cdn.vnda.com.br/intibrand/2025/12/01/18_02_43_458_biqu-c3-8dni-20harper-20p-c3-89rola-20frente-18128080.jpg?v=1764623013,2026-08-24T17:28:30.310313-03:00,,unknown_not_observed_per_size
55,4735,Biquíni Harper,Biquíni Harper Pérola,Pérola,M,True,VERÃO 2027,Biquínis,https://www.intibrand.com/produto/biquini-harper-perola-4735,https://cdn.vnda.com.br/intibrand/2025/12/01/18_02_43_458_biqu-c3-8dni-20harper-20p-c3-89rola-20frente-18128080.jpg?v=1764623013,2026-08-24T17:28:30.310313-03:00,,unknown_not_observed_per_size
55,4735,Biquíni Harper,Biquíni Harper Pérola,Pérola,G,True,VERÃO 2027,Biquínis,https://www.intibrand.com/produto/biquini-harper-perola-4735,https://cdn.vnda.com.br/intibrand/2025/12/01/18_02_43_458_biqu-c3-8dni-20harper-20p-c3-89rola-20frente-18128080.jpg?v=1764623013,2026-08-24T17:28:30.310313-03:00,,unknown_not_observed_per_size
55,4736,Biquíni Harper,Biquíni Harper Preto,Preto,PP,True,VERÃO 2027,Biquínis,https://www.intibrand.com/produto/biquini-harper-preto-4736,https://cdn.vnda.com.br/intibrand/2025/12/01/18_00_20_850_biqu-c3-8dni-20harper-20preto-20frente-18124080.jpg?v=1764622829,2026-08-24T17:28:30.310313-03:00,,unknown_not_observed_per_size
55,4736,Biquíni Harper,Biquíni Harper Preto,Preto,P,True,VERÃO 2027,Biquínis,https://www.intibrand.com/produto/biquini-harper-preto-4736,https://cdn.vnda.com.br/intibrand/2025/12/01/18_00_20_850_biqu-c3-8dni-20harper-20preto-20frente-18124080.jpg?v=1764622829,2026-08-24T17:28:30.310313-03:00,,unknown_not_observed_per_size
55,4736,Biquíni Harper,Biquíni Harper Preto,Preto,M,True,VERÃO 2027,Biquínis,https://www.intibrand.com/produto/biquini-harper-preto-4736,https://cdn.vnda.com.br/intibrand/2025/12/01/18_00_20_850_biqu-c3-8dni-20harper-20preto-20frente-18124080.jpg?v=1764622829,2026-08-24T17:28:30.310313-03:00,,unknown_not_observed_per_size
55,4736,Biquíni Harper,Biquíni Harper Preto,Preto,G,True,VERÃO 2027,Biquínis,https://www.intibrand.com/produto/biquini-harper-preto-4736,https://cdn.vnda.com.br/intibrand/2025/12/01/18_00_20_850_biqu-c3-8dni-20harper-20preto-20frente-18124080.jpg?v=1764622829,2026-08-24T17:28:30.310313-03:00,,unknown_not_observed_per_size
56,3815,Biquíni Hess,Biquíni Hess Pérola,Pérola,PP,True,VERÃO 2027,Biquínis,https://www.intibrand.com/produto/biquini-hess-perola-3815,https://cdn.vnda.com.br/intibrand/2023/07/18/18_04_41_571_18_7_4_467_biquc38dni20hess20pc389rola20frente20220revisada.jpg?v=1689714286,2026-08-24T17:28:30.310313-03:00,,unknown_not_observed_per_size
56,3815,Biquíni Hess,Biquíni Hess Pérola,Pérola,P,True,VERÃO 2027,Biquínis,https://www.intibrand.com/produto/biquini-hess-perola-3815,https://cdn.vnda.com.br/intibrand/2023/07/18/18_04_41_571_18_7_4_467_biquc38dni20hess20pc389rola20frente20220revisada.jpg?v=1689714286,2026-08-24T17:28:30.310313-03:00,,unknown_not_observed_per_size
56,3815,Biquíni Hess,Biquíni Hess Pérola,Pérola,M,True,VERÃO 2027,Biquínis,https://www.intibrand.com/produto/biquini-hess-perola-3815,https://cdn.vnda.com.br/intibrand/2023/07/18/18_04_41_571_18_7_4_467_biquc38dni20hess20pc389rola20frente20220revisada.jpg?v=1689714286,2026-08-24T17:28:30.310313-03:00,,unknown_not_observed_per_size
56,3815,Biquíni Hess,Biquíni Hess Pérola,Pérola,G,True,VERÃO 2027,Biquínis,https://www.intibrand.com/produto/biquini-hess-perola-3815,https://cdn.vnda.com.br/intibrand/2023/07/18/18_04_41_571_18_7_4_467_biquc38dni20hess20pc389rola20frente20220revisada.jpg?v=1689714286,2026-08-24T17:28:30.310313-03:00,,unknown_not_observed_per_size
56,3815,Biquíni Hess,Biquíni Hess Pérola,Pérola,GG,True,VERÃO 2027,Biquínis,https://www.intibrand.com/produto/biquini-hess-perola-3815,https://cdn.vnda.com.br/intibrand/2023/07/18/18_04_41_571_18_7_4_467_biquc38dni20hess20pc389rola20frente20220revisada.jpg?v=1689714286,2026-08-24T17:28:30.310313-03:00,,unknown_not_observed_per_size
57,4082,Biquíni Julian,Biquíni Julian Bronze,Bronze,P,True,VERÃO 2027,Biquínis,https://www.intibrand.com/produto/biquini-julian-bronze-4082,https://cdn.vnda.com.br/intibrand/2024/04/15/10_49_42_825_10_4_0_055_biquc38dni20julian20bronze20frente202.jpg?v=1713188987,2026-08-24T17:28:30.310313-03:00,,unknown_not_observed_per_size
57,4082,Biquíni Julian,Biquíni Julian Bronze,Bronze,M,True,VERÃO 2027,Biquínis,https://www.intibrand.com/produto/biquini-julian-bronze-4082,https://cdn.vnda.com.br/intibrand/2024/04/15/10_49_42_825_10_4_0_055_biquc38dni20julian20bronze20frente202.jpg?v=1713188987,2026-08-24T17:28:30.310313-03:00,,unknown_not_observed_per_size
57,4082,Biquíni Julian,Biquíni Julian Bronze,Bronze,G,True,VERÃO 2027,Biquínis,https://www.intibrand.com/produto/biquini-julian-bronze-4082,https://cdn.vnda.com.br/intibrand/2024/04/15/10_49_42_825_10_4_0_055_biquc38dni20julian20bronze20frente202.jpg?v=1713188987,2026-08-24T17:28:30.310313-03:00,,unknown_not_observed_per_size
57,4080,Biquíni Julian,Biquíni Julian Pérola,Pérola,P,True,VERÃO 2027,Biquínis,https://www.intibrand.com/produto/biquini-julian-perola-4080,https://cdn.vnda.com.br/intibrand/2024/04/15/17_19_52_956_17_4_8_834_biquc38dni20julian20pc389rola20frente202201.jpg?v=1713212463,2026-08-24T17:28:30.310313-03:00,,unknown_not_observed_per_size
57,4080,Biquíni Julian,Biquíni Julian Pérola,Pérola,M,True,VERÃO 2027,Biquínis,https://www.intibrand.com/produto/biquini-julian-perola-4080,https://cdn.vnda.com.br/intibrand/2024/04/15/17_19_52_956_17_4_8_834_biquc38dni20julian20pc389rola20frente202201.jpg?v=1713212463,2026-08-24T17:28:30.310313-03:00,,unknown_not_observed_per_size
57,4080,Biquíni Julian,Biquíni Julian Pérola,Pérola,G,True,VERÃO 2027,Biquínis,https://www.intibrand.com/produto/biquini-julian-perola-4080,https://cdn.vnda.com.br/intibrand/2024/04/15/17_19_52_956_17_4_8_834_biquc38dni20julian20pc389rola20frente202201.jpg?v=1713212463,2026-08-24T17:28:30.310313-03:00,,unknown_not_observed_per_size
57,4081,Biquíni Julian,Biquíni Julian Preto,Preto,P,True,VERÃO 2027,Biquínis,https://www.intibrand.com/produto/biquini-julian-preto-4081,https://cdn.vnda.com.br/intibrand/2024/04/15/10_56_05_961_10_4_0_057_biquc38dni20julian20preto20frente202.jpg?v=1720804311,2026-08-24T17:28:30.310313-03:00,,unknown_not_observed_per_size
57,4081,Biquíni Julian,Biquíni Julian Preto,Preto,M,True,VERÃO 2027,Biquínis,https://www.intibrand.com/produto/biquini-julian-preto-4081,https://cdn.vnda.com.br/intibrand/2024/04/15/10_56_05_961_10_4_0_057_biquc38dni20julian20preto20frente202.jpg?v=1720804311,2026-08-24T17:28:30.310313-03:00,,unknown_not_observed_per_size
57,4081,Biquíni Julian,Biquíni Julian Preto,Preto,G,True,VERÃO 2027,Biquínis,https://www.intibrand.com/produto/biquini-julian-preto-4081,https://cdn.vnda.com.br/intibrand/2024/04/15/10_56_05_961_10_4_0_057_biquc38dni20julian20preto20frente202.jpg?v=1720804311,2026-08-24T17:28:30.310313-03:00,,unknown_not_observed_per_size
58,4272,Biquíni Kobe,Biquíni Kobe Azul,Azul,PP,True,VERÃO 2027,Biquínis,https://www.intibrand.com/produto/biquini-kobe-azul-4272,https://cdn.vnda.com.br/intibrand/2024/11/14/11_04_14_813_11_11_7_792_biquc38dni20kobe20azul20frente.jpg?v=1731593057,2026-08-24T17:28:30.310313-03:00,,unknown_not_observed_per_size
58,4272,Biquíni Kobe,Biquíni Kobe Azul,Azul,P,True,VERÃO 2027,Biquínis,https://www.intibrand.com/produto/biquini-kobe-azul-4272,https://cdn.vnda.com.br/intibrand/2024/11/14/11_04_14_813_11_11_7_792_biquc38dni20kobe20azul20frente.jpg?v=1731593057,2026-08-24T17:28:30.310313-03:00,,unknown_not_observed_per_size
58,4272,Biquíni Kobe,Biquíni Kobe Azul,Azul,M,True,VERÃO 2027,Biquínis,https://www.intibrand.com/produto/biquini-kobe-azul-4272,https://cdn.vnda.com.br/intibrand/2024/11/14/11_04_14_813_11_11_7_792_biquc38dni20kobe20azul20frente.jpg?v=1731593057,2026-08-24T17:28:30.310313-03:00,,unknown_not_observed_per_size
58,4272,Biquíni Kobe,Biquíni Kobe Azul,Azul,G,True,VERÃO 2027,Biquínis,https://www.intibrand.com/produto/biquini-kobe-azul-4272,https://cdn.vnda.com.br/intibrand/2024/11/14/11_04_14_813_11_11_7_792_biquc38dni20kobe20azul20frente.jpg?v=1731593057,2026-08-24T17:28:30.310313-03:00,,unknown_not_observed_per_size
58,4272,Biquíni Kobe,Biquíni Kobe Azul,Azul,GG,True,VERÃO 2027,Biquínis,https://www.intibrand.com/produto/biquini-kobe-azul-4272,https://cdn.vnda.com.br/intibrand/2024/11/14/11_04_14_813_11_11_7_792_biquc38dni20kobe20azul20frente.jpg?v=1731593057,2026-08-24T17:28:30.310313-03:00,,unknown_not_observed_per_size
58,4273,Biquíni Kobe,Biquíni Kobe Cobre,Cobre,PP,True,VERÃO 2027,Biquínis,https://www.intibrand.com/produto/biquini-kobe-cobre-4273,https://cdn.vnda.com.br/intibrand/2024/11/14/11_25_30_157_11_11_3_327_biquc38dni20kobe20cobre20frente201.jpg?v=1731594333,2026-08-24T17:28:30.310313-03:00,,unknown_not_observed_per_size
58,4273,Biquíni Kobe,Biquíni Kobe Cobre,Cobre,P,True,VERÃO 2027,Biquínis,https://www.intibrand.com/produto/biquini-kobe-cobre-4273,https://cdn.vnda.com.br/intibrand/2024/11/14/11_25_30_157_11_11_3_327_biquc38dni20kobe20cobre20frente201.jpg?v=1731594333,2026-08-24T17:28:30.310313-03:00,,unknown_not_observed_per_size
58,4273,Biquíni Kobe,Biquíni Kobe Cobre,Cobre,M,True,VERÃO 2027,Biquínis,https://www.intibrand.com/produto/biquini-kobe-cobre-4273,https://cdn.vnda.com.br/intibrand/2024/11/14/11_25_30_157_11_11_3_327_biquc38dni20kobe20cobre20frente201.jpg?v=1731594333,2026-08-24T17:28:30.310313-03:00,,unknown_not_observed_per_size
58,4273,Biquíni Kobe,Biquíni Kobe Cobre,Cobre,G,True,VERÃO 2027,Biquínis,https://www.intibrand.com/produto/biquini-kobe-cobre-4273,https://cdn.vnda.com.br/intibrand/2024/11/14/11_25_30_157_11_11_3_327_biquc38dni20kobe20cobre20frente201.jpg?v=1731594333,2026-08-24T17:28:30.310313-03:00,,unknown_not_observed_per_size
58,4273,Biquíni Kobe,Biquíni Kobe Cobre,Cobre,GG,True,VERÃO 2027,Biquínis,https://www.intibrand.com/produto/biquini-kobe-cobre-4273,https://cdn.vnda.com.br/intibrand/2024/11/14/11_25_30_157_11_11_3_327_biquc38dni20kobe20cobre20frente201.jpg?v=1731594333,2026-08-24T17:28:30.310313-03:00,,unknown_not_observed_per_size
58,4270,Biquíni Kobe,Biquíni Kobe Pérola,Pérola,PP,True,VERÃO 2027,Biquínis,https://www.intibrand.com/produto/biquini-kobe-perola-4270,https://cdn.vnda.com.br/intibrand/2024/11/14/11_11_45_961_11_11_9_938_biquc38dni20kobe20pc389rola20frente201201.jpg?v=1731594259,2026-08-24T17:28:30.310313-03:00,,unknown_not_observed_per_size
58,4270,Biquíni Kobe,Biquíni Kobe Pérola,Pérola,P,True,VERÃO 2027,Biquínis,https://www.intibrand.com/produto/biquini-kobe-perola-4270,https://cdn.vnda.com.br/intibrand/2024/11/14/11_11_45_961_11_11_9_938_biquc38dni20kobe20pc389rola20frente201201.jpg?v=1731594259,2026-08-24T17:28:30.310313-03:00,,unknown_not_observed_per_size
58,4270,Biquíni Kobe,Biquíni Kobe Pérola,Pérola,M,True,VERÃO 2027,Biquínis,https://www.intibrand.com/produto/biquini-kobe-perola-4270,https://cdn.vnda.com.br/intibrand/2024/11/14/11_11_45_961_11_11_9_938_biquc38dni20kobe20pc389rola20frente201201.jpg?v=1731594259,2026-08-24T17:28:30.310313-03:00,,unknown_not_observed_per_size
58,4270,Biquíni Kobe,Biquíni Kobe Pérola,Pérola,G,True,VERÃO 2027,Biquínis,https://www.intibrand.com/produto/biquini-kobe-perola-4270,https://cdn.vnda.com.br/intibrand/2024/11/14/11_11_45_961_11_11_9_938_biquc38dni20kobe20pc389rola20frente201201.jpg?v=1731594259,2026-08-24T17:28:30.310313-03:00,,unknown_not_observed_per_size
58,4270,Biquíni Kobe,Biquíni Kobe Pérola,Pérola,GG,True,VERÃO 2027,Biquínis,https://www.intibrand.com/produto/biquini-kobe-perola-4270,https://cdn.vnda.com.br/intibrand/2024/11/14/11_11_45_961_11_11_9_938_biquc38dni20kobe20pc389rola20frente201201.jpg?v=1731594259,2026-08-24T17:28:30.310313-03:00,,unknown_not_observed_per_size
58,4271,Biquíni Kobe,Biquíni Kobe Preto,Preto,PP,True,VERÃO 2027,Biquínis,https://www.intibrand.com/produto/biquini-kobe-preto-4271,https://cdn.vnda.com.br/intibrand/2024/11/14/11_26_56_163_11_11_4_432_biquc38dni20kobe20preto20frente201.jpg?v=1731594419,2026-08-24T17:28:30.310313-03:00,,unknown_not_observed_per_size
58,4271,Biquíni Kobe,Biquíni Kobe Preto,Preto,P,True,VERÃO 2027,Biquínis,https://www.intibrand.com/produto/biquini-kobe-preto-4271,https://cdn.vnda.com.br/intibrand/2024/11/14/11_26_56_163_11_11_4_432_biquc38dni20kobe20preto20frente201.jpg?v=1731594419,2026-08-24T17:28:30.310313-03:00,,unknown_not_observed_per_size
58,4271,Biquíni Kobe,Biquíni Kobe Preto,Preto,M,True,VERÃO 2027,Biquínis,https://www.intibrand.com/produto/biquini-kobe-preto-4271,https://cdn.vnda.com.br/intibrand/2024/11/14/11_26_56_163_11_11_4_432_biquc38dni20kobe20preto20frente201.jpg?v=1731594419,2026-08-24T17:28:30.310313-03:00,,unknown_not_observed_per_size
58,4271,Biquíni Kobe,Biquíni Kobe Preto,Preto,G,True,VERÃO 2027,Biquínis,https://www.intibrand.com/produto/biquini-kobe-preto-4271,https://cdn.vnda.com.br/intibrand/2024/11/14/11_26_56_163_11_11_4_432_biquc38dni20kobe20preto20frente201.jpg?v=1731594419,2026-08-24T17:28:30.310313-03:00,,unknown_not_observed_per_size
58,4271,Biquíni Kobe,Biquíni Kobe Preto,Preto,GG,True,VERÃO 2027,Biquínis,https://www.intibrand.com/produto/biquini-kobe-preto-4271,https://cdn.vnda.com.br/intibrand/2024/11/14/11_26_56_163_11_11_4_432_biquc38dni20kobe20preto20frente201.jpg?v=1731594419,2026-08-24T17:28:30.310313-03:00,,unknown_not_observed_per_size
58,4274,Biquíni Kobe,Biquíni Kobe Vermelho,Vermelho,PP,True,VERÃO 2027,Biquínis,https://www.intibrand.com/produto/biquini-kobe-vermelho-4274,https://cdn.vnda.com.br/intibrand/2024/11/14/11_29_45_324_11_11_0_015_biquini20kobe20vermelho20carmin20frente201.jpg?v=1731595506,2026-08-24T17:28:30.310313-03:00,,unknown_not_observed_per_size
58,4274,Biquíni Kobe,Biquíni Kobe Vermelho,Vermelho,P,True,VERÃO 2027,Biquínis,https://www.intibrand.com/produto/biquini-kobe-vermelho-4274,https://cdn.vnda.com.br/intibrand/2024/11/14/11_29_45_324_11_11_0_015_biquini20kobe20vermelho20carmin20frente201.jpg?v=1731595506,2026-08-24T17:28:30.310313-03:00,,unknown_not_observed_per_size
58,4274,Biquíni Kobe,Biquíni Kobe Vermelho,Vermelho,M,True,VERÃO 2027,Biquínis,https://www.intibrand.com/produto/biquini-kobe-vermelho-4274,https://cdn.vnda.com.br/intibrand/2024/11/14/11_29_45_324_11_11_0_015_biquini20kobe20vermelho20carmin20frente201.jpg?v=1731595506,2026-08-24T17:28:30.310313-03:00,,unknown_not_observed_per_size
58,4274,Biquíni Kobe,Biquíni Kobe Vermelho,Vermelho,G,True,VERÃO 2027,Biquínis,https://www.intibrand.com/produto/biquini-kobe-vermelho-4274,https://cdn.vnda.com.br/intibrand/2024/11/14/11_29_45_324_11_11_0_015_biquini20kobe20vermelho20carmin20frente201.jpg?v=1731595506,2026-08-24T17:28:30.310313-03:00,,unknown_not_observed_per_size
58,4274,Biquíni Kobe,Biquíni Kobe Vermelho,Vermelho,GG,True,VERÃO 2027,Biquínis,https://www.intibrand.com/produto/biquini-kobe-vermelho-4274,https://cdn.vnda.com.br/intibrand/2024/11/14/11_29_45_324_11_11_0_015_biquini20kobe20vermelho20carmin20frente201.jpg?v=1731595506,2026-08-24T17:28:30.310313-03:00,,unknown_not_observed_per_size
59,4873,Biquíni Landon,Biquíni Landon Marrom,Marrom,PP,True,VERÃO 2027,Biquínis,https://www.intibrand.com/produto/biquini-landon-marrom-4873,https://cdn.vnda.com.br/intibrand/2026/04/01/17_43_56_450_gaby-20v-c3-8ddeos-20-20-story-20-202026-04-01t174316-906-17043150.jpg?v=1775076246,2026-08-24T17:28:30.310313-03:00,,unknown_not_observed_per_size
59,4873,Biquíni Landon,Biquíni Landon Marrom,Marrom,P,True,VERÃO 2027,Biquínis,https://www.intibrand.com/produto/biquini-landon-marrom-4873,https://cdn.vnda.com.br/intibrand/2026/04/01/17_43_56_450_gaby-20v-c3-8ddeos-20-20-story-20-202026-04-01t174316-906-17043150.jpg?v=1775076246,2026-08-24T17:28:30.310313-03:00,,unknown_not_observed_per_size
59,4873,Biquíni Landon,Biquíni Landon Marrom,Marrom,M,True,VERÃO 2027,Biquínis,https://www.intibrand.com/produto/biquini-landon-marrom-4873,https://cdn.vnda.com.br/intibrand/2026/04/01/17_43_56_450_gaby-20v-c3-8ddeos-20-20-story-20-202026-04-01t174316-906-17043150.jpg?v=1775076246,2026-08-24T17:28:30.310313-03:00,,unknown_not_observed_per_size
59,4873,Biquíni Landon,Biquíni Landon Marrom,Marrom,G,True,VERÃO 2027,Biquínis,https://www.intibrand.com/produto/biquini-landon-marrom-4873,https://cdn.vnda.com.br/intibrand/2026/04/01/17_43_56_450_gaby-20v-c3-8ddeos-20-20-story-20-202026-04-01t174316-906-17043150.jpg?v=1775076246,2026-08-24T17:28:30.310313-03:00,,unknown_not_observed_per_size
59,4871,Biquíni Landon,Biquíni Landon Pérola,Pérola,PP,True,VERÃO 2027,Biquínis,https://www.intibrand.com/produto/biquini-landon-perola-4871,https://cdn.vnda.com.br/intibrand/2026/04/01/17_45_20_830_gaby-20v-c3-8ddeos-20-20-story-20-202026-04-01t174442-837-17045660.jpg?v=1775076320,2026-08-24T17:28:30.310313-03:00,,unknown_not_observed_per_size
59,4871,Biquíni Landon,Biquíni Landon Pérola,Pérola,P,True,VERÃO 2027,Biquínis,https://www.intibrand.com/produto/biquini-landon-perola-4871,https://cdn.vnda.com.br/intibrand/2026/04/01/17_45_20_830_gaby-20v-c3-8ddeos-20-20-story-20-202026-04-01t174442-837-17045660.jpg?v=1775076320,2026-08-24T17:28:30.310313-03:00,,unknown_not_observed_per_size
59,4871,Biquíni Landon,Biquíni Landon Pérola,Pérola,M,True,VERÃO 2027,Biquínis,https://www.intibrand.com/produto/biquini-landon-perola-4871,https://cdn.vnda.com.br/intibrand/2026/04/01/17_45_20_830_gaby-20v-c3-8ddeos-20-20-story-20-202026-04-01t174442-837-17045660.jpg?v=1775076320,2026-08-24T17:28:30.310313-03:00,,unknown_not_observed_per_size
59,4871,Biquíni Landon,Biquíni Landon Pérola,Pérola,G,True,VERÃO 2027,Biquínis,https://www.intibrand.com/produto/biquini-landon-perola-4871,https://cdn.vnda.com.br/intibrand/2026/04/01/17_45_20_830_gaby-20v-c3-8ddeos-20-20-story-20-202026-04-01t174442-837-17045660.jpg?v=1775076320,2026-08-24T17:28:30.310313-03:00,,unknown_not_observed_per_size
59,4872,Biquíni Landon,Biquíni Landon Preto,Preto,PP,True,VERÃO 2027,Biquínis,https://www.intibrand.com/produto/biquini-landon-preto-4872,https://cdn.vnda.com.br/intibrand/2026/04/01/17_47_57_945_gaby-20v-c3-8ddeos-20-20-story-20-202026-04-01t174741-851-17044590.jpg?v=1775076477,2026-08-24T17:28:30.310313-03:00,,unknown_not_observed_per_size
59,4872,Biquíni Landon,Biquíni Landon Preto,Preto,P,True,VERÃO 2027,Biquínis,https://www.intibrand.com/produto/biquini-landon-preto-4872,https://cdn.vnda.com.br/intibrand/2026/04/01/17_47_57_945_gaby-20v-c3-8ddeos-20-20-story-20-202026-04-01t174741-851-17044590.jpg?v=1775076477,2026-08-24T17:28:30.310313-03:00,,unknown_not_observed_per_size
59,4872,Biquíni Landon,Biquíni Landon Preto,Preto,M,True,VERÃO 2027,Biquínis,https://www.intibrand.com/produto/biquini-landon-preto-4872,https://cdn.vnda.com.br/intibrand/2026/04/01/17_47_57_945_gaby-20v-c3-8ddeos-20-20-story-20-202026-04-01t174741-851-17044590.jpg?v=1775076477,2026-08-24T17:28:30.310313-03:00,,unknown_not_observed_per_size
59,4872,Biquíni Landon,Biquíni Landon Preto,Preto,G,True,VERÃO 2027,Biquínis,https://www.intibrand.com/produto/biquini-landon-preto-4872,https://cdn.vnda.com.br/intibrand/2026/04/01/17_47_57_945_gaby-20v-c3-8ddeos-20-20-story-20-202026-04-01t174741-851-17044590.jpg?v=1775076477,2026-08-24T17:28:30.310313-03:00,,unknown_not_observed_per_size
61,4997,Biquíni Lorian Off-White,Biquíni Lorian Off-White,Off White,PP,True,VERÃO 2027,Biquínis,https://www.intibrand.com/produto/biquini-lorian-off-white-4997,https://cdn.vnda.com.br/intibrand/2026/08/19/13_58_25_377_biqu-c3-8dni-20lorian-20off-white-20frente-201-13085990.jpg?v=1787158709,2026-08-24T17:28:30.310313-03:00,,unknown_not_observed_per_size
61,4997,Biquíni Lorian Off-White,Biquíni Lorian Off-White,Off White,P,True,VERÃO 2027,Biquínis,https://www.intibrand.com/produto/biquini-lorian-off-white-4997,https://cdn.vnda.com.br/intibrand/2026/08/19/13_58_25_377_biqu-c3-8dni-20lorian-20off-white-20frente-201-13085990.jpg?v=1787158709,2026-08-24T17:28:30.310313-03:00,,unknown_not_observed_per_size
61,4997,Biquíni Lorian Off-White,Biquíni Lorian Off-White,Off White,M,True,VERÃO 2027,Biquínis,https://www.intibrand.com/produto/biquini-lorian-off-white-4997,https://cdn.vnda.com.br/intibrand/2026/08/19/13_58_25_377_biqu-c3-8dni-20lorian-20off-white-20frente-201-13085990.jpg?v=1787158709,2026-08-24T17:28:30.310313-03:00,,unknown_not_observed_per_size
61,4997,Biquíni Lorian Off-White,Biquíni Lorian Off-White,Off White,G,True,VERÃO 2027,Biquínis,https://www.intibrand.com/produto/biquini-lorian-off-white-4997,https://cdn.vnda.com.br/intibrand/2026/08/19/13_58_25_377_biqu-c3-8dni-20lorian-20off-white-20frente-201-13085990.jpg?v=1787158709,2026-08-24T17:28:30.310313-03:00,,unknown_not_observed_per_size
61,4997,Biquíni Lorian Off-White,Biquíni Lorian Off-White,Off White,GG,True,VERÃO 2027,Biquínis,https://www.intibrand.com/produto/biquini-lorian-off-white-4997,https://cdn.vnda.com.br/intibrand/2026/08/19/13_58_25_377_biqu-c3-8dni-20lorian-20off-white-20frente-201-13085990.jpg?v=1787158709,2026-08-24T17:28:30.310313-03:00,,unknown_not_observed_per_size
60,4998,Biquíni Lorian,Biquíni Lorian Preto,Preto,PP,True,VERÃO 2027,Biquínis,https://www.intibrand.com/produto/biquini-lorian-preto-4998,https://cdn.vnda.com.br/intibrand/2026/08/19/17_39_09_126_biqu-c3-8dni-20lorian-20preto-20frente-201-17089320.jpg?v=1787171958,2026-08-24T17:28:30.310313-03:00,,unknown_not_observed_per_size
60,4998,Biquíni Lorian,Biquíni Lorian Preto,Preto,P,True,VERÃO 2027,Biquínis,https://www.intibrand.com/produto/biquini-lorian-preto-4998,https://cdn.vnda.com.br/intibrand/2026/08/19/17_39_09_126_biqu-c3-8dni-20lorian-20preto-20frente-201-17089320.jpg?v=1787171958,2026-08-24T17:28:30.310313-03:00,,unknown_not_observed_per_size
60,4998,Biquíni Lorian,Biquíni Lorian Preto,Preto,M,True,VERÃO 2027,Biquínis,https://www.intibrand.com/produto/biquini-lorian-preto-4998,https://cdn.vnda.com.br/intibrand/2026/08/19/17_39_09_126_biqu-c3-8dni-20lorian-20preto-20frente-201-17089320.jpg?v=1787171958,2026-08-24T17:28:30.310313-03:00,,unknown_not_observed_per_size
60,4998,Biquíni Lorian,Biquíni Lorian Preto,Preto,G,True,VERÃO 2027,Biquínis,https://www.intibrand.com/produto/biquini-lorian-preto-4998,https://cdn.vnda.com.br/intibrand/2026/08/19/17_39_09_126_biqu-c3-8dni-20lorian-20preto-20frente-201-17089320.jpg?v=1787171958,2026-08-24T17:28:30.310313-03:00,,unknown_not_observed_per_size
60,4998,Biquíni Lorian,Biquíni Lorian Preto,Preto,GG,True,VERÃO 2027,Biquínis,https://www.intibrand.com/produto/biquini-lorian-preto-4998,https://cdn.vnda.com.br/intibrand/2026/08/19/17_39_09_126_biqu-c3-8dni-20lorian-20preto-20frente-201-17089320.jpg?v=1787171958,2026-08-24T17:28:30.310313-03:00,,unknown_not_observed_per_size
62,3505,Biquíni Lusty,Biquíni Lusty Fúcsia,Fúcsia,PP,True,VERÃO 2027,Biquínis,https://www.intibrand.com/produto/biquini-lusty-fucsia-3505,https://cdn.vnda.com.br/intibrand/2022/09/06/11_9_1_158_BIQUNILUSTYFUCSIAFRENTE.jpg?v=1662475614,2026-08-24T17:28:30.310313-03:00,,unknown_not_observed_per_size
62,3505,Biquíni Lusty,Biquíni Lusty Fúcsia,Fúcsia,P,True,VERÃO 2027,Biquínis,https://www.intibrand.com/produto/biquini-lusty-fucsia-3505,https://cdn.vnda.com.br/intibrand/2022/09/06/11_9_1_158_BIQUNILUSTYFUCSIAFRENTE.jpg?v=1662475614,2026-08-24T17:28:30.310313-03:00,,unknown_not_observed_per_size
62,3505,Biquíni Lusty,Biquíni Lusty Fúcsia,Fúcsia,M,True,VERÃO 2027,Biquínis,https://www.intibrand.com/produto/biquini-lusty-fucsia-3505,https://cdn.vnda.com.br/intibrand/2022/09/06/11_9_1_158_BIQUNILUSTYFUCSIAFRENTE.jpg?v=1662475614,2026-08-24T17:28:30.310313-03:00,,unknown_not_observed_per_size
62,3505,Biquíni Lusty,Biquíni Lusty Fúcsia,Fúcsia,G,True,VERÃO 2027,Biquínis,https://www.intibrand.com/produto/biquini-lusty-fucsia-3505,https://cdn.vnda.com.br/intibrand/2022/09/06/11_9_1_158_BIQUNILUSTYFUCSIAFRENTE.jpg?v=1662475614,2026-08-24T17:28:30.310313-03:00,,unknown_not_observed_per_size
62,3505,Biquíni Lusty,Biquíni Lusty Fúcsia,Fúcsia,GG,True,VERÃO 2027,Biquínis,https://www.intibrand.com/produto/biquini-lusty-fucsia-3505,https://cdn.vnda.com.br/intibrand/2022/09/06/11_9_1_158_BIQUNILUSTYFUCSIAFRENTE.jpg?v=1662475614,2026-08-24T17:28:30.310313-03:00,,unknown_not_observed_per_size
63,3011,Biquíni Malawi,Biquíni Malawi Pérola,Pérola,P,True,VERÃO 2027,Biquínis,https://www.intibrand.com/produto/biquini-malawi-perola-3011,https://cdn.vnda.com.br/intibrand/2023/07/17/16_12_26_831_16_7_6_669_biquicc81ni20malawi20pecc81rola20frente.jpg?v=1689621184,2026-08-24T17:28:30.310313-03:00,,unknown_not_observed_per_size
63,3011,Biquíni Malawi,Biquíni Malawi Pérola,Pérola,M,True,VERÃO 2027,Biquínis,https://www.intibrand.com/produto/biquini-malawi-perola-3011,https://cdn.vnda.com.br/intibrand/2023/07/17/16_12_26_831_16_7_6_669_biquicc81ni20malawi20pecc81rola20frente.jpg?v=1689621184,2026-08-24T17:28:30.310313-03:00,,unknown_not_observed_per_size
63,3011,Biquíni Malawi,Biquíni Malawi Pérola,Pérola,G,True,VERÃO 2027,Biquínis,https://www.intibrand.com/produto/biquini-malawi-perola-3011,https://cdn.vnda.com.br/intibrand/2023/07/17/16_12_26_831_16_7_6_669_biquicc81ni20malawi20pecc81rola20frente.jpg?v=1689621184,2026-08-24T17:28:30.310313-03:00,,unknown_not_observed_per_size
64,4293,Biquíni Mark,Biquíni Mark Azul Índigo,Azul Índigo,PP,True,VERÃO 2027,Biquínis,https://www.intibrand.com/produto/biquini-mark-azul-indigo-4293,https://cdn.vnda.com.br/intibrand/2024/11/21/10_17_45_499_10_11_4_415_biquc38dni20mark20azul20c38dndigo20frente201.jpg?v=1732195069,2026-08-24T17:28:30.310313-03:00,,unknown_not_observed_per_size
64,4293,Biquíni Mark,Biquíni Mark Azul Índigo,Azul Índigo,P,True,VERÃO 2027,Biquínis,https://www.intibrand.com/produto/biquini-mark-azul-indigo-4293,https://cdn.vnda.com.br/intibrand/2024/11/21/10_17_45_499_10_11_4_415_biquc38dni20mark20azul20c38dndigo20frente201.jpg?v=1732195069,2026-08-24T17:28:30.310313-03:00,,unknown_not_observed_per_size
64,4293,Biquíni Mark,Biquíni Mark Azul Índigo,Azul Índigo,M,True,VERÃO 2027,Biquínis,https://www.intibrand.com/produto/biquini-mark-azul-indigo-4293,https://cdn.vnda.com.br/intibrand/2024/11/21/10_17_45_499_10_11_4_415_biquc38dni20mark20azul20c38dndigo20frente201.jpg?v=1732195069,2026-08-24T17:28:30.310313-03:00,,unknown_not_observed_per_size
64,4293,Biquíni Mark,Biquíni Mark Azul Índigo,Azul Índigo,G,True,VERÃO 2027,Biquínis,https://www.intibrand.com/produto/biquini-mark-azul-indigo-4293,https://cdn.vnda.com.br/intibrand/2024/11/21/10_17_45_499_10_11_4_415_biquc38dni20mark20azul20c38dndigo20frente201.jpg?v=1732195069,2026-08-24T17:28:30.310313-03:00,,unknown_not_observed_per_size
64,4293,Biquíni Mark,Biquíni Mark Azul Índigo,Azul Índigo,GG,True,VERÃO 2027,Biquínis,https://www.intibrand.com/produto/biquini-mark-azul-indigo-4293,https://cdn.vnda.com.br/intibrand/2024/11/21/10_17_45_499_10_11_4_415_biquc38dni20mark20azul20c38dndigo20frente201.jpg?v=1732195069,2026-08-24T17:28:30.310313-03:00,,unknown_not_observed_per_size
64,4294,Biquíni Mark,Biquíni Mark Castanho,Castanho,PP,True,VERÃO 2027,Biquínis,https://www.intibrand.com/produto/biquini-mark-castanho-4294,https://cdn.vnda.com.br/intibrand/2024/11/21/10_16_15_332_10_11_0_043_biquc38dni20mark20castanho20frente201.jpg?v=1732194981,2026-08-24T17:28:30.310313-03:00,,unknown_not_observed_per_size
64,4294,Biquíni Mark,Biquíni Mark Castanho,Castanho,P,True,VERÃO 2027,Biquínis,https://www.intibrand.com/produto/biquini-mark-castanho-4294,https://cdn.vnda.com.br/intibrand/2024/11/21/10_16_15_332_10_11_0_043_biquc38dni20mark20castanho20frente201.jpg?v=1732194981,2026-08-24T17:28:30.310313-03:00,,unknown_not_observed_per_size
64,4294,Biquíni Mark,Biquíni Mark Castanho,Castanho,M,True,VERÃO 2027,Biquínis,https://www.intibrand.com/produto/biquini-mark-castanho-4294,https://cdn.vnda.com.br/intibrand/2024/11/21/10_16_15_332_10_11_0_043_biquc38dni20mark20castanho20frente201.jpg?v=1732194981,2026-08-24T17:28:30.310313-03:00,,unknown_not_observed_per_size
64,4294,Biquíni Mark,Biquíni Mark Castanho,Castanho,G,True,VERÃO 2027,Biquínis,https://www.intibrand.com/produto/biquini-mark-castanho-4294,https://cdn.vnda.com.br/intibrand/2024/11/21/10_16_15_332_10_11_0_043_biquc38dni20mark20castanho20frente201.jpg?v=1732194981,2026-08-24T17:28:30.310313-03:00,,unknown_not_observed_per_size
64,4294,Biquíni Mark,Biquíni Mark Castanho,Castanho,GG,True,VERÃO 2027,Biquínis,https://www.intibrand.com/produto/biquini-mark-castanho-4294,https://cdn.vnda.com.br/intibrand/2024/11/21/10_16_15_332_10_11_0_043_biquc38dni20mark20castanho20frente201.jpg?v=1732194981,2026-08-24T17:28:30.310313-03:00,,unknown_not_observed_per_size
64,4291,Biquíni Mark,Biquíni Mark Pérola,Pérola,PP,True,VERÃO 2027,Biquínis,https://www.intibrand.com/produto/biquini-mark-perola-4291,https://cdn.vnda.com.br/intibrand/2024/11/21/10_21_33_407_10_11_3_384_biquc38dni20mark20pc389rola20frente.jpg?v=1732195323,2026-08-24T17:28:30.310313-03:00,,unknown_not_observed_per_size
64,4291,Biquíni Mark,Biquíni Mark Pérola,Pérola,P,True,VERÃO 2027,Biquínis,https://www.intibrand.com/produto/biquini-mark-perola-4291,https://cdn.vnda.com.br/intibrand/2024/11/21/10_21_33_407_10_11_3_384_biquc38dni20mark20pc389rola20frente.jpg?v=1732195323,2026-08-24T17:28:30.310313-03:00,,unknown_not_observed_per_size
64,4291,Biquíni Mark,Biquíni Mark Pérola,Pérola,M,True,VERÃO 2027,Biquínis,https://www.intibrand.com/produto/biquini-mark-perola-4291,https://cdn.vnda.com.br/intibrand/2024/11/21/10_21_33_407_10_11_3_384_biquc38dni20mark20pc389rola20frente.jpg?v=1732195323,2026-08-24T17:28:30.310313-03:00,,unknown_not_observed_per_size
64,4291,Biquíni Mark,Biquíni Mark Pérola,Pérola,G,True,VERÃO 2027,Biquínis,https://www.intibrand.com/produto/biquini-mark-perola-4291,https://cdn.vnda.com.br/intibrand/2024/11/21/10_21_33_407_10_11_3_384_biquc38dni20mark20pc389rola20frente.jpg?v=1732195323,2026-08-24T17:28:30.310313-03:00,,unknown_not_observed_per_size
64,4291,Biquíni Mark,Biquíni Mark Pérola,Pérola,GG,True,VERÃO 2027,Biquínis,https://www.intibrand.com/produto/biquini-mark-perola-4291,https://cdn.vnda.com.br/intibrand/2024/11/21/10_21_33_407_10_11_3_384_biquc38dni20mark20pc389rola20frente.jpg?v=1732195323,2026-08-24T17:28:30.310313-03:00,,unknown_not_observed_per_size
64,4292,Biquíni Mark,Biquíni Mark Preto,Preto,PP,True,VERÃO 2027,Biquínis,https://www.intibrand.com/produto/biquini-mark-preto-4292,https://cdn.vnda.com.br/intibrand/2024/11/21/10_24_05_684_10_11_2_224_biquc38dni20mark20preto20frente.jpg?v=1739823783,2026-08-24T17:28:30.310313-03:00,,unknown_not_observed_per_size
64,4292,Biquíni Mark,Biquíni Mark Preto,Preto,P,True,VERÃO 2027,Biquínis,https://www.intibrand.com/produto/biquini-mark-preto-4292,https://cdn.vnda.com.br/intibrand/2024/11/21/10_24_05_684_10_11_2_224_biquc38dni20mark20preto20frente.jpg?v=1739823783,2026-08-24T17:28:30.310313-03:00,,unknown_not_observed_per_size
64,4292,Biquíni Mark,Biquíni Mark Preto,Preto,M,True,VERÃO 2027,Biquínis,https://www.intibrand.com/produto/biquini-mark-preto-4292,https://cdn.vnda.com.br/intibrand/2024/11/21/10_24_05_684_10_11_2_224_biquc38dni20mark20preto20frente.jpg?v=1739823783,2026-08-24T17:28:30.310313-03:00,,unknown_not_observed_per_size
64,4292,Biquíni Mark,Biquíni Mark Preto,Preto,G,True,VERÃO 2027,Biquínis,https://www.intibrand.com/produto/biquini-mark-preto-4292,https://cdn.vnda.com.br/intibrand/2024/11/21/10_24_05_684_10_11_2_224_biquc38dni20mark20preto20frente.jpg?v=1739823783,2026-08-24T17:28:30.310313-03:00,,unknown_not_observed_per_size
64,4292,Biquíni Mark,Biquíni Mark Preto,Preto,GG,True,VERÃO 2027,Biquínis,https://www.intibrand.com/produto/biquini-mark-preto-4292,https://cdn.vnda.com.br/intibrand/2024/11/21/10_24_05_684_10_11_2_224_biquc38dni20mark20preto20frente.jpg?v=1739823783,2026-08-24T17:28:30.310313-03:00,,unknown_not_observed_per_size
66,4168,Biquíni Marzan Off-White,Biquíni Marzan Off-White,Off White,P,True,VERÃO 2027,Biquínis,https://www.intibrand.com/produto/biquini-marzan-off-white-4168,https://cdn.vnda.com.br/intibrand/2024/08/15/15_52_10_41_15_8_1_188_biquc38dni20marzan2020offwhite20frente20carved.jpg?v=1723747942,2026-08-24T17:28:30.310313-03:00,,unknown_not_observed_per_size
66,4168,Biquíni Marzan Off-White,Biquíni Marzan Off-White,Off White,M,True,VERÃO 2027,Biquínis,https://www.intibrand.com/produto/biquini-marzan-off-white-4168,https://cdn.vnda.com.br/intibrand/2024/08/15/15_52_10_41_15_8_1_188_biquc38dni20marzan2020offwhite20frente20carved.jpg?v=1723747942,2026-08-24T17:28:30.310313-03:00,,unknown_not_observed_per_size
66,4168,Biquíni Marzan Off-White,Biquíni Marzan Off-White,Off White,G,True,VERÃO 2027,Biquínis,https://www.intibrand.com/produto/biquini-marzan-off-white-4168,https://cdn.vnda.com.br/intibrand/2024/08/15/15_52_10_41_15_8_1_188_biquc38dni20marzan2020offwhite20frente20carved.jpg?v=1723747942,2026-08-24T17:28:30.310313-03:00,,unknown_not_observed_per_size
65,4169,Biquíni Marzan,Biquíni Marzan Preto,Preto,P,True,VERÃO 2027,Biquínis,https://www.intibrand.com/produto/biquini-marzan-preto-4169,https://cdn.vnda.com.br/intibrand/2024/08/15/15_37_51_404_15_8_2_290_biquc38dni20marzan20preto20frente20carved.jpg?v=1723747186,2026-08-24T17:28:30.310313-03:00,,unknown_not_observed_per_size
65,4169,Biquíni Marzan,Biquíni Marzan Preto,Preto,M,True,VERÃO 2027,Biquínis,https://www.intibrand.com/produto/biquini-marzan-preto-4169,https://cdn.vnda.com.br/intibrand/2024/08/15/15_37_51_404_15_8_2_290_biquc38dni20marzan20preto20frente20carved.jpg?v=1723747186,2026-08-24T17:28:30.310313-03:00,,unknown_not_observed_per_size
65,4169,Biquíni Marzan,Biquíni Marzan Preto,Preto,G,True,VERÃO 2027,Biquínis,https://www.intibrand.com/produto/biquini-marzan-preto-4169,https://cdn.vnda.com.br/intibrand/2024/08/15/15_37_51_404_15_8_2_290_biquc38dni20marzan20preto20frente20carved.jpg?v=1723747186,2026-08-24T17:28:30.310313-03:00,,unknown_not_observed_per_size
67,3510,Biquíni Menorca,Biquíni Menorca Azul Marinho,Azul Marinho,PP,True,VERÃO 2027,Biquínis,https://www.intibrand.com/produto/biquini-menorca-azul-marinho-3510,https://cdn.vnda.com.br/intibrand/2022/08/24/16_8_7_738_BIQUNIMENORCAAZULMARINHOFRENTE.jpg?v=1661369200,2026-08-24T17:28:30.310313-03:00,,unknown_not_observed_per_size
67,3510,Biquíni Menorca,Biquíni Menorca Azul Marinho,Azul Marinho,P,True,VERÃO 2027,Biquínis,https://www.intibrand.com/produto/biquini-menorca-azul-marinho-3510,https://cdn.vnda.com.br/intibrand/2022/08/24/16_8_7_738_BIQUNIMENORCAAZULMARINHOFRENTE.jpg?v=1661369200,2026-08-24T17:28:30.310313-03:00,,unknown_not_observed_per_size
67,3510,Biquíni Menorca,Biquíni Menorca Azul Marinho,Azul Marinho,M,True,VERÃO 2027,Biquínis,https://www.intibrand.com/produto/biquini-menorca-azul-marinho-3510,https://cdn.vnda.com.br/intibrand/2022/08/24/16_8_7_738_BIQUNIMENORCAAZULMARINHOFRENTE.jpg?v=1661369200,2026-08-24T17:28:30.310313-03:00,,unknown_not_observed_per_size
67,3510,Biquíni Menorca,Biquíni Menorca Azul Marinho,Azul Marinho,G,True,VERÃO 2027,Biquínis,https://www.intibrand.com/produto/biquini-menorca-azul-marinho-3510,https://cdn.vnda.com.br/intibrand/2022/08/24/16_8_7_738_BIQUNIMENORCAAZULMARINHOFRENTE.jpg?v=1661369200,2026-08-24T17:28:30.310313-03:00,,unknown_not_observed_per_size
67,3510,Biquíni Menorca,Biquíni Menorca Azul Marinho,Azul Marinho,GG,True,VERÃO 2027,Biquínis,https://www.intibrand.com/produto/biquini-menorca-azul-marinho-3510,https://cdn.vnda.com.br/intibrand/2022/08/24/16_8_7_738_BIQUNIMENORCAAZULMARINHOFRENTE.jpg?v=1661369200,2026-08-24T17:28:30.310313-03:00,,unknown_not_observed_per_size
67,3512,Biquíni Menorca,Biquíni Menorca Preto,Preto,PP,True,VERÃO 2027,Biquínis,https://www.intibrand.com/produto/biquini-menorca-preto-3512,https://cdn.vnda.com.br/intibrand/2022/08/24/16_8_4_436_BIQUNIMENORCAPRETOSOLTA.jpg?v=1661369957,2026-08-24T17:28:30.310313-03:00,,unknown_not_observed_per_size
67,3512,Biquíni Menorca,Biquíni Menorca Preto,Preto,P,True,VERÃO 2027,Biquínis,https://www.intibrand.com/produto/biquini-menorca-preto-3512,https://cdn.vnda.com.br/intibrand/2022/08/24/16_8_4_436_BIQUNIMENORCAPRETOSOLTA.jpg?v=1661369957,2026-08-24T17:28:30.310313-03:00,,unknown_not_observed_per_size
67,3512,Biquíni Menorca,Biquíni Menorca Preto,Preto,M,True,VERÃO 2027,Biquínis,https://www.intibrand.com/produto/biquini-menorca-preto-3512,https://cdn.vnda.com.br/intibrand/2022/08/24/16_8_4_436_BIQUNIMENORCAPRETOSOLTA.jpg?v=1661369957,2026-08-24T17:28:30.310313-03:00,,unknown_not_observed_per_size
67,3512,Biquíni Menorca,Biquíni Menorca Preto,Preto,G,True,VERÃO 2027,Biquínis,https://www.intibrand.com/produto/biquini-menorca-preto-3512,https://cdn.vnda.com.br/intibrand/2022/08/24/16_8_4_436_BIQUNIMENORCAPRETOSOLTA.jpg?v=1661369957,2026-08-24T17:28:30.310313-03:00,,unknown_not_observed_per_size
67,3512,Biquíni Menorca,Biquíni Menorca Preto,Preto,GG,True,VERÃO 2027,Biquínis,https://www.intibrand.com/produto/biquini-menorca-preto-3512,https://cdn.vnda.com.br/intibrand/2022/08/24/16_8_4_436_BIQUNIMENORCAPRETOSOLTA.jpg?v=1661369957,2026-08-24T17:28:30.310313-03:00,,unknown_not_observed_per_size
68,3902,Biquíni Mies,Biquíni Mies Azul Turquesa,Azul Turquesa,PP,True,VERÃO 2027,Biquínis,https://www.intibrand.com/produto/biquini-mies-azul-turquesa-3902,https://cdn.vnda.com.br/intibrand/2023/12/02/17_53_41_648_17_12_5_540_biquc38dni20mies20azul20turquesa20frente.jpg?v=1701550473,2026-08-24T17:28:30.310313-03:00,,unknown_not_observed_per_size
68,3902,Biquíni Mies,Biquíni Mies Azul Turquesa,Azul Turquesa,P,True,VERÃO 2027,Biquínis,https://www.intibrand.com/produto/biquini-mies-azul-turquesa-3902,https://cdn.vnda.com.br/intibrand/2023/12/02/17_53_41_648_17_12_5_540_biquc38dni20mies20azul20turquesa20frente.jpg?v=1701550473,2026-08-24T17:28:30.310313-03:00,,unknown_not_observed_per_size
68,3902,Biquíni Mies,Biquíni Mies Azul Turquesa,Azul Turquesa,M,True,VERÃO 2027,Biquínis,https://www.intibrand.com/produto/biquini-mies-azul-turquesa-3902,https://cdn.vnda.com.br/intibrand/2023/12/02/17_53_41_648_17_12_5_540_biquc38dni20mies20azul20turquesa20frente.jpg?v=1701550473,2026-08-24T17:28:30.310313-03:00,,unknown_not_observed_per_size
68,3902,Biquíni Mies,Biquíni Mies Azul Turquesa,Azul Turquesa,G,True,VERÃO 2027,Biquínis,https://www.intibrand.com/produto/biquini-mies-azul-turquesa-3902,https://cdn.vnda.com.br/intibrand/2023/12/02/17_53_41_648_17_12_5_540_biquc38dni20mies20azul20turquesa20frente.jpg?v=1701550473,2026-08-24T17:28:30.310313-03:00,,unknown_not_observed_per_size
68,3902,Biquíni Mies,Biquíni Mies Azul Turquesa,Azul Turquesa,GG,True,VERÃO 2027,Biquínis,https://www.intibrand.com/produto/biquini-mies-azul-turquesa-3902,https://cdn.vnda.com.br/intibrand/2023/12/02/17_53_41_648_17_12_5_540_biquc38dni20mies20azul20turquesa20frente.jpg?v=1701550473,2026-08-24T17:28:30.310313-03:00,,unknown_not_observed_per_size
69,3904,Biquíni Mies Off-White,Biquíni Mies Off-White,Off White,PP,True,VERÃO 2027,Biquínis,https://www.intibrand.com/produto/biquini-mies-off-white-3904,https://cdn.vnda.com.br/intibrand/2023/12/02/17_54_25_10_17_12_7_715_biquc38dni20mies20offwhite20frente20.jpg?v=1701550591,2026-08-24T17:28:30.310313-03:00,,unknown_not_observed_per_size
69,3904,Biquíni Mies Off-White,Biquíni Mies Off-White,Off White,P,True,VERÃO 2027,Biquínis,https://www.intibrand.com/produto/biquini-mies-off-white-3904,https://cdn.vnda.com.br/intibrand/2023/12/02/17_54_25_10_17_12_7_715_biquc38dni20mies20offwhite20frente20.jpg?v=1701550591,2026-08-24T17:28:30.310313-03:00,,unknown_not_observed_per_size
69,3904,Biquíni Mies Off-White,Biquíni Mies Off-White,Off White,M,True,VERÃO 2027,Biquínis,https://www.intibrand.com/produto/biquini-mies-off-white-3904,https://cdn.vnda.com.br/intibrand/2023/12/02/17_54_25_10_17_12_7_715_biquc38dni20mies20offwhite20frente20.jpg?v=1701550591,2026-08-24T17:28:30.310313-03:00,,unknown_not_observed_per_size
69,3904,Biquíni Mies Off-White,Biquíni Mies Off-White,Off White,G,True,VERÃO 2027,Biquínis,https://www.intibrand.com/produto/biquini-mies-off-white-3904,https://cdn.vnda.com.br/intibrand/2023/12/02/17_54_25_10_17_12_7_715_biquc38dni20mies20offwhite20frente20.jpg?v=1701550591,2026-08-24T17:28:30.310313-03:00,,unknown_not_observed_per_size
69,3904,Biquíni Mies Off-White,Biquíni Mies Off-White,Off White,GG,True,VERÃO 2027,Biquínis,https://www.intibrand.com/produto/biquini-mies-off-white-3904,https://cdn.vnda.com.br/intibrand/2023/12/02/17_54_25_10_17_12_7_715_biquc38dni20mies20offwhite20frente20.jpg?v=1701550591,2026-08-24T17:28:30.310313-03:00,,unknown_not_observed_per_size
68,3903,Biquíni Mies,Biquíni Mies Preto,Preto,PP,True,VERÃO 2027,Biquínis,https://www.intibrand.com/produto/biquini-mies-preto-3903,https://cdn.vnda.com.br/intibrand/2023/12/02/17_54_02_752_17_12_8_892_biquc38dni20mies20preto20frente202.jpg?v=1701550523,2026-08-24T17:28:30.310313-03:00,,unknown_not_observed_per_size
68,3903,Biquíni Mies,Biquíni Mies Preto,Preto,P,True,VERÃO 2027,Biquínis,https://www.intibrand.com/produto/biquini-mies-preto-3903,https://cdn.vnda.com.br/intibrand/2023/12/02/17_54_02_752_17_12_8_892_biquc38dni20mies20preto20frente202.jpg?v=1701550523,2026-08-24T17:28:30.310313-03:00,,unknown_not_observed_per_size
68,3903,Biquíni Mies,Biquíni Mies Preto,Preto,M,True,VERÃO 2027,Biquínis,https://www.intibrand.com/produto/biquini-mies-preto-3903,https://cdn.vnda.com.br/intibrand/2023/12/02/17_54_02_752_17_12_8_892_biquc38dni20mies20preto20frente202.jpg?v=1701550523,2026-08-24T17:28:30.310313-03:00,,unknown_not_observed_per_size
68,3903,Biquíni Mies,Biquíni Mies Preto,Preto,G,True,VERÃO 2027,Biquínis,https://www.intibrand.com/produto/biquini-mies-preto-3903,https://cdn.vnda.com.br/intibrand/2023/12/02/17_54_02_752_17_12_8_892_biquc38dni20mies20preto20frente202.jpg?v=1701550523,2026-08-24T17:28:30.310313-03:00,,unknown_not_observed_per_size
68,3903,Biquíni Mies,Biquíni Mies Preto,Preto,GG,True,VERÃO 2027,Biquínis,https://www.intibrand.com/produto/biquini-mies-preto-3903,https://cdn.vnda.com.br/intibrand/2023/12/02/17_54_02_752_17_12_8_892_biquc38dni20mies20preto20frente202.jpg?v=1701550523,2026-08-24T17:28:30.310313-03:00,,unknown_not_observed_per_size
70,4188,Biquíni Miller,Biquíni Miller Azul Nilo,Azul Nilo,P,True,VERÃO 2027,Biquínis,https://www.intibrand.com/produto/biquini-miller-azul-nilo-4188,https://cdn.vnda.com.br/intibrand/2024/08/28/18_35_30_360_18_8_1_161_biquc38dni20miller20azul20nilo20frente.jpg?v=1724880976,2026-08-24T17:28:30.310313-03:00,,unknown_not_observed_per_size
70,4188,Biquíni Miller,Biquíni Miller Azul Nilo,Azul Nilo,M,True,VERÃO 2027,Biquínis,https://www.intibrand.com/produto/biquini-miller-azul-nilo-4188,https://cdn.vnda.com.br/intibrand/2024/08/28/18_35_30_360_18_8_1_161_biquc38dni20miller20azul20nilo20frente.jpg?v=1724880976,2026-08-24T17:28:30.310313-03:00,,unknown_not_observed_per_size
70,4188,Biquíni Miller,Biquíni Miller Azul Nilo,Azul Nilo,G,True,VERÃO 2027,Biquínis,https://www.intibrand.com/produto/biquini-miller-azul-nilo-4188,https://cdn.vnda.com.br/intibrand/2024/08/28/18_35_30_360_18_8_1_161_biquc38dni20miller20azul20nilo20frente.jpg?v=1724880976,2026-08-24T17:28:30.310313-03:00,,unknown_not_observed_per_size
70,4188,Biquíni Miller,Biquíni Miller Azul Nilo,Azul Nilo,GG,True,VERÃO 2027,Biquínis,https://www.intibrand.com/produto/biquini-miller-azul-nilo-4188,https://cdn.vnda.com.br/intibrand/2024/08/28/18_35_30_360_18_8_1_161_biquc38dni20miller20azul20nilo20frente.jpg?v=1724880976,2026-08-24T17:28:30.310313-03:00,,unknown_not_observed_per_size
70,4189,Biquíni Miller,Biquíni Miller Cobre,Cobre,P,True,VERÃO 2027,Biquínis,https://www.intibrand.com/produto/biquini-miller-cobre-4189,https://cdn.vnda.com.br/intibrand/2024/08/28/18_37_30_59_18_8_4_401_biquc38dni20miller20cobre20zoom201.jpg?v=1724881058,2026-08-24T17:28:30.310313-03:00,,unknown_not_observed_per_size
70,4189,Biquíni Miller,Biquíni Miller Cobre,Cobre,M,True,VERÃO 2027,Biquínis,https://www.intibrand.com/produto/biquini-miller-cobre-4189,https://cdn.vnda.com.br/intibrand/2024/08/28/18_37_30_59_18_8_4_401_biquc38dni20miller20cobre20zoom201.jpg?v=1724881058,2026-08-24T17:28:30.310313-03:00,,unknown_not_observed_per_size
70,4189,Biquíni Miller,Biquíni Miller Cobre,Cobre,G,True,VERÃO 2027,Biquínis,https://www.intibrand.com/produto/biquini-miller-cobre-4189,https://cdn.vnda.com.br/intibrand/2024/08/28/18_37_30_59_18_8_4_401_biquc38dni20miller20cobre20zoom201.jpg?v=1724881058,2026-08-24T17:28:30.310313-03:00,,unknown_not_observed_per_size
70,4189,Biquíni Miller,Biquíni Miller Cobre,Cobre,GG,True,VERÃO 2027,Biquínis,https://www.intibrand.com/produto/biquini-miller-cobre-4189,https://cdn.vnda.com.br/intibrand/2024/08/28/18_37_30_59_18_8_4_401_biquc38dni20miller20cobre20zoom201.jpg?v=1724881058,2026-08-24T17:28:30.310313-03:00,,unknown_not_observed_per_size
70,4186,Biquíni Miller,Biquíni Miller Preto,Preto,P,True,VERÃO 2027,Biquínis,https://www.intibrand.com/produto/biquini-miller-preto-4186,https://cdn.vnda.com.br/intibrand/2024/08/28/18_40_53_976_18_8_4_467_biquc38dni20miller20preto20frente201.jpg?v=1725307787,2026-08-24T17:28:30.310313-03:00,,unknown_not_observed_per_size
70,4186,Biquíni Miller,Biquíni Miller Preto,Preto,M,True,VERÃO 2027,Biquínis,https://www.intibrand.com/produto/biquini-miller-preto-4186,https://cdn.vnda.com.br/intibrand/2024/08/28/18_40_53_976_18_8_4_467_biquc38dni20miller20preto20frente201.jpg?v=1725307787,2026-08-24T17:28:30.310313-03:00,,unknown_not_observed_per_size
70,4186,Biquíni Miller,Biquíni Miller Preto,Preto,G,True,VERÃO 2027,Biquínis,https://www.intibrand.com/produto/biquini-miller-preto-4186,https://cdn.vnda.com.br/intibrand/2024/08/28/18_40_53_976_18_8_4_467_biquc38dni20miller20preto20frente201.jpg?v=1725307787,2026-08-24T17:28:30.310313-03:00,,unknown_not_observed_per_size
70,4186,Biquíni Miller,Biquíni Miller Preto,Preto,GG,True,VERÃO 2027,Biquínis,https://www.intibrand.com/produto/biquini-miller-preto-4186,https://cdn.vnda.com.br/intibrand/2024/08/28/18_40_53_976_18_8_4_467_biquc38dni20miller20preto20frente201.jpg?v=1725307787,2026-08-24T17:28:30.310313-03:00,,unknown_not_observed_per_size
70,4187,Biquíni Miller,Biquíni Miller Vermelho,Vermelho,P,True,VERÃO 2027,Biquínis,https://www.intibrand.com/produto/biquini-miller-vermelho-4187,https://cdn.vnda.com.br/intibrand/2024/09/04/11_35_24_86_11_9_8_809_biquc38dni20miller20vermelho20carmim20frente.jpg?v=1725461376,2026-08-24T17:28:30.310313-03:00,,unknown_not_observed_per_size
70,4187,Biquíni Miller,Biquíni Miller Vermelho,Vermelho,M,True,VERÃO 2027,Biquínis,https://www.intibrand.com/produto/biquini-miller-vermelho-4187,https://cdn.vnda.com.br/intibrand/2024/09/04/11_35_24_86_11_9_8_809_biquc38dni20miller20vermelho20carmim20frente.jpg?v=1725461376,2026-08-24T17:28:30.310313-03:00,,unknown_not_observed_per_size
70,4187,Biquíni Miller,Biquíni Miller Vermelho,Vermelho,G,True,VERÃO 2027,Biquínis,https://www.intibrand.com/produto/biquini-miller-vermelho-4187,https://cdn.vnda.com.br/intibrand/2024/09/04/11_35_24_86_11_9_8_809_biquc38dni20miller20vermelho20carmim20frente.jpg?v=1725461376,2026-08-24T17:28:30.310313-03:00,,unknown_not_observed_per_size
70,4187,Biquíni Miller,Biquíni Miller Vermelho,Vermelho,GG,True,VERÃO 2027,Biquínis,https://www.intibrand.com/produto/biquini-miller-vermelho-4187,https://cdn.vnda.com.br/intibrand/2024/09/04/11_35_24_86_11_9_8_809_biquc38dni20miller20vermelho20carmim20frente.jpg?v=1725461376,2026-08-24T17:28:30.310313-03:00,,unknown_not_observed_per_size
71,3750,Biquíni Nari Off-White,Biquíni Nari Off-White,Off White,P,True,VERÃO 2027,Biquínis,https://www.intibrand.com/produto/biquini-nari-off-white-3750,https://cdn.vnda.com.br/intibrand/2023/06/12/10_6_0_076_BIQUC38DNINARIOFFWHITEFRENTEcopiar.jpg?v=1688139074,2026-08-24T17:28:30.310313-03:00,,unknown_not_observed_per_size
71,3750,Biquíni Nari Off-White,Biquíni Nari Off-White,Off White,M,True,VERÃO 2027,Biquínis,https://www.intibrand.com/produto/biquini-nari-off-white-3750,https://cdn.vnda.com.br/intibrand/2023/06/12/10_6_0_076_BIQUC38DNINARIOFFWHITEFRENTEcopiar.jpg?v=1688139074,2026-08-24T17:28:30.310313-03:00,,unknown_not_observed_per_size
71,3750,Biquíni Nari Off-White,Biquíni Nari Off-White,Off White,G,True,VERÃO 2027,Biquínis,https://www.intibrand.com/produto/biquini-nari-off-white-3750,https://cdn.vnda.com.br/intibrand/2023/06/12/10_6_0_076_BIQUC38DNINARIOFFWHITEFRENTEcopiar.jpg?v=1688139074,2026-08-24T17:28:30.310313-03:00,,unknown_not_observed_per_size
72,4247,Biquíni Perez,Biquíni Perez Azul Índigo,Azul Índigo,P,True,VERÃO 2027,Biquínis,https://www.intibrand.com/produto/biquini-perez-azul-indigo-4247,https://cdn.vnda.com.br/intibrand/2025/01/27/12_37_11_954_12_1_2_221_biquc38dni20perez20azul20c38dndigo20frente20original.jpg?v=1737992272,2026-08-24T17:28:30.310313-03:00,,unknown_not_observed_per_size
72,4247,Biquíni Perez,Biquíni Perez Azul Índigo,Azul Índigo,M,True,VERÃO 2027,Biquínis,https://www.intibrand.com/produto/biquini-perez-azul-indigo-4247,https://cdn.vnda.com.br/intibrand/2025/01/27/12_37_11_954_12_1_2_221_biquc38dni20perez20azul20c38dndigo20frente20original.jpg?v=1737992272,2026-08-24T17:28:30.310313-03:00,,unknown_not_observed_per_size
72,4247,Biquíni Perez,Biquíni Perez Azul Índigo,Azul Índigo,G,True,VERÃO 2027,Biquínis,https://www.intibrand.com/produto/biquini-perez-azul-indigo-4247,https://cdn.vnda.com.br/intibrand/2025/01/27/12_37_11_954_12_1_2_221_biquc38dni20perez20azul20c38dndigo20frente20original.jpg?v=1737992272,2026-08-24T17:28:30.310313-03:00,,unknown_not_observed_per_size
72,4247,Biquíni Perez,Biquíni Perez Azul Índigo,Azul Índigo,GG,True,VERÃO 2027,Biquínis,https://www.intibrand.com/produto/biquini-perez-azul-indigo-4247,https://cdn.vnda.com.br/intibrand/2025/01/27/12_37_11_954_12_1_2_221_biquc38dni20perez20azul20c38dndigo20frente20original.jpg?v=1737992272,2026-08-24T17:28:30.310313-03:00,,unknown_not_observed_per_size
72,4248,Biquíni Perez,Biquíni Perez Castanho,Castanho,P,True,VERÃO 2027,Biquínis,https://www.intibrand.com/produto/biquini-perez-castanho-4248,https://cdn.vnda.com.br/intibrand/2025/01/27/12_04_53_297_12_1_6_640_biquc38dni20perez20castanho20frente20original.jpg?v=1737990302,2026-08-24T17:28:30.310313-03:00,,unknown_not_observed_per_size
72,4248,Biquíni Perez,Biquíni Perez Castanho,Castanho,M,True,VERÃO 2027,Biquínis,https://www.intibrand.com/produto/biquini-perez-castanho-4248,https://cdn.vnda.com.br/intibrand/2025/01/27/12_04_53_297_12_1_6_640_biquc38dni20perez20castanho20frente20original.jpg?v=1737990302,2026-08-24T17:28:30.310313-03:00,,unknown_not_observed_per_size
72,4248,Biquíni Perez,Biquíni Perez Castanho,Castanho,G,True,VERÃO 2027,Biquínis,https://www.intibrand.com/produto/biquini-perez-castanho-4248,https://cdn.vnda.com.br/intibrand/2025/01/27/12_04_53_297_12_1_6_640_biquc38dni20perez20castanho20frente20original.jpg?v=1737990302,2026-08-24T17:28:30.310313-03:00,,unknown_not_observed_per_size
72,4248,Biquíni Perez,Biquíni Perez Castanho,Castanho,GG,True,VERÃO 2027,Biquínis,https://www.intibrand.com/produto/biquini-perez-castanho-4248,https://cdn.vnda.com.br/intibrand/2025/01/27/12_04_53_297_12_1_6_640_biquc38dni20perez20castanho20frente20original.jpg?v=1737990302,2026-08-24T17:28:30.310313-03:00,,unknown_not_observed_per_size
72,4245,Biquíni Perez,Biquíni Perez Pérola,Pérola,P,True,VERÃO 2027,Biquínis,https://www.intibrand.com/produto/biquini-perez-perola-4245,https://cdn.vnda.com.br/intibrand/2025/01/27/11_58_27_420_11_1_7_747_biquc38dni20perez20pc389rola20frente20aviamento20original.jpg?v=1737989953,2026-08-24T17:28:30.310313-03:00,,unknown_not_observed_per_size
72,4245,Biquíni Perez,Biquíni Perez Pérola,Pérola,M,True,VERÃO 2027,Biquínis,https://www.intibrand.com/produto/biquini-perez-perola-4245,https://cdn.vnda.com.br/intibrand/2025/01/27/11_58_27_420_11_1_7_747_biquc38dni20perez20pc389rola20frente20aviamento20original.jpg?v=1737989953,2026-08-24T17:28:30.310313-03:00,,unknown_not_observed_per_size
72,4245,Biquíni Perez,Biquíni Perez Pérola,Pérola,G,True,VERÃO 2027,Biquínis,https://www.intibrand.com/produto/biquini-perez-perola-4245,https://cdn.vnda.com.br/intibrand/2025/01/27/11_58_27_420_11_1_7_747_biquc38dni20perez20pc389rola20frente20aviamento20original.jpg?v=1737989953,2026-08-24T17:28:30.310313-03:00,,unknown_not_observed_per_size
72,4245,Biquíni Perez,Biquíni Perez Pérola,Pérola,GG,True,VERÃO 2027,Biquínis,https://www.intibrand.com/produto/biquini-perez-perola-4245,https://cdn.vnda.com.br/intibrand/2025/01/27/11_58_27_420_11_1_7_747_biquc38dni20perez20pc389rola20frente20aviamento20original.jpg?v=1737989953,2026-08-24T17:28:30.310313-03:00,,unknown_not_observed_per_size
72,4246,Biquíni Perez,Biquíni Perez Preto,Preto,P,True,VERÃO 2027,Biquínis,https://www.intibrand.com/produto/biquini-perez-preto-4246,https://cdn.vnda.com.br/intibrand/2025/01/27/11_55_55_755_11_1_9_901_biquc38dni20perez20preto20frente202.jpg?v=1737989768,2026-08-24T17:28:30.310313-03:00,,unknown_not_observed_per_size
72,4246,Biquíni Perez,Biquíni Perez Preto,Preto,M,True,VERÃO 2027,Biquínis,https://www.intibrand.com/produto/biquini-perez-preto-4246,https://cdn.vnda.com.br/intibrand/2025/01/27/11_55_55_755_11_1_9_901_biquc38dni20perez20preto20frente202.jpg?v=1737989768,2026-08-24T17:28:30.310313-03:00,,unknown_not_observed_per_size
72,4246,Biquíni Perez,Biquíni Perez Preto,Preto,G,True,VERÃO 2027,Biquínis,https://www.intibrand.com/produto/biquini-perez-preto-4246,https://cdn.vnda.com.br/intibrand/2025/01/27/11_55_55_755_11_1_9_901_biquc38dni20perez20preto20frente202.jpg?v=1737989768,2026-08-24T17:28:30.310313-03:00,,unknown_not_observed_per_size
72,4246,Biquíni Perez,Biquíni Perez Preto,Preto,GG,True,VERÃO 2027,Biquínis,https://www.intibrand.com/produto/biquini-perez-preto-4246,https://cdn.vnda.com.br/intibrand/2025/01/27/11_55_55_755_11_1_9_901_biquc38dni20perez20preto20frente202.jpg?v=1737989768,2026-08-24T17:28:30.310313-03:00,,unknown_not_observed_per_size
73,4624,Biquíni Peter,Biquíni Peter Cobre,Cobre,PP,True,VERÃO 2027,Biquínis,https://www.intibrand.com/produto/biquini-peter-cobre-4624,https://cdn.vnda.com.br/intibrand/2025/09/24/09_52_40_416_biqu-c3-8dni-20peter-20cobre-20com-20al-c3-87a-09097540.jpg?v=1758718363,2026-08-24T17:28:30.310313-03:00,,unknown_not_observed_per_size
73,4624,Biquíni Peter,Biquíni Peter Cobre,Cobre,P,True,VERÃO 2027,Biquínis,https://www.intibrand.com/produto/biquini-peter-cobre-4624,https://cdn.vnda.com.br/intibrand/2025/09/24/09_52_40_416_biqu-c3-8dni-20peter-20cobre-20com-20al-c3-87a-09097540.jpg?v=1758718363,2026-08-24T17:28:30.310313-03:00,,unknown_not_observed_per_size
73,4624,Biquíni Peter,Biquíni Peter Cobre,Cobre,M,True,VERÃO 2027,Biquínis,https://www.intibrand.com/produto/biquini-peter-cobre-4624,https://cdn.vnda.com.br/intibrand/2025/09/24/09_52_40_416_biqu-c3-8dni-20peter-20cobre-20com-20al-c3-87a-09097540.jpg?v=1758718363,2026-08-24T17:28:30.310313-03:00,,unknown_not_observed_per_size
73,4624,Biquíni Peter,Biquíni Peter Cobre,Cobre,G,True,VERÃO 2027,Biquínis,https://www.intibrand.com/produto/biquini-peter-cobre-4624,https://cdn.vnda.com.br/intibrand/2025/09/24/09_52_40_416_biqu-c3-8dni-20peter-20cobre-20com-20al-c3-87a-09097540.jpg?v=1758718363,2026-08-24T17:28:30.310313-03:00,,unknown_not_observed_per_size
73,4623,Biquíni Peter,Biquíni Peter Preto,Preto,PP,True,VERÃO 2027,Biquínis,https://www.intibrand.com/produto/biquini-peter-preto-4623,https://cdn.vnda.com.br/intibrand/2025/09/24/09_53_21_623_biqu-c3-8dni-20peter-20preto-20com-20al-c3-87a-09098730.jpg?v=1758718405,2026-08-24T17:28:30.310313-03:00,,unknown_not_observed_per_size
73,4623,Biquíni Peter,Biquíni Peter Preto,Preto,P,True,VERÃO 2027,Biquínis,https://www.intibrand.com/produto/biquini-peter-preto-4623,https://cdn.vnda.com.br/intibrand/2025/09/24/09_53_21_623_biqu-c3-8dni-20peter-20preto-20com-20al-c3-87a-09098730.jpg?v=1758718405,2026-08-24T17:28:30.310313-03:00,,unknown_not_observed_per_size
73,4623,Biquíni Peter,Biquíni Peter Preto,Preto,M,True,VERÃO 2027,Biquínis,https://www.intibrand.com/produto/biquini-peter-preto-4623,https://cdn.vnda.com.br/intibrand/2025/09/24/09_53_21_623_biqu-c3-8dni-20peter-20preto-20com-20al-c3-87a-09098730.jpg?v=1758718405,2026-08-24T17:28:30.310313-03:00,,unknown_not_observed_per_size
73,4623,Biquíni Peter,Biquíni Peter Preto,Preto,G,True,VERÃO 2027,Biquínis,https://www.intibrand.com/produto/biquini-peter-preto-4623,https://cdn.vnda.com.br/intibrand/2025/09/24/09_53_21_623_biqu-c3-8dni-20peter-20preto-20com-20al-c3-87a-09098730.jpg?v=1758718405,2026-08-24T17:28:30.310313-03:00,,unknown_not_observed_per_size
74,4431,Biquíni Riva,Biquíni Riva Azul Índigo,Azul Índigo,P,True,VERÃO 2027,Biquínis,https://www.intibrand.com/produto/biquini-riva-azul-indigo-4431,https://cdn.vnda.com.br/intibrand/2025/05/21/15_15_08_712_15_5_0_031_biquc38dni20riva20azul20c38dndigo20lado.jpg?v=1747851341,2026-08-24T17:28:30.310313-03:00,,unknown_not_observed_per_size
74,4431,Biquíni Riva,Biquíni Riva Azul Índigo,Azul Índigo,M,True,VERÃO 2027,Biquínis,https://www.intibrand.com/produto/biquini-riva-azul-indigo-4431,https://cdn.vnda.com.br/intibrand/2025/05/21/15_15_08_712_15_5_0_031_biquc38dni20riva20azul20c38dndigo20lado.jpg?v=1747851341,2026-08-24T17:28:30.310313-03:00,,unknown_not_observed_per_size
74,4431,Biquíni Riva,Biquíni Riva Azul Índigo,Azul Índigo,G,True,VERÃO 2027,Biquínis,https://www.intibrand.com/produto/biquini-riva-azul-indigo-4431,https://cdn.vnda.com.br/intibrand/2025/05/21/15_15_08_712_15_5_0_031_biquc38dni20riva20azul20c38dndigo20lado.jpg?v=1747851341,2026-08-24T17:28:30.310313-03:00,,unknown_not_observed_per_size
74,4429,Biquíni Riva,Biquíni Riva Pérola,Pérola,P,True,VERÃO 2027,Biquínis,https://www.intibrand.com/produto/biquini-riva-perola-4429,https://cdn.vnda.com.br/intibrand/2025/01/31/13_58_59_228_13_1_3_384_biquc38dni20riva20pc389rola20frente202201.jpg?v=1746026635,2026-08-24T17:28:30.310313-03:00,,unknown_not_observed_per_size
74,4429,Biquíni Riva,Biquíni Riva Pérola,Pérola,M,True,VERÃO 2027,Biquínis,https://www.intibrand.com/produto/biquini-riva-perola-4429,https://cdn.vnda.com.br/intibrand/2025/01/31/13_58_59_228_13_1_3_384_biquc38dni20riva20pc389rola20frente202201.jpg?v=1746026635,2026-08-24T17:28:30.310313-03:00,,unknown_not_observed_per_size
74,4429,Biquíni Riva,Biquíni Riva Pérola,Pérola,G,True,VERÃO 2027,Biquínis,https://www.intibrand.com/produto/biquini-riva-perola-4429,https://cdn.vnda.com.br/intibrand/2025/01/31/13_58_59_228_13_1_3_384_biquc38dni20riva20pc389rola20frente202201.jpg?v=1746026635,2026-08-24T17:28:30.310313-03:00,,unknown_not_observed_per_size
74,4430,Biquíni Riva,Biquíni Riva Preto,Preto,P,True,VERÃO 2027,Biquínis,https://www.intibrand.com/produto/biquini-riva-preto-4430,https://cdn.vnda.com.br/intibrand/2025/01/31/13_58_03_688_13_1_7_723_biquc38dni20riva20preto20frente201.jpg?v=1738342688,2026-08-24T17:28:30.310313-03:00,,unknown_not_observed_per_size
74,4430,Biquíni Riva,Biquíni Riva Preto,Preto,M,True,VERÃO 2027,Biquínis,https://www.intibrand.com/produto/biquini-riva-preto-4430,https://cdn.vnda.com.br/intibrand/2025/01/31/13_58_03_688_13_1_7_723_biquc38dni20riva20preto20frente201.jpg?v=1738342688,2026-08-24T17:28:30.310313-03:00,,unknown_not_observed_per_size
74,4430,Biquíni Riva,Biquíni Riva Preto,Preto,G,True,VERÃO 2027,Biquínis,https://www.intibrand.com/produto/biquini-riva-preto-4430,https://cdn.vnda.com.br/intibrand/2025/01/31/13_58_03_688_13_1_7_723_biquc38dni20riva20preto20frente201.jpg?v=1738342688,2026-08-24T17:28:30.310313-03:00,,unknown_not_observed_per_size
75,3528,Biquíni Sopka Off-White,Biquíni Sopka Off-White,Off White,P,True,VERÃO 2027,Biquínis,https://www.intibrand.com/produto/biquini-sopka-off-white-3528,https://cdn.vnda.com.br/intibrand/2022/08/29/17_8_0_086_BIQUNISOPKAOFFWHITEFRENTE.jpg?v=1661803382,2026-08-24T17:28:30.310313-03:00,,unknown_not_observed_per_size
75,3528,Biquíni Sopka Off-White,Biquíni Sopka Off-White,Off White,M,True,VERÃO 2027,Biquínis,https://www.intibrand.com/produto/biquini-sopka-off-white-3528,https://cdn.vnda.com.br/intibrand/2022/08/29/17_8_0_086_BIQUNISOPKAOFFWHITEFRENTE.jpg?v=1661803382,2026-08-24T17:28:30.310313-03:00,,unknown_not_observed_per_size
75,3528,Biquíni Sopka Off-White,Biquíni Sopka Off-White,Off White,G,True,VERÃO 2027,Biquínis,https://www.intibrand.com/produto/biquini-sopka-off-white-3528,https://cdn.vnda.com.br/intibrand/2022/08/29/17_8_0_086_BIQUNISOPKAOFFWHITEFRENTE.jpg?v=1661803382,2026-08-24T17:28:30.310313-03:00,,unknown_not_observed_per_size
75,3528,Biquíni Sopka Off-White,Biquíni Sopka Off-White,Off White,GG,True,VERÃO 2027,Biquínis,https://www.intibrand.com/produto/biquini-sopka-off-white-3528,https://cdn.vnda.com.br/intibrand/2022/08/29/17_8_0_086_BIQUNISOPKAOFFWHITEFRENTE.jpg?v=1661803382,2026-08-24T17:28:30.310313-03:00,,unknown_not_observed_per_size
77,4570,Biquíni Taut Off-White,Biquíni Taut Off-White,Off White,PP,True,VERÃO 2027,Biquínis,https://www.intibrand.com/produto/biquini-taut-off-white-4570,https://cdn.vnda.com.br/intibrand/2025/08/20/11_49_34_235_biqu-c3-8dni-20taut-20off-white-20frente-20-1-11087640.jpg?v=1755894423,2026-08-24T17:28:30.310313-03:00,,unknown_not_observed_per_size
77,4570,Biquíni Taut Off-White,Biquíni Taut Off-White,Off White,P,True,VERÃO 2027,Biquínis,https://www.intibrand.com/produto/biquini-taut-off-white-4570,https://cdn.vnda.com.br/intibrand/2025/08/20/11_49_34_235_biqu-c3-8dni-20taut-20off-white-20frente-20-1-11087640.jpg?v=1755894423,2026-08-24T17:28:30.310313-03:00,,unknown_not_observed_per_size
77,4570,Biquíni Taut Off-White,Biquíni Taut Off-White,Off White,M,True,VERÃO 2027,Biquínis,https://www.intibrand.com/produto/biquini-taut-off-white-4570,https://cdn.vnda.com.br/intibrand/2025/08/20/11_49_34_235_biqu-c3-8dni-20taut-20off-white-20frente-20-1-11087640.jpg?v=1755894423,2026-08-24T17:28:30.310313-03:00,,unknown_not_observed_per_size
77,4570,Biquíni Taut Off-White,Biquíni Taut Off-White,Off White,G,True,VERÃO 2027,Biquínis,https://www.intibrand.com/produto/biquini-taut-off-white-4570,https://cdn.vnda.com.br/intibrand/2025/08/20/11_49_34_235_biqu-c3-8dni-20taut-20off-white-20frente-20-1-11087640.jpg?v=1755894423,2026-08-24T17:28:30.310313-03:00,,unknown_not_observed_per_size
76,4571,Biquíni Taut,Biquíni Taut Preto,Preto,PP,True,VERÃO 2027,Biquínis,https://www.intibrand.com/produto/biquini-taut-preto-4571,https://cdn.vnda.com.br/intibrand/2025/08/20/11_40_34_8_biqu-c3-8dni-20taut-20preto-20frente-202-20-2-11081880.jpg?v=1755700912,2026-08-24T17:28:30.310313-03:00,,unknown_not_observed_per_size
76,4571,Biquíni Taut,Biquíni Taut Preto,Preto,P,True,VERÃO 2027,Biquínis,https://www.intibrand.com/produto/biquini-taut-preto-4571,https://cdn.vnda.com.br/intibrand/2025/08/20/11_40_34_8_biqu-c3-8dni-20taut-20preto-20frente-202-20-2-11081880.jpg?v=1755700912,2026-08-24T17:28:30.310313-03:00,,unknown_not_observed_per_size
76,4571,Biquíni Taut,Biquíni Taut Preto,Preto,M,True,VERÃO 2027,Biquínis,https://www.intibrand.com/produto/biquini-taut-preto-4571,https://cdn.vnda.com.br/intibrand/2025/08/20/11_40_34_8_biqu-c3-8dni-20taut-20preto-20frente-202-20-2-11081880.jpg?v=1755700912,2026-08-24T17:28:30.310313-03:00,,unknown_not_observed_per_size
76,4571,Biquíni Taut,Biquíni Taut Preto,Preto,G,True,VERÃO 2027,Biquínis,https://www.intibrand.com/produto/biquini-taut-preto-4571,https://cdn.vnda.com.br/intibrand/2025/08/20/11_40_34_8_biqu-c3-8dni-20taut-20preto-20frente-202-20-2-11081880.jpg?v=1755700912,2026-08-24T17:28:30.310313-03:00,,unknown_not_observed_per_size
78,4260,Biquíni Vince,Biquíni Vince Castanho,Castanho,PP,True,VERÃO 2027,Biquínis,https://www.intibrand.com/produto/biquini-vince-castanho-4260,https://cdn.vnda.com.br/intibrand/2024/11/12/18_15_04_288_18_11_3_324_biquc38dni20vince20castanho20frente.jpg?v=1731446107,2026-08-24T17:28:30.310313-03:00,,unknown_not_observed_per_size
78,4260,Biquíni Vince,Biquíni Vince Castanho,Castanho,P,True,VERÃO 2027,Biquínis,https://www.intibrand.com/produto/biquini-vince-castanho-4260,https://cdn.vnda.com.br/intibrand/2024/11/12/18_15_04_288_18_11_3_324_biquc38dni20vince20castanho20frente.jpg?v=1731446107,2026-08-24T17:28:30.310313-03:00,,unknown_not_observed_per_size
78,4260,Biquíni Vince,Biquíni Vince Castanho,Castanho,M,True,VERÃO 2027,Biquínis,https://www.intibrand.com/produto/biquini-vince-castanho-4260,https://cdn.vnda.com.br/intibrand/2024/11/12/18_15_04_288_18_11_3_324_biquc38dni20vince20castanho20frente.jpg?v=1731446107,2026-08-24T17:28:30.310313-03:00,,unknown_not_observed_per_size
78,4260,Biquíni Vince,Biquíni Vince Castanho,Castanho,G,True,VERÃO 2027,Biquínis,https://www.intibrand.com/produto/biquini-vince-castanho-4260,https://cdn.vnda.com.br/intibrand/2024/11/12/18_15_04_288_18_11_3_324_biquc38dni20vince20castanho20frente.jpg?v=1731446107,2026-08-24T17:28:30.310313-03:00,,unknown_not_observed_per_size
78,4260,Biquíni Vince,Biquíni Vince Castanho,Castanho,GG,True,VERÃO 2027,Biquínis,https://www.intibrand.com/produto/biquini-vince-castanho-4260,https://cdn.vnda.com.br/intibrand/2024/11/12/18_15_04_288_18_11_3_324_biquc38dni20vince20castanho20frente.jpg?v=1731446107,2026-08-24T17:28:30.310313-03:00,,unknown_not_observed_per_size
78,4257,Biquíni Vince,Biquíni Vince Pérola,Pérola,PP,True,VERÃO 2027,Biquínis,https://www.intibrand.com/produto/biquini-vince-perola-4257,https://cdn.vnda.com.br/intibrand/2024/11/12/18_17_34_94_18_11_0_021_biquc38dni20vince20pc389rola20frente.jpg?v=1731446269,2026-08-24T17:28:30.310313-03:00,,unknown_not_observed_per_size
78,4257,Biquíni Vince,Biquíni Vince Pérola,Pérola,P,True,VERÃO 2027,Biquínis,https://www.intibrand.com/produto/biquini-vince-perola-4257,https://cdn.vnda.com.br/intibrand/2024/11/12/18_17_34_94_18_11_0_021_biquc38dni20vince20pc389rola20frente.jpg?v=1731446269,2026-08-24T17:28:30.310313-03:00,,unknown_not_observed_per_size
78,4257,Biquíni Vince,Biquíni Vince Pérola,Pérola,M,True,VERÃO 2027,Biquínis,https://www.intibrand.com/produto/biquini-vince-perola-4257,https://cdn.vnda.com.br/intibrand/2024/11/12/18_17_34_94_18_11_0_021_biquc38dni20vince20pc389rola20frente.jpg?v=1731446269,2026-08-24T17:28:30.310313-03:00,,unknown_not_observed_per_size
78,4257,Biquíni Vince,Biquíni Vince Pérola,Pérola,G,True,VERÃO 2027,Biquínis,https://www.intibrand.com/produto/biquini-vince-perola-4257,https://cdn.vnda.com.br/intibrand/2024/11/12/18_17_34_94_18_11_0_021_biquc38dni20vince20pc389rola20frente.jpg?v=1731446269,2026-08-24T17:28:30.310313-03:00,,unknown_not_observed_per_size
78,4257,Biquíni Vince,Biquíni Vince Pérola,Pérola,GG,True,VERÃO 2027,Biquínis,https://www.intibrand.com/produto/biquini-vince-perola-4257,https://cdn.vnda.com.br/intibrand/2024/11/12/18_17_34_94_18_11_0_021_biquc38dni20vince20pc389rola20frente.jpg?v=1731446269,2026-08-24T17:28:30.310313-03:00,,unknown_not_observed_per_size
78,4258,Biquíni Vince,Biquíni Vince Preto,Preto,PP,True,VERÃO 2027,Biquínis,https://www.intibrand.com/produto/biquini-vince-preto-4258,https://cdn.vnda.com.br/intibrand/2024/11/12/18_14_20_391_18_11_7_701_biquc38dni20vince20preto20frente201.jpg?v=1731446065,2026-08-24T17:28:30.310313-03:00,,unknown_not_observed_per_size
78,4258,Biquíni Vince,Biquíni Vince Preto,Preto,P,True,VERÃO 2027,Biquínis,https://www.intibrand.com/produto/biquini-vince-preto-4258,https://cdn.vnda.com.br/intibrand/2024/11/12/18_14_20_391_18_11_7_701_biquc38dni20vince20preto20frente201.jpg?v=1731446065,2026-08-24T17:28:30.310313-03:00,,unknown_not_observed_per_size
78,4258,Biquíni Vince,Biquíni Vince Preto,Preto,M,True,VERÃO 2027,Biquínis,https://www.intibrand.com/produto/biquini-vince-preto-4258,https://cdn.vnda.com.br/intibrand/2024/11/12/18_14_20_391_18_11_7_701_biquc38dni20vince20preto20frente201.jpg?v=1731446065,2026-08-24T17:28:30.310313-03:00,,unknown_not_observed_per_size
78,4258,Biquíni Vince,Biquíni Vince Preto,Preto,G,True,VERÃO 2027,Biquínis,https://www.intibrand.com/produto/biquini-vince-preto-4258,https://cdn.vnda.com.br/intibrand/2024/11/12/18_14_20_391_18_11_7_701_biquc38dni20vince20preto20frente201.jpg?v=1731446065,2026-08-24T17:28:30.310313-03:00,,unknown_not_observed_per_size
78,4258,Biquíni Vince,Biquíni Vince Preto,Preto,GG,True,VERÃO 2027,Biquínis,https://www.intibrand.com/produto/biquini-vince-preto-4258,https://cdn.vnda.com.br/intibrand/2024/11/12/18_14_20_391_18_11_7_701_biquc38dni20vince20preto20frente201.jpg?v=1731446065,2026-08-24T17:28:30.310313-03:00,,unknown_not_observed_per_size
78,4320,Biquíni Vince,Biquíni Vince Vermelho Carmim,Vermelho Carmim,PP,True,VERÃO 2027,Biquínis,https://www.intibrand.com/produto/biquini-vince-vermelho-carmim-4320,https://cdn.vnda.com.br/intibrand/2024/12/11/14_16_57_43_14_12_7_741_biquc38dni20vince20vermelho20carmin20frente202.jpg?v=1733937436,2026-08-24T17:28:30.310313-03:00,,unknown_not_observed_per_size
78,4320,Biquíni Vince,Biquíni Vince Vermelho Carmim,Vermelho Carmim,P,True,VERÃO 2027,Biquínis,https://www.intibrand.com/produto/biquini-vince-vermelho-carmim-4320,https://cdn.vnda.com.br/intibrand/2024/12/11/14_16_57_43_14_12_7_741_biquc38dni20vince20vermelho20carmin20frente202.jpg?v=1733937436,2026-08-24T17:28:30.310313-03:00,,unknown_not_observed_per_size
78,4320,Biquíni Vince,Biquíni Vince Vermelho Carmim,Vermelho Carmim,M,True,VERÃO 2027,Biquínis,https://www.intibrand.com/produto/biquini-vince-vermelho-carmim-4320,https://cdn.vnda.com.br/intibrand/2024/12/11/14_16_57_43_14_12_7_741_biquc38dni20vince20vermelho20carmin20frente202.jpg?v=1733937436,2026-08-24T17:28:30.310313-03:00,,unknown_not_observed_per_size
78,4320,Biquíni Vince,Biquíni Vince Vermelho Carmim,Vermelho Carmim,G,True,VERÃO 2027,Biquínis,https://www.intibrand.com/produto/biquini-vince-vermelho-carmim-4320,https://cdn.vnda.com.br/intibrand/2024/12/11/14_16_57_43_14_12_7_741_biquc38dni20vince20vermelho20carmin20frente202.jpg?v=1733937436,2026-08-24T17:28:30.310313-03:00,,unknown_not_observed_per_size
78,4320,Biquíni Vince,Biquíni Vince Vermelho Carmim,Vermelho Carmim,GG,True,VERÃO 2027,Biquínis,https://www.intibrand.com/produto/biquini-vince-vermelho-carmim-4320,https://cdn.vnda.com.br/intibrand/2024/12/11/14_16_57_43_14_12_7_741_biquc38dni20vince20vermelho20carmin20frente202.jpg?v=1733937436,2026-08-24T17:28:30.310313-03:00,,unknown_not_observed_per_size
79,4821,Biquíni Vitto,Biquíni Vitto Azul Marinho,Azul Marinho,PP,True,VERÃO 2027,Biquínis,https://www.intibrand.com/produto/biquini-vitto-azul-marinho-4821,https://cdn.vnda.com.br/intibrand/2026/03/24/18_27_43_31_biqu-c3-8dni-20vitto-20azul-20marinho-20frente-202-20-2-18037170.jpg?v=1774387669,2026-08-24T17:28:30.310313-03:00,,unknown_not_observed_per_size
79,4821,Biquíni Vitto,Biquíni Vitto Azul Marinho,Azul Marinho,P,True,VERÃO 2027,Biquínis,https://www.intibrand.com/produto/biquini-vitto-azul-marinho-4821,https://cdn.vnda.com.br/intibrand/2026/03/24/18_27_43_31_biqu-c3-8dni-20vitto-20azul-20marinho-20frente-202-20-2-18037170.jpg?v=1774387669,2026-08-24T17:28:30.310313-03:00,,unknown_not_observed_per_size
79,4821,Biquíni Vitto,Biquíni Vitto Azul Marinho,Azul Marinho,M,True,VERÃO 2027,Biquínis,https://www.intibrand.com/produto/biquini-vitto-azul-marinho-4821,https://cdn.vnda.com.br/intibrand/2026/03/24/18_27_43_31_biqu-c3-8dni-20vitto-20azul-20marinho-20frente-202-20-2-18037170.jpg?v=1774387669,2026-08-24T17:28:30.310313-03:00,,unknown_not_observed_per_size
79,4821,Biquíni Vitto,Biquíni Vitto Azul Marinho,Azul Marinho,G,True,VERÃO 2027,Biquínis,https://www.intibrand.com/produto/biquini-vitto-azul-marinho-4821,https://cdn.vnda.com.br/intibrand/2026/03/24/18_27_43_31_biqu-c3-8dni-20vitto-20azul-20marinho-20frente-202-20-2-18037170.jpg?v=1774387669,2026-08-24T17:28:30.310313-03:00,,unknown_not_observed_per_size
4,4924,BIQUÍNI VITTO + PAREÔ GRAZIA |,BIQUÍNI VITTO + PAREÔ GRAZIA | PÉROLA,Pérola,PP,True,VERÃO 2027,Biquínis,https://www.intibrand.com/produto/biquini-vitto-pareo-grazia-perola-4924,https://cdn.vnda.com.br/intibrand/2026/05/13/10_59_13_25_biqu-c3-8dni-20vitto-20p-c3-89rola-20-2b-20pare-c3-94-20grazia-20p-c3-89rola-20frente-20-2-10054380.jpg?v=1778680753,2026-08-24T17:28:30.310313-03:00,,unknown_not_observed_per_size
4,4924,BIQUÍNI VITTO + PAREÔ GRAZIA |,BIQUÍNI VITTO + PAREÔ GRAZIA | PÉROLA,Pérola,P,True,VERÃO 2027,Biquínis,https://www.intibrand.com/produto/biquini-vitto-pareo-grazia-perola-4924,https://cdn.vnda.com.br/intibrand/2026/05/13/10_59_13_25_biqu-c3-8dni-20vitto-20p-c3-89rola-20-2b-20pare-c3-94-20grazia-20p-c3-89rola-20frente-20-2-10054380.jpg?v=1778680753,2026-08-24T17:28:30.310313-03:00,,unknown_not_observed_per_size
4,4924,BIQUÍNI VITTO + PAREÔ GRAZIA |,BIQUÍNI VITTO + PAREÔ GRAZIA | PÉROLA,Pérola,M,True,VERÃO 2027,Biquínis,https://www.intibrand.com/produto/biquini-vitto-pareo-grazia-perola-4924,https://cdn.vnda.com.br/intibrand/2026/05/13/10_59_13_25_biqu-c3-8dni-20vitto-20p-c3-89rola-20-2b-20pare-c3-94-20grazia-20p-c3-89rola-20frente-20-2-10054380.jpg?v=1778680753,2026-08-24T17:28:30.310313-03:00,,unknown_not_observed_per_size
4,4924,BIQUÍNI VITTO + PAREÔ GRAZIA |,BIQUÍNI VITTO + PAREÔ GRAZIA | PÉROLA,Pérola,G,True,VERÃO 2027,Biquínis,https://www.intibrand.com/produto/biquini-vitto-pareo-grazia-perola-4924,https://cdn.vnda.com.br/intibrand/2026/05/13/10_59_13_25_biqu-c3-8dni-20vitto-20p-c3-89rola-20-2b-20pare-c3-94-20grazia-20p-c3-89rola-20frente-20-2-10054380.jpg?v=1778680753,2026-08-24T17:28:30.310313-03:00,,unknown_not_observed_per_size
5,4923,BIQUÍNI VITTO + PAREÔ |,BIQUÍNI VITTO + PAREÔ | PRETO,Preto,PP,True,VERÃO 2027,Biquínis,https://www.intibrand.com/produto/biquini-vitto-pareo-preto-4923,https://cdn.vnda.com.br/intibrand/2026/05/13/10_56_12_731_biqu-c3-8dni-20vitto-20preto-20-2b-20pare-c3-94-20preto-20frente-20-4-10057180.jpg?v=1778680585,2026-08-24T17:28:30.310313-03:00,,unknown_not_observed_per_size
5,4923,BIQUÍNI VITTO + PAREÔ |,BIQUÍNI VITTO + PAREÔ | PRETO,Preto,P,True,VERÃO 2027,Biquínis,https://www.intibrand.com/produto/biquini-vitto-pareo-preto-4923,https://cdn.vnda.com.br/intibrand/2026/05/13/10_56_12_731_biqu-c3-8dni-20vitto-20preto-20-2b-20pare-c3-94-20preto-20frente-20-4-10057180.jpg?v=1778680585,2026-08-24T17:28:30.310313-03:00,,unknown_not_observed_per_size
5,4923,BIQUÍNI VITTO + PAREÔ |,BIQUÍNI VITTO + PAREÔ | PRETO,Preto,M,True,VERÃO 2027,Biquínis,https://www.intibrand.com/produto/biquini-vitto-pareo-preto-4923,https://cdn.vnda.com.br/intibrand/2026/05/13/10_56_12_731_biqu-c3-8dni-20vitto-20preto-20-2b-20pare-c3-94-20preto-20frente-20-4-10057180.jpg?v=1778680585,2026-08-24T17:28:30.310313-03:00,,unknown_not_observed_per_size
5,4923,BIQUÍNI VITTO + PAREÔ |,BIQUÍNI VITTO + PAREÔ | PRETO,Preto,G,True,VERÃO 2027,Biquínis,https://www.intibrand.com/produto/biquini-vitto-pareo-preto-4923,https://cdn.vnda.com.br/intibrand/2026/05/13/10_56_12_731_biqu-c3-8dni-20vitto-20preto-20-2b-20pare-c3-94-20preto-20frente-20-4-10057180.jpg?v=1778680585,2026-08-24T17:28:30.310313-03:00,,unknown_not_observed_per_size
5,4923,BIQUÍNI VITTO + PAREÔ |,BIQUÍNI VITTO + PAREÔ | PRETO,Preto,U,True,VERÃO 2027,Biquínis,https://www.intibrand.com/produto/biquini-vitto-pareo-preto-4923,https://cdn.vnda.com.br/intibrand/2026/05/13/10_56_12_731_biqu-c3-8dni-20vitto-20preto-20-2b-20pare-c3-94-20preto-20frente-20-4-10057180.jpg?v=1778680585,2026-08-24T17:28:30.310313-03:00,,unknown_not_observed_per_size
79,4819,Biquíni Vitto,Biquíni Vitto Pérola,Pérola,PP,True,VERÃO 2027,Biquínis,https://www.intibrand.com/produto/biquini-vitto-perola-4819,https://cdn.vnda.com.br/intibrand/2026/03/24/18_30_43_611_biqu-c3-8dni-20vitto-20p-c3-89rola-20frente-20-1-18038820.jpg?v=1774387849,2026-08-24T17:28:30.310313-03:00,,unknown_not_observed_per_size
79,4819,Biquíni Vitto,Biquíni Vitto Pérola,Pérola,P,True,VERÃO 2027,Biquínis,https://www.intibrand.com/produto/biquini-vitto-perola-4819,https://cdn.vnda.com.br/intibrand/2026/03/24/18_30_43_611_biqu-c3-8dni-20vitto-20p-c3-89rola-20frente-20-1-18038820.jpg?v=1774387849,2026-08-24T17:28:30.310313-03:00,,unknown_not_observed_per_size
79,4819,Biquíni Vitto,Biquíni Vitto Pérola,Pérola,M,True,VERÃO 2027,Biquínis,https://www.intibrand.com/produto/biquini-vitto-perola-4819,https://cdn.vnda.com.br/intibrand/2026/03/24/18_30_43_611_biqu-c3-8dni-20vitto-20p-c3-89rola-20frente-20-1-18038820.jpg?v=1774387849,2026-08-24T17:28:30.310313-03:00,,unknown_not_observed_per_size
79,4819,Biquíni Vitto,Biquíni Vitto Pérola,Pérola,G,True,VERÃO 2027,Biquínis,https://www.intibrand.com/produto/biquini-vitto-perola-4819,https://cdn.vnda.com.br/intibrand/2026/03/24/18_30_43_611_biqu-c3-8dni-20vitto-20p-c3-89rola-20frente-20-1-18038820.jpg?v=1774387849,2026-08-24T17:28:30.310313-03:00,,unknown_not_observed_per_size
79,4820,Biquíni Vitto,Biquíni Vitto Preto,Preto,PP,True,VERÃO 2027,Biquínis,https://www.intibrand.com/produto/biquini-vitto-preto-4820,https://cdn.vnda.com.br/intibrand/2026/03/24/18_34_25_985_biqu-c3-8dni-20vitto-20preto-20frente-202-20-1-18034790.jpg?v=1774388071,2026-08-24T17:28:30.310313-03:00,,unknown_not_observed_per_size
79,4820,Biquíni Vitto,Biquíni Vitto Preto,Preto,P,True,VERÃO 2027,Biquínis,https://www.intibrand.com/produto/biquini-vitto-preto-4820,https://cdn.vnda.com.br/intibrand/2026/03/24/18_34_25_985_biqu-c3-8dni-20vitto-20preto-20frente-202-20-1-18034790.jpg?v=1774388071,2026-08-24T17:28:30.310313-03:00,,unknown_not_observed_per_size
79,4820,Biquíni Vitto,Biquíni Vitto Preto,Preto,M,True,VERÃO 2027,Biquínis,https://www.intibrand.com/produto/biquini-vitto-preto-4820,https://cdn.vnda.com.br/intibrand/2026/03/24/18_34_25_985_biqu-c3-8dni-20vitto-20preto-20frente-202-20-1-18034790.jpg?v=1774388071,2026-08-24T17:28:30.310313-03:00,,unknown_not_observed_per_size
79,4820,Biquíni Vitto,Biquíni Vitto Preto,Preto,G,True,VERÃO 2027,Biquínis,https://www.intibrand.com/produto/biquini-vitto-preto-4820,https://cdn.vnda.com.br/intibrand/2026/03/24/18_34_25_985_biqu-c3-8dni-20vitto-20preto-20frente-202-20-1-18034790.jpg?v=1774388071,2026-08-24T17:28:30.310313-03:00,,unknown_not_observed_per_size
80,4530,Blazer Adonis,Blazer Adonis Preto,Preto,36,True,VERÃO 2027,Blazers,https://www.intibrand.com/produto/blazer-adonis-preto-4530,https://cdn.vnda.com.br/intibrand/2025/03/31/17_55_06_453_17_3_6_630_conjunto20adonis20preto20frente.jpg?v=1743454509,2026-08-24T17:28:30.310313-03:00,,unknown_not_observed_per_size
80,4530,Blazer Adonis,Blazer Adonis Preto,Preto,38,True,VERÃO 2027,Blazers,https://www.intibrand.com/produto/blazer-adonis-preto-4530,https://cdn.vnda.com.br/intibrand/2025/03/31/17_55_06_453_17_3_6_630_conjunto20adonis20preto20frente.jpg?v=1743454509,2026-08-24T17:28:30.310313-03:00,,unknown_not_observed_per_size
80,4530,Blazer Adonis,Blazer Adonis Preto,Preto,40,True,VERÃO 2027,Blazers,https://www.intibrand.com/produto/blazer-adonis-preto-4530,https://cdn.vnda.com.br/intibrand/2025/03/31/17_55_06_453_17_3_6_630_conjunto20adonis20preto20frente.jpg?v=1743454509,2026-08-24T17:28:30.310313-03:00,,unknown_not_observed_per_size
80,4530,Blazer Adonis,Blazer Adonis Preto,Preto,42,True,VERÃO 2027,Blazers,https://www.intibrand.com/produto/blazer-adonis-preto-4530,https://cdn.vnda.com.br/intibrand/2025/03/31/17_55_06_453_17_3_6_630_conjunto20adonis20preto20frente.jpg?v=1743454509,2026-08-24T17:28:30.310313-03:00,,unknown_not_observed_per_size
81,3734,Blazer Alvar,Blazer Alvar Azul Índigo,Azul Índigo,P,True,VERÃO 2027,Blazers,https://www.intibrand.com/produto/blazer-alvar-azul-indigo-3734,https://cdn.vnda.com.br/intibrand/2023/07/18/11_16_50_149_11_7_0_079_blazer20alvar20azul20c38dndigo202b20short20gruzman20azul20c38dndigo20frente20220revisada.jpg?v=1689689814,2026-08-24T17:28:30.310313-03:00,,unknown_not_observed_per_size
81,3734,Blazer Alvar,Blazer Alvar Azul Índigo,Azul Índigo,M,True,VERÃO 2027,Blazers,https://www.intibrand.com/produto/blazer-alvar-azul-indigo-3734,https://cdn.vnda.com.br/intibrand/2023/07/18/11_16_50_149_11_7_0_079_blazer20alvar20azul20c38dndigo202b20short20gruzman20azul20c38dndigo20frente20220revisada.jpg?v=1689689814,2026-08-24T17:28:30.310313-03:00,,unknown_not_observed_per_size
81,3734,Blazer Alvar,Blazer Alvar Azul Índigo,Azul Índigo,G,True,VERÃO 2027,Blazers,https://www.intibrand.com/produto/blazer-alvar-azul-indigo-3734,https://cdn.vnda.com.br/intibrand/2023/07/18/11_16_50_149_11_7_0_079_blazer20alvar20azul20c38dndigo202b20short20gruzman20azul20c38dndigo20frente20220revisada.jpg?v=1689689814,2026-08-24T17:28:30.310313-03:00,,unknown_not_observed_per_size
82,4894,Blazer Carmine,Blazer Carmine Caramelo,Caramelo,34,True,VERÃO 2027,Blazers,https://www.intibrand.com/produto/blazer-carmine-caramelo-4894,https://cdn.vnda.com.br/intibrand/2026/05/19/17_07_14_559_gaby-20v-c3-8ddeos-20-20-3740-20x-204987-20px-20-a4-20-7-17051060.jpg?v=1779221241,2026-08-24T17:28:30.310313-03:00,,unknown_not_observed_per_size
82,4894,Blazer Carmine,Blazer Carmine Caramelo,Caramelo,36,True,VERÃO 2027,Blazers,https://www.intibrand.com/produto/blazer-carmine-caramelo-4894,https://cdn.vnda.com.br/intibrand/2026/05/19/17_07_14_559_gaby-20v-c3-8ddeos-20-20-3740-20x-204987-20px-20-a4-20-7-17051060.jpg?v=1779221241,2026-08-24T17:28:30.310313-03:00,,unknown_not_observed_per_size
82,4894,Blazer Carmine,Blazer Carmine Caramelo,Caramelo,38,True,VERÃO 2027,Blazers,https://www.intibrand.com/produto/blazer-carmine-caramelo-4894,https://cdn.vnda.com.br/intibrand/2026/05/19/17_07_14_559_gaby-20v-c3-8ddeos-20-20-3740-20x-204987-20px-20-a4-20-7-17051060.jpg?v=1779221241,2026-08-24T17:28:30.310313-03:00,,unknown_not_observed_per_size
82,4894,Blazer Carmine,Blazer Carmine Caramelo,Caramelo,40,True,VERÃO 2027,Blazers,https://www.intibrand.com/produto/blazer-carmine-caramelo-4894,https://cdn.vnda.com.br/intibrand/2026/05/19/17_07_14_559_gaby-20v-c3-8ddeos-20-20-3740-20x-204987-20px-20-a4-20-7-17051060.jpg?v=1779221241,2026-08-24T17:28:30.310313-03:00,,unknown_not_observed_per_size
82,4894,Blazer Carmine,Blazer Carmine Caramelo,Caramelo,42,True,VERÃO 2027,Blazers,https://www.intibrand.com/produto/blazer-carmine-caramelo-4894,https://cdn.vnda.com.br/intibrand/2026/05/19/17_07_14_559_gaby-20v-c3-8ddeos-20-20-3740-20x-204987-20px-20-a4-20-7-17051060.jpg?v=1779221241,2026-08-24T17:28:30.310313-03:00,,unknown_not_observed_per_size
82,4894,Blazer Carmine,Blazer Carmine Caramelo,Caramelo,44,True,VERÃO 2027,Blazers,https://www.intibrand.com/produto/blazer-carmine-caramelo-4894,https://cdn.vnda.com.br/intibrand/2026/05/19/17_07_14_559_gaby-20v-c3-8ddeos-20-20-3740-20x-204987-20px-20-a4-20-7-17051060.jpg?v=1779221241,2026-08-24T17:28:30.310313-03:00,,unknown_not_observed_per_size
8,4955,BLAZER CARMINE CARAMELO + CALÇA JEANS MALCOLM AZUL CLARO,BLAZER CARMINE CARAMELO + CALÇA JEANS MALCOLM AZUL CLARO,Caramelo,34,True,VERÃO 2027,Blazers,https://www.intibrand.com/produto/blazer-carmine-caramelo-calca-jeans-malcolm-azul-claro-4955,https://cdn.vnda.com.br/intibrand/2026/06/01/17_15_35_719_gaby-20v-c3-8ddeos-20-20-3740-20x-204987-20px-20-a4-20-8-17064430.jpg?v=1780344938,2026-08-24T17:28:30.310313-03:00,,unknown_not_observed_per_size
8,4955,BLAZER CARMINE CARAMELO + CALÇA JEANS MALCOLM AZUL CLARO,BLAZER CARMINE CARAMELO + CALÇA JEANS MALCOLM AZUL CLARO,Caramelo,36,True,VERÃO 2027,Blazers,https://www.intibrand.com/produto/blazer-carmine-caramelo-calca-jeans-malcolm-azul-claro-4955,https://cdn.vnda.com.br/intibrand/2026/06/01/17_15_35_719_gaby-20v-c3-8ddeos-20-20-3740-20x-204987-20px-20-a4-20-8-17064430.jpg?v=1780344938,2026-08-24T17:28:30.310313-03:00,,unknown_not_observed_per_size
8,4955,BLAZER CARMINE CARAMELO + CALÇA JEANS MALCOLM AZUL CLARO,BLAZER CARMINE CARAMELO + CALÇA JEANS MALCOLM AZUL CLARO,Caramelo,38,True,VERÃO 2027,Blazers,https://www.intibrand.com/produto/blazer-carmine-caramelo-calca-jeans-malcolm-azul-claro-4955,https://cdn.vnda.com.br/intibrand/2026/06/01/17_15_35_719_gaby-20v-c3-8ddeos-20-20-3740-20x-204987-20px-20-a4-20-8-17064430.jpg?v=1780344938,2026-08-24T17:28:30.310313-03:00,,unknown_not_observed_per_size
8,4955,BLAZER CARMINE CARAMELO + CALÇA JEANS MALCOLM AZUL CLARO,BLAZER CARMINE CARAMELO + CALÇA JEANS MALCOLM AZUL CLARO,Caramelo,40,True,VERÃO 2027,Blazers,https://www.intibrand.com/produto/blazer-carmine-caramelo-calca-jeans-malcolm-azul-claro-4955,https://cdn.vnda.com.br/intibrand/2026/06/01/17_15_35_719_gaby-20v-c3-8ddeos-20-20-3740-20x-204987-20px-20-a4-20-8-17064430.jpg?v=1780344938,2026-08-24T17:28:30.310313-03:00,,unknown_not_observed_per_size
8,4955,BLAZER CARMINE CARAMELO + CALÇA JEANS MALCOLM AZUL CLARO,BLAZER CARMINE CARAMELO + CALÇA JEANS MALCOLM AZUL CLARO,Caramelo,42,True,VERÃO 2027,Blazers,https://www.intibrand.com/produto/blazer-carmine-caramelo-calca-jeans-malcolm-azul-claro-4955,https://cdn.vnda.com.br/intibrand/2026/06/01/17_15_35_719_gaby-20v-c3-8ddeos-20-20-3740-20x-204987-20px-20-a4-20-8-17064430.jpg?v=1780344938,2026-08-24T17:28:30.310313-03:00,,unknown_not_observed_per_size
8,4955,BLAZER CARMINE CARAMELO + CALÇA JEANS MALCOLM AZUL CLARO,BLAZER CARMINE CARAMELO + CALÇA JEANS MALCOLM AZUL CLARO,Caramelo,44,True,VERÃO 2027,Blazers,https://www.intibrand.com/produto/blazer-carmine-caramelo-calca-jeans-malcolm-azul-claro-4955,https://cdn.vnda.com.br/intibrand/2026/06/01/17_15_35_719_gaby-20v-c3-8ddeos-20-20-3740-20x-204987-20px-20-a4-20-8-17064430.jpg?v=1780344938,2026-08-24T17:28:30.310313-03:00,,unknown_not_observed_per_size
83,4892,Blazer Carmine Off-White,Blazer Carmine Off-White,Off White,34,True,VERÃO 2027,Blazers,https://www.intibrand.com/produto/blazer-carmine-off-white-4892,https://cdn.vnda.com.br/intibrand/2026/05/19/17_05_53_816_gaby-20v-c3-8ddeos-20-20-3740-20x-204987-20px-20-a4-20-5-17057310.jpg?v=1779221153,2026-08-24T17:28:30.310313-03:00,,unknown_not_observed_per_size
83,4892,Blazer Carmine Off-White,Blazer Carmine Off-White,Off White,36,True,VERÃO 2027,Blazers,https://www.intibrand.com/produto/blazer-carmine-off-white-4892,https://cdn.vnda.com.br/intibrand/2026/05/19/17_05_53_816_gaby-20v-c3-8ddeos-20-20-3740-20x-204987-20px-20-a4-20-5-17057310.jpg?v=1779221153,2026-08-24T17:28:30.310313-03:00,,unknown_not_observed_per_size
83,4892,Blazer Carmine Off-White,Blazer Carmine Off-White,Off White,38,True,VERÃO 2027,Blazers,https://www.intibrand.com/produto/blazer-carmine-off-white-4892,https://cdn.vnda.com.br/intibrand/2026/05/19/17_05_53_816_gaby-20v-c3-8ddeos-20-20-3740-20x-204987-20px-20-a4-20-5-17057310.jpg?v=1779221153,2026-08-24T17:28:30.310313-03:00,,unknown_not_observed_per_size
83,4892,Blazer Carmine Off-White,Blazer Carmine Off-White,Off White,40,True,VERÃO 2027,Blazers,https://www.intibrand.com/produto/blazer-carmine-off-white-4892,https://cdn.vnda.com.br/intibrand/2026/05/19/17_05_53_816_gaby-20v-c3-8ddeos-20-20-3740-20x-204987-20px-20-a4-20-5-17057310.jpg?v=1779221153,2026-08-24T17:28:30.310313-03:00,,unknown_not_observed_per_size
83,4892,Blazer Carmine Off-White,Blazer Carmine Off-White,Off White,42,True,VERÃO 2027,Blazers,https://www.intibrand.com/produto/blazer-carmine-off-white-4892,https://cdn.vnda.com.br/intibrand/2026/05/19/17_05_53_816_gaby-20v-c3-8ddeos-20-20-3740-20x-204987-20px-20-a4-20-5-17057310.jpg?v=1779221153,2026-08-24T17:28:30.310313-03:00,,unknown_not_observed_per_size
83,4892,Blazer Carmine Off-White,Blazer Carmine Off-White,Off White,44,True,VERÃO 2027,Blazers,https://www.intibrand.com/produto/blazer-carmine-off-white-4892,https://cdn.vnda.com.br/intibrand/2026/05/19/17_05_53_816_gaby-20v-c3-8ddeos-20-20-3740-20x-204987-20px-20-a4-20-5-17057310.jpg?v=1779221153,2026-08-24T17:28:30.310313-03:00,,unknown_not_observed_per_size
7,4953,BLAZER CARMINE + PANTALONA SAVOYE | OFF-WHITE,BLAZER CARMINE + PANTALONA SAVOYE | OFF-WHITE,Off White,34,True,VERÃO 2027,Blazers,https://www.intibrand.com/produto/blazer-carmine-pantalona-savoye-off-white-4953,https://cdn.vnda.com.br/intibrand/2026/06/01/16_50_10_194_gaby-20v-c3-8ddeos-20-20-3740-20x-204987-20px-20-a4-20-1-16060150.jpg?v=1780343410,2026-08-24T17:28:30.310313-03:00,,unknown_not_observed_per_size
7,4953,BLAZER CARMINE + PANTALONA SAVOYE | OFF-WHITE,BLAZER CARMINE + PANTALONA SAVOYE | OFF-WHITE,Off White,36,True,VERÃO 2027,Blazers,https://www.intibrand.com/produto/blazer-carmine-pantalona-savoye-off-white-4953,https://cdn.vnda.com.br/intibrand/2026/06/01/16_50_10_194_gaby-20v-c3-8ddeos-20-20-3740-20x-204987-20px-20-a4-20-1-16060150.jpg?v=1780343410,2026-08-24T17:28:30.310313-03:00,,unknown_not_observed_per_size
7,4953,BLAZER CARMINE + PANTALONA SAVOYE | OFF-WHITE,BLAZER CARMINE + PANTALONA SAVOYE | OFF-WHITE,Off White,38,True,VERÃO 2027,Blazers,https://www.intibrand.com/produto/blazer-carmine-pantalona-savoye-off-white-4953,https://cdn.vnda.com.br/intibrand/2026/06/01/16_50_10_194_gaby-20v-c3-8ddeos-20-20-3740-20x-204987-20px-20-a4-20-1-16060150.jpg?v=1780343410,2026-08-24T17:28:30.310313-03:00,,unknown_not_observed_per_size
7,4953,BLAZER CARMINE + PANTALONA SAVOYE | OFF-WHITE,BLAZER CARMINE + PANTALONA SAVOYE | OFF-WHITE,Off White,40,True,VERÃO 2027,Blazers,https://www.intibrand.com/produto/blazer-carmine-pantalona-savoye-off-white-4953,https://cdn.vnda.com.br/intibrand/2026/06/01/16_50_10_194_gaby-20v-c3-8ddeos-20-20-3740-20x-204987-20px-20-a4-20-1-16060150.jpg?v=1780343410,2026-08-24T17:28:30.310313-03:00,,unknown_not_observed_per_size
7,4953,BLAZER CARMINE + PANTALONA SAVOYE | OFF-WHITE,BLAZER CARMINE + PANTALONA SAVOYE | OFF-WHITE,Off White,42,True,VERÃO 2027,Blazers,https://www.intibrand.com/produto/blazer-carmine-pantalona-savoye-off-white-4953,https://cdn.vnda.com.br/intibrand/2026/06/01/16_50_10_194_gaby-20v-c3-8ddeos-20-20-3740-20x-204987-20px-20-a4-20-1-16060150.jpg?v=1780343410,2026-08-24T17:28:30.310313-03:00,,unknown_not_observed_per_size
7,4953,BLAZER CARMINE + PANTALONA SAVOYE | OFF-WHITE,BLAZER CARMINE + PANTALONA SAVOYE | OFF-WHITE,Off White,44,True,VERÃO 2027,Blazers,https://www.intibrand.com/produto/blazer-carmine-pantalona-savoye-off-white-4953,https://cdn.vnda.com.br/intibrand/2026/06/01/16_50_10_194_gaby-20v-c3-8ddeos-20-20-3740-20x-204987-20px-20-a4-20-1-16060150.jpg?v=1780343410,2026-08-24T17:28:30.310313-03:00,,unknown_not_observed_per_size
6,4954,BLAZER CARMINE + PANTALONA SAVOYE |,BLAZER CARMINE + PANTALONA SAVOYE | PRETO,Preto,34,True,VERÃO 2027,Blazers,https://www.intibrand.com/produto/blazer-carmine-pantalona-savoye-preto-4954,https://cdn.vnda.com.br/intibrand/2026/06/01/17_08_21_818_gaby-20fotos-20-2-17065140.jpg?v=1780344514,2026-08-24T17:28:30.310313-03:00,,unknown_not_observed_per_size
6,4954,BLAZER CARMINE + PANTALONA SAVOYE |,BLAZER CARMINE + PANTALONA SAVOYE | PRETO,Preto,36,True,VERÃO 2027,Blazers,https://www.intibrand.com/produto/blazer-carmine-pantalona-savoye-preto-4954,https://cdn.vnda.com.br/intibrand/2026/06/01/17_08_21_818_gaby-20fotos-20-2-17065140.jpg?v=1780344514,2026-08-24T17:28:30.310313-03:00,,unknown_not_observed_per_size
6,4954,BLAZER CARMINE + PANTALONA SAVOYE |,BLAZER CARMINE + PANTALONA SAVOYE | PRETO,Preto,38,True,VERÃO 2027,Blazers,https://www.intibrand.com/produto/blazer-carmine-pantalona-savoye-preto-4954,https://cdn.vnda.com.br/intibrand/2026/06/01/17_08_21_818_gaby-20fotos-20-2-17065140.jpg?v=1780344514,2026-08-24T17:28:30.310313-03:00,,unknown_not_observed_per_size
6,4954,BLAZER CARMINE + PANTALONA SAVOYE |,BLAZER CARMINE + PANTALONA SAVOYE | PRETO,Preto,40,True,VERÃO 2027,Blazers,https://www.intibrand.com/produto/blazer-carmine-pantalona-savoye-preto-4954,https://cdn.vnda.com.br/intibrand/2026/06/01/17_08_21_818_gaby-20fotos-20-2-17065140.jpg?v=1780344514,2026-08-24T17:28:30.310313-03:00,,unknown_not_observed_per_size
6,4954,BLAZER CARMINE + PANTALONA SAVOYE |,BLAZER CARMINE + PANTALONA SAVOYE | PRETO,Preto,42,True,VERÃO 2027,Blazers,https://www.intibrand.com/produto/blazer-carmine-pantalona-savoye-preto-4954,https://cdn.vnda.com.br/intibrand/2026/06/01/17_08_21_818_gaby-20fotos-20-2-17065140.jpg?v=1780344514,2026-08-24T17:28:30.310313-03:00,,unknown_not_observed_per_size
6,4954,BLAZER CARMINE + PANTALONA SAVOYE |,BLAZER CARMINE + PANTALONA SAVOYE | PRETO,Preto,44,True,VERÃO 2027,Blazers,https://www.intibrand.com/produto/blazer-carmine-pantalona-savoye-preto-4954,https://cdn.vnda.com.br/intibrand/2026/06/01/17_08_21_818_gaby-20fotos-20-2-17065140.jpg?v=1780344514,2026-08-24T17:28:30.310313-03:00,,unknown_not_observed_per_size
82,4893,Blazer Carmine,Blazer Carmine Preto,Preto,34,True,VERÃO 2027,Blazers,https://www.intibrand.com/produto/blazer-carmine-preto-4893,https://cdn.vnda.com.br/intibrand/2026/05/19/17_09_24_827_gaby-20fotos-20-1-17057400.jpg?v=1779221370,2026-08-24T17:28:30.310313-03:00,,unknown_not_observed_per_size
82,4893,Blazer Carmine,Blazer Carmine Preto,Preto,36,True,VERÃO 2027,Blazers,https://www.intibrand.com/produto/blazer-carmine-preto-4893,https://cdn.vnda.com.br/intibrand/2026/05/19/17_09_24_827_gaby-20fotos-20-1-17057400.jpg?v=1779221370,2026-08-24T17:28:30.310313-03:00,,unknown_not_observed_per_size
82,4893,Blazer Carmine,Blazer Carmine Preto,Preto,38,True,VERÃO 2027,Blazers,https://www.intibrand.com/produto/blazer-carmine-preto-4893,https://cdn.vnda.com.br/intibrand/2026/05/19/17_09_24_827_gaby-20fotos-20-1-17057400.jpg?v=1779221370,2026-08-24T17:28:30.310313-03:00,,unknown_not_observed_per_size
82,4893,Blazer Carmine,Blazer Carmine Preto,Preto,40,True,VERÃO 2027,Blazers,https://www.intibrand.com/produto/blazer-carmine-preto-4893,https://cdn.vnda.com.br/intibrand/2026/05/19/17_09_24_827_gaby-20fotos-20-1-17057400.jpg?v=1779221370,2026-08-24T17:28:30.310313-03:00,,unknown_not_observed_per_size
82,4893,Blazer Carmine,Blazer Carmine Preto,Preto,42,True,VERÃO 2027,Blazers,https://www.intibrand.com/produto/blazer-carmine-preto-4893,https://cdn.vnda.com.br/intibrand/2026/05/19/17_09_24_827_gaby-20fotos-20-1-17057400.jpg?v=1779221370,2026-08-24T17:28:30.310313-03:00,,unknown_not_observed_per_size
82,4893,Blazer Carmine,Blazer Carmine Preto,Preto,44,True,VERÃO 2027,Blazers,https://www.intibrand.com/produto/blazer-carmine-preto-4893,https://cdn.vnda.com.br/intibrand/2026/05/19/17_09_24_827_gaby-20fotos-20-1-17057400.jpg?v=1779221370,2026-08-24T17:28:30.310313-03:00,,unknown_not_observed_per_size
84,4062,Blazer Corrington,Blazer Corrington Preto,Preto,36,True,VERÃO 2027,Blazers,https://www.intibrand.com/produto/blazer-corrington-preto-4062,https://cdn.vnda.com.br/intibrand/2024/09/09/10_59_10_455_10_9_5_552_blazer20corrington20preto202b20pantalona20tessa20preta20frente202.jpg?v=1725890353,2026-08-24T17:28:30.310313-03:00,,unknown_not_observed_per_size
84,4062,Blazer Corrington,Blazer Corrington Preto,Preto,38,True,VERÃO 2027,Blazers,https://www.intibrand.com/produto/blazer-corrington-preto-4062,https://cdn.vnda.com.br/intibrand/2024/09/09/10_59_10_455_10_9_5_552_blazer20corrington20preto202b20pantalona20tessa20preta20frente202.jpg?v=1725890353,2026-08-24T17:28:30.310313-03:00,,unknown_not_observed_per_size
84,4062,Blazer Corrington,Blazer Corrington Preto,Preto,40,True,VERÃO 2027,Blazers,https://www.intibrand.com/produto/blazer-corrington-preto-4062,https://cdn.vnda.com.br/intibrand/2024/09/09/10_59_10_455_10_9_5_552_blazer20corrington20preto202b20pantalona20tessa20preta20frente202.jpg?v=1725890353,2026-08-24T17:28:30.310313-03:00,,unknown_not_observed_per_size
84,4062,Blazer Corrington,Blazer Corrington Preto,Preto,42,True,VERÃO 2027,Blazers,https://www.intibrand.com/produto/blazer-corrington-preto-4062,https://cdn.vnda.com.br/intibrand/2024/09/09/10_59_10_455_10_9_5_552_blazer20corrington20preto202b20pantalona20tessa20preta20frente202.jpg?v=1725890353,2026-08-24T17:28:30.310313-03:00,,unknown_not_observed_per_size
11,4958,BLAZER DONATO MARROM + PANTALONA SAVOYE OFF-WHITE,BLAZER DONATO MARROM + PANTALONA SAVOYE OFF-WHITE,Off White,34,True,VERÃO 2027,Blazers,https://www.intibrand.com/produto/blazer-donato-marrom-pantalona-savoye-off-white-4958,,2026-08-24T17:28:30.310313-03:00,,unknown_not_observed_per_size
11,4958,BLAZER DONATO MARROM + PANTALONA SAVOYE OFF-WHITE,BLAZER DONATO MARROM + PANTALONA SAVOYE OFF-WHITE,Off White,36,True,VERÃO 2027,Blazers,https://www.intibrand.com/produto/blazer-donato-marrom-pantalona-savoye-off-white-4958,,2026-08-24T17:28:30.310313-03:00,,unknown_not_observed_per_size
11,4958,BLAZER DONATO MARROM + PANTALONA SAVOYE OFF-WHITE,BLAZER DONATO MARROM + PANTALONA SAVOYE OFF-WHITE,Off White,38,True,VERÃO 2027,Blazers,https://www.intibrand.com/produto/blazer-donato-marrom-pantalona-savoye-off-white-4958,,2026-08-24T17:28:30.310313-03:00,,unknown_not_observed_per_size
11,4958,BLAZER DONATO MARROM + PANTALONA SAVOYE OFF-WHITE,BLAZER DONATO MARROM + PANTALONA SAVOYE OFF-WHITE,Off White,40,True,VERÃO 2027,Blazers,https://www.intibrand.com/produto/blazer-donato-marrom-pantalona-savoye-off-white-4958,,2026-08-24T17:28:30.310313-03:00,,unknown_not_observed_per_size
11,4958,BLAZER DONATO MARROM + PANTALONA SAVOYE OFF-WHITE,BLAZER DONATO MARROM + PANTALONA SAVOYE OFF-WHITE,Off White,42,True,VERÃO 2027,Blazers,https://www.intibrand.com/produto/blazer-donato-marrom-pantalona-savoye-off-white-4958,,2026-08-24T17:28:30.310313-03:00,,unknown_not_observed_per_size
11,4958,BLAZER DONATO MARROM + PANTALONA SAVOYE OFF-WHITE,BLAZER DONATO MARROM + PANTALONA SAVOYE OFF-WHITE,Off White,44,True,VERÃO 2027,Blazers,https://www.intibrand.com/produto/blazer-donato-marrom-pantalona-savoye-off-white-4958,,2026-08-24T17:28:30.310313-03:00,,unknown_not_observed_per_size
10,4962,BLAZER DONATO + PANTALONA SAVOYE OFF-WHITE,BLAZER DONATO + PANTALONA SAVOYE OFF-WHITE,Off White,34,True,VERÃO 2027,Blazers,https://www.intibrand.com/produto/blazer-donato-pantalona-savoye-off-white-4962,,2026-08-24T17:28:30.310313-03:00,,unknown_not_observed_per_size
10,4962,BLAZER DONATO + PANTALONA SAVOYE OFF-WHITE,BLAZER DONATO + PANTALONA SAVOYE OFF-WHITE,Off White,36,True,VERÃO 2027,Blazers,https://www.intibrand.com/produto/blazer-donato-pantalona-savoye-off-white-4962,,2026-08-24T17:28:30.310313-03:00,,unknown_not_observed_per_size
10,4962,BLAZER DONATO + PANTALONA SAVOYE OFF-WHITE,BLAZER DONATO + PANTALONA SAVOYE OFF-WHITE,Off White,38,True,VERÃO 2027,Blazers,https://www.intibrand.com/produto/blazer-donato-pantalona-savoye-off-white-4962,,2026-08-24T17:28:30.310313-03:00,,unknown_not_observed_per_size
10,4962,BLAZER DONATO + PANTALONA SAVOYE OFF-WHITE,BLAZER DONATO + PANTALONA SAVOYE OFF-WHITE,Off White,40,True,VERÃO 2027,Blazers,https://www.intibrand.com/produto/blazer-donato-pantalona-savoye-off-white-4962,,2026-08-24T17:28:30.310313-03:00,,unknown_not_observed_per_size
10,4962,BLAZER DONATO + PANTALONA SAVOYE OFF-WHITE,BLAZER DONATO + PANTALONA SAVOYE OFF-WHITE,Off White,42,True,VERÃO 2027,Blazers,https://www.intibrand.com/produto/blazer-donato-pantalona-savoye-off-white-4962,,2026-08-24T17:28:30.310313-03:00,,unknown_not_observed_per_size
10,4962,BLAZER DONATO + PANTALONA SAVOYE OFF-WHITE,BLAZER DONATO + PANTALONA SAVOYE OFF-WHITE,Off White,44,True,VERÃO 2027,Blazers,https://www.intibrand.com/produto/blazer-donato-pantalona-savoye-off-white-4962,,2026-08-24T17:28:30.310313-03:00,,unknown_not_observed_per_size
9,4963,BLAZER DONATO + PANTALONA SAVOYE,BLAZER DONATO + PANTALONA SAVOYE PRETO,Preto,34,True,VERÃO 2027,Blazers,https://www.intibrand.com/produto/blazer-donato-pantalona-savoye-preto-4963,,2026-08-24T17:28:30.310313-03:00,,unknown_not_observed_per_size
9,4963,BLAZER DONATO + PANTALONA SAVOYE,BLAZER DONATO + PANTALONA SAVOYE PRETO,Preto,36,True,VERÃO 2027,Blazers,https://www.intibrand.com/produto/blazer-donato-pantalona-savoye-preto-4963,,2026-08-24T17:28:30.310313-03:00,,unknown_not_observed_per_size
9,4963,BLAZER DONATO + PANTALONA SAVOYE,BLAZER DONATO + PANTALONA SAVOYE PRETO,Preto,38,True,VERÃO 2027,Blazers,https://www.intibrand.com/produto/blazer-donato-pantalona-savoye-preto-4963,,2026-08-24T17:28:30.310313-03:00,,unknown_not_observed_per_size
9,4963,BLAZER DONATO + PANTALONA SAVOYE,BLAZER DONATO + PANTALONA SAVOYE PRETO,Preto,40,True,VERÃO 2027,Blazers,https://www.intibrand.com/produto/blazer-donato-pantalona-savoye-preto-4963,,2026-08-24T17:28:30.310313-03:00,,unknown_not_observed_per_size
9,4963,BLAZER DONATO + PANTALONA SAVOYE,BLAZER DONATO + PANTALONA SAVOYE PRETO,Preto,42,True,VERÃO 2027,Blazers,https://www.intibrand.com/produto/blazer-donato-pantalona-savoye-preto-4963,,2026-08-24T17:28:30.310313-03:00,,unknown_not_observed_per_size
9,4963,BLAZER DONATO + PANTALONA SAVOYE,BLAZER DONATO + PANTALONA SAVOYE PRETO,Preto,44,True,VERÃO 2027,Blazers,https://www.intibrand.com/produto/blazer-donato-pantalona-savoye-preto-4963,,2026-08-24T17:28:30.310313-03:00,,unknown_not_observed_per_size
85,4660,Blazer Linho Fruges,Blazer Linho Fruges Caramelo,Caramelo,36,True,VERÃO 2027,Blazers,https://www.intibrand.com/produto/blazer-linho-fruges-caramelo-4660,https://cdn.vnda.com.br/intibrand/2025/09/25/13_22_38_758_blazer-20linho-20fruges-20caramelo-20-20short-20linho-20straus-20caramelo-20frente-202-20reedit-20-3-20-1-13098410.jpg?v=1760730800,2026-08-24T17:28:30.310313-03:00,,unknown_not_observed_per_size
85,4660,Blazer Linho Fruges,Blazer Linho Fruges Caramelo,Caramelo,38,True,VERÃO 2027,Blazers,https://www.intibrand.com/produto/blazer-linho-fruges-caramelo-4660,https://cdn.vnda.com.br/intibrand/2025/09/25/13_22_38_758_blazer-20linho-20fruges-20caramelo-20-20short-20linho-20straus-20caramelo-20frente-202-20reedit-20-3-20-1-13098410.jpg?v=1760730800,2026-08-24T17:28:30.310313-03:00,,unknown_not_observed_per_size
85,4660,Blazer Linho Fruges,Blazer Linho Fruges Caramelo,Caramelo,40,True,VERÃO 2027,Blazers,https://www.intibrand.com/produto/blazer-linho-fruges-caramelo-4660,https://cdn.vnda.com.br/intibrand/2025/09/25/13_22_38_758_blazer-20linho-20fruges-20caramelo-20-20short-20linho-20straus-20caramelo-20frente-202-20reedit-20-3-20-1-13098410.jpg?v=1760730800,2026-08-24T17:28:30.310313-03:00,,unknown_not_observed_per_size
85,4660,Blazer Linho Fruges,Blazer Linho Fruges Caramelo,Caramelo,42,True,VERÃO 2027,Blazers,https://www.intibrand.com/produto/blazer-linho-fruges-caramelo-4660,https://cdn.vnda.com.br/intibrand/2025/09/25/13_22_38_758_blazer-20linho-20fruges-20caramelo-20-20short-20linho-20straus-20caramelo-20frente-202-20reedit-20-3-20-1-13098410.jpg?v=1760730800,2026-08-24T17:28:30.310313-03:00,,unknown_not_observed_per_size
85,4659,Blazer Linho Fruges,Blazer Linho Fruges Preto,Preto,36,True,VERÃO 2027,Blazers,https://www.intibrand.com/produto/blazer-linho-fruges-preto-4659,https://cdn.vnda.com.br/intibrand/2025/09/25/13_25_02_308_blazer-20linho-20fruges-20preto-20-2b-20pantalona-20linho-20abbie-20preta-20frente-202-20-1-20-1-13096240.jpg?v=1760730808,2026-08-24T17:28:30.310313-03:00,,unknown_not_observed_per_size
85,4659,Blazer Linho Fruges,Blazer Linho Fruges Preto,Preto,38,True,VERÃO 2027,Blazers,https://www.intibrand.com/produto/blazer-linho-fruges-preto-4659,https://cdn.vnda.com.br/intibrand/2025/09/25/13_25_02_308_blazer-20linho-20fruges-20preto-20-2b-20pantalona-20linho-20abbie-20preta-20frente-202-20-1-20-1-13096240.jpg?v=1760730808,2026-08-24T17:28:30.310313-03:00,,unknown_not_observed_per_size
85,4659,Blazer Linho Fruges,Blazer Linho Fruges Preto,Preto,40,True,VERÃO 2027,Blazers,https://www.intibrand.com/produto/blazer-linho-fruges-preto-4659,https://cdn.vnda.com.br/intibrand/2025/09/25/13_25_02_308_blazer-20linho-20fruges-20preto-20-2b-20pantalona-20linho-20abbie-20preta-20frente-202-20-1-20-1-13096240.jpg?v=1760730808,2026-08-24T17:28:30.310313-03:00,,unknown_not_observed_per_size
85,4659,Blazer Linho Fruges,Blazer Linho Fruges Preto,Preto,42,True,VERÃO 2027,Blazers,https://www.intibrand.com/produto/blazer-linho-fruges-preto-4659,https://cdn.vnda.com.br/intibrand/2025/09/25/13_25_02_308_blazer-20linho-20fruges-20preto-20-2b-20pantalona-20linho-20abbie-20preta-20frente-202-20-1-20-1-13096240.jpg?v=1760730808,2026-08-24T17:28:30.310313-03:00,,unknown_not_observed_per_size
86,4420,Blazer Vestido Agatha,Blazer Vestido Agatha Bege,Bege,36,True,VERÃO 2027,Blazers,https://www.intibrand.com/produto/blazer-vestido-agatha-bege-4420,https://cdn.vnda.com.br/intibrand/2025/01/30/18_24_11_124_18_1_1_156_blazer20vestido20agatha20bege20zoom20lado202.jpg?v=1738272254,2026-08-24T17:28:30.310313-03:00,,unknown_not_observed_per_size
86,4420,Blazer Vestido Agatha,Blazer Vestido Agatha Bege,Bege,38,True,VERÃO 2027,Blazers,https://www.intibrand.com/produto/blazer-vestido-agatha-bege-4420,https://cdn.vnda.com.br/intibrand/2025/01/30/18_24_11_124_18_1_1_156_blazer20vestido20agatha20bege20zoom20lado202.jpg?v=1738272254,2026-08-24T17:28:30.310313-03:00,,unknown_not_observed_per_size
86,4420,Blazer Vestido Agatha,Blazer Vestido Agatha Bege,Bege,40,True,VERÃO 2027,Blazers,https://www.intibrand.com/produto/blazer-vestido-agatha-bege-4420,https://cdn.vnda.com.br/intibrand/2025/01/30/18_24_11_124_18_1_1_156_blazer20vestido20agatha20bege20zoom20lado202.jpg?v=1738272254,2026-08-24T17:28:30.310313-03:00,,unknown_not_observed_per_size
86,4420,Blazer Vestido Agatha,Blazer Vestido Agatha Bege,Bege,42,True,VERÃO 2027,Blazers,https://www.intibrand.com/produto/blazer-vestido-agatha-bege-4420,https://cdn.vnda.com.br/intibrand/2025/01/30/18_24_11_124_18_1_1_156_blazer20vestido20agatha20bege20zoom20lado202.jpg?v=1738272254,2026-08-24T17:28:30.310313-03:00,,unknown_not_observed_per_size
87,4418,Blazer Vestido Agatha Off-White,Blazer Vestido Agatha Off-White,Off White,36,True,VERÃO 2027,Blazers,https://www.intibrand.com/produto/blazer-vestido-agatha-off-white-4418,https://cdn.vnda.com.br/intibrand/2025/01/30/18_22_41_350_18_1_8_847_blazer20vestido20agatha20offwhite20zoom.jpg?v=1747427331,2026-08-24T17:28:30.310313-03:00,,unknown_not_observed_per_size
87,4418,Blazer Vestido Agatha Off-White,Blazer Vestido Agatha Off-White,Off White,38,True,VERÃO 2027,Blazers,https://www.intibrand.com/produto/blazer-vestido-agatha-off-white-4418,https://cdn.vnda.com.br/intibrand/2025/01/30/18_22_41_350_18_1_8_847_blazer20vestido20agatha20offwhite20zoom.jpg?v=1747427331,2026-08-24T17:28:30.310313-03:00,,unknown_not_observed_per_size
87,4418,Blazer Vestido Agatha Off-White,Blazer Vestido Agatha Off-White,Off White,40,True,VERÃO 2027,Blazers,https://www.intibrand.com/produto/blazer-vestido-agatha-off-white-4418,https://cdn.vnda.com.br/intibrand/2025/01/30/18_22_41_350_18_1_8_847_blazer20vestido20agatha20offwhite20zoom.jpg?v=1747427331,2026-08-24T17:28:30.310313-03:00,,unknown_not_observed_per_size
87,4418,Blazer Vestido Agatha Off-White,Blazer Vestido Agatha Off-White,Off White,42,True,VERÃO 2027,Blazers,https://www.intibrand.com/produto/blazer-vestido-agatha-off-white-4418,https://cdn.vnda.com.br/intibrand/2025/01/30/18_22_41_350_18_1_8_847_blazer20vestido20agatha20offwhite20zoom.jpg?v=1747427331,2026-08-24T17:28:30.310313-03:00,,unknown_not_observed_per_size
86,4419,Blazer Vestido Agatha,Blazer Vestido Agatha Preto,Preto,36,True,VERÃO 2027,Blazers,https://www.intibrand.com/produto/blazer-vestido-agatha-preto-4419,https://cdn.vnda.com.br/intibrand/2025/01/30/18_23_23_860_18_1_0_070_blazer20vestido20agatha20preto20frente202.jpg?v=1747427315,2026-08-24T17:28:30.310313-03:00,,unknown_not_observed_per_size
86,4419,Blazer Vestido Agatha,Blazer Vestido Agatha Preto,Preto,38,True,VERÃO 2027,Blazers,https://www.intibrand.com/produto/blazer-vestido-agatha-preto-4419,https://cdn.vnda.com.br/intibrand/2025/01/30/18_23_23_860_18_1_0_070_blazer20vestido20agatha20preto20frente202.jpg?v=1747427315,2026-08-24T17:28:30.310313-03:00,,unknown_not_observed_per_size
86,4419,Blazer Vestido Agatha,Blazer Vestido Agatha Preto,Preto,40,True,VERÃO 2027,Blazers,https://www.intibrand.com/produto/blazer-vestido-agatha-preto-4419,https://cdn.vnda.com.br/intibrand/2025/01/30/18_23_23_860_18_1_0_070_blazer20vestido20agatha20preto20frente202.jpg?v=1747427315,2026-08-24T17:28:30.310313-03:00,,unknown_not_observed_per_size
86,4419,Blazer Vestido Agatha,Blazer Vestido Agatha Preto,Preto,42,True,VERÃO 2027,Blazers,https://www.intibrand.com/produto/blazer-vestido-agatha-preto-4419,https://cdn.vnda.com.br/intibrand/2025/01/30/18_23_23_860_18_1_0_070_blazer20vestido20agatha20preto20frente202.jpg?v=1747427315,2026-08-24T17:28:30.310313-03:00,,unknown_not_observed_per_size
88,4454,Blazer Vestido Alec,Blazer Vestido Alec Preto,Preto,36,True,VERÃO 2027,Blazers,https://www.intibrand.com/produto/blazer-vestido-alec-preto-4454,https://cdn.vnda.com.br/intibrand/2025/02/03/15_57_32_604_15_2_7_702_blazer20vestido20alec20preto20frente.jpg?v=1747427408,2026-08-24T17:28:30.310313-03:00,,unknown_not_observed_per_size
88,4454,Blazer Vestido Alec,Blazer Vestido Alec Preto,Preto,38,True,VERÃO 2027,Blazers,https://www.intibrand.com/produto/blazer-vestido-alec-preto-4454,https://cdn.vnda.com.br/intibrand/2025/02/03/15_57_32_604_15_2_7_702_blazer20vestido20alec20preto20frente.jpg?v=1747427408,2026-08-24T17:28:30.310313-03:00,,unknown_not_observed_per_size
88,4454,Blazer Vestido Alec,Blazer Vestido Alec Preto,Preto,40,True,VERÃO 2027,Blazers,https://www.intibrand.com/produto/blazer-vestido-alec-preto-4454,https://cdn.vnda.com.br/intibrand/2025/02/03/15_57_32_604_15_2_7_702_blazer20vestido20alec20preto20frente.jpg?v=1747427408,2026-08-24T17:28:30.310313-03:00,,unknown_not_observed_per_size
88,4454,Blazer Vestido Alec,Blazer Vestido Alec Preto,Preto,42,True,VERÃO 2027,Blazers,https://www.intibrand.com/produto/blazer-vestido-alec-preto-4454,https://cdn.vnda.com.br/intibrand/2025/02/03/15_57_32_604_15_2_7_702_blazer20vestido20alec20preto20frente.jpg?v=1747427408,2026-08-24T17:28:30.310313-03:00,,unknown_not_observed_per_size
89,4891,Blazer Vestido Darleen,Blazer Vestido Darleen Marrom,Marrom,34,True,VERÃO 2027,Blazers,https://www.intibrand.com/produto/blazer-vestido-darleen-marrom-4891,https://cdn.vnda.com.br/intibrand/2026/06/11/12_58_53_817_gaby-20fotos-20-26-12065660.jpg?v=1781193533,2026-08-24T17:28:30.310313-03:00,,unknown_not_observed_per_size
89,4891,Blazer Vestido Darleen,Blazer Vestido Darleen Marrom,Marrom,36,True,VERÃO 2027,Blazers,https://www.intibrand.com/produto/blazer-vestido-darleen-marrom-4891,https://cdn.vnda.com.br/intibrand/2026/06/11/12_58_53_817_gaby-20fotos-20-26-12065660.jpg?v=1781193533,2026-08-24T17:28:30.310313-03:00,,unknown_not_observed_per_size
89,4891,Blazer Vestido Darleen,Blazer Vestido Darleen Marrom,Marrom,38,True,VERÃO 2027,Blazers,https://www.intibrand.com/produto/blazer-vestido-darleen-marrom-4891,https://cdn.vnda.com.br/intibrand/2026/06/11/12_58_53_817_gaby-20fotos-20-26-12065660.jpg?v=1781193533,2026-08-24T17:28:30.310313-03:00,,unknown_not_observed_per_size
89,4891,Blazer Vestido Darleen,Blazer Vestido Darleen Marrom,Marrom,40,True,VERÃO 2027,Blazers,https://www.intibrand.com/produto/blazer-vestido-darleen-marrom-4891,https://cdn.vnda.com.br/intibrand/2026/06/11/12_58_53_817_gaby-20fotos-20-26-12065660.jpg?v=1781193533,2026-08-24T17:28:30.310313-03:00,,unknown_not_observed_per_size
89,4891,Blazer Vestido Darleen,Blazer Vestido Darleen Marrom,Marrom,42,True,VERÃO 2027,Blazers,https://www.intibrand.com/produto/blazer-vestido-darleen-marrom-4891,https://cdn.vnda.com.br/intibrand/2026/06/11/12_58_53_817_gaby-20fotos-20-26-12065660.jpg?v=1781193533,2026-08-24T17:28:30.310313-03:00,,unknown_not_observed_per_size
89,4891,Blazer Vestido Darleen,Blazer Vestido Darleen Marrom,Marrom,44,True,VERÃO 2027,Blazers,https://www.intibrand.com/produto/blazer-vestido-darleen-marrom-4891,https://cdn.vnda.com.br/intibrand/2026/06/11/12_58_53_817_gaby-20fotos-20-26-12065660.jpg?v=1781193533,2026-08-24T17:28:30.310313-03:00,,unknown_not_observed_per_size
89,4890,Blazer Vestido Darleen,Blazer Vestido Darleen Preto,Preto,34,True,VERÃO 2027,Blazers,https://www.intibrand.com/produto/blazer-vestido-darleen-preto-4890,https://cdn.vnda.com.br/intibrand/2026/06/11/12_59_57_232_gaby-20fotos-20-28-12060880.jpg?v=1781193597,2026-08-24T17:28:30.310313-03:00,,unknown_not_observed_per_size
89,4890,Blazer Vestido Darleen,Blazer Vestido Darleen Preto,Preto,36,True,VERÃO 2027,Blazers,https://www.intibrand.com/produto/blazer-vestido-darleen-preto-4890,https://cdn.vnda.com.br/intibrand/2026/06/11/12_59_57_232_gaby-20fotos-20-28-12060880.jpg?v=1781193597,2026-08-24T17:28:30.310313-03:00,,unknown_not_observed_per_size
89,4890,Blazer Vestido Darleen,Blazer Vestido Darleen Preto,Preto,38,True,VERÃO 2027,Blazers,https://www.intibrand.com/produto/blazer-vestido-darleen-preto-4890,https://cdn.vnda.com.br/intibrand/2026/06/11/12_59_57_232_gaby-20fotos-20-28-12060880.jpg?v=1781193597,2026-08-24T17:28:30.310313-03:00,,unknown_not_observed_per_size
89,4890,Blazer Vestido Darleen,Blazer Vestido Darleen Preto,Preto,40,True,VERÃO 2027,Blazers,https://www.intibrand.com/produto/blazer-vestido-darleen-preto-4890,https://cdn.vnda.com.br/intibrand/2026/06/11/12_59_57_232_gaby-20fotos-20-28-12060880.jpg?v=1781193597,2026-08-24T17:28:30.310313-03:00,,unknown_not_observed_per_size
89,4890,Blazer Vestido Darleen,Blazer Vestido Darleen Preto,Preto,42,True,VERÃO 2027,Blazers,https://www.intibrand.com/produto/blazer-vestido-darleen-preto-4890,https://cdn.vnda.com.br/intibrand/2026/06/11/12_59_57_232_gaby-20fotos-20-28-12060880.jpg?v=1781193597,2026-08-24T17:28:30.310313-03:00,,unknown_not_observed_per_size
89,4890,Blazer Vestido Darleen,Blazer Vestido Darleen Preto,Preto,44,True,VERÃO 2027,Blazers,https://www.intibrand.com/produto/blazer-vestido-darleen-preto-4890,https://cdn.vnda.com.br/intibrand/2026/06/11/12_59_57_232_gaby-20fotos-20-28-12060880.jpg?v=1781193597,2026-08-24T17:28:30.310313-03:00,,unknown_not_observed_per_size
91,4844,Blazer Vestido Dustin Off-White,Blazer Vestido Dustin Off-White,Off White,34,True,VERÃO 2027,Blazers,https://www.intibrand.com/produto/blazer-vestido-dustin-off-white-4844,https://cdn.vnda.com.br/intibrand/2026/03/30/17_32_51_416_gaby-20v-c3-8ddeos-20-20-story-20-202026-03-30t173203-844-17033420.jpg?v=1774902788,2026-08-24T17:28:30.310313-03:00,,unknown_not_observed_per_size
91,4844,Blazer Vestido Dustin Off-White,Blazer Vestido Dustin Off-White,Off White,36,True,VERÃO 2027,Blazers,https://www.intibrand.com/produto/blazer-vestido-dustin-off-white-4844,https://cdn.vnda.com.br/intibrand/2026/03/30/17_32_51_416_gaby-20v-c3-8ddeos-20-20-story-20-202026-03-30t173203-844-17033420.jpg?v=1774902788,2026-08-24T17:28:30.310313-03:00,,unknown_not_observed_per_size
91,4844,Blazer Vestido Dustin Off-White,Blazer Vestido Dustin Off-White,Off White,38,True,VERÃO 2027,Blazers,https://www.intibrand.com/produto/blazer-vestido-dustin-off-white-4844,https://cdn.vnda.com.br/intibrand/2026/03/30/17_32_51_416_gaby-20v-c3-8ddeos-20-20-story-20-202026-03-30t173203-844-17033420.jpg?v=1774902788,2026-08-24T17:28:30.310313-03:00,,unknown_not_observed_per_size
91,4844,Blazer Vestido Dustin Off-White,Blazer Vestido Dustin Off-White,Off White,40,True,VERÃO 2027,Blazers,https://www.intibrand.com/produto/blazer-vestido-dustin-off-white-4844,https://cdn.vnda.com.br/intibrand/2026/03/30/17_32_51_416_gaby-20v-c3-8ddeos-20-20-story-20-202026-03-30t173203-844-17033420.jpg?v=1774902788,2026-08-24T17:28:30.310313-03:00,,unknown_not_observed_per_size
91,4844,Blazer Vestido Dustin Off-White,Blazer Vestido Dustin Off-White,Off White,42,True,VERÃO 2027,Blazers,https://www.intibrand.com/produto/blazer-vestido-dustin-off-white-4844,https://cdn.vnda.com.br/intibrand/2026/03/30/17_32_51_416_gaby-20v-c3-8ddeos-20-20-story-20-202026-03-30t173203-844-17033420.jpg?v=1774902788,2026-08-24T17:28:30.310313-03:00,,unknown_not_observed_per_size
90,4845,Blazer Vestido Dustin,Blazer Vestido Dustin Preto,Preto,34,True,VERÃO 2027,Blazers,https://www.intibrand.com/produto/blazer-vestido-dustin-preto-4845,https://cdn.vnda.com.br/intibrand/2026/03/30/17_29_49_401_gaby-20v-c3-8ddeos-20-20-story-20-202026-03-30t172916-280-17032880.jpg?v=1774902589,2026-08-24T17:28:30.310313-03:00,,unknown_not_observed_per_size
90,4845,Blazer Vestido Dustin,Blazer Vestido Dustin Preto,Preto,36,True,VERÃO 2027,Blazers,https://www.intibrand.com/produto/blazer-vestido-dustin-preto-4845,https://cdn.vnda.com.br/intibrand/2026/03/30/17_29_49_401_gaby-20v-c3-8ddeos-20-20-story-20-202026-03-30t172916-280-17032880.jpg?v=1774902589,2026-08-24T17:28:30.310313-03:00,,unknown_not_observed_per_size
90,4845,Blazer Vestido Dustin,Blazer Vestido Dustin Preto,Preto,38,True,VERÃO 2027,Blazers,https://www.intibrand.com/produto/blazer-vestido-dustin-preto-4845,https://cdn.vnda.com.br/intibrand/2026/03/30/17_29_49_401_gaby-20v-c3-8ddeos-20-20-story-20-202026-03-30t172916-280-17032880.jpg?v=1774902589,2026-08-24T17:28:30.310313-03:00,,unknown_not_observed_per_size
90,4845,Blazer Vestido Dustin,Blazer Vestido Dustin Preto,Preto,40,True,VERÃO 2027,Blazers,https://www.intibrand.com/produto/blazer-vestido-dustin-preto-4845,https://cdn.vnda.com.br/intibrand/2026/03/30/17_29_49_401_gaby-20v-c3-8ddeos-20-20-story-20-202026-03-30t172916-280-17032880.jpg?v=1774902589,2026-08-24T17:28:30.310313-03:00,,unknown_not_observed_per_size
90,4845,Blazer Vestido Dustin,Blazer Vestido Dustin Preto,Preto,42,True,VERÃO 2027,Blazers,https://www.intibrand.com/produto/blazer-vestido-dustin-preto-4845,https://cdn.vnda.com.br/intibrand/2026/03/30/17_29_49_401_gaby-20v-c3-8ddeos-20-20-story-20-202026-03-30t172916-280-17032880.jpg?v=1774902589,2026-08-24T17:28:30.310313-03:00,,unknown_not_observed_per_size
90,4846,Blazer Vestido Dustin,Blazer Vestido Dustin Vermelho,Vermelho,34,True,VERÃO 2027,Blazers,https://www.intibrand.com/produto/blazer-vestido-dustin-vermelho-4846,https://cdn.vnda.com.br/intibrand/2026/07/06/16_44_25_961_blazer-20vestido-20dustin-20vermelho-20frente-202-16076190.jpg?v=1783367068,2026-08-24T17:28:30.310313-03:00,,unknown_not_observed_per_size
90,4846,Blazer Vestido Dustin,Blazer Vestido Dustin Vermelho,Vermelho,36,True,VERÃO 2027,Blazers,https://www.intibrand.com/produto/blazer-vestido-dustin-vermelho-4846,https://cdn.vnda.com.br/intibrand/2026/07/06/16_44_25_961_blazer-20vestido-20dustin-20vermelho-20frente-202-16076190.jpg?v=1783367068,2026-08-24T17:28:30.310313-03:00,,unknown_not_observed_per_size
90,4846,Blazer Vestido Dustin,Blazer Vestido Dustin Vermelho,Vermelho,38,True,VERÃO 2027,Blazers,https://www.intibrand.com/produto/blazer-vestido-dustin-vermelho-4846,https://cdn.vnda.com.br/intibrand/2026/07/06/16_44_25_961_blazer-20vestido-20dustin-20vermelho-20frente-202-16076190.jpg?v=1783367068,2026-08-24T17:28:30.310313-03:00,,unknown_not_observed_per_size
90,4846,Blazer Vestido Dustin,Blazer Vestido Dustin Vermelho,Vermelho,40,True,VERÃO 2027,Blazers,https://www.intibrand.com/produto/blazer-vestido-dustin-vermelho-4846,https://cdn.vnda.com.br/intibrand/2026/07/06/16_44_25_961_blazer-20vestido-20dustin-20vermelho-20frente-202-16076190.jpg?v=1783367068,2026-08-24T17:28:30.310313-03:00,,unknown_not_observed_per_size
90,4846,Blazer Vestido Dustin,Blazer Vestido Dustin Vermelho,Vermelho,42,True,VERÃO 2027,Blazers,https://www.intibrand.com/produto/blazer-vestido-dustin-vermelho-4846,https://cdn.vnda.com.br/intibrand/2026/07/06/16_44_25_961_blazer-20vestido-20dustin-20vermelho-20frente-202-16076190.jpg?v=1783367068,2026-08-24T17:28:30.310313-03:00,,unknown_not_observed_per_size
93,4458,Blazer Vestido Schiffer Off-White,Blazer Vestido Schiffer Off-White,Off White,36,True,VERÃO 2027,Blazers,https://www.intibrand.com/produto/blazer-vestido-schiffer-off-white-4458,https://cdn.vnda.com.br/intibrand/2025/02/03/16_27_45_965_16_2_7_749_blazer20vestido20schiffer20offwhite2020zoom20frente202.jpg?v=1738610865,2026-08-24T17:28:30.310313-03:00,,unknown_not_observed_per_size
93,4458,Blazer Vestido Schiffer Off-White,Blazer Vestido Schiffer Off-White,Off White,38,True,VERÃO 2027,Blazers,https://www.intibrand.com/produto/blazer-vestido-schiffer-off-white-4458,https://cdn.vnda.com.br/intibrand/2025/02/03/16_27_45_965_16_2_7_749_blazer20vestido20schiffer20offwhite2020zoom20frente202.jpg?v=1738610865,2026-08-24T17:28:30.310313-03:00,,unknown_not_observed_per_size
93,4458,Blazer Vestido Schiffer Off-White,Blazer Vestido Schiffer Off-White,Off White,40,True,VERÃO 2027,Blazers,https://www.intibrand.com/produto/blazer-vestido-schiffer-off-white-4458,https://cdn.vnda.com.br/intibrand/2025/02/03/16_27_45_965_16_2_7_749_blazer20vestido20schiffer20offwhite2020zoom20frente202.jpg?v=1738610865,2026-08-24T17:28:30.310313-03:00,,unknown_not_observed_per_size
93,4458,Blazer Vestido Schiffer Off-White,Blazer Vestido Schiffer Off-White,Off White,42,True,VERÃO 2027,Blazers,https://www.intibrand.com/produto/blazer-vestido-schiffer-off-white-4458,https://cdn.vnda.com.br/intibrand/2025/02/03/16_27_45_965_16_2_7_749_blazer20vestido20schiffer20offwhite2020zoom20frente202.jpg?v=1738610865,2026-08-24T17:28:30.310313-03:00,,unknown_not_observed_per_size
92,4459,Blazer Vestido Schiffer,Blazer Vestido Schiffer Preto,Preto,36,True,VERÃO 2027,Blazers,https://www.intibrand.com/produto/blazer-vestido-schiffer-preto-4459,https://cdn.vnda.com.br/intibrand/2025/09/16/13_34_31_460_blazer-20vestido-20schiffer-20preto-20-20zoom-20frente-203-20-1-13099020.jpg?v=1758040484,2026-08-24T17:28:30.310313-03:00,,unknown_not_observed_per_size
92,4459,Blazer Vestido Schiffer,Blazer Vestido Schiffer Preto,Preto,38,True,VERÃO 2027,Blazers,https://www.intibrand.com/produto/blazer-vestido-schiffer-preto-4459,https://cdn.vnda.com.br/intibrand/2025/09/16/13_34_31_460_blazer-20vestido-20schiffer-20preto-20-20zoom-20frente-203-20-1-13099020.jpg?v=1758040484,2026-08-24T17:28:30.310313-03:00,,unknown_not_observed_per_size
92,4459,Blazer Vestido Schiffer,Blazer Vestido Schiffer Preto,Preto,40,True,VERÃO 2027,Blazers,https://www.intibrand.com/produto/blazer-vestido-schiffer-preto-4459,https://cdn.vnda.com.br/intibrand/2025/09/16/13_34_31_460_blazer-20vestido-20schiffer-20preto-20-20zoom-20frente-203-20-1-13099020.jpg?v=1758040484,2026-08-24T17:28:30.310313-03:00,,unknown_not_observed_per_size
92,4459,Blazer Vestido Schiffer,Blazer Vestido Schiffer Preto,Preto,42,True,VERÃO 2027,Blazers,https://www.intibrand.com/produto/blazer-vestido-schiffer-preto-4459,https://cdn.vnda.com.br/intibrand/2025/09/16/13_34_31_460_blazer-20vestido-20schiffer-20preto-20-20zoom-20frente-203-20-1-13099020.jpg?v=1758040484,2026-08-24T17:28:30.310313-03:00,,unknown_not_observed_per_size
94,4849,Blazer Vestido Vincent,Blazer Vestido Vincent Caramelo,Caramelo,34,True,VERÃO 2027,Blazers,https://www.intibrand.com/produto/blazer-vestido-vincent-caramelo-4849,https://cdn.vnda.com.br/intibrand/2026/03/30/17_59_45_780_gaby-20v-c3-8ddeos-20-20-story-20-202026-03-30t175855-299-17036470.jpg?v=1774904385,2026-08-24T17:28:30.310313-03:00,,unknown_not_observed_per_size
94,4849,Blazer Vestido Vincent,Blazer Vestido Vincent Caramelo,Caramelo,36,True,VERÃO 2027,Blazers,https://www.intibrand.com/produto/blazer-vestido-vincent-caramelo-4849,https://cdn.vnda.com.br/intibrand/2026/03/30/17_59_45_780_gaby-20v-c3-8ddeos-20-20-story-20-202026-03-30t175855-299-17036470.jpg?v=1774904385,2026-08-24T17:28:30.310313-03:00,,unknown_not_observed_per_size
94,4849,Blazer Vestido Vincent,Blazer Vestido Vincent Caramelo,Caramelo,38,True,VERÃO 2027,Blazers,https://www.intibrand.com/produto/blazer-vestido-vincent-caramelo-4849,https://cdn.vnda.com.br/intibrand/2026/03/30/17_59_45_780_gaby-20v-c3-8ddeos-20-20-story-20-202026-03-30t175855-299-17036470.jpg?v=1774904385,2026-08-24T17:28:30.310313-03:00,,unknown_not_observed_per_size
94,4849,Blazer Vestido Vincent,Blazer Vestido Vincent Caramelo,Caramelo,40,True,VERÃO 2027,Blazers,https://www.intibrand.com/produto/blazer-vestido-vincent-caramelo-4849,https://cdn.vnda.com.br/intibrand/2026/03/30/17_59_45_780_gaby-20v-c3-8ddeos-20-20-story-20-202026-03-30t175855-299-17036470.jpg?v=1774904385,2026-08-24T17:28:30.310313-03:00,,unknown_not_observed_per_size
94,4849,Blazer Vestido Vincent,Blazer Vestido Vincent Caramelo,Caramelo,42,True,VERÃO 2027,Blazers,https://www.intibrand.com/produto/blazer-vestido-vincent-caramelo-4849,https://cdn.vnda.com.br/intibrand/2026/03/30/17_59_45_780_gaby-20v-c3-8ddeos-20-20-story-20-202026-03-30t175855-299-17036470.jpg?v=1774904385,2026-08-24T17:28:30.310313-03:00,,unknown_not_observed_per_size
94,4849,Blazer Vestido Vincent,Blazer Vestido Vincent Caramelo,Caramelo,44,True,VERÃO 2027,Blazers,https://www.intibrand.com/produto/blazer-vestido-vincent-caramelo-4849,https://cdn.vnda.com.br/intibrand/2026/03/30/17_59_45_780_gaby-20v-c3-8ddeos-20-20-story-20-202026-03-30t175855-299-17036470.jpg?v=1774904385,2026-08-24T17:28:30.310313-03:00,,unknown_not_observed_per_size
95,4847,Blazer Vestido Vincent Off-White,Blazer Vestido Vincent Off-White,Off White,34,True,VERÃO 2027,Blazers,https://www.intibrand.com/produto/blazer-vestido-vincent-off-white-4847,https://cdn.vnda.com.br/intibrand/2026/03/30/18_03_32_344_gaby-20v-c3-8ddeos-20-20-story-20-202026-03-30t180311-394-18039810.jpg?v=1774904628,2026-08-24T17:28:30.310313-03:00,,unknown_not_observed_per_size
95,4847,Blazer Vestido Vincent Off-White,Blazer Vestido Vincent Off-White,Off White,36,True,VERÃO 2027,Blazers,https://www.intibrand.com/produto/blazer-vestido-vincent-off-white-4847,https://cdn.vnda.com.br/intibrand/2026/03/30/18_03_32_344_gaby-20v-c3-8ddeos-20-20-story-20-202026-03-30t180311-394-18039810.jpg?v=1774904628,2026-08-24T17:28:30.310313-03:00,,unknown_not_observed_per_size
95,4847,Blazer Vestido Vincent Off-White,Blazer Vestido Vincent Off-White,Off White,38,True,VERÃO 2027,Blazers,https://www.intibrand.com/produto/blazer-vestido-vincent-off-white-4847,https://cdn.vnda.com.br/intibrand/2026/03/30/18_03_32_344_gaby-20v-c3-8ddeos-20-20-story-20-202026-03-30t180311-394-18039810.jpg?v=1774904628,2026-08-24T17:28:30.310313-03:00,,unknown_not_observed_per_size
95,4847,Blazer Vestido Vincent Off-White,Blazer Vestido Vincent Off-White,Off White,40,True,VERÃO 2027,Blazers,https://www.intibrand.com/produto/blazer-vestido-vincent-off-white-4847,https://cdn.vnda.com.br/intibrand/2026/03/30/18_03_32_344_gaby-20v-c3-8ddeos-20-20-story-20-202026-03-30t180311-394-18039810.jpg?v=1774904628,2026-08-24T17:28:30.310313-03:00,,unknown_not_observed_per_size
95,4847,Blazer Vestido Vincent Off-White,Blazer Vestido Vincent Off-White,Off White,42,True,VERÃO 2027,Blazers,https://www.intibrand.com/produto/blazer-vestido-vincent-off-white-4847,https://cdn.vnda.com.br/intibrand/2026/03/30/18_03_32_344_gaby-20v-c3-8ddeos-20-20-story-20-202026-03-30t180311-394-18039810.jpg?v=1774904628,2026-08-24T17:28:30.310313-03:00,,unknown_not_observed_per_size
95,4847,Blazer Vestido Vincent Off-White,Blazer Vestido Vincent Off-White,Off White,44,True,VERÃO 2027,Blazers,https://www.intibrand.com/produto/blazer-vestido-vincent-off-white-4847,https://cdn.vnda.com.br/intibrand/2026/03/30/18_03_32_344_gaby-20v-c3-8ddeos-20-20-story-20-202026-03-30t180311-394-18039810.jpg?v=1774904628,2026-08-24T17:28:30.310313-03:00,,unknown_not_observed_per_size
94,4848,Blazer Vestido Vincent,Blazer Vestido Vincent Preto,Preto,34,True,VERÃO 2027,Blazers,https://www.intibrand.com/produto/blazer-vestido-vincent-preto-4848,https://cdn.vnda.com.br/intibrand/2026/03/30/18_01_50_270_gaby-20v-c3-8ddeos-20-20-story-20-202026-03-30t180018-515-18030230.jpg?v=1774904510,2026-08-24T17:28:30.310313-03:00,,unknown_not_observed_per_size
94,4848,Blazer Vestido Vincent,Blazer Vestido Vincent Preto,Preto,36,True,VERÃO 2027,Blazers,https://www.intibrand.com/produto/blazer-vestido-vincent-preto-4848,https://cdn.vnda.com.br/intibrand/2026/03/30/18_01_50_270_gaby-20v-c3-8ddeos-20-20-story-20-202026-03-30t180018-515-18030230.jpg?v=1774904510,2026-08-24T17:28:30.310313-03:00,,unknown_not_observed_per_size
94,4848,Blazer Vestido Vincent,Blazer Vestido Vincent Preto,Preto,38,True,VERÃO 2027,Blazers,https://www.intibrand.com/produto/blazer-vestido-vincent-preto-4848,https://cdn.vnda.com.br/intibrand/2026/03/30/18_01_50_270_gaby-20v-c3-8ddeos-20-20-story-20-202026-03-30t180018-515-18030230.jpg?v=1774904510,2026-08-24T17:28:30.310313-03:00,,unknown_not_observed_per_size
94,4848,Blazer Vestido Vincent,Blazer Vestido Vincent Preto,Preto,40,True,VERÃO 2027,Blazers,https://www.intibrand.com/produto/blazer-vestido-vincent-preto-4848,https://cdn.vnda.com.br/intibrand/2026/03/30/18_01_50_270_gaby-20v-c3-8ddeos-20-20-story-20-202026-03-30t180018-515-18030230.jpg?v=1774904510,2026-08-24T17:28:30.310313-03:00,,unknown_not_observed_per_size
94,4848,Blazer Vestido Vincent,Blazer Vestido Vincent Preto,Preto,42,True,VERÃO 2027,Blazers,https://www.intibrand.com/produto/blazer-vestido-vincent-preto-4848,https://cdn.vnda.com.br/intibrand/2026/03/30/18_01_50_270_gaby-20v-c3-8ddeos-20-20-story-20-202026-03-30t180018-515-18030230.jpg?v=1774904510,2026-08-24T17:28:30.310313-03:00,,unknown_not_observed_per_size
94,4848,Blazer Vestido Vincent,Blazer Vestido Vincent Preto,Preto,44,True,VERÃO 2027,Blazers,https://www.intibrand.com/produto/blazer-vestido-vincent-preto-4848,https://cdn.vnda.com.br/intibrand/2026/03/30/18_01_50_270_gaby-20v-c3-8ddeos-20-20-story-20-202026-03-30t180018-515-18030230.jpg?v=1774904510,2026-08-24T17:28:30.310313-03:00,,unknown_not_observed_per_size
97,4940,Blusa Alexis Off-White,Blusa Alexis Off-White,Off White,34,True,VERÃO 2027,Blusas,https://www.intibrand.com/produto/blusa-alexis-off-white-4940,https://cdn.vnda.com.br/intibrand/2026/05/25/13_46_52_255_blusa-20alexis-20off-white-20-2b-20cal-c3-87a-20jeans-20malcolm-20azul-20escuro-20zoom-20frente-13053830.jpg?v=1779727612,2026-08-24T17:28:30.310313-03:00,,unknown_not_observed_per_size
97,4940,Blusa Alexis Off-White,Blusa Alexis Off-White,Off White,36,True,VERÃO 2027,Blusas,https://www.intibrand.com/produto/blusa-alexis-off-white-4940,https://cdn.vnda.com.br/intibrand/2026/05/25/13_46_52_255_blusa-20alexis-20off-white-20-2b-20cal-c3-87a-20jeans-20malcolm-20azul-20escuro-20zoom-20frente-13053830.jpg?v=1779727612,2026-08-24T17:28:30.310313-03:00,,unknown_not_observed_per_size
97,4940,Blusa Alexis Off-White,Blusa Alexis Off-White,Off White,38,True,VERÃO 2027,Blusas,https://www.intibrand.com/produto/blusa-alexis-off-white-4940,https://cdn.vnda.com.br/intibrand/2026/05/25/13_46_52_255_blusa-20alexis-20off-white-20-2b-20cal-c3-87a-20jeans-20malcolm-20azul-20escuro-20zoom-20frente-13053830.jpg?v=1779727612,2026-08-24T17:28:30.310313-03:00,,unknown_not_observed_per_size
97,4940,Blusa Alexis Off-White,Blusa Alexis Off-White,Off White,40,True,VERÃO 2027,Blusas,https://www.intibrand.com/produto/blusa-alexis-off-white-4940,https://cdn.vnda.com.br/intibrand/2026/05/25/13_46_52_255_blusa-20alexis-20off-white-20-2b-20cal-c3-87a-20jeans-20malcolm-20azul-20escuro-20zoom-20frente-13053830.jpg?v=1779727612,2026-08-24T17:28:30.310313-03:00,,unknown_not_observed_per_size
97,4940,Blusa Alexis Off-White,Blusa Alexis Off-White,Off White,42,True,VERÃO 2027,Blusas,https://www.intibrand.com/produto/blusa-alexis-off-white-4940,https://cdn.vnda.com.br/intibrand/2026/05/25/13_46_52_255_blusa-20alexis-20off-white-20-2b-20cal-c3-87a-20jeans-20malcolm-20azul-20escuro-20zoom-20frente-13053830.jpg?v=1779727612,2026-08-24T17:28:30.310313-03:00,,unknown_not_observed_per_size
97,4940,Blusa Alexis Off-White,Blusa Alexis Off-White,Off White,44,True,VERÃO 2027,Blusas,https://www.intibrand.com/produto/blusa-alexis-off-white-4940,https://cdn.vnda.com.br/intibrand/2026/05/25/13_46_52_255_blusa-20alexis-20off-white-20-2b-20cal-c3-87a-20jeans-20malcolm-20azul-20escuro-20zoom-20frente-13053830.jpg?v=1779727612,2026-08-24T17:28:30.310313-03:00,,unknown_not_observed_per_size
12,4957,BLUSA ALEXIS OFF-WHITE + CALÇA JEANS MALCOLM AZUL ESCURO,BLUSA ALEXIS OFF-WHITE + CALÇA JEANS MALCOLM AZUL ESCURO,Off White,34,True,VERÃO 2027,Blusas,https://www.intibrand.com/produto/blusa-alexis-off-white-calca-jeans-malcolm-azul-escuro-4957,https://cdn.vnda.com.br/intibrand/2026/06/08/13_25_45_340_gaby-20fotos-20-19-13060250.jpg?v=1780935958,2026-08-24T17:28:30.310313-03:00,,unknown_not_observed_per_size
12,4957,BLUSA ALEXIS OFF-WHITE + CALÇA JEANS MALCOLM AZUL ESCURO,BLUSA ALEXIS OFF-WHITE + CALÇA JEANS MALCOLM AZUL ESCURO,Off White,36,True,VERÃO 2027,Blusas,https://www.intibrand.com/produto/blusa-alexis-off-white-calca-jeans-malcolm-azul-escuro-4957,https://cdn.vnda.com.br/intibrand/2026/06/08/13_25_45_340_gaby-20fotos-20-19-13060250.jpg?v=1780935958,2026-08-24T17:28:30.310313-03:00,,unknown_not_observed_per_size
12,4957,BLUSA ALEXIS OFF-WHITE + CALÇA JEANS MALCOLM AZUL ESCURO,BLUSA ALEXIS OFF-WHITE + CALÇA JEANS MALCOLM AZUL ESCURO,Off White,38,True,VERÃO 2027,Blusas,https://www.intibrand.com/produto/blusa-alexis-off-white-calca-jeans-malcolm-azul-escuro-4957,https://cdn.vnda.com.br/intibrand/2026/06/08/13_25_45_340_gaby-20fotos-20-19-13060250.jpg?v=1780935958,2026-08-24T17:28:30.310313-03:00,,unknown_not_observed_per_size
12,4957,BLUSA ALEXIS OFF-WHITE + CALÇA JEANS MALCOLM AZUL ESCURO,BLUSA ALEXIS OFF-WHITE + CALÇA JEANS MALCOLM AZUL ESCURO,Off White,40,True,VERÃO 2027,Blusas,https://www.intibrand.com/produto/blusa-alexis-off-white-calca-jeans-malcolm-azul-escuro-4957,https://cdn.vnda.com.br/intibrand/2026/06/08/13_25_45_340_gaby-20fotos-20-19-13060250.jpg?v=1780935958,2026-08-24T17:28:30.310313-03:00,,unknown_not_observed_per_size
12,4957,BLUSA ALEXIS OFF-WHITE + CALÇA JEANS MALCOLM AZUL ESCURO,BLUSA ALEXIS OFF-WHITE + CALÇA JEANS MALCOLM AZUL ESCURO,Off White,42,True,VERÃO 2027,Blusas,https://www.intibrand.com/produto/blusa-alexis-off-white-calca-jeans-malcolm-azul-escuro-4957,https://cdn.vnda.com.br/intibrand/2026/06/08/13_25_45_340_gaby-20fotos-20-19-13060250.jpg?v=1780935958,2026-08-24T17:28:30.310313-03:00,,unknown_not_observed_per_size
12,4957,BLUSA ALEXIS OFF-WHITE + CALÇA JEANS MALCOLM AZUL ESCURO,BLUSA ALEXIS OFF-WHITE + CALÇA JEANS MALCOLM AZUL ESCURO,Off White,44,True,VERÃO 2027,Blusas,https://www.intibrand.com/produto/blusa-alexis-off-white-calca-jeans-malcolm-azul-escuro-4957,https://cdn.vnda.com.br/intibrand/2026/06/08/13_25_45_340_gaby-20fotos-20-19-13060250.jpg?v=1780935958,2026-08-24T17:28:30.310313-03:00,,unknown_not_observed_per_size
13,4956,BLUSA ALEXIS PRETA + CALÇA JEANS MALCOLM AZUL ESCURO,BLUSA ALEXIS PRETA + CALÇA JEANS MALCOLM AZUL ESCURO,Azul,34,True,VERÃO 2027,Blusas,https://www.intibrand.com/produto/blusa-alexis-preta-calca-jeans-malcolm-azul-escuro-4956,https://cdn.vnda.com.br/intibrand/2026/06/08/13_20_24_969_blusa-20alexis-20preta-20-2b-20cal-c3-87a-20jeans-20malcolm-20azul-20escuro-20frente-203-20-1-13068430.jpg?v=1780935654,2026-08-24T17:28:30.310313-03:00,,unknown_not_observed_per_size
13,4956,BLUSA ALEXIS PRETA + CALÇA JEANS MALCOLM AZUL ESCURO,BLUSA ALEXIS PRETA + CALÇA JEANS MALCOLM AZUL ESCURO,Azul,36,True,VERÃO 2027,Blusas,https://www.intibrand.com/produto/blusa-alexis-preta-calca-jeans-malcolm-azul-escuro-4956,https://cdn.vnda.com.br/intibrand/2026/06/08/13_20_24_969_blusa-20alexis-20preta-20-2b-20cal-c3-87a-20jeans-20malcolm-20azul-20escuro-20frente-203-20-1-13068430.jpg?v=1780935654,2026-08-24T17:28:30.310313-03:00,,unknown_not_observed_per_size
13,4956,BLUSA ALEXIS PRETA + CALÇA JEANS MALCOLM AZUL ESCURO,BLUSA ALEXIS PRETA + CALÇA JEANS MALCOLM AZUL ESCURO,Azul,38,True,VERÃO 2027,Blusas,https://www.intibrand.com/produto/blusa-alexis-preta-calca-jeans-malcolm-azul-escuro-4956,https://cdn.vnda.com.br/intibrand/2026/06/08/13_20_24_969_blusa-20alexis-20preta-20-2b-20cal-c3-87a-20jeans-20malcolm-20azul-20escuro-20frente-203-20-1-13068430.jpg?v=1780935654,2026-08-24T17:28:30.310313-03:00,,unknown_not_observed_per_size
13,4956,BLUSA ALEXIS PRETA + CALÇA JEANS MALCOLM AZUL ESCURO,BLUSA ALEXIS PRETA + CALÇA JEANS MALCOLM AZUL ESCURO,Azul,40,True,VERÃO 2027,Blusas,https://www.intibrand.com/produto/blusa-alexis-preta-calca-jeans-malcolm-azul-escuro-4956,https://cdn.vnda.com.br/intibrand/2026/06/08/13_20_24_969_blusa-20alexis-20preta-20-2b-20cal-c3-87a-20jeans-20malcolm-20azul-20escuro-20frente-203-20-1-13068430.jpg?v=1780935654,2026-08-24T17:28:30.310313-03:00,,unknown_not_observed_per_size
13,4956,BLUSA ALEXIS PRETA + CALÇA JEANS MALCOLM AZUL ESCURO,BLUSA ALEXIS PRETA + CALÇA JEANS MALCOLM AZUL ESCURO,Azul,42,True,VERÃO 2027,Blusas,https://www.intibrand.com/produto/blusa-alexis-preta-calca-jeans-malcolm-azul-escuro-4956,https://cdn.vnda.com.br/intibrand/2026/06/08/13_20_24_969_blusa-20alexis-20preta-20-2b-20cal-c3-87a-20jeans-20malcolm-20azul-20escuro-20frente-203-20-1-13068430.jpg?v=1780935654,2026-08-24T17:28:30.310313-03:00,,unknown_not_observed_per_size
13,4956,BLUSA ALEXIS PRETA + CALÇA JEANS MALCOLM AZUL ESCURO,BLUSA ALEXIS PRETA + CALÇA JEANS MALCOLM AZUL ESCURO,Azul,44,True,VERÃO 2027,Blusas,https://www.intibrand.com/produto/blusa-alexis-preta-calca-jeans-malcolm-azul-escuro-4956,https://cdn.vnda.com.br/intibrand/2026/06/08/13_20_24_969_blusa-20alexis-20preta-20-2b-20cal-c3-87a-20jeans-20malcolm-20azul-20escuro-20frente-203-20-1-13068430.jpg?v=1780935654,2026-08-24T17:28:30.310313-03:00,,unknown_not_observed_per_size
96,4941,Blusa Alexis,Blusa Alexis Preto,Preto,34,True,VERÃO 2027,Blusas,https://www.intibrand.com/produto/blusa-alexis-preto-4941,https://cdn.vnda.com.br/intibrand/2026/05/25/13_45_43_433_blusa-20alexis-20preta-20-2b-20cal-c3-87a-20jeans-20malcolm-20azul-20escuro-20zoom-202-13051930.jpg?v=1779727554,2026-08-24T17:28:30.310313-03:00,,unknown_not_observed_per_size
96,4941,Blusa Alexis,Blusa Alexis Preto,Preto,36,True,VERÃO 2027,Blusas,https://www.intibrand.com/produto/blusa-alexis-preto-4941,https://cdn.vnda.com.br/intibrand/2026/05/25/13_45_43_433_blusa-20alexis-20preta-20-2b-20cal-c3-87a-20jeans-20malcolm-20azul-20escuro-20zoom-202-13051930.jpg?v=1779727554,2026-08-24T17:28:30.310313-03:00,,unknown_not_observed_per_size
96,4941,Blusa Alexis,Blusa Alexis Preto,Preto,38,True,VERÃO 2027,Blusas,https://www.intibrand.com/produto/blusa-alexis-preto-4941,https://cdn.vnda.com.br/intibrand/2026/05/25/13_45_43_433_blusa-20alexis-20preta-20-2b-20cal-c3-87a-20jeans-20malcolm-20azul-20escuro-20zoom-202-13051930.jpg?v=1779727554,2026-08-24T17:28:30.310313-03:00,,unknown_not_observed_per_size
96,4941,Blusa Alexis,Blusa Alexis Preto,Preto,40,True,VERÃO 2027,Blusas,https://www.intibrand.com/produto/blusa-alexis-preto-4941,https://cdn.vnda.com.br/intibrand/2026/05/25/13_45_43_433_blusa-20alexis-20preta-20-2b-20cal-c3-87a-20jeans-20malcolm-20azul-20escuro-20zoom-202-13051930.jpg?v=1779727554,2026-08-24T17:28:30.310313-03:00,,unknown_not_observed_per_size
96,4941,Blusa Alexis,Blusa Alexis Preto,Preto,42,True,VERÃO 2027,Blusas,https://www.intibrand.com/produto/blusa-alexis-preto-4941,https://cdn.vnda.com.br/intibrand/2026/05/25/13_45_43_433_blusa-20alexis-20preta-20-2b-20cal-c3-87a-20jeans-20malcolm-20azul-20escuro-20zoom-202-13051930.jpg?v=1779727554,2026-08-24T17:28:30.310313-03:00,,unknown_not_observed_per_size
96,4941,Blusa Alexis,Blusa Alexis Preto,Preto,44,True,VERÃO 2027,Blusas,https://www.intibrand.com/produto/blusa-alexis-preto-4941,https://cdn.vnda.com.br/intibrand/2026/05/25/13_45_43_433_blusa-20alexis-20preta-20-2b-20cal-c3-87a-20jeans-20malcolm-20azul-20escuro-20zoom-202-13051930.jpg?v=1779727554,2026-08-24T17:28:30.310313-03:00,,unknown_not_observed_per_size
99,4631,Blusa Alpheus Off-White,Blusa Alpheus Off-White,Off White,34,True,VERÃO 2027,Blusas,https://www.intibrand.com/produto/blusa-alpheus-off-white-4631,https://cdn.vnda.com.br/intibrand/2025/10/01/18_27_02_166_blusa-20alpheus-20off-white-20-2b-20cal-c3-87a-20jeans-20dihl-20azul-20escuro-20zoom-202-20reedit-18103840.jpg?v=1759357516,2026-08-24T17:28:30.310313-03:00,,unknown_not_observed_per_size
99,4631,Blusa Alpheus Off-White,Blusa Alpheus Off-White,Off White,36,True,VERÃO 2027,Blusas,https://www.intibrand.com/produto/blusa-alpheus-off-white-4631,https://cdn.vnda.com.br/intibrand/2025/10/01/18_27_02_166_blusa-20alpheus-20off-white-20-2b-20cal-c3-87a-20jeans-20dihl-20azul-20escuro-20zoom-202-20reedit-18103840.jpg?v=1759357516,2026-08-24T17:28:30.310313-03:00,,unknown_not_observed_per_size
99,4631,Blusa Alpheus Off-White,Blusa Alpheus Off-White,Off White,38,True,VERÃO 2027,Blusas,https://www.intibrand.com/produto/blusa-alpheus-off-white-4631,https://cdn.vnda.com.br/intibrand/2025/10/01/18_27_02_166_blusa-20alpheus-20off-white-20-2b-20cal-c3-87a-20jeans-20dihl-20azul-20escuro-20zoom-202-20reedit-18103840.jpg?v=1759357516,2026-08-24T17:28:30.310313-03:00,,unknown_not_observed_per_size
99,4631,Blusa Alpheus Off-White,Blusa Alpheus Off-White,Off White,40,True,VERÃO 2027,Blusas,https://www.intibrand.com/produto/blusa-alpheus-off-white-4631,https://cdn.vnda.com.br/intibrand/2025/10/01/18_27_02_166_blusa-20alpheus-20off-white-20-2b-20cal-c3-87a-20jeans-20dihl-20azul-20escuro-20zoom-202-20reedit-18103840.jpg?v=1759357516,2026-08-24T17:28:30.310313-03:00,,unknown_not_observed_per_size
99,4631,Blusa Alpheus Off-White,Blusa Alpheus Off-White,Off White,42,True,VERÃO 2027,Blusas,https://www.intibrand.com/produto/blusa-alpheus-off-white-4631,https://cdn.vnda.com.br/intibrand/2025/10/01/18_27_02_166_blusa-20alpheus-20off-white-20-2b-20cal-c3-87a-20jeans-20dihl-20azul-20escuro-20zoom-202-20reedit-18103840.jpg?v=1759357516,2026-08-24T17:28:30.310313-03:00,,unknown_not_observed_per_size
99,4631,Blusa Alpheus Off-White,Blusa Alpheus Off-White,Off White,44,True,VERÃO 2027,Blusas,https://www.intibrand.com/produto/blusa-alpheus-off-white-4631,https://cdn.vnda.com.br/intibrand/2025/10/01/18_27_02_166_blusa-20alpheus-20off-white-20-2b-20cal-c3-87a-20jeans-20dihl-20azul-20escuro-20zoom-202-20reedit-18103840.jpg?v=1759357516,2026-08-24T17:28:30.310313-03:00,,unknown_not_observed_per_size
98,4632,Blusa Alpheus,Blusa Alpheus Preto,Preto,34,True,VERÃO 2027,Blusas,https://www.intibrand.com/produto/blusa-alpheus-preto-4632,https://cdn.vnda.com.br/intibrand/2025/09/24/11_56_47_899_blusa-20alpheus-20preta-20-2b-20cal-c3-87a-20jeans-20dihl-20azul-20escuro-20zoom-20frente-203-11091560.jpg?v=1759964837,2026-08-24T17:28:30.310313-03:00,,unknown_not_observed_per_size
98,4632,Blusa Alpheus,Blusa Alpheus Preto,Preto,36,True,VERÃO 2027,Blusas,https://www.intibrand.com/produto/blusa-alpheus-preto-4632,https://cdn.vnda.com.br/intibrand/2025/09/24/11_56_47_899_blusa-20alpheus-20preta-20-2b-20cal-c3-87a-20jeans-20dihl-20azul-20escuro-20zoom-20frente-203-11091560.jpg?v=1759964837,2026-08-24T17:28:30.310313-03:00,,unknown_not_observed_per_size
98,4632,Blusa Alpheus,Blusa Alpheus Preto,Preto,38,True,VERÃO 2027,Blusas,https://www.intibrand.com/produto/blusa-alpheus-preto-4632,https://cdn.vnda.com.br/intibrand/2025/09/24/11_56_47_899_blusa-20alpheus-20preta-20-2b-20cal-c3-87a-20jeans-20dihl-20azul-20escuro-20zoom-20frente-203-11091560.jpg?v=1759964837,2026-08-24T17:28:30.310313-03:00,,unknown_not_observed_per_size
98,4632,Blusa Alpheus,Blusa Alpheus Preto,Preto,40,True,VERÃO 2027,Blusas,https://www.intibrand.com/produto/blusa-alpheus-preto-4632,https://cdn.vnda.com.br/intibrand/2025/09/24/11_56_47_899_blusa-20alpheus-20preta-20-2b-20cal-c3-87a-20jeans-20dihl-20azul-20escuro-20zoom-20frente-203-11091560.jpg?v=1759964837,2026-08-24T17:28:30.310313-03:00,,unknown_not_observed_per_size
98,4632,Blusa Alpheus,Blusa Alpheus Preto,Preto,42,True,VERÃO 2027,Blusas,https://www.intibrand.com/produto/blusa-alpheus-preto-4632,https://cdn.vnda.com.br/intibrand/2025/09/24/11_56_47_899_blusa-20alpheus-20preta-20-2b-20cal-c3-87a-20jeans-20dihl-20azul-20escuro-20zoom-20frente-203-11091560.jpg?v=1759964837,2026-08-24T17:28:30.310313-03:00,,unknown_not_observed_per_size
98,4632,Blusa Alpheus,Blusa Alpheus Preto,Preto,44,True,VERÃO 2027,Blusas,https://www.intibrand.com/produto/blusa-alpheus-preto-4632,https://cdn.vnda.com.br/intibrand/2025/09/24/11_56_47_899_blusa-20alpheus-20preta-20-2b-20cal-c3-87a-20jeans-20dihl-20azul-20escuro-20zoom-20frente-203-11091560.jpg?v=1759964837,2026-08-24T17:28:30.310313-03:00,,unknown_not_observed_per_size
100,4896,Blusa Cesare,Blusa Cesare Preto,Preto,34,True,VERÃO 2027,Blusas,https://www.intibrand.com/produto/blusa-cesare-preto-4896,https://cdn.vnda.com.br/intibrand/2026/05/06/16_29_35_588_blusa-20cesare-20preto-20-2b-20cal-c3-87a-20jeans-20malcolm-20azul-20clara-20frente-20zoom-20lado-16055130.jpg?v=1778095775,2026-08-24T17:28:30.310313-03:00,,unknown_not_observed_per_size
100,4896,Blusa Cesare,Blusa Cesare Preto,Preto,36,True,VERÃO 2027,Blusas,https://www.intibrand.com/produto/blusa-cesare-preto-4896,https://cdn.vnda.com.br/intibrand/2026/05/06/16_29_35_588_blusa-20cesare-20preto-20-2b-20cal-c3-87a-20jeans-20malcolm-20azul-20clara-20frente-20zoom-20lado-16055130.jpg?v=1778095775,2026-08-24T17:28:30.310313-03:00,,unknown_not_observed_per_size
100,4896,Blusa Cesare,Blusa Cesare Preto,Preto,38,True,VERÃO 2027,Blusas,https://www.intibrand.com/produto/blusa-cesare-preto-4896,https://cdn.vnda.com.br/intibrand/2026/05/06/16_29_35_588_blusa-20cesare-20preto-20-2b-20cal-c3-87a-20jeans-20malcolm-20azul-20clara-20frente-20zoom-20lado-16055130.jpg?v=1778095775,2026-08-24T17:28:30.310313-03:00,,unknown_not_observed_per_size
100,4896,Blusa Cesare,Blusa Cesare Preto,Preto,40,True,VERÃO 2027,Blusas,https://www.intibrand.com/produto/blusa-cesare-preto-4896,https://cdn.vnda.com.br/intibrand/2026/05/06/16_29_35_588_blusa-20cesare-20preto-20-2b-20cal-c3-87a-20jeans-20malcolm-20azul-20clara-20frente-20zoom-20lado-16055130.jpg?v=1778095775,2026-08-24T17:28:30.310313-03:00,,unknown_not_observed_per_size
100,4896,Blusa Cesare,Blusa Cesare Preto,Preto,42,True,VERÃO 2027,Blusas,https://www.intibrand.com/produto/blusa-cesare-preto-4896,https://cdn.vnda.com.br/intibrand/2026/05/06/16_29_35_588_blusa-20cesare-20preto-20-2b-20cal-c3-87a-20jeans-20malcolm-20azul-20clara-20frente-20zoom-20lado-16055130.jpg?v=1778095775,2026-08-24T17:28:30.310313-03:00,,unknown_not_observed_per_size
100,4896,Blusa Cesare,Blusa Cesare Preto,Preto,44,True,VERÃO 2027,Blusas,https://www.intibrand.com/produto/blusa-cesare-preto-4896,https://cdn.vnda.com.br/intibrand/2026/05/06/16_29_35_588_blusa-20cesare-20preto-20-2b-20cal-c3-87a-20jeans-20malcolm-20azul-20clara-20frente-20zoom-20lado-16055130.jpg?v=1778095775,2026-08-24T17:28:30.310313-03:00,,unknown_not_observed_per_size
14,4918,BLUSA CESARE + SAIA RILEY | OFF-WHITE,BLUSA CESARE + SAIA RILEY | OFF-WHITE,Off White,34,True,VERÃO 2027,Blusas,https://www.intibrand.com/produto/blusa-cesare-saia-riley-off-white-4918,https://cdn.vnda.com.br/intibrand/2026/05/11/17_27_40_726_gaby-20v-c3-8ddeos-20-20-story-20-202026-05-11t172610-585-17057770.jpg?v=1778531264,2026-08-24T17:28:30.310313-03:00,,unknown_not_observed_per_size
14,4918,BLUSA CESARE + SAIA RILEY | OFF-WHITE,BLUSA CESARE + SAIA RILEY | OFF-WHITE,Off White,36,True,VERÃO 2027,Blusas,https://www.intibrand.com/produto/blusa-cesare-saia-riley-off-white-4918,https://cdn.vnda.com.br/intibrand/2026/05/11/17_27_40_726_gaby-20v-c3-8ddeos-20-20-story-20-202026-05-11t172610-585-17057770.jpg?v=1778531264,2026-08-24T17:28:30.310313-03:00,,unknown_not_observed_per_size
14,4918,BLUSA CESARE + SAIA RILEY | OFF-WHITE,BLUSA CESARE + SAIA RILEY | OFF-WHITE,Off White,38,True,VERÃO 2027,Blusas,https://www.intibrand.com/produto/blusa-cesare-saia-riley-off-white-4918,https://cdn.vnda.com.br/intibrand/2026/05/11/17_27_40_726_gaby-20v-c3-8ddeos-20-20-story-20-202026-05-11t172610-585-17057770.jpg?v=1778531264,2026-08-24T17:28:30.310313-03:00,,unknown_not_observed_per_size
14,4918,BLUSA CESARE + SAIA RILEY | OFF-WHITE,BLUSA CESARE + SAIA RILEY | OFF-WHITE,Off White,40,True,VERÃO 2027,Blusas,https://www.intibrand.com/produto/blusa-cesare-saia-riley-off-white-4918,https://cdn.vnda.com.br/intibrand/2026/05/11/17_27_40_726_gaby-20v-c3-8ddeos-20-20-story-20-202026-05-11t172610-585-17057770.jpg?v=1778531264,2026-08-24T17:28:30.310313-03:00,,unknown_not_observed_per_size
14,4918,BLUSA CESARE + SAIA RILEY | OFF-WHITE,BLUSA CESARE + SAIA RILEY | OFF-WHITE,Off White,42,True,VERÃO 2027,Blusas,https://www.intibrand.com/produto/blusa-cesare-saia-riley-off-white-4918,https://cdn.vnda.com.br/intibrand/2026/05/11/17_27_40_726_gaby-20v-c3-8ddeos-20-20-story-20-202026-05-11t172610-585-17057770.jpg?v=1778531264,2026-08-24T17:28:30.310313-03:00,,unknown_not_observed_per_size
14,4918,BLUSA CESARE + SAIA RILEY | OFF-WHITE,BLUSA CESARE + SAIA RILEY | OFF-WHITE,Off White,44,True,VERÃO 2027,Blusas,https://www.intibrand.com/produto/blusa-cesare-saia-riley-off-white-4918,https://cdn.vnda.com.br/intibrand/2026/05/11/17_27_40_726_gaby-20v-c3-8ddeos-20-20-story-20-202026-05-11t172610-585-17057770.jpg?v=1778531264,2026-08-24T17:28:30.310313-03:00,,unknown_not_observed_per_size
101,4641,Blusa Mayfar,Blusa Mayfar Bege,Bege,36,True,VERÃO 2027,Blusas,https://www.intibrand.com/produto/blusa-mayfar-bege-4641,https://cdn.vnda.com.br/intibrand/2025/09/24/12_51_18_971_blusa-20mayfar-20bege-20-2b-20cal-c3-87a-20jeans-20dihl-20azul-20claro-20zoom-202-20-1-20-1-12099500.jpg?v=1758729090,2026-08-24T17:28:30.310313-03:00,,unknown_not_observed_per_size
101,4641,Blusa Mayfar,Blusa Mayfar Bege,Bege,38,True,VERÃO 2027,Blusas,https://www.intibrand.com/produto/blusa-mayfar-bege-4641,https://cdn.vnda.com.br/intibrand/2025/09/24/12_51_18_971_blusa-20mayfar-20bege-20-2b-20cal-c3-87a-20jeans-20dihl-20azul-20claro-20zoom-202-20-1-20-1-12099500.jpg?v=1758729090,2026-08-24T17:28:30.310313-03:00,,unknown_not_observed_per_size
101,4641,Blusa Mayfar,Blusa Mayfar Bege,Bege,40,True,VERÃO 2027,Blusas,https://www.intibrand.com/produto/blusa-mayfar-bege-4641,https://cdn.vnda.com.br/intibrand/2025/09/24/12_51_18_971_blusa-20mayfar-20bege-20-2b-20cal-c3-87a-20jeans-20dihl-20azul-20claro-20zoom-202-20-1-20-1-12099500.jpg?v=1758729090,2026-08-24T17:28:30.310313-03:00,,unknown_not_observed_per_size
101,4641,Blusa Mayfar,Blusa Mayfar Bege,Bege,42,True,VERÃO 2027,Blusas,https://www.intibrand.com/produto/blusa-mayfar-bege-4641,https://cdn.vnda.com.br/intibrand/2025/09/24/12_51_18_971_blusa-20mayfar-20bege-20-2b-20cal-c3-87a-20jeans-20dihl-20azul-20claro-20zoom-202-20-1-20-1-12099500.jpg?v=1758729090,2026-08-24T17:28:30.310313-03:00,,unknown_not_observed_per_size
102,4639,Blusa Mayfar Off-White,Blusa Mayfar Off-White,Off White,36,True,VERÃO 2027,Blusas,https://www.intibrand.com/produto/blusa-mayfar-off-white-4639,https://cdn.vnda.com.br/intibrand/2025/09/24/12_48_04_488_blusa-20mayfar-20off-white-20-2b-20pantalona-20savoye-20off-white-20zoom-20-1-20-1-12091660.jpg?v=1758728887,2026-08-24T17:28:30.310313-03:00,,unknown_not_observed_per_size
102,4639,Blusa Mayfar Off-White,Blusa Mayfar Off-White,Off White,38,True,VERÃO 2027,Blusas,https://www.intibrand.com/produto/blusa-mayfar-off-white-4639,https://cdn.vnda.com.br/intibrand/2025/09/24/12_48_04_488_blusa-20mayfar-20off-white-20-2b-20pantalona-20savoye-20off-white-20zoom-20-1-20-1-12091660.jpg?v=1758728887,2026-08-24T17:28:30.310313-03:00,,unknown_not_observed_per_size
102,4639,Blusa Mayfar Off-White,Blusa Mayfar Off-White,Off White,40,True,VERÃO 2027,Blusas,https://www.intibrand.com/produto/blusa-mayfar-off-white-4639,https://cdn.vnda.com.br/intibrand/2025/09/24/12_48_04_488_blusa-20mayfar-20off-white-20-2b-20pantalona-20savoye-20off-white-20zoom-20-1-20-1-12091660.jpg?v=1758728887,2026-08-24T17:28:30.310313-03:00,,unknown_not_observed_per_size
102,4639,Blusa Mayfar Off-White,Blusa Mayfar Off-White,Off White,42,True,VERÃO 2027,Blusas,https://www.intibrand.com/produto/blusa-mayfar-off-white-4639,https://cdn.vnda.com.br/intibrand/2025/09/24/12_48_04_488_blusa-20mayfar-20off-white-20-2b-20pantalona-20savoye-20off-white-20zoom-20-1-20-1-12091660.jpg?v=1758728887,2026-08-24T17:28:30.310313-03:00,,unknown_not_observed_per_size
15,4796,BLUSA MAYFAR + PANTALONA SAVOYE | OFF-WHITE,BLUSA MAYFAR + PANTALONA SAVOYE | OFF-WHITE,Off White,34,True,VERÃO 2027,Blusas,https://www.intibrand.com/produto/blusa-mayfar-pantalona-savoye-off-white-4796,https://cdn.vnda.com.br/intibrand/2026/05/04/16_21_26_824_gaby-20v-c3-8ddeos-20-20-story-20-202026-05-04t162041-237-16056870.jpg?v=1777922493,2026-08-24T17:28:30.310313-03:00,,unknown_not_observed_per_size
15,4796,BLUSA MAYFAR + PANTALONA SAVOYE | OFF-WHITE,BLUSA MAYFAR + PANTALONA SAVOYE | OFF-WHITE,Off White,36,True,VERÃO 2027,Blusas,https://www.intibrand.com/produto/blusa-mayfar-pantalona-savoye-off-white-4796,https://cdn.vnda.com.br/intibrand/2026/05/04/16_21_26_824_gaby-20v-c3-8ddeos-20-20-story-20-202026-05-04t162041-237-16056870.jpg?v=1777922493,2026-08-24T17:28:30.310313-03:00,,unknown_not_observed_per_size
15,4796,BLUSA MAYFAR + PANTALONA SAVOYE | OFF-WHITE,BLUSA MAYFAR + PANTALONA SAVOYE | OFF-WHITE,Off White,38,True,VERÃO 2027,Blusas,https://www.intibrand.com/produto/blusa-mayfar-pantalona-savoye-off-white-4796,https://cdn.vnda.com.br/intibrand/2026/05/04/16_21_26_824_gaby-20v-c3-8ddeos-20-20-story-20-202026-05-04t162041-237-16056870.jpg?v=1777922493,2026-08-24T17:28:30.310313-03:00,,unknown_not_observed_per_size
15,4796,BLUSA MAYFAR + PANTALONA SAVOYE | OFF-WHITE,BLUSA MAYFAR + PANTALONA SAVOYE | OFF-WHITE,Off White,40,True,VERÃO 2027,Blusas,https://www.intibrand.com/produto/blusa-mayfar-pantalona-savoye-off-white-4796,https://cdn.vnda.com.br/intibrand/2026/05/04/16_21_26_824_gaby-20v-c3-8ddeos-20-20-story-20-202026-05-04t162041-237-16056870.jpg?v=1777922493,2026-08-24T17:28:30.310313-03:00,,unknown_not_observed_per_size
15,4796,BLUSA MAYFAR + PANTALONA SAVOYE | OFF-WHITE,BLUSA MAYFAR + PANTALONA SAVOYE | OFF-WHITE,Off White,42,True,VERÃO 2027,Blusas,https://www.intibrand.com/produto/blusa-mayfar-pantalona-savoye-off-white-4796,https://cdn.vnda.com.br/intibrand/2026/05/04/16_21_26_824_gaby-20v-c3-8ddeos-20-20-story-20-202026-05-04t162041-237-16056870.jpg?v=1777922493,2026-08-24T17:28:30.310313-03:00,,unknown_not_observed_per_size
15,4796,BLUSA MAYFAR + PANTALONA SAVOYE | OFF-WHITE,BLUSA MAYFAR + PANTALONA SAVOYE | OFF-WHITE,Off White,44,True,VERÃO 2027,Blusas,https://www.intibrand.com/produto/blusa-mayfar-pantalona-savoye-off-white-4796,https://cdn.vnda.com.br/intibrand/2026/05/04/16_21_26_824_gaby-20v-c3-8ddeos-20-20-story-20-202026-05-04t162041-237-16056870.jpg?v=1777922493,2026-08-24T17:28:30.310313-03:00,,unknown_not_observed_per_size
101,4640,Blusa Mayfar,Blusa Mayfar Preto,Preto,36,True,VERÃO 2027,Blusas,https://www.intibrand.com/produto/blusa-mayfar-preto-4640,https://cdn.vnda.com.br/intibrand/2025/09/24/12_48_55_674_blusa-20mayfar-20preta-20-2b-20cal-c3-87a-20jeans-20dihl-20azul-20escuro-20zoom-20-1-12094480.jpg?v=1758728938,2026-08-24T17:28:30.310313-03:00,,unknown_not_observed_per_size
101,4640,Blusa Mayfar,Blusa Mayfar Preto,Preto,38,True,VERÃO 2027,Blusas,https://www.intibrand.com/produto/blusa-mayfar-preto-4640,https://cdn.vnda.com.br/intibrand/2025/09/24/12_48_55_674_blusa-20mayfar-20preta-20-2b-20cal-c3-87a-20jeans-20dihl-20azul-20escuro-20zoom-20-1-12094480.jpg?v=1758728938,2026-08-24T17:28:30.310313-03:00,,unknown_not_observed_per_size
101,4640,Blusa Mayfar,Blusa Mayfar Preto,Preto,40,True,VERÃO 2027,Blusas,https://www.intibrand.com/produto/blusa-mayfar-preto-4640,https://cdn.vnda.com.br/intibrand/2025/09/24/12_48_55_674_blusa-20mayfar-20preta-20-2b-20cal-c3-87a-20jeans-20dihl-20azul-20escuro-20zoom-20-1-12094480.jpg?v=1758728938,2026-08-24T17:28:30.310313-03:00,,unknown_not_observed_per_size
101,4640,Blusa Mayfar,Blusa Mayfar Preto,Preto,42,True,VERÃO 2027,Blusas,https://www.intibrand.com/produto/blusa-mayfar-preto-4640,https://cdn.vnda.com.br/intibrand/2025/09/24/12_48_55_674_blusa-20mayfar-20preta-20-2b-20cal-c3-87a-20jeans-20dihl-20azul-20escuro-20zoom-20-1-12094480.jpg?v=1758728938,2026-08-24T17:28:30.310313-03:00,,unknown_not_observed_per_size
103,4552,Blusa Moonsoon,Blusa Moonsoon Bege,Bege,36,True,VERÃO 2027,Blusas,https://www.intibrand.com/produto/blusa-moonsoon-bege-4552,https://cdn.vnda.com.br/intibrand/2025/08/04/13_58_47_371_blusa-20moonsoon-20bege-20-2b-20cal-c3-87a-20jeans-20dihl-20azul-20claro-20zoom-20-1-13082720.jpg?v=1754326734,2026-08-24T17:28:30.310313-03:00,,unknown_not_observed_per_size
103,4552,Blusa Moonsoon,Blusa Moonsoon Bege,Bege,38,True,VERÃO 2027,Blusas,https://www.intibrand.com/produto/blusa-moonsoon-bege-4552,https://cdn.vnda.com.br/intibrand/2025/08/04/13_58_47_371_blusa-20moonsoon-20bege-20-2b-20cal-c3-87a-20jeans-20dihl-20azul-20claro-20zoom-20-1-13082720.jpg?v=1754326734,2026-08-24T17:28:30.310313-03:00,,unknown_not_observed_per_size
103,4552,Blusa Moonsoon,Blusa Moonsoon Bege,Bege,40,True,VERÃO 2027,Blusas,https://www.intibrand.com/produto/blusa-moonsoon-bege-4552,https://cdn.vnda.com.br/intibrand/2025/08/04/13_58_47_371_blusa-20moonsoon-20bege-20-2b-20cal-c3-87a-20jeans-20dihl-20azul-20claro-20zoom-20-1-13082720.jpg?v=1754326734,2026-08-24T17:28:30.310313-03:00,,unknown_not_observed_per_size
103,4552,Blusa Moonsoon,Blusa Moonsoon Bege,Bege,42,True,VERÃO 2027,Blusas,https://www.intibrand.com/produto/blusa-moonsoon-bege-4552,https://cdn.vnda.com.br/intibrand/2025/08/04/13_58_47_371_blusa-20moonsoon-20bege-20-2b-20cal-c3-87a-20jeans-20dihl-20azul-20claro-20zoom-20-1-13082720.jpg?v=1754326734,2026-08-24T17:28:30.310313-03:00,,unknown_not_observed_per_size
105,4838,Blusa Percy Off-White,Blusa Percy Off-White,Off White,34,True,VERÃO 2027,Blusas,https://www.intibrand.com/produto/blusa-percy-off-white-4838,https://cdn.vnda.com.br/intibrand/2026/03/30/15_55_51_346_gaby-20v-c3-8ddeos-20-20-story-20-98-15037240.jpg?v=1774896968,2026-08-24T17:28:30.310313-03:00,,unknown_not_observed_per_size
105,4838,Blusa Percy Off-White,Blusa Percy Off-White,Off White,36,True,VERÃO 2027,Blusas,https://www.intibrand.com/produto/blusa-percy-off-white-4838,https://cdn.vnda.com.br/intibrand/2026/03/30/15_55_51_346_gaby-20v-c3-8ddeos-20-20-story-20-98-15037240.jpg?v=1774896968,2026-08-24T17:28:30.310313-03:00,,unknown_not_observed_per_size
105,4838,Blusa Percy Off-White,Blusa Percy Off-White,Off White,38,True,VERÃO 2027,Blusas,https://www.intibrand.com/produto/blusa-percy-off-white-4838,https://cdn.vnda.com.br/intibrand/2026/03/30/15_55_51_346_gaby-20v-c3-8ddeos-20-20-story-20-98-15037240.jpg?v=1774896968,2026-08-24T17:28:30.310313-03:00,,unknown_not_observed_per_size
105,4838,Blusa Percy Off-White,Blusa Percy Off-White,Off White,40,True,VERÃO 2027,Blusas,https://www.intibrand.com/produto/blusa-percy-off-white-4838,https://cdn.vnda.com.br/intibrand/2026/03/30/15_55_51_346_gaby-20v-c3-8ddeos-20-20-story-20-98-15037240.jpg?v=1774896968,2026-08-24T17:28:30.310313-03:00,,unknown_not_observed_per_size
105,4838,Blusa Percy Off-White,Blusa Percy Off-White,Off White,42,True,VERÃO 2027,Blusas,https://www.intibrand.com/produto/blusa-percy-off-white-4838,https://cdn.vnda.com.br/intibrand/2026/03/30/15_55_51_346_gaby-20v-c3-8ddeos-20-20-story-20-98-15037240.jpg?v=1774896968,2026-08-24T17:28:30.310313-03:00,,unknown_not_observed_per_size
105,4838,Blusa Percy Off-White,Blusa Percy Off-White,Off White,44,True,VERÃO 2027,Blusas,https://www.intibrand.com/produto/blusa-percy-off-white-4838,https://cdn.vnda.com.br/intibrand/2026/03/30/15_55_51_346_gaby-20v-c3-8ddeos-20-20-story-20-98-15037240.jpg?v=1774896968,2026-08-24T17:28:30.310313-03:00,,unknown_not_observed_per_size
17,4930,BLUSA PERCY OFF-WHITE + CALÇA JEANS MALCOLM AZUL CLARO,BLUSA PERCY OFF-WHITE + CALÇA JEANS MALCOLM AZUL CLARO,Off White,34,True,VERÃO 2027,Blusas,https://www.intibrand.com/produto/blusa-percy-off-white-calca-jeans-malcolm-azul-claro-4930,https://cdn.vnda.com.br/intibrand/2026/05/13/13_43_06_246_blusa-20percy-20off-white-20-2b-20cal-c3-87a-20jeans-20malcolm-20azul-20claro-20frente-202-13051300.jpg?v=1778690591,2026-08-24T17:28:30.310313-03:00,,unknown_not_observed_per_size
17,4930,BLUSA PERCY OFF-WHITE + CALÇA JEANS MALCOLM AZUL CLARO,BLUSA PERCY OFF-WHITE + CALÇA JEANS MALCOLM AZUL CLARO,Off White,36,True,VERÃO 2027,Blusas,https://www.intibrand.com/produto/blusa-percy-off-white-calca-jeans-malcolm-azul-claro-4930,https://cdn.vnda.com.br/intibrand/2026/05/13/13_43_06_246_blusa-20percy-20off-white-20-2b-20cal-c3-87a-20jeans-20malcolm-20azul-20claro-20frente-202-13051300.jpg?v=1778690591,2026-08-24T17:28:30.310313-03:00,,unknown_not_observed_per_size
17,4930,BLUSA PERCY OFF-WHITE + CALÇA JEANS MALCOLM AZUL CLARO,BLUSA PERCY OFF-WHITE + CALÇA JEANS MALCOLM AZUL CLARO,Off White,38,True,VERÃO 2027,Blusas,https://www.intibrand.com/produto/blusa-percy-off-white-calca-jeans-malcolm-azul-claro-4930,https://cdn.vnda.com.br/intibrand/2026/05/13/13_43_06_246_blusa-20percy-20off-white-20-2b-20cal-c3-87a-20jeans-20malcolm-20azul-20claro-20frente-202-13051300.jpg?v=1778690591,2026-08-24T17:28:30.310313-03:00,,unknown_not_observed_per_size
17,4930,BLUSA PERCY OFF-WHITE + CALÇA JEANS MALCOLM AZUL CLARO,BLUSA PERCY OFF-WHITE + CALÇA JEANS MALCOLM AZUL CLARO,Off White,40,True,VERÃO 2027,Blusas,https://www.intibrand.com/produto/blusa-percy-off-white-calca-jeans-malcolm-azul-claro-4930,https://cdn.vnda.com.br/intibrand/2026/05/13/13_43_06_246_blusa-20percy-20off-white-20-2b-20cal-c3-87a-20jeans-20malcolm-20azul-20claro-20frente-202-13051300.jpg?v=1778690591,2026-08-24T17:28:30.310313-03:00,,unknown_not_observed_per_size
17,4930,BLUSA PERCY OFF-WHITE + CALÇA JEANS MALCOLM AZUL CLARO,BLUSA PERCY OFF-WHITE + CALÇA JEANS MALCOLM AZUL CLARO,Off White,42,True,VERÃO 2027,Blusas,https://www.intibrand.com/produto/blusa-percy-off-white-calca-jeans-malcolm-azul-claro-4930,https://cdn.vnda.com.br/intibrand/2026/05/13/13_43_06_246_blusa-20percy-20off-white-20-2b-20cal-c3-87a-20jeans-20malcolm-20azul-20claro-20frente-202-13051300.jpg?v=1778690591,2026-08-24T17:28:30.310313-03:00,,unknown_not_observed_per_size
17,4930,BLUSA PERCY OFF-WHITE + CALÇA JEANS MALCOLM AZUL CLARO,BLUSA PERCY OFF-WHITE + CALÇA JEANS MALCOLM AZUL CLARO,Off White,44,True,VERÃO 2027,Blusas,https://www.intibrand.com/produto/blusa-percy-off-white-calca-jeans-malcolm-azul-claro-4930,https://cdn.vnda.com.br/intibrand/2026/05/13/13_43_06_246_blusa-20percy-20off-white-20-2b-20cal-c3-87a-20jeans-20malcolm-20azul-20claro-20frente-202-13051300.jpg?v=1778690591,2026-08-24T17:28:30.310313-03:00,,unknown_not_observed_per_size
18,4931,BLUSA PERCY PRETA + CALÇA JEANS MALCOLM AZUL ESCURO,BLUSA PERCY PRETA + CALÇA JEANS MALCOLM AZUL ESCURO,Azul,34,True,VERÃO 2027,Blusas,https://www.intibrand.com/produto/blusa-percy-preta-calca-jeans-malcolm-azul-escuro-4931,https://cdn.vnda.com.br/intibrand/2026/05/13/16_19_36_940_blusa-20percy-20preta-20-2b-20cal-c3-87a-20jeans-20malcolm-20azul-20escuro-20frente-20-1-16059120.jpg?v=1778699984,2026-08-24T17:28:30.310313-03:00,,unknown_not_observed_per_size
18,4931,BLUSA PERCY PRETA + CALÇA JEANS MALCOLM AZUL ESCURO,BLUSA PERCY PRETA + CALÇA JEANS MALCOLM AZUL ESCURO,Azul,36,True,VERÃO 2027,Blusas,https://www.intibrand.com/produto/blusa-percy-preta-calca-jeans-malcolm-azul-escuro-4931,https://cdn.vnda.com.br/intibrand/2026/05/13/16_19_36_940_blusa-20percy-20preta-20-2b-20cal-c3-87a-20jeans-20malcolm-20azul-20escuro-20frente-20-1-16059120.jpg?v=1778699984,2026-08-24T17:28:30.310313-03:00,,unknown_not_observed_per_size
18,4931,BLUSA PERCY PRETA + CALÇA JEANS MALCOLM AZUL ESCURO,BLUSA PERCY PRETA + CALÇA JEANS MALCOLM AZUL ESCURO,Azul,38,True,VERÃO 2027,Blusas,https://www.intibrand.com/produto/blusa-percy-preta-calca-jeans-malcolm-azul-escuro-4931,https://cdn.vnda.com.br/intibrand/2026/05/13/16_19_36_940_blusa-20percy-20preta-20-2b-20cal-c3-87a-20jeans-20malcolm-20azul-20escuro-20frente-20-1-16059120.jpg?v=1778699984,2026-08-24T17:28:30.310313-03:00,,unknown_not_observed_per_size
18,4931,BLUSA PERCY PRETA + CALÇA JEANS MALCOLM AZUL ESCURO,BLUSA PERCY PRETA + CALÇA JEANS MALCOLM AZUL ESCURO,Azul,40,True,VERÃO 2027,Blusas,https://www.intibrand.com/produto/blusa-percy-preta-calca-jeans-malcolm-azul-escuro-4931,https://cdn.vnda.com.br/intibrand/2026/05/13/16_19_36_940_blusa-20percy-20preta-20-2b-20cal-c3-87a-20jeans-20malcolm-20azul-20escuro-20frente-20-1-16059120.jpg?v=1778699984,2026-08-24T17:28:30.310313-03:00,,unknown_not_observed_per_size
18,4931,BLUSA PERCY PRETA + CALÇA JEANS MALCOLM AZUL ESCURO,BLUSA PERCY PRETA + CALÇA JEANS MALCOLM AZUL ESCURO,Azul,42,True,VERÃO 2027,Blusas,https://www.intibrand.com/produto/blusa-percy-preta-calca-jeans-malcolm-azul-escuro-4931,https://cdn.vnda.com.br/intibrand/2026/05/13/16_19_36_940_blusa-20percy-20preta-20-2b-20cal-c3-87a-20jeans-20malcolm-20azul-20escuro-20frente-20-1-16059120.jpg?v=1778699984,2026-08-24T17:28:30.310313-03:00,,unknown_not_observed_per_size
18,4931,BLUSA PERCY PRETA + CALÇA JEANS MALCOLM AZUL ESCURO,BLUSA PERCY PRETA + CALÇA JEANS MALCOLM AZUL ESCURO,Azul,44,True,VERÃO 2027,Blusas,https://www.intibrand.com/produto/blusa-percy-preta-calca-jeans-malcolm-azul-escuro-4931,https://cdn.vnda.com.br/intibrand/2026/05/13/16_19_36_940_blusa-20percy-20preta-20-2b-20cal-c3-87a-20jeans-20malcolm-20azul-20escuro-20frente-20-1-16059120.jpg?v=1778699984,2026-08-24T17:28:30.310313-03:00,,unknown_not_observed_per_size
104,4839,Blusa Percy,Blusa Percy Preto,Preto,34,True,VERÃO 2027,Blusas,https://www.intibrand.com/produto/blusa-percy-preto-4839,https://cdn.vnda.com.br/intibrand/2026/03/30/15_59_09_845_gaby-20v-c3-8ddeos-20-20-story-20-202026-03-30t155756-252-15032200.jpg?v=1774897166,2026-08-24T17:28:30.310313-03:00,,unknown_not_observed_per_size
104,4839,Blusa Percy,Blusa Percy Preto,Preto,36,True,VERÃO 2027,Blusas,https://www.intibrand.com/produto/blusa-percy-preto-4839,https://cdn.vnda.com.br/intibrand/2026/03/30/15_59_09_845_gaby-20v-c3-8ddeos-20-20-story-20-202026-03-30t155756-252-15032200.jpg?v=1774897166,2026-08-24T17:28:30.310313-03:00,,unknown_not_observed_per_size
104,4839,Blusa Percy,Blusa Percy Preto,Preto,38,True,VERÃO 2027,Blusas,https://www.intibrand.com/produto/blusa-percy-preto-4839,https://cdn.vnda.com.br/intibrand/2026/03/30/15_59_09_845_gaby-20v-c3-8ddeos-20-20-story-20-202026-03-30t155756-252-15032200.jpg?v=1774897166,2026-08-24T17:28:30.310313-03:00,,unknown_not_observed_per_size
104,4839,Blusa Percy,Blusa Percy Preto,Preto,40,True,VERÃO 2027,Blusas,https://www.intibrand.com/produto/blusa-percy-preto-4839,https://cdn.vnda.com.br/intibrand/2026/03/30/15_59_09_845_gaby-20v-c3-8ddeos-20-20-story-20-202026-03-30t155756-252-15032200.jpg?v=1774897166,2026-08-24T17:28:30.310313-03:00,,unknown_not_observed_per_size
104,4839,Blusa Percy,Blusa Percy Preto,Preto,42,True,VERÃO 2027,Blusas,https://www.intibrand.com/produto/blusa-percy-preto-4839,https://cdn.vnda.com.br/intibrand/2026/03/30/15_59_09_845_gaby-20v-c3-8ddeos-20-20-story-20-202026-03-30t155756-252-15032200.jpg?v=1774897166,2026-08-24T17:28:30.310313-03:00,,unknown_not_observed_per_size
104,4839,Blusa Percy,Blusa Percy Preto,Preto,44,True,VERÃO 2027,Blusas,https://www.intibrand.com/produto/blusa-percy-preto-4839,https://cdn.vnda.com.br/intibrand/2026/03/30/15_59_09_845_gaby-20v-c3-8ddeos-20-20-story-20-202026-03-30t155756-252-15032200.jpg?v=1774897166,2026-08-24T17:28:30.310313-03:00,,unknown_not_observed_per_size
16,4916,BLUSA PERCY + SAIA REMMY |,BLUSA PERCY + SAIA REMMY | PRETO,Preto,34,True,VERÃO 2027,Blusas,https://www.intibrand.com/produto/blusa-percy-saia-remmy-preto-4916,https://cdn.vnda.com.br/intibrand/2026/05/11/17_07_59_620_gaby-20v-c3-8ddeos-20-20-story-20-202026-05-11t170706-740-17057480.jpg?v=1778530079,2026-08-24T17:28:30.310313-03:00,,unknown_not_observed_per_size
16,4916,BLUSA PERCY + SAIA REMMY |,BLUSA PERCY + SAIA REMMY | PRETO,Preto,36,True,VERÃO 2027,Blusas,https://www.intibrand.com/produto/blusa-percy-saia-remmy-preto-4916,https://cdn.vnda.com.br/intibrand/2026/05/11/17_07_59_620_gaby-20v-c3-8ddeos-20-20-story-20-202026-05-11t170706-740-17057480.jpg?v=1778530079,2026-08-24T17:28:30.310313-03:00,,unknown_not_observed_per_size
16,4916,BLUSA PERCY + SAIA REMMY |,BLUSA PERCY + SAIA REMMY | PRETO,Preto,38,True,VERÃO 2027,Blusas,https://www.intibrand.com/produto/blusa-percy-saia-remmy-preto-4916,https://cdn.vnda.com.br/intibrand/2026/05/11/17_07_59_620_gaby-20v-c3-8ddeos-20-20-story-20-202026-05-11t170706-740-17057480.jpg?v=1778530079,2026-08-24T17:28:30.310313-03:00,,unknown_not_observed_per_size
16,4916,BLUSA PERCY + SAIA REMMY |,BLUSA PERCY + SAIA REMMY | PRETO,Preto,40,True,VERÃO 2027,Blusas,https://www.intibrand.com/produto/blusa-percy-saia-remmy-preto-4916,https://cdn.vnda.com.br/intibrand/2026/05/11/17_07_59_620_gaby-20v-c3-8ddeos-20-20-story-20-202026-05-11t170706-740-17057480.jpg?v=1778530079,2026-08-24T17:28:30.310313-03:00,,unknown_not_observed_per_size
16,4916,BLUSA PERCY + SAIA REMMY |,BLUSA PERCY + SAIA REMMY | PRETO,Preto,42,True,VERÃO 2027,Blusas,https://www.intibrand.com/produto/blusa-percy-saia-remmy-preto-4916,https://cdn.vnda.com.br/intibrand/2026/05/11/17_07_59_620_gaby-20v-c3-8ddeos-20-20-story-20-202026-05-11t170706-740-17057480.jpg?v=1778530079,2026-08-24T17:28:30.310313-03:00,,unknown_not_observed_per_size
16,4916,BLUSA PERCY + SAIA REMMY |,BLUSA PERCY + SAIA REMMY | PRETO,Preto,44,True,VERÃO 2027,Blusas,https://www.intibrand.com/produto/blusa-percy-saia-remmy-preto-4916,https://cdn.vnda.com.br/intibrand/2026/05/11/17_07_59_620_gaby-20v-c3-8ddeos-20-20-story-20-202026-05-11t170706-740-17057480.jpg?v=1778530079,2026-08-24T17:28:30.310313-03:00,,unknown_not_observed_per_size
107,4642,Blusa Soho Off-White,Blusa Soho Off-White,Off White,36,True,VERÃO 2027,Blusas,https://www.intibrand.com/produto/blusa-soho-off-white-4642,https://cdn.vnda.com.br/intibrand/2025/09/24/13_13_32_118_blusa-20soho-20off-white-20-2b-20cal-c3-87a-20jeans-20dihl-20azul-20claro-20zoom-20medio-20-1-20-1-13095300.jpg?v=1758730412,2026-08-24T17:28:30.310313-03:00,,unknown_not_observed_per_size
107,4642,Blusa Soho Off-White,Blusa Soho Off-White,Off White,38,True,VERÃO 2027,Blusas,https://www.intibrand.com/produto/blusa-soho-off-white-4642,https://cdn.vnda.com.br/intibrand/2025/09/24/13_13_32_118_blusa-20soho-20off-white-20-2b-20cal-c3-87a-20jeans-20dihl-20azul-20claro-20zoom-20medio-20-1-20-1-13095300.jpg?v=1758730412,2026-08-24T17:28:30.310313-03:00,,unknown_not_observed_per_size
107,4642,Blusa Soho Off-White,Blusa Soho Off-White,Off White,40,True,VERÃO 2027,Blusas,https://www.intibrand.com/produto/blusa-soho-off-white-4642,https://cdn.vnda.com.br/intibrand/2025/09/24/13_13_32_118_blusa-20soho-20off-white-20-2b-20cal-c3-87a-20jeans-20dihl-20azul-20claro-20zoom-20medio-20-1-20-1-13095300.jpg?v=1758730412,2026-08-24T17:28:30.310313-03:00,,unknown_not_observed_per_size
107,4642,Blusa Soho Off-White,Blusa Soho Off-White,Off White,42,True,VERÃO 2027,Blusas,https://www.intibrand.com/produto/blusa-soho-off-white-4642,https://cdn.vnda.com.br/intibrand/2025/09/24/13_13_32_118_blusa-20soho-20off-white-20-2b-20cal-c3-87a-20jeans-20dihl-20azul-20claro-20zoom-20medio-20-1-20-1-13095300.jpg?v=1758730412,2026-08-24T17:28:30.310313-03:00,,unknown_not_observed_per_size
106,4643,Blusa Soho,Blusa Soho Preto,Preto,36,True,VERÃO 2027,Blusas,https://www.intibrand.com/produto/blusa-soho-preto-4643,https://cdn.vnda.com.br/intibrand/2025/09/24/13_14_38_264_blusa-20soho-20preta-20-2b-20cal-c3-87a-20jeans-20dihl-20azul-20claro-20frente-20-1-20-1-13096270.jpg?v=1758730481,2026-08-24T17:28:30.310313-03:00,,unknown_not_observed_per_size
106,4643,Blusa Soho,Blusa Soho Preto,Preto,38,True,VERÃO 2027,Blusas,https://www.intibrand.com/produto/blusa-soho-preto-4643,https://cdn.vnda.com.br/intibrand/2025/09/24/13_14_38_264_blusa-20soho-20preta-20-2b-20cal-c3-87a-20jeans-20dihl-20azul-20claro-20frente-20-1-20-1-13096270.jpg?v=1758730481,2026-08-24T17:28:30.310313-03:00,,unknown_not_observed_per_size
106,4643,Blusa Soho,Blusa Soho Preto,Preto,40,True,VERÃO 2027,Blusas,https://www.intibrand.com/produto/blusa-soho-preto-4643,https://cdn.vnda.com.br/intibrand/2025/09/24/13_14_38_264_blusa-20soho-20preta-20-2b-20cal-c3-87a-20jeans-20dihl-20azul-20claro-20frente-20-1-20-1-13096270.jpg?v=1758730481,2026-08-24T17:28:30.310313-03:00,,unknown_not_observed_per_size
106,4643,Blusa Soho,Blusa Soho Preto,Preto,42,True,VERÃO 2027,Blusas,https://www.intibrand.com/produto/blusa-soho-preto-4643,https://cdn.vnda.com.br/intibrand/2025/09/24/13_14_38_264_blusa-20soho-20preta-20-2b-20cal-c3-87a-20jeans-20dihl-20azul-20claro-20frente-20-1-20-1-13096270.jpg?v=1758730481,2026-08-24T17:28:30.310313-03:00,,unknown_not_observed_per_size
108,4898,Blusa Tommaso,Blusa Tommaso Preto,Preto,34,True,VERÃO 2027,Blusas,https://www.intibrand.com/produto/blusa-tommaso-preto-4898,https://cdn.vnda.com.br/intibrand/2026/05/08/10_54_48_502_gaby-20v-c3-8ddeos-20-20-story-20-202026-05-08t105439-554-10052580.jpg?v=1778248488,2026-08-24T17:28:30.310313-03:00,,unknown_not_observed_per_size
108,4898,Blusa Tommaso,Blusa Tommaso Preto,Preto,36,True,VERÃO 2027,Blusas,https://www.intibrand.com/produto/blusa-tommaso-preto-4898,https://cdn.vnda.com.br/intibrand/2026/05/08/10_54_48_502_gaby-20v-c3-8ddeos-20-20-story-20-202026-05-08t105439-554-10052580.jpg?v=1778248488,2026-08-24T17:28:30.310313-03:00,,unknown_not_observed_per_size
108,4898,Blusa Tommaso,Blusa Tommaso Preto,Preto,38,True,VERÃO 2027,Blusas,https://www.intibrand.com/produto/blusa-tommaso-preto-4898,https://cdn.vnda.com.br/intibrand/2026/05/08/10_54_48_502_gaby-20v-c3-8ddeos-20-20-story-20-202026-05-08t105439-554-10052580.jpg?v=1778248488,2026-08-24T17:28:30.310313-03:00,,unknown_not_observed_per_size
108,4898,Blusa Tommaso,Blusa Tommaso Preto,Preto,40,True,VERÃO 2027,Blusas,https://www.intibrand.com/produto/blusa-tommaso-preto-4898,https://cdn.vnda.com.br/intibrand/2026/05/08/10_54_48_502_gaby-20v-c3-8ddeos-20-20-story-20-202026-05-08t105439-554-10052580.jpg?v=1778248488,2026-08-24T17:28:30.310313-03:00,,unknown_not_observed_per_size
108,4898,Blusa Tommaso,Blusa Tommaso Preto,Preto,42,True,VERÃO 2027,Blusas,https://www.intibrand.com/produto/blusa-tommaso-preto-4898,https://cdn.vnda.com.br/intibrand/2026/05/08/10_54_48_502_gaby-20v-c3-8ddeos-20-20-story-20-202026-05-08t105439-554-10052580.jpg?v=1778248488,2026-08-24T17:28:30.310313-03:00,,unknown_not_observed_per_size
108,4898,Blusa Tommaso,Blusa Tommaso Preto,Preto,44,True,VERÃO 2027,Blusas,https://www.intibrand.com/produto/blusa-tommaso-preto-4898,https://cdn.vnda.com.br/intibrand/2026/05/08/10_54_48_502_gaby-20v-c3-8ddeos-20-20-story-20-202026-05-08t105439-554-10052580.jpg?v=1778248488,2026-08-24T17:28:30.310313-03:00,,unknown_not_observed_per_size
19,4917,BLUSA TOMMASO + SAIA RILEY |,BLUSA TOMMASO + SAIA RILEY | PRETO,Preto,34,True,VERÃO 2027,Blusas,https://www.intibrand.com/produto/blusa-tommaso-saia-riley-preto-4917,https://cdn.vnda.com.br/intibrand/2026/05/11/17_23_49_506_gaby-20v-c3-8ddeos-20-20-story-20-202026-05-11t172336-931-17056230.jpg?v=1778531040,2026-08-24T17:28:30.310313-03:00,,unknown_not_observed_per_size
19,4917,BLUSA TOMMASO + SAIA RILEY |,BLUSA TOMMASO + SAIA RILEY | PRETO,Preto,36,True,VERÃO 2027,Blusas,https://www.intibrand.com/produto/blusa-tommaso-saia-riley-preto-4917,https://cdn.vnda.com.br/intibrand/2026/05/11/17_23_49_506_gaby-20v-c3-8ddeos-20-20-story-20-202026-05-11t172336-931-17056230.jpg?v=1778531040,2026-08-24T17:28:30.310313-03:00,,unknown_not_observed_per_size
19,4917,BLUSA TOMMASO + SAIA RILEY |,BLUSA TOMMASO + SAIA RILEY | PRETO,Preto,38,True,VERÃO 2027,Blusas,https://www.intibrand.com/produto/blusa-tommaso-saia-riley-preto-4917,https://cdn.vnda.com.br/intibrand/2026/05/11/17_23_49_506_gaby-20v-c3-8ddeos-20-20-story-20-202026-05-11t172336-931-17056230.jpg?v=1778531040,2026-08-24T17:28:30.310313-03:00,,unknown_not_observed_per_size
19,4917,BLUSA TOMMASO + SAIA RILEY |,BLUSA TOMMASO + SAIA RILEY | PRETO,Preto,40,True,VERÃO 2027,Blusas,https://www.intibrand.com/produto/blusa-tommaso-saia-riley-preto-4917,https://cdn.vnda.com.br/intibrand/2026/05/11/17_23_49_506_gaby-20v-c3-8ddeos-20-20-story-20-202026-05-11t172336-931-17056230.jpg?v=1778531040,2026-08-24T17:28:30.310313-03:00,,unknown_not_observed_per_size
19,4917,BLUSA TOMMASO + SAIA RILEY |,BLUSA TOMMASO + SAIA RILEY | PRETO,Preto,42,True,VERÃO 2027,Blusas,https://www.intibrand.com/produto/blusa-tommaso-saia-riley-preto-4917,https://cdn.vnda.com.br/intibrand/2026/05/11/17_23_49_506_gaby-20v-c3-8ddeos-20-20-story-20-202026-05-11t172336-931-17056230.jpg?v=1778531040,2026-08-24T17:28:30.310313-03:00,,unknown_not_observed_per_size
19,4917,BLUSA TOMMASO + SAIA RILEY |,BLUSA TOMMASO + SAIA RILEY | PRETO,Preto,44,True,VERÃO 2027,Blusas,https://www.intibrand.com/produto/blusa-tommaso-saia-riley-preto-4917,https://cdn.vnda.com.br/intibrand/2026/05/11/17_23_49_506_gaby-20v-c3-8ddeos-20-20-story-20-202026-05-11t172336-931-17056230.jpg?v=1778531040,2026-08-24T17:28:30.310313-03:00,,unknown_not_observed_per_size
20,4927,BLUSA TOMMASO + SHORT CALEB | OFF-WHITE,BLUSA TOMMASO + SHORT CALEB | OFF-WHITE,Off White,34,True,VERÃO 2027,Blusas,https://www.intibrand.com/produto/blusa-tommaso-short-caleb-off-white-4927,,2026-08-24T17:28:30.310313-03:00,,unknown_not_observed_per_size
20,4927,BLUSA TOMMASO + SHORT CALEB | OFF-WHITE,BLUSA TOMMASO + SHORT CALEB | OFF-WHITE,Off White,36,True,VERÃO 2027,Blusas,https://www.intibrand.com/produto/blusa-tommaso-short-caleb-off-white-4927,,2026-08-24T17:28:30.310313-03:00,,unknown_not_observed_per_size
20,4927,BLUSA TOMMASO + SHORT CALEB | OFF-WHITE,BLUSA TOMMASO + SHORT CALEB | OFF-WHITE,Off White,38,True,VERÃO 2027,Blusas,https://www.intibrand.com/produto/blusa-tommaso-short-caleb-off-white-4927,,2026-08-24T17:28:30.310313-03:00,,unknown_not_observed_per_size
20,4927,BLUSA TOMMASO + SHORT CALEB | OFF-WHITE,BLUSA TOMMASO + SHORT CALEB | OFF-WHITE,Off White,40,True,VERÃO 2027,Blusas,https://www.intibrand.com/produto/blusa-tommaso-short-caleb-off-white-4927,,2026-08-24T17:28:30.310313-03:00,,unknown_not_observed_per_size
20,4927,BLUSA TOMMASO + SHORT CALEB | OFF-WHITE,BLUSA TOMMASO + SHORT CALEB | OFF-WHITE,Off White,42,True,VERÃO 2027,Blusas,https://www.intibrand.com/produto/blusa-tommaso-short-caleb-off-white-4927,,2026-08-24T17:28:30.310313-03:00,,unknown_not_observed_per_size
20,4927,BLUSA TOMMASO + SHORT CALEB | OFF-WHITE,BLUSA TOMMASO + SHORT CALEB | OFF-WHITE,Off White,44,True,VERÃO 2027,Blusas,https://www.intibrand.com/produto/blusa-tommaso-short-caleb-off-white-4927,,2026-08-24T17:28:30.310313-03:00,,unknown_not_observed_per_size
22,4905,BLUSA ZENO + CALÇA ZENO | OFF-WHITE,BLUSA ZENO + CALÇA ZENO | OFF-WHITE,Off White,36,True,VERÃO 2027,Blusas,https://www.intibrand.com/produto/blusa-zeno-calca-zeno-off-white-4905,,2026-08-24T17:28:30.310313-03:00,,unknown_not_observed_per_size
22,4905,BLUSA ZENO + CALÇA ZENO | OFF-WHITE,BLUSA ZENO + CALÇA ZENO | OFF-WHITE,Off White,38,True,VERÃO 2027,Blusas,https://www.intibrand.com/produto/blusa-zeno-calca-zeno-off-white-4905,,2026-08-24T17:28:30.310313-03:00,,unknown_not_observed_per_size
22,4905,BLUSA ZENO + CALÇA ZENO | OFF-WHITE,BLUSA ZENO + CALÇA ZENO | OFF-WHITE,Off White,40,True,VERÃO 2027,Blusas,https://www.intibrand.com/produto/blusa-zeno-calca-zeno-off-white-4905,,2026-08-24T17:28:30.310313-03:00,,unknown_not_observed_per_size
22,4905,BLUSA ZENO + CALÇA ZENO | OFF-WHITE,BLUSA ZENO + CALÇA ZENO | OFF-WHITE,Off White,42,True,VERÃO 2027,Blusas,https://www.intibrand.com/produto/blusa-zeno-calca-zeno-off-white-4905,,2026-08-24T17:28:30.310313-03:00,,unknown_not_observed_per_size
21,4906,BLUSA ZENO + CALÇA ZENO |,BLUSA ZENO + CALÇA ZENO | PRETO,Preto,36,True,VERÃO 2027,Blusas,https://www.intibrand.com/produto/blusa-zeno-calca-zeno-preto-4906,,2026-08-24T17:28:30.310313-03:00,,unknown_not_observed_per_size
21,4906,BLUSA ZENO + CALÇA ZENO |,BLUSA ZENO + CALÇA ZENO | PRETO,Preto,38,True,VERÃO 2027,Blusas,https://www.intibrand.com/produto/blusa-zeno-calca-zeno-preto-4906,,2026-08-24T17:28:30.310313-03:00,,unknown_not_observed_per_size
21,4906,BLUSA ZENO + CALÇA ZENO |,BLUSA ZENO + CALÇA ZENO | PRETO,Preto,40,True,VERÃO 2027,Blusas,https://www.intibrand.com/produto/blusa-zeno-calca-zeno-preto-4906,,2026-08-24T17:28:30.310313-03:00,,unknown_not_observed_per_size
21,4906,BLUSA ZENO + CALÇA ZENO |,BLUSA ZENO + CALÇA ZENO | PRETO,Preto,42,True,VERÃO 2027,Blusas,https://www.intibrand.com/produto/blusa-zeno-calca-zeno-preto-4906,,2026-08-24T17:28:30.310313-03:00,,unknown_not_observed_per_size
109,4762,Blusa Zeno Off-White,Blusa Zeno Off-White,Off White,36,True,VERÃO 2027,Blusas,https://www.intibrand.com/produto/blusa-zeno-off-white-4762,https://cdn.vnda.com.br/intibrand/2025/12/15/17_19_22_515_conjunto-20zeno-20off-white-20frente-202-20ss26-17129540.jpg?v=1765829962,2026-08-24T17:28:30.310313-03:00,,unknown_not_observed_per_size
109,4762,Blusa Zeno Off-White,Blusa Zeno Off-White,Off White,38,True,VERÃO 2027,Blusas,https://www.intibrand.com/produto/blusa-zeno-off-white-4762,https://cdn.vnda.com.br/intibrand/2025/12/15/17_19_22_515_conjunto-20zeno-20off-white-20frente-202-20ss26-17129540.jpg?v=1765829962,2026-08-24T17:28:30.310313-03:00,,unknown_not_observed_per_size
109,4762,Blusa Zeno Off-White,Blusa Zeno Off-White,Off White,40,True,VERÃO 2027,Blusas,https://www.intibrand.com/produto/blusa-zeno-off-white-4762,https://cdn.vnda.com.br/intibrand/2025/12/15/17_19_22_515_conjunto-20zeno-20off-white-20frente-202-20ss26-17129540.jpg?v=1765829962,2026-08-24T17:28:30.310313-03:00,,unknown_not_observed_per_size
109,4762,Blusa Zeno Off-White,Blusa Zeno Off-White,Off White,42,True,VERÃO 2027,Blusas,https://www.intibrand.com/produto/blusa-zeno-off-white-4762,https://cdn.vnda.com.br/intibrand/2025/12/15/17_19_22_515_conjunto-20zeno-20off-white-20frente-202-20ss26-17129540.jpg?v=1765829962,2026-08-24T17:28:30.310313-03:00,,unknown_not_observed_per_size
110,4593,Body Aliyev,Body Aliyev Cobre,Cobre,PP,True,VERÃO 2027,Bodies,https://www.intibrand.com/produto/body-aliyev-cobre-4593,https://cdn.vnda.com.br/intibrand/2025/09/09/13_48_45_116_body-20aliyev-20cobre-20frente-20-2-13095610.jpg?v=1757436538,2026-08-24T17:28:30.310313-03:00,,unknown_not_observed_per_size
110,4593,Body Aliyev,Body Aliyev Cobre,Cobre,P,True,VERÃO 2027,Bodies,https://www.intibrand.com/produto/body-aliyev-cobre-4593,https://cdn.vnda.com.br/intibrand/2025/09/09/13_48_45_116_body-20aliyev-20cobre-20frente-20-2-13095610.jpg?v=1757436538,2026-08-24T17:28:30.310313-03:00,,unknown_not_observed_per_size
110,4593,Body Aliyev,Body Aliyev Cobre,Cobre,M,True,VERÃO 2027,Bodies,https://www.intibrand.com/produto/body-aliyev-cobre-4593,https://cdn.vnda.com.br/intibrand/2025/09/09/13_48_45_116_body-20aliyev-20cobre-20frente-20-2-13095610.jpg?v=1757436538,2026-08-24T17:28:30.310313-03:00,,unknown_not_observed_per_size
110,4593,Body Aliyev,Body Aliyev Cobre,Cobre,G,True,VERÃO 2027,Bodies,https://www.intibrand.com/produto/body-aliyev-cobre-4593,https://cdn.vnda.com.br/intibrand/2025/09/09/13_48_45_116_body-20aliyev-20cobre-20frente-20-2-13095610.jpg?v=1757436538,2026-08-24T17:28:30.310313-03:00,,unknown_not_observed_per_size
111,4591,Body Aliyev Off-White,Body Aliyev Off-White,Off White,PP,True,VERÃO 2027,Bodies,https://www.intibrand.com/produto/body-aliyev-off-white-4591,https://cdn.vnda.com.br/intibrand/2025/09/09/13_46_05_322_body-20aliyev-20off-white-20frente-202-20-2-13095440.jpg?v=1757436368,2026-08-24T17:28:30.310313-03:00,,unknown_not_observed_per_size
111,4591,Body Aliyev Off-White,Body Aliyev Off-White,Off White,P,True,VERÃO 2027,Bodies,https://www.intibrand.com/produto/body-aliyev-off-white-4591,https://cdn.vnda.com.br/intibrand/2025/09/09/13_46_05_322_body-20aliyev-20off-white-20frente-202-20-2-13095440.jpg?v=1757436368,2026-08-24T17:28:30.310313-03:00,,unknown_not_observed_per_size
111,4591,Body Aliyev Off-White,Body Aliyev Off-White,Off White,M,True,VERÃO 2027,Bodies,https://www.intibrand.com/produto/body-aliyev-off-white-4591,https://cdn.vnda.com.br/intibrand/2025/09/09/13_46_05_322_body-20aliyev-20off-white-20frente-202-20-2-13095440.jpg?v=1757436368,2026-08-24T17:28:30.310313-03:00,,unknown_not_observed_per_size
111,4591,Body Aliyev Off-White,Body Aliyev Off-White,Off White,G,True,VERÃO 2027,Bodies,https://www.intibrand.com/produto/body-aliyev-off-white-4591,https://cdn.vnda.com.br/intibrand/2025/09/09/13_46_05_322_body-20aliyev-20off-white-20frente-202-20-2-13095440.jpg?v=1757436368,2026-08-24T17:28:30.310313-03:00,,unknown_not_observed_per_size
110,4592,Body Aliyev,Body Aliyev Preto,Preto,PP,True,VERÃO 2027,Bodies,https://www.intibrand.com/produto/body-aliyev-preto-4592,https://cdn.vnda.com.br/intibrand/2025/09/09/13_45_18_673_body-20aliyev-20preto-20frente-202-20-2-13094190.jpg?v=1757436328,2026-08-24T17:28:30.310313-03:00,,unknown_not_observed_per_size
110,4592,Body Aliyev,Body Aliyev Preto,Preto,P,True,VERÃO 2027,Bodies,https://www.intibrand.com/produto/body-aliyev-preto-4592,https://cdn.vnda.com.br/intibrand/2025/09/09/13_45_18_673_body-20aliyev-20preto-20frente-202-20-2-13094190.jpg?v=1757436328,2026-08-24T17:28:30.310313-03:00,,unknown_not_observed_per_size
110,4592,Body Aliyev,Body Aliyev Preto,Preto,M,True,VERÃO 2027,Bodies,https://www.intibrand.com/produto/body-aliyev-preto-4592,https://cdn.vnda.com.br/intibrand/2025/09/09/13_45_18_673_body-20aliyev-20preto-20frente-202-20-2-13094190.jpg?v=1757436328,2026-08-24T17:28:30.310313-03:00,,unknown_not_observed_per_size
110,4592,Body Aliyev,Body Aliyev Preto,Preto,G,True,VERÃO 2027,Bodies,https://www.intibrand.com/produto/body-aliyev-preto-4592,https://cdn.vnda.com.br/intibrand/2025/09/09/13_45_18_673_body-20aliyev-20preto-20frente-202-20-2-13094190.jpg?v=1757436328,2026-08-24T17:28:30.310313-03:00,,unknown_not_observed_per_size
112,3536,Body Alkash,Body Alkash Magenta,Magenta,P,True,VERÃO 2027,Bodies,https://www.intibrand.com/produto/body-alkash-magenta-3536,https://cdn.vnda.com.br/intibrand/2022/08/29/15_8_4_484_BODYALKASHMAGENTAFRENTE.jpg?v=1661796186,2026-08-24T17:28:30.310313-03:00,,unknown_not_observed_per_size
112,3536,Body Alkash,Body Alkash Magenta,Magenta,M,True,VERÃO 2027,Bodies,https://www.intibrand.com/produto/body-alkash-magenta-3536,https://cdn.vnda.com.br/intibrand/2022/08/29/15_8_4_484_BODYALKASHMAGENTAFRENTE.jpg?v=1661796186,2026-08-24T17:28:30.310313-03:00,,unknown_not_observed_per_size
112,3536,Body Alkash,Body Alkash Magenta,Magenta,G,True,VERÃO 2027,Bodies,https://www.intibrand.com/produto/body-alkash-magenta-3536,https://cdn.vnda.com.br/intibrand/2022/08/29/15_8_4_484_BODYALKASHMAGENTAFRENTE.jpg?v=1661796186,2026-08-24T17:28:30.310313-03:00,,unknown_not_observed_per_size
112,3539,Body Alkash,Body Alkash Vermelho,Vermelho,P,True,VERÃO 2027,Bodies,https://www.intibrand.com/produto/body-alkash-vermelho-3539,https://cdn.vnda.com.br/intibrand/2022/08/29/15_8_4_464_BODYALKASHVERMELHOSOLTA.jpg?v=1661796480,2026-08-24T17:28:30.310313-03:00,,unknown_not_observed_per_size
112,3539,Body Alkash,Body Alkash Vermelho,Vermelho,M,True,VERÃO 2027,Bodies,https://www.intibrand.com/produto/body-alkash-vermelho-3539,https://cdn.vnda.com.br/intibrand/2022/08/29/15_8_4_464_BODYALKASHVERMELHOSOLTA.jpg?v=1661796480,2026-08-24T17:28:30.310313-03:00,,unknown_not_observed_per_size
112,3539,Body Alkash,Body Alkash Vermelho,Vermelho,G,True,VERÃO 2027,Bodies,https://www.intibrand.com/produto/body-alkash-vermelho-3539,https://cdn.vnda.com.br/intibrand/2022/08/29/15_8_4_464_BODYALKASHVERMELHOSOLTA.jpg?v=1661796480,2026-08-24T17:28:30.310313-03:00,,unknown_not_observed_per_size
113,4724,Body Bonnie,Body Bonnie Pérola,Pérola,P,True,VERÃO 2027,Bodies,https://www.intibrand.com/produto/body-bonnie-perola-4724,https://cdn.vnda.com.br/intibrand/2025/11/28/18_19_12_827_body-20bonnie-20p-c3-89rola-20frente-18111230.jpg?v=1764364752,2026-08-24T17:28:30.310313-03:00,,unknown_not_observed_per_size
113,4724,Body Bonnie,Body Bonnie Pérola,Pérola,M,True,VERÃO 2027,Bodies,https://www.intibrand.com/produto/body-bonnie-perola-4724,https://cdn.vnda.com.br/intibrand/2025/11/28/18_19_12_827_body-20bonnie-20p-c3-89rola-20frente-18111230.jpg?v=1764364752,2026-08-24T17:28:30.310313-03:00,,unknown_not_observed_per_size
113,4724,Body Bonnie,Body Bonnie Pérola,Pérola,G,True,VERÃO 2027,Bodies,https://www.intibrand.com/produto/body-bonnie-perola-4724,https://cdn.vnda.com.br/intibrand/2025/11/28/18_19_12_827_body-20bonnie-20p-c3-89rola-20frente-18111230.jpg?v=1764364752,2026-08-24T17:28:30.310313-03:00,,unknown_not_observed_per_size
114,4818,Body Chiara,Body Chiara Marrom,Marrom,P,True,VERÃO 2027,Bodies,https://www.intibrand.com/produto/body-chiara-marrom-4818,https://cdn.vnda.com.br/intibrand/2026/05/05/15_07_33_757_artes-20site-20-5-15052180.jpg?v=1778004456,2026-08-24T17:28:30.310313-03:00,,unknown_not_observed_per_size
114,4818,Body Chiara,Body Chiara Marrom,Marrom,M,True,VERÃO 2027,Bodies,https://www.intibrand.com/produto/body-chiara-marrom-4818,https://cdn.vnda.com.br/intibrand/2026/05/05/15_07_33_757_artes-20site-20-5-15052180.jpg?v=1778004456,2026-08-24T17:28:30.310313-03:00,,unknown_not_observed_per_size
114,4818,Body Chiara,Body Chiara Marrom,Marrom,G,True,VERÃO 2027,Bodies,https://www.intibrand.com/produto/body-chiara-marrom-4818,https://cdn.vnda.com.br/intibrand/2026/05/05/15_07_33_757_artes-20site-20-5-15052180.jpg?v=1778004456,2026-08-24T17:28:30.310313-03:00,,unknown_not_observed_per_size
115,4816,Body Chiara Off-White,Body Chiara Off-White,Off White,P,True,VERÃO 2027,Bodies,https://www.intibrand.com/produto/body-chiara-off-white-4816,https://cdn.vnda.com.br/intibrand/2026/05/05/15_07_49_56_artes-20site-20-3-15055340.jpg?v=1778004473,2026-08-24T17:28:30.310313-03:00,,unknown_not_observed_per_size
115,4816,Body Chiara Off-White,Body Chiara Off-White,Off White,M,True,VERÃO 2027,Bodies,https://www.intibrand.com/produto/body-chiara-off-white-4816,https://cdn.vnda.com.br/intibrand/2026/05/05/15_07_49_56_artes-20site-20-3-15055340.jpg?v=1778004473,2026-08-24T17:28:30.310313-03:00,,unknown_not_observed_per_size
115,4816,Body Chiara Off-White,Body Chiara Off-White,Off White,G,True,VERÃO 2027,Bodies,https://www.intibrand.com/produto/body-chiara-off-white-4816,https://cdn.vnda.com.br/intibrand/2026/05/05/15_07_49_56_artes-20site-20-3-15055340.jpg?v=1778004473,2026-08-24T17:28:30.310313-03:00,,unknown_not_observed_per_size
23,4904,BODY CHIARA + PANTALONA SAVOYE | OFF-WHITE,BODY CHIARA + PANTALONA SAVOYE | OFF-WHITE,Off White,P,True,VERÃO 2027,Bodies,https://www.intibrand.com/produto/body-chiara-pantalona-savoye-off-white-4904,https://cdn.vnda.com.br/intibrand/2026/05/04/16_56_36_830_body-20chiara-20off-white-20-2b-20-20pantalona-20savoye-20off-white-20frente-202-20-4-16051800.jpg?v=1777924596,2026-08-24T17:28:30.310313-03:00,,unknown_not_observed_per_size
23,4904,BODY CHIARA + PANTALONA SAVOYE | OFF-WHITE,BODY CHIARA + PANTALONA SAVOYE | OFF-WHITE,Off White,M,True,VERÃO 2027,Bodies,https://www.intibrand.com/produto/body-chiara-pantalona-savoye-off-white-4904,https://cdn.vnda.com.br/intibrand/2026/05/04/16_56_36_830_body-20chiara-20off-white-20-2b-20-20pantalona-20savoye-20off-white-20frente-202-20-4-16051800.jpg?v=1777924596,2026-08-24T17:28:30.310313-03:00,,unknown_not_observed_per_size
23,4904,BODY CHIARA + PANTALONA SAVOYE | OFF-WHITE,BODY CHIARA + PANTALONA SAVOYE | OFF-WHITE,Off White,G,True,VERÃO 2027,Bodies,https://www.intibrand.com/produto/body-chiara-pantalona-savoye-off-white-4904,https://cdn.vnda.com.br/intibrand/2026/05/04/16_56_36_830_body-20chiara-20off-white-20-2b-20-20pantalona-20savoye-20off-white-20frente-202-20-4-16051800.jpg?v=1777924596,2026-08-24T17:28:30.310313-03:00,,unknown_not_observed_per_size
23,4904,BODY CHIARA + PANTALONA SAVOYE | OFF-WHITE,BODY CHIARA + PANTALONA SAVOYE | OFF-WHITE,Off White,34,True,VERÃO 2027,Bodies,https://www.intibrand.com/produto/body-chiara-pantalona-savoye-off-white-4904,https://cdn.vnda.com.br/intibrand/2026/05/04/16_56_36_830_body-20chiara-20off-white-20-2b-20-20pantalona-20savoye-20off-white-20frente-202-20-4-16051800.jpg?v=1777924596,2026-08-24T17:28:30.310313-03:00,,unknown_not_observed_per_size
23,4904,BODY CHIARA + PANTALONA SAVOYE | OFF-WHITE,BODY CHIARA + PANTALONA SAVOYE | OFF-WHITE,Off White,36,True,VERÃO 2027,Bodies,https://www.intibrand.com/produto/body-chiara-pantalona-savoye-off-white-4904,https://cdn.vnda.com.br/intibrand/2026/05/04/16_56_36_830_body-20chiara-20off-white-20-2b-20-20pantalona-20savoye-20off-white-20frente-202-20-4-16051800.jpg?v=1777924596,2026-08-24T17:28:30.310313-03:00,,unknown_not_observed_per_size
23,4904,BODY CHIARA + PANTALONA SAVOYE | OFF-WHITE,BODY CHIARA + PANTALONA SAVOYE | OFF-WHITE,Off White,38,True,VERÃO 2027,Bodies,https://www.intibrand.com/produto/body-chiara-pantalona-savoye-off-white-4904,https://cdn.vnda.com.br/intibrand/2026/05/04/16_56_36_830_body-20chiara-20off-white-20-2b-20-20pantalona-20savoye-20off-white-20frente-202-20-4-16051800.jpg?v=1777924596,2026-08-24T17:28:30.310313-03:00,,unknown_not_observed_per_size
23,4904,BODY CHIARA + PANTALONA SAVOYE | OFF-WHITE,BODY CHIARA + PANTALONA SAVOYE | OFF-WHITE,Off White,40,True,VERÃO 2027,Bodies,https://www.intibrand.com/produto/body-chiara-pantalona-savoye-off-white-4904,https://cdn.vnda.com.br/intibrand/2026/05/04/16_56_36_830_body-20chiara-20off-white-20-2b-20-20pantalona-20savoye-20off-white-20frente-202-20-4-16051800.jpg?v=1777924596,2026-08-24T17:28:30.310313-03:00,,unknown_not_observed_per_size
23,4904,BODY CHIARA + PANTALONA SAVOYE | OFF-WHITE,BODY CHIARA + PANTALONA SAVOYE | OFF-WHITE,Off White,42,True,VERÃO 2027,Bodies,https://www.intibrand.com/produto/body-chiara-pantalona-savoye-off-white-4904,https://cdn.vnda.com.br/intibrand/2026/05/04/16_56_36_830_body-20chiara-20off-white-20-2b-20-20pantalona-20savoye-20off-white-20frente-202-20-4-16051800.jpg?v=1777924596,2026-08-24T17:28:30.310313-03:00,,unknown_not_observed_per_size
23,4904,BODY CHIARA + PANTALONA SAVOYE | OFF-WHITE,BODY CHIARA + PANTALONA SAVOYE | OFF-WHITE,Off White,44,True,VERÃO 2027,Bodies,https://www.intibrand.com/produto/body-chiara-pantalona-savoye-off-white-4904,https://cdn.vnda.com.br/intibrand/2026/05/04/16_56_36_830_body-20chiara-20off-white-20-2b-20-20pantalona-20savoye-20off-white-20frente-202-20-4-16051800.jpg?v=1777924596,2026-08-24T17:28:30.310313-03:00,,unknown_not_observed_per_size
116,3774,Body Claude Off-White,Body Claude Off-White,Off White,36,True,VERÃO 2027,Bodies,https://www.intibrand.com/produto/body-claude-off-white-3774,https://cdn.vnda.com.br/intibrand/2023/05/15/16_5_6_620_BODY20CLAUDE20OFFWHITE202B20SAIA20NEVILLE20OFFWHITE20FRENTE202.jpg?v=1750973342,2026-08-24T17:28:30.310313-03:00,,unknown_not_observed_per_size
116,3774,Body Claude Off-White,Body Claude Off-White,Off White,38,True,VERÃO 2027,Bodies,https://www.intibrand.com/produto/body-claude-off-white-3774,https://cdn.vnda.com.br/intibrand/2023/05/15/16_5_6_620_BODY20CLAUDE20OFFWHITE202B20SAIA20NEVILLE20OFFWHITE20FRENTE202.jpg?v=1750973342,2026-08-24T17:28:30.310313-03:00,,unknown_not_observed_per_size
116,3774,Body Claude Off-White,Body Claude Off-White,Off White,40,True,VERÃO 2027,Bodies,https://www.intibrand.com/produto/body-claude-off-white-3774,https://cdn.vnda.com.br/intibrand/2023/05/15/16_5_6_620_BODY20CLAUDE20OFFWHITE202B20SAIA20NEVILLE20OFFWHITE20FRENTE202.jpg?v=1750973342,2026-08-24T17:28:30.310313-03:00,,unknown_not_observed_per_size
116,3774,Body Claude Off-White,Body Claude Off-White,Off White,42,True,VERÃO 2027,Bodies,https://www.intibrand.com/produto/body-claude-off-white-3774,https://cdn.vnda.com.br/intibrand/2023/05/15/16_5_6_620_BODY20CLAUDE20OFFWHITE202B20SAIA20NEVILLE20OFFWHITE20FRENTE202.jpg?v=1750973342,2026-08-24T17:28:30.310313-03:00,,unknown_not_observed_per_size
117,4391,Body Darius,Body Darius Pérola,Pérola,P,True,VERÃO 2027,Bodies,https://www.intibrand.com/produto/body-darius-perola-4391,https://cdn.vnda.com.br/intibrand/2025/01/28/13_12_26_73_13_1_3_382_body20darius20pc389rola20frente20zoom202.jpg?v=1738080746,2026-08-24T17:28:30.310313-03:00,,unknown_not_observed_per_size
117,4391,Body Darius,Body Darius Pérola,Pérola,M,True,VERÃO 2027,Bodies,https://www.intibrand.com/produto/body-darius-perola-4391,https://cdn.vnda.com.br/intibrand/2025/01/28/13_12_26_73_13_1_3_382_body20darius20pc389rola20frente20zoom202.jpg?v=1738080746,2026-08-24T17:28:30.310313-03:00,,unknown_not_observed_per_size
117,4391,Body Darius,Body Darius Pérola,Pérola,G,True,VERÃO 2027,Bodies,https://www.intibrand.com/produto/body-darius-perola-4391,https://cdn.vnda.com.br/intibrand/2025/01/28/13_12_26_73_13_1_3_382_body20darius20pc389rola20frente20zoom202.jpg?v=1738080746,2026-08-24T17:28:30.310313-03:00,,unknown_not_observed_per_size
118,4827,Body Dominic,Body Dominic Marrom,Marrom,PP,True,VERÃO 2027,Bodies,https://www.intibrand.com/produto/body-dominic-marrom-4827,https://cdn.vnda.com.br/intibrand/2026/03/30/10_53_06_744_gaby-20v-c3-8ddeos-20-20-story-20-42-10038860.jpg?v=1774878804,2026-08-24T17:28:30.310313-03:00,,unknown_not_observed_per_size
118,4827,Body Dominic,Body Dominic Marrom,Marrom,P,True,VERÃO 2027,Bodies,https://www.intibrand.com/produto/body-dominic-marrom-4827,https://cdn.vnda.com.br/intibrand/2026/03/30/10_53_06_744_gaby-20v-c3-8ddeos-20-20-story-20-42-10038860.jpg?v=1774878804,2026-08-24T17:28:30.310313-03:00,,unknown_not_observed_per_size
118,4827,Body Dominic,Body Dominic Marrom,Marrom,M,True,VERÃO 2027,Bodies,https://www.intibrand.com/produto/body-dominic-marrom-4827,https://cdn.vnda.com.br/intibrand/2026/03/30/10_53_06_744_gaby-20v-c3-8ddeos-20-20-story-20-42-10038860.jpg?v=1774878804,2026-08-24T17:28:30.310313-03:00,,unknown_not_observed_per_size
118,4827,Body Dominic,Body Dominic Marrom,Marrom,G,True,VERÃO 2027,Bodies,https://www.intibrand.com/produto/body-dominic-marrom-4827,https://cdn.vnda.com.br/intibrand/2026/03/30/10_53_06_744_gaby-20v-c3-8ddeos-20-20-story-20-42-10038860.jpg?v=1774878804,2026-08-24T17:28:30.310313-03:00,,unknown_not_observed_per_size
118,4825,Body Dominic,Body Dominic Pérola,Pérola,PP,True,VERÃO 2027,Bodies,https://www.intibrand.com/produto/body-dominic-perola-4825,https://cdn.vnda.com.br/intibrand/2026/03/30/10_46_52_180_gaby-20v-c3-8ddeos-20-20-story-20-31-10038420.jpg?v=1774878414,2026-08-24T17:28:30.310313-03:00,,unknown_not_observed_per_size
118,4825,Body Dominic,Body Dominic Pérola,Pérola,P,True,VERÃO 2027,Bodies,https://www.intibrand.com/produto/body-dominic-perola-4825,https://cdn.vnda.com.br/intibrand/2026/03/30/10_46_52_180_gaby-20v-c3-8ddeos-20-20-story-20-31-10038420.jpg?v=1774878414,2026-08-24T17:28:30.310313-03:00,,unknown_not_observed_per_size
118,4825,Body Dominic,Body Dominic Pérola,Pérola,M,True,VERÃO 2027,Bodies,https://www.intibrand.com/produto/body-dominic-perola-4825,https://cdn.vnda.com.br/intibrand/2026/03/30/10_46_52_180_gaby-20v-c3-8ddeos-20-20-story-20-31-10038420.jpg?v=1774878414,2026-08-24T17:28:30.310313-03:00,,unknown_not_observed_per_size
118,4825,Body Dominic,Body Dominic Pérola,Pérola,G,True,VERÃO 2027,Bodies,https://www.intibrand.com/produto/body-dominic-perola-4825,https://cdn.vnda.com.br/intibrand/2026/03/30/10_46_52_180_gaby-20v-c3-8ddeos-20-20-story-20-31-10038420.jpg?v=1774878414,2026-08-24T17:28:30.310313-03:00,,unknown_not_observed_per_size
118,4826,Body Dominic,Body Dominic Preto,Preto,PP,True,VERÃO 2027,Bodies,https://www.intibrand.com/produto/body-dominic-preto-4826,https://cdn.vnda.com.br/intibrand/2026/03/30/10_50_47_280_gaby-20v-c3-8ddeos-20-20-story-20-37-10039360.jpg?v=1774878647,2026-08-24T17:28:30.310313-03:00,,unknown_not_observed_per_size
118,4826,Body Dominic,Body Dominic Preto,Preto,P,True,VERÃO 2027,Bodies,https://www.intibrand.com/produto/body-dominic-preto-4826,https://cdn.vnda.com.br/intibrand/2026/03/30/10_50_47_280_gaby-20v-c3-8ddeos-20-20-story-20-37-10039360.jpg?v=1774878647,2026-08-24T17:28:30.310313-03:00,,unknown_not_observed_per_size
118,4826,Body Dominic,Body Dominic Preto,Preto,M,True,VERÃO 2027,Bodies,https://www.intibrand.com/produto/body-dominic-preto-4826,https://cdn.vnda.com.br/intibrand/2026/03/30/10_50_47_280_gaby-20v-c3-8ddeos-20-20-story-20-37-10039360.jpg?v=1774878647,2026-08-24T17:28:30.310313-03:00,,unknown_not_observed_per_size
118,4826,Body Dominic,Body Dominic Preto,Preto,G,True,VERÃO 2027,Bodies,https://www.intibrand.com/produto/body-dominic-preto-4826,https://cdn.vnda.com.br/intibrand/2026/03/30/10_50_47_280_gaby-20v-c3-8ddeos-20-20-story-20-37-10039360.jpg?v=1774878647,2026-08-24T17:28:30.310313-03:00,,unknown_not_observed_per_size
120,4553,Body Eli Off-White,Body Eli Off-White,Off White,34,True,VERÃO 2027,Bodies,https://www.intibrand.com/produto/body-eli-off-white-4553,https://cdn.vnda.com.br/intibrand/2026/02/02/12_35_02_391_body-20eli-20off-white-20-2b-20pantalona-20touret-20off-white-20zoom-20body-20reedit-12022920.jpg?v=1770046507,2026-08-24T17:28:30.310313-03:00,,unknown_not_observed_per_size
120,4553,Body Eli Off-White,Body Eli Off-White,Off White,36,True,VERÃO 2027,Bodies,https://www.intibrand.com/produto/body-eli-off-white-4553,https://cdn.vnda.com.br/intibrand/2026/02/02/12_35_02_391_body-20eli-20off-white-20-2b-20pantalona-20touret-20off-white-20zoom-20body-20reedit-12022920.jpg?v=1770046507,2026-08-24T17:28:30.310313-03:00,,unknown_not_observed_per_size
120,4553,Body Eli Off-White,Body Eli Off-White,Off White,38,True,VERÃO 2027,Bodies,https://www.intibrand.com/produto/body-eli-off-white-4553,https://cdn.vnda.com.br/intibrand/2026/02/02/12_35_02_391_body-20eli-20off-white-20-2b-20pantalona-20touret-20off-white-20zoom-20body-20reedit-12022920.jpg?v=1770046507,2026-08-24T17:28:30.310313-03:00,,unknown_not_observed_per_size
120,4553,Body Eli Off-White,Body Eli Off-White,Off White,40,True,VERÃO 2027,Bodies,https://www.intibrand.com/produto/body-eli-off-white-4553,https://cdn.vnda.com.br/intibrand/2026/02/02/12_35_02_391_body-20eli-20off-white-20-2b-20pantalona-20touret-20off-white-20zoom-20body-20reedit-12022920.jpg?v=1770046507,2026-08-24T17:28:30.310313-03:00,,unknown_not_observed_per_size
120,4553,Body Eli Off-White,Body Eli Off-White,Off White,42,True,VERÃO 2027,Bodies,https://www.intibrand.com/produto/body-eli-off-white-4553,https://cdn.vnda.com.br/intibrand/2026/02/02/12_35_02_391_body-20eli-20off-white-20-2b-20pantalona-20touret-20off-white-20zoom-20body-20reedit-12022920.jpg?v=1770046507,2026-08-24T17:28:30.310313-03:00,,unknown_not_observed_per_size
119,4554,Body Eli,Body Eli Preto,Preto,34,True,VERÃO 2027,Bodies,https://www.intibrand.com/produto/body-eli-preto-4554,https://cdn.vnda.com.br/intibrand/2026/02/02/11_12_44_259_body-20eli-20preto-20-2b-20pantalona-20touret-20preta-20zoom-202-20reedit-11020400.jpg?v=1770041567,2026-08-24T17:28:30.310313-03:00,,unknown_not_observed_per_size
119,4554,Body Eli,Body Eli Preto,Preto,36,True,VERÃO 2027,Bodies,https://www.intibrand.com/produto/body-eli-preto-4554,https://cdn.vnda.com.br/intibrand/2026/02/02/11_12_44_259_body-20eli-20preto-20-2b-20pantalona-20touret-20preta-20zoom-202-20reedit-11020400.jpg?v=1770041567,2026-08-24T17:28:30.310313-03:00,,unknown_not_observed_per_size
119,4554,Body Eli,Body Eli Preto,Preto,38,True,VERÃO 2027,Bodies,https://www.intibrand.com/produto/body-eli-preto-4554,https://cdn.vnda.com.br/intibrand/2026/02/02/11_12_44_259_body-20eli-20preto-20-2b-20pantalona-20touret-20preta-20zoom-202-20reedit-11020400.jpg?v=1770041567,2026-08-24T17:28:30.310313-03:00,,unknown_not_observed_per_size
119,4554,Body Eli,Body Eli Preto,Preto,40,True,VERÃO 2027,Bodies,https://www.intibrand.com/produto/body-eli-preto-4554,https://cdn.vnda.com.br/intibrand/2026/02/02/11_12_44_259_body-20eli-20preto-20-2b-20pantalona-20touret-20preta-20zoom-202-20reedit-11020400.jpg?v=1770041567,2026-08-24T17:28:30.310313-03:00,,unknown_not_observed_per_size
119,4554,Body Eli,Body Eli Preto,Preto,42,True,VERÃO 2027,Bodies,https://www.intibrand.com/produto/body-eli-preto-4554,https://cdn.vnda.com.br/intibrand/2026/02/02/11_12_44_259_body-20eli-20preto-20-2b-20pantalona-20touret-20preta-20zoom-202-20reedit-11020400.jpg?v=1770041567,2026-08-24T17:28:30.310313-03:00,,unknown_not_observed_per_size
122,4828,Body Emma Off-White,Body Emma Off-White,Off White,34,True,VERÃO 2027,Bodies,https://www.intibrand.com/produto/body-emma-off-white-4828,https://cdn.vnda.com.br/intibrand/2026/03/30/12_12_23_311_gaby-20v-c3-8ddeos-20-20-story-20-43-12031820.jpg?v=1774883543,2026-08-24T17:28:30.310313-03:00,,unknown_not_observed_per_size
122,4828,Body Emma Off-White,Body Emma Off-White,Off White,36,True,VERÃO 2027,Bodies,https://www.intibrand.com/produto/body-emma-off-white-4828,https://cdn.vnda.com.br/intibrand/2026/03/30/12_12_23_311_gaby-20v-c3-8ddeos-20-20-story-20-43-12031820.jpg?v=1774883543,2026-08-24T17:28:30.310313-03:00,,unknown_not_observed_per_size
122,4828,Body Emma Off-White,Body Emma Off-White,Off White,38,True,VERÃO 2027,Bodies,https://www.intibrand.com/produto/body-emma-off-white-4828,https://cdn.vnda.com.br/intibrand/2026/03/30/12_12_23_311_gaby-20v-c3-8ddeos-20-20-story-20-43-12031820.jpg?v=1774883543,2026-08-24T17:28:30.310313-03:00,,unknown_not_observed_per_size
122,4828,Body Emma Off-White,Body Emma Off-White,Off White,40,True,VERÃO 2027,Bodies,https://www.intibrand.com/produto/body-emma-off-white-4828,https://cdn.vnda.com.br/intibrand/2026/03/30/12_12_23_311_gaby-20v-c3-8ddeos-20-20-story-20-43-12031820.jpg?v=1774883543,2026-08-24T17:28:30.310313-03:00,,unknown_not_observed_per_size
122,4828,Body Emma Off-White,Body Emma Off-White,Off White,42,True,VERÃO 2027,Bodies,https://www.intibrand.com/produto/body-emma-off-white-4828,https://cdn.vnda.com.br/intibrand/2026/03/30/12_12_23_311_gaby-20v-c3-8ddeos-20-20-story-20-43-12031820.jpg?v=1774883543,2026-08-24T17:28:30.310313-03:00,,unknown_not_observed_per_size
122,4828,Body Emma Off-White,Body Emma Off-White,Off White,44,True,VERÃO 2027,Bodies,https://www.intibrand.com/produto/body-emma-off-white-4828,https://cdn.vnda.com.br/intibrand/2026/03/30/12_12_23_311_gaby-20v-c3-8ddeos-20-20-story-20-43-12031820.jpg?v=1774883543,2026-08-24T17:28:30.310313-03:00,,unknown_not_observed_per_size
25,4912,BODY EMMA + PANTALONA BRAXTON | OFF-WHITE,BODY EMMA + PANTALONA BRAXTON | OFF-WHITE,Off White,34,True,VERÃO 2027,Bodies,https://www.intibrand.com/produto/body-emma-pantalona-braxton-off-white-4912,https://cdn.vnda.com.br/intibrand/2026/05/11/15_54_59_313_body-20emma-20off-white-20-2b-20pantalona-20braxton-20off-white-20lado-20-3-15050110.jpg?v=1778525699,2026-08-24T17:28:30.310313-03:00,,unknown_not_observed_per_size
25,4912,BODY EMMA + PANTALONA BRAXTON | OFF-WHITE,BODY EMMA + PANTALONA BRAXTON | OFF-WHITE,Off White,36,True,VERÃO 2027,Bodies,https://www.intibrand.com/produto/body-emma-pantalona-braxton-off-white-4912,https://cdn.vnda.com.br/intibrand/2026/05/11/15_54_59_313_body-20emma-20off-white-20-2b-20pantalona-20braxton-20off-white-20lado-20-3-15050110.jpg?v=1778525699,2026-08-24T17:28:30.310313-03:00,,unknown_not_observed_per_size
25,4912,BODY EMMA + PANTALONA BRAXTON | OFF-WHITE,BODY EMMA + PANTALONA BRAXTON | OFF-WHITE,Off White,38,True,VERÃO 2027,Bodies,https://www.intibrand.com/produto/body-emma-pantalona-braxton-off-white-4912,https://cdn.vnda.com.br/intibrand/2026/05/11/15_54_59_313_body-20emma-20off-white-20-2b-20pantalona-20braxton-20off-white-20lado-20-3-15050110.jpg?v=1778525699,2026-08-24T17:28:30.310313-03:00,,unknown_not_observed_per_size
25,4912,BODY EMMA + PANTALONA BRAXTON | OFF-WHITE,BODY EMMA + PANTALONA BRAXTON | OFF-WHITE,Off White,40,True,VERÃO 2027,Bodies,https://www.intibrand.com/produto/body-emma-pantalona-braxton-off-white-4912,https://cdn.vnda.com.br/intibrand/2026/05/11/15_54_59_313_body-20emma-20off-white-20-2b-20pantalona-20braxton-20off-white-20lado-20-3-15050110.jpg?v=1778525699,2026-08-24T17:28:30.310313-03:00,,unknown_not_observed_per_size
25,4912,BODY EMMA + PANTALONA BRAXTON | OFF-WHITE,BODY EMMA + PANTALONA BRAXTON | OFF-WHITE,Off White,42,True,VERÃO 2027,Bodies,https://www.intibrand.com/produto/body-emma-pantalona-braxton-off-white-4912,https://cdn.vnda.com.br/intibrand/2026/05/11/15_54_59_313_body-20emma-20off-white-20-2b-20pantalona-20braxton-20off-white-20lado-20-3-15050110.jpg?v=1778525699,2026-08-24T17:28:30.310313-03:00,,unknown_not_observed_per_size
25,4912,BODY EMMA + PANTALONA BRAXTON | OFF-WHITE,BODY EMMA + PANTALONA BRAXTON | OFF-WHITE,Off White,44,True,VERÃO 2027,Bodies,https://www.intibrand.com/produto/body-emma-pantalona-braxton-off-white-4912,https://cdn.vnda.com.br/intibrand/2026/05/11/15_54_59_313_body-20emma-20off-white-20-2b-20pantalona-20braxton-20off-white-20lado-20-3-15050110.jpg?v=1778525699,2026-08-24T17:28:30.310313-03:00,,unknown_not_observed_per_size
24,4911,BODY EMMA + PANTALONA BRAXTON |,BODY EMMA + PANTALONA BRAXTON | PRETO,Preto,34,True,VERÃO 2027,Bodies,https://www.intibrand.com/produto/body-emma-pantalona-braxton-preto-4911,https://cdn.vnda.com.br/intibrand/2026/05/11/15_50_33_270_body-20emma-20preto-20-2b-20pantalona-20braxton-20preta-20frente-20-4-15052050.jpg?v=1778525440,2026-08-24T17:28:30.310313-03:00,,unknown_not_observed_per_size
24,4911,BODY EMMA + PANTALONA BRAXTON |,BODY EMMA + PANTALONA BRAXTON | PRETO,Preto,36,True,VERÃO 2027,Bodies,https://www.intibrand.com/produto/body-emma-pantalona-braxton-preto-4911,https://cdn.vnda.com.br/intibrand/2026/05/11/15_50_33_270_body-20emma-20preto-20-2b-20pantalona-20braxton-20preta-20frente-20-4-15052050.jpg?v=1778525440,2026-08-24T17:28:30.310313-03:00,,unknown_not_observed_per_size
24,4911,BODY EMMA + PANTALONA BRAXTON |,BODY EMMA + PANTALONA BRAXTON | PRETO,Preto,38,True,VERÃO 2027,Bodies,https://www.intibrand.com/produto/body-emma-pantalona-braxton-preto-4911,https://cdn.vnda.com.br/intibrand/2026/05/11/15_50_33_270_body-20emma-20preto-20-2b-20pantalona-20braxton-20preta-20frente-20-4-15052050.jpg?v=1778525440,2026-08-24T17:28:30.310313-03:00,,unknown_not_observed_per_size
24,4911,BODY EMMA + PANTALONA BRAXTON |,BODY EMMA + PANTALONA BRAXTON | PRETO,Preto,40,True,VERÃO 2027,Bodies,https://www.intibrand.com/produto/body-emma-pantalona-braxton-preto-4911,https://cdn.vnda.com.br/intibrand/2026/05/11/15_50_33_270_body-20emma-20preto-20-2b-20pantalona-20braxton-20preta-20frente-20-4-15052050.jpg?v=1778525440,2026-08-24T17:28:30.310313-03:00,,unknown_not_observed_per_size
24,4911,BODY EMMA + PANTALONA BRAXTON |,BODY EMMA + PANTALONA BRAXTON | PRETO,Preto,42,True,VERÃO 2027,Bodies,https://www.intibrand.com/produto/body-emma-pantalona-braxton-preto-4911,https://cdn.vnda.com.br/intibrand/2026/05/11/15_50_33_270_body-20emma-20preto-20-2b-20pantalona-20braxton-20preta-20frente-20-4-15052050.jpg?v=1778525440,2026-08-24T17:28:30.310313-03:00,,unknown_not_observed_per_size
24,4911,BODY EMMA + PANTALONA BRAXTON |,BODY EMMA + PANTALONA BRAXTON | PRETO,Preto,44,True,VERÃO 2027,Bodies,https://www.intibrand.com/produto/body-emma-pantalona-braxton-preto-4911,https://cdn.vnda.com.br/intibrand/2026/05/11/15_50_33_270_body-20emma-20preto-20-2b-20pantalona-20braxton-20preta-20frente-20-4-15052050.jpg?v=1778525440,2026-08-24T17:28:30.310313-03:00,,unknown_not_observed_per_size
121,4829,Body Emma,Body Emma Preto,Preto,34,True,VERÃO 2027,Bodies,https://www.intibrand.com/produto/body-emma-preto-4829,https://cdn.vnda.com.br/intibrand/2026/03/30/12_16_36_208_gaby-20v-c3-8ddeos-20-20-story-20-48-12037020.jpg?v=1774883812,2026-08-24T17:28:30.310313-03:00,,unknown_not_observed_per_size
121,4829,Body Emma,Body Emma Preto,Preto,36,True,VERÃO 2027,Bodies,https://www.intibrand.com/produto/body-emma-preto-4829,https://cdn.vnda.com.br/intibrand/2026/03/30/12_16_36_208_gaby-20v-c3-8ddeos-20-20-story-20-48-12037020.jpg?v=1774883812,2026-08-24T17:28:30.310313-03:00,,unknown_not_observed_per_size
121,4829,Body Emma,Body Emma Preto,Preto,38,True,VERÃO 2027,Bodies,https://www.intibrand.com/produto/body-emma-preto-4829,https://cdn.vnda.com.br/intibrand/2026/03/30/12_16_36_208_gaby-20v-c3-8ddeos-20-20-story-20-48-12037020.jpg?v=1774883812,2026-08-24T17:28:30.310313-03:00,,unknown_not_observed_per_size
121,4829,Body Emma,Body Emma Preto,Preto,40,True,VERÃO 2027,Bodies,https://www.intibrand.com/produto/body-emma-preto-4829,https://cdn.vnda.com.br/intibrand/2026/03/30/12_16_36_208_gaby-20v-c3-8ddeos-20-20-story-20-48-12037020.jpg?v=1774883812,2026-08-24T17:28:30.310313-03:00,,unknown_not_observed_per_size
121,4829,Body Emma,Body Emma Preto,Preto,42,True,VERÃO 2027,Bodies,https://www.intibrand.com/produto/body-emma-preto-4829,https://cdn.vnda.com.br/intibrand/2026/03/30/12_16_36_208_gaby-20v-c3-8ddeos-20-20-story-20-48-12037020.jpg?v=1774883812,2026-08-24T17:28:30.310313-03:00,,unknown_not_observed_per_size
121,4829,Body Emma,Body Emma Preto,Preto,44,True,VERÃO 2027,Bodies,https://www.intibrand.com/produto/body-emma-preto-4829,https://cdn.vnda.com.br/intibrand/2026/03/30/12_16_36_208_gaby-20v-c3-8ddeos-20-20-story-20-48-12037020.jpg?v=1774883812,2026-08-24T17:28:30.310313-03:00,,unknown_not_observed_per_size
26,4928,BODY EMMA + SHORT CALEB |,BODY EMMA + SHORT CALEB | PRETO,Preto,34,True,VERÃO 2027,Bodies,https://www.intibrand.com/produto/body-emma-short-caleb-preto-4928,https://cdn.vnda.com.br/intibrand/2026/05/13/11_46_31_518_body-20emma-20preto-20-2b-20short-20caleb-20preto-20frente-202-20-1-11056260.jpg?v=1778683591,2026-08-24T17:28:30.310313-03:00,,unknown_not_observed_per_size
26,4928,BODY EMMA + SHORT CALEB |,BODY EMMA + SHORT CALEB | PRETO,Preto,36,True,VERÃO 2027,Bodies,https://www.intibrand.com/produto/body-emma-short-caleb-preto-4928,https://cdn.vnda.com.br/intibrand/2026/05/13/11_46_31_518_body-20emma-20preto-20-2b-20short-20caleb-20preto-20frente-202-20-1-11056260.jpg?v=1778683591,2026-08-24T17:28:30.310313-03:00,,unknown_not_observed_per_size
26,4928,BODY EMMA + SHORT CALEB |,BODY EMMA + SHORT CALEB | PRETO,Preto,38,True,VERÃO 2027,Bodies,https://www.intibrand.com/produto/body-emma-short-caleb-preto-4928,https://cdn.vnda.com.br/intibrand/2026/05/13/11_46_31_518_body-20emma-20preto-20-2b-20short-20caleb-20preto-20frente-202-20-1-11056260.jpg?v=1778683591,2026-08-24T17:28:30.310313-03:00,,unknown_not_observed_per_size
26,4928,BODY EMMA + SHORT CALEB |,BODY EMMA + SHORT CALEB | PRETO,Preto,40,True,VERÃO 2027,Bodies,https://www.intibrand.com/produto/body-emma-short-caleb-preto-4928,https://cdn.vnda.com.br/intibrand/2026/05/13/11_46_31_518_body-20emma-20preto-20-2b-20short-20caleb-20preto-20frente-202-20-1-11056260.jpg?v=1778683591,2026-08-24T17:28:30.310313-03:00,,unknown_not_observed_per_size
26,4928,BODY EMMA + SHORT CALEB |,BODY EMMA + SHORT CALEB | PRETO,Preto,42,True,VERÃO 2027,Bodies,https://www.intibrand.com/produto/body-emma-short-caleb-preto-4928,https://cdn.vnda.com.br/intibrand/2026/05/13/11_46_31_518_body-20emma-20preto-20-2b-20short-20caleb-20preto-20frente-202-20-1-11056260.jpg?v=1778683591,2026-08-24T17:28:30.310313-03:00,,unknown_not_observed_per_size
26,4928,BODY EMMA + SHORT CALEB |,BODY EMMA + SHORT CALEB | PRETO,Preto,44,True,VERÃO 2027,Bodies,https://www.intibrand.com/produto/body-emma-short-caleb-preto-4928,https://cdn.vnda.com.br/intibrand/2026/05/13/11_46_31_518_body-20emma-20preto-20-2b-20short-20caleb-20preto-20frente-202-20-1-11056260.jpg?v=1778683591,2026-08-24T17:28:30.310313-03:00,,unknown_not_observed_per_size
123,4690,Body Espanya,Body Espanya Preto,Preto,P,True,VERÃO 2027,Bodies,https://www.intibrand.com/produto/body-espanya-preto-4690,https://cdn.vnda.com.br/intibrand/2025/09/26/17_31_31_873_body-20espanya-20preto-20frente-17091040.jpg?v=1758918698,2026-08-24T17:28:30.310313-03:00,,unknown_not_observed_per_size
123,4690,Body Espanya,Body Espanya Preto,Preto,M,True,VERÃO 2027,Bodies,https://www.intibrand.com/produto/body-espanya-preto-4690,https://cdn.vnda.com.br/intibrand/2025/09/26/17_31_31_873_body-20espanya-20preto-20frente-17091040.jpg?v=1758918698,2026-08-24T17:28:30.310313-03:00,,unknown_not_observed_per_size
123,4690,Body Espanya,Body Espanya Preto,Preto,G,True,VERÃO 2027,Bodies,https://www.intibrand.com/produto/body-espanya-preto-4690,https://cdn.vnda.com.br/intibrand/2025/09/26/17_31_31_873_body-20espanya-20preto-20frente-17091040.jpg?v=1758918698,2026-08-24T17:28:30.310313-03:00,,unknown_not_observed_per_size
123,4691,Body Espanya,Body Espanya Vermelho,Vermelho,P,True,VERÃO 2027,Bodies,https://www.intibrand.com/produto/body-espanya-vermelho-4691,https://cdn.vnda.com.br/intibrand/2025/09/26/17_26_59_410_body-20espanya-20vermelho-20frente-17096250.jpg?v=1758918421,2026-08-24T17:28:30.310313-03:00,,unknown_not_observed_per_size
123,4691,Body Espanya,Body Espanya Vermelho,Vermelho,M,True,VERÃO 2027,Bodies,https://www.intibrand.com/produto/body-espanya-vermelho-4691,https://cdn.vnda.com.br/intibrand/2025/09/26/17_26_59_410_body-20espanya-20vermelho-20frente-17096250.jpg?v=1758918421,2026-08-24T17:28:30.310313-03:00,,unknown_not_observed_per_size
123,4691,Body Espanya,Body Espanya Vermelho,Vermelho,G,True,VERÃO 2027,Bodies,https://www.intibrand.com/produto/body-espanya-vermelho-4691,https://cdn.vnda.com.br/intibrand/2025/09/26/17_26_59_410_body-20espanya-20vermelho-20frente-17096250.jpg?v=1758918421,2026-08-24T17:28:30.310313-03:00,,unknown_not_observed_per_size
125,4432,Body Ezio Off-White,Body Ezio Off-White,Off White,P,True,VERÃO 2027,Bodies,https://www.intibrand.com/produto/body-ezio-off-white-4432,https://cdn.vnda.com.br/intibrand/2025/01/31/14_24_16_154_14_1_7_740_body20ezio20offwhite20frente202.jpg?v=1738344259,2026-08-24T17:28:30.310313-03:00,,unknown_not_observed_per_size
125,4432,Body Ezio Off-White,Body Ezio Off-White,Off White,M,True,VERÃO 2027,Bodies,https://www.intibrand.com/produto/body-ezio-off-white-4432,https://cdn.vnda.com.br/intibrand/2025/01/31/14_24_16_154_14_1_7_740_body20ezio20offwhite20frente202.jpg?v=1738344259,2026-08-24T17:28:30.310313-03:00,,unknown_not_observed_per_size
125,4432,Body Ezio Off-White,Body Ezio Off-White,Off White,G,True,VERÃO 2027,Bodies,https://www.intibrand.com/produto/body-ezio-off-white-4432,https://cdn.vnda.com.br/intibrand/2025/01/31/14_24_16_154_14_1_7_740_body20ezio20offwhite20frente202.jpg?v=1738344259,2026-08-24T17:28:30.310313-03:00,,unknown_not_observed_per_size
124,4433,Body Ezio,Body Ezio Preto,Preto,P,True,VERÃO 2027,Bodies,https://www.intibrand.com/produto/body-ezio-preto-4433,https://cdn.vnda.com.br/intibrand/2025/01/31/14_25_02_107_14_1_5_571_body20ezio20preto20frente201.jpg?v=1738344302,2026-08-24T17:28:30.310313-03:00,,unknown_not_observed_per_size
124,4433,Body Ezio,Body Ezio Preto,Preto,M,True,VERÃO 2027,Bodies,https://www.intibrand.com/produto/body-ezio-preto-4433,https://cdn.vnda.com.br/intibrand/2025/01/31/14_25_02_107_14_1_5_571_body20ezio20preto20frente201.jpg?v=1738344302,2026-08-24T17:28:30.310313-03:00,,unknown_not_observed_per_size
124,4433,Body Ezio,Body Ezio Preto,Preto,G,True,VERÃO 2027,Bodies,https://www.intibrand.com/produto/body-ezio-preto-4433,https://cdn.vnda.com.br/intibrand/2025/01/31/14_25_02_107_14_1_5_571_body20ezio20preto20frente201.jpg?v=1738344302,2026-08-24T17:28:30.310313-03:00,,unknown_not_observed_per_size
127,4972,Body Foster Off-White,Body Foster Off-White,Off White,PP,True,VERÃO 2027,Bodies,https://www.intibrand.com/produto/body-foster-off-white-4972,https://cdn.vnda.com.br/intibrand/2026/08/17/14_04_56_727_gaby-20fotos-20-202026-08-17t140439-214-14080290.jpg?v=1786986296,2026-08-24T17:28:30.310313-03:00,,unknown_not_observed_per_size
127,4972,Body Foster Off-White,Body Foster Off-White,Off White,P,True,VERÃO 2027,Bodies,https://www.intibrand.com/produto/body-foster-off-white-4972,https://cdn.vnda.com.br/intibrand/2026/08/17/14_04_56_727_gaby-20fotos-20-202026-08-17t140439-214-14080290.jpg?v=1786986296,2026-08-24T17:28:30.310313-03:00,,unknown_not_observed_per_size
127,4972,Body Foster Off-White,Body Foster Off-White,Off White,M,True,VERÃO 2027,Bodies,https://www.intibrand.com/produto/body-foster-off-white-4972,https://cdn.vnda.com.br/intibrand/2026/08/17/14_04_56_727_gaby-20fotos-20-202026-08-17t140439-214-14080290.jpg?v=1786986296,2026-08-24T17:28:30.310313-03:00,,unknown_not_observed_per_size
127,4972,Body Foster Off-White,Body Foster Off-White,Off White,G,True,VERÃO 2027,Bodies,https://www.intibrand.com/produto/body-foster-off-white-4972,https://cdn.vnda.com.br/intibrand/2026/08/17/14_04_56_727_gaby-20fotos-20-202026-08-17t140439-214-14080290.jpg?v=1786986296,2026-08-24T17:28:30.310313-03:00,,unknown_not_observed_per_size
126,4973,Body Foster,Body Foster Preto,Preto,PP,True,VERÃO 2027,Bodies,https://www.intibrand.com/produto/body-foster-preto-4973,https://cdn.vnda.com.br/intibrand/2026/08/17/13_56_42_613_gaby-20fotos-20-202026-08-17t135243-914-13081400.jpg?v=1786985802,2026-08-24T17:28:30.310313-03:00,,unknown_not_observed_per_size
126,4973,Body Foster,Body Foster Preto,Preto,P,True,VERÃO 2027,Bodies,https://www.intibrand.com/produto/body-foster-preto-4973,https://cdn.vnda.com.br/intibrand/2026/08/17/13_56_42_613_gaby-20fotos-20-202026-08-17t135243-914-13081400.jpg?v=1786985802,2026-08-24T17:28:30.310313-03:00,,unknown_not_observed_per_size
126,4973,Body Foster,Body Foster Preto,Preto,M,True,VERÃO 2027,Bodies,https://www.intibrand.com/produto/body-foster-preto-4973,https://cdn.vnda.com.br/intibrand/2026/08/17/13_56_42_613_gaby-20fotos-20-202026-08-17t135243-914-13081400.jpg?v=1786985802,2026-08-24T17:28:30.310313-03:00,,unknown_not_observed_per_size
126,4973,Body Foster,Body Foster Preto,Preto,G,True,VERÃO 2027,Bodies,https://www.intibrand.com/produto/body-foster-preto-4973,https://cdn.vnda.com.br/intibrand/2026/08/17/13_56_42_613_gaby-20fotos-20-202026-08-17t135243-914-13081400.jpg?v=1786985802,2026-08-24T17:28:30.310313-03:00,,unknown_not_observed_per_size
128,4795,Body Giorgia,Body Giorgia Marrom,Marrom,P,True,VERÃO 2027,Bodies,https://www.intibrand.com/produto/body-giorgia-marrom-4795,https://cdn.vnda.com.br/intibrand/2026/05/05/15_09_17_711_artes-20site-20-8-15058650.jpg?v=1778004560,2026-08-24T17:28:30.310313-03:00,,unknown_not_observed_per_size
128,4795,Body Giorgia,Body Giorgia Marrom,Marrom,M,True,VERÃO 2027,Bodies,https://www.intibrand.com/produto/body-giorgia-marrom-4795,https://cdn.vnda.com.br/intibrand/2026/05/05/15_09_17_711_artes-20site-20-8-15058650.jpg?v=1778004560,2026-08-24T17:28:30.310313-03:00,,unknown_not_observed_per_size
128,4795,Body Giorgia,Body Giorgia Marrom,Marrom,G,True,VERÃO 2027,Bodies,https://www.intibrand.com/produto/body-giorgia-marrom-4795,https://cdn.vnda.com.br/intibrand/2026/05/05/15_09_17_711_artes-20site-20-8-15058650.jpg?v=1778004560,2026-08-24T17:28:30.310313-03:00,,unknown_not_observed_per_size
129,4575,Body Heydar,Body Heydar Preto,Preto,36,True,VERÃO 2027,Bodies,https://www.intibrand.com/produto/body-heydar-preto-4575,https://cdn.vnda.com.br/intibrand/2025/08/21/18_05_10_95_body-20heydar-20preto-20-2b-20pantalona-20flare-20preta-20frente-20detalhe-20-1-18089590.jpg?v=1755810318,2026-08-24T17:28:30.310313-03:00,,unknown_not_observed_per_size
129,4575,Body Heydar,Body Heydar Preto,Preto,38,True,VERÃO 2027,Bodies,https://www.intibrand.com/produto/body-heydar-preto-4575,https://cdn.vnda.com.br/intibrand/2025/08/21/18_05_10_95_body-20heydar-20preto-20-2b-20pantalona-20flare-20preta-20frente-20detalhe-20-1-18089590.jpg?v=1755810318,2026-08-24T17:28:30.310313-03:00,,unknown_not_observed_per_size
129,4575,Body Heydar,Body Heydar Preto,Preto,40,True,VERÃO 2027,Bodies,https://www.intibrand.com/produto/body-heydar-preto-4575,https://cdn.vnda.com.br/intibrand/2025/08/21/18_05_10_95_body-20heydar-20preto-20-2b-20pantalona-20flare-20preta-20frente-20detalhe-20-1-18089590.jpg?v=1755810318,2026-08-24T17:28:30.310313-03:00,,unknown_not_observed_per_size
129,4575,Body Heydar,Body Heydar Preto,Preto,42,True,VERÃO 2027,Bodies,https://www.intibrand.com/produto/body-heydar-preto-4575,https://cdn.vnda.com.br/intibrand/2025/08/21/18_05_10_95_body-20heydar-20preto-20-2b-20pantalona-20flare-20preta-20frente-20detalhe-20-1-18089590.jpg?v=1755810318,2026-08-24T17:28:30.310313-03:00,,unknown_not_observed_per_size
130,4587,Body Kenzo,Body Kenzo Cobre,Cobre,P,True,VERÃO 2027,Bodies,https://www.intibrand.com/produto/body-kenzo-cobre-4587,https://cdn.vnda.com.br/intibrand/2025/09/04/13_11_13_548_body-20kenzo-20cobre-20frente-13097300.jpg?v=1757002273,2026-08-24T17:28:30.310313-03:00,,unknown_not_observed_per_size
130,4587,Body Kenzo,Body Kenzo Cobre,Cobre,M,True,VERÃO 2027,Bodies,https://www.intibrand.com/produto/body-kenzo-cobre-4587,https://cdn.vnda.com.br/intibrand/2025/09/04/13_11_13_548_body-20kenzo-20cobre-20frente-13097300.jpg?v=1757002273,2026-08-24T17:28:30.310313-03:00,,unknown_not_observed_per_size
130,4587,Body Kenzo,Body Kenzo Cobre,Cobre,G,True,VERÃO 2027,Bodies,https://www.intibrand.com/produto/body-kenzo-cobre-4587,https://cdn.vnda.com.br/intibrand/2025/09/04/13_11_13_548_body-20kenzo-20cobre-20frente-13097300.jpg?v=1757002273,2026-08-24T17:28:30.310313-03:00,,unknown_not_observed_per_size
130,4585,Body Kenzo,Body Kenzo Pérola,Pérola,P,True,VERÃO 2027,Bodies,https://www.intibrand.com/produto/body-kenzo-perola-4585,https://cdn.vnda.com.br/intibrand/2025/09/03/13_29_40_602_body-20kenzo-20p-c3-89rola-20costas-20ss26-13099240.jpg?v=1757003326,2026-08-24T17:28:30.310313-03:00,,unknown_not_observed_per_size
130,4585,Body Kenzo,Body Kenzo Pérola,Pérola,M,True,VERÃO 2027,Bodies,https://www.intibrand.com/produto/body-kenzo-perola-4585,https://cdn.vnda.com.br/intibrand/2025/09/03/13_29_40_602_body-20kenzo-20p-c3-89rola-20costas-20ss26-13099240.jpg?v=1757003326,2026-08-24T17:28:30.310313-03:00,,unknown_not_observed_per_size
130,4585,Body Kenzo,Body Kenzo Pérola,Pérola,G,True,VERÃO 2027,Bodies,https://www.intibrand.com/produto/body-kenzo-perola-4585,https://cdn.vnda.com.br/intibrand/2025/09/03/13_29_40_602_body-20kenzo-20p-c3-89rola-20costas-20ss26-13099240.jpg?v=1757003326,2026-08-24T17:28:30.310313-03:00,,unknown_not_observed_per_size
131,4402,Body Lyra,Body Lyra Preto,Preto,P,True,VERÃO 2027,Bodies,https://www.intibrand.com/produto/body-lyra-preto-4402,https://cdn.vnda.com.br/intibrand/2025/01/29/10_01_30_125_10_1_0_046_body20lyra20preto20frente201.jpg?v=1738155700,2026-08-24T17:28:30.310313-03:00,,unknown_not_observed_per_size
131,4402,Body Lyra,Body Lyra Preto,Preto,M,True,VERÃO 2027,Bodies,https://www.intibrand.com/produto/body-lyra-preto-4402,https://cdn.vnda.com.br/intibrand/2025/01/29/10_01_30_125_10_1_0_046_body20lyra20preto20frente201.jpg?v=1738155700,2026-08-24T17:28:30.310313-03:00,,unknown_not_observed_per_size
131,4402,Body Lyra,Body Lyra Preto,Preto,G,True,VERÃO 2027,Bodies,https://www.intibrand.com/produto/body-lyra-preto-4402,https://cdn.vnda.com.br/intibrand/2025/01/29/10_01_30_125_10_1_0_046_body20lyra20preto20frente201.jpg?v=1738155700,2026-08-24T17:28:30.310313-03:00,,unknown_not_observed_per_size
132,4222,Body Mariani,Body Mariani Vermelho Carmim,Vermelho Carmim,P,True,VERÃO 2027,Bodies,https://www.intibrand.com/produto/body-mariani-vermelho-carmim-4222,https://cdn.vnda.com.br/intibrand/2024/10/28/14_18_32_911_14_10_4_489_body20mariani20vermelho20carmin20frente203.jpg?v=1730135917,2026-08-24T17:28:30.310313-03:00,,unknown_not_observed_per_size
132,4222,Body Mariani,Body Mariani Vermelho Carmim,Vermelho Carmim,M,True,VERÃO 2027,Bodies,https://www.intibrand.com/produto/body-mariani-vermelho-carmim-4222,https://cdn.vnda.com.br/intibrand/2024/10/28/14_18_32_911_14_10_4_489_body20mariani20vermelho20carmin20frente203.jpg?v=1730135917,2026-08-24T17:28:30.310313-03:00,,unknown_not_observed_per_size
132,4222,Body Mariani,Body Mariani Vermelho Carmim,Vermelho Carmim,G,True,VERÃO 2027,Bodies,https://www.intibrand.com/produto/body-mariani-vermelho-carmim-4222,https://cdn.vnda.com.br/intibrand/2024/10/28/14_18_32_911_14_10_4_489_body20mariani20vermelho20carmin20frente203.jpg?v=1730135917,2026-08-24T17:28:30.310313-03:00,,unknown_not_observed_per_size
133,4832,Body Mattia,Body Mattia Marrom,Marrom,PP,True,VERÃO 2027,Bodies,https://www.intibrand.com/produto/body-mattia-marrom-4832,https://cdn.vnda.com.br/intibrand/2026/03/30/12_37_22_940_gaby-20v-c3-8ddeos-20-20-story-20-62-12035390.jpg?v=1774885042,2026-08-24T17:28:30.310313-03:00,,unknown_not_observed_per_size
133,4832,Body Mattia,Body Mattia Marrom,Marrom,P,True,VERÃO 2027,Bodies,https://www.intibrand.com/produto/body-mattia-marrom-4832,https://cdn.vnda.com.br/intibrand/2026/03/30/12_37_22_940_gaby-20v-c3-8ddeos-20-20-story-20-62-12035390.jpg?v=1774885042,2026-08-24T17:28:30.310313-03:00,,unknown_not_observed_per_size
133,4832,Body Mattia,Body Mattia Marrom,Marrom,M,True,VERÃO 2027,Bodies,https://www.intibrand.com/produto/body-mattia-marrom-4832,https://cdn.vnda.com.br/intibrand/2026/03/30/12_37_22_940_gaby-20v-c3-8ddeos-20-20-story-20-62-12035390.jpg?v=1774885042,2026-08-24T17:28:30.310313-03:00,,unknown_not_observed_per_size
133,4832,Body Mattia,Body Mattia Marrom,Marrom,G,True,VERÃO 2027,Bodies,https://www.intibrand.com/produto/body-mattia-marrom-4832,https://cdn.vnda.com.br/intibrand/2026/03/30/12_37_22_940_gaby-20v-c3-8ddeos-20-20-story-20-62-12035390.jpg?v=1774885042,2026-08-24T17:28:30.310313-03:00,,unknown_not_observed_per_size
133,4832,Body Mattia,Body Mattia Marrom,Marrom,GG,True,VERÃO 2027,Bodies,https://www.intibrand.com/produto/body-mattia-marrom-4832,https://cdn.vnda.com.br/intibrand/2026/03/30/12_37_22_940_gaby-20v-c3-8ddeos-20-20-story-20-62-12035390.jpg?v=1774885042,2026-08-24T17:28:30.310313-03:00,,unknown_not_observed_per_size
134,4830,Body Mattia Off-White,Body Mattia Off-White,Off White,PP,True,VERÃO 2027,Bodies,https://www.intibrand.com/produto/body-mattia-off-white-4830,https://cdn.vnda.com.br/intibrand/2026/03/30/12_35_41_269_gaby-20v-c3-8ddeos-20-20-story-20-59-12037960.jpg?v=1774884945,2026-08-24T17:28:30.310313-03:00,,unknown_not_observed_per_size
134,4830,Body Mattia Off-White,Body Mattia Off-White,Off White,P,True,VERÃO 2027,Bodies,https://www.intibrand.com/produto/body-mattia-off-white-4830,https://cdn.vnda.com.br/intibrand/2026/03/30/12_35_41_269_gaby-20v-c3-8ddeos-20-20-story-20-59-12037960.jpg?v=1774884945,2026-08-24T17:28:30.310313-03:00,,unknown_not_observed_per_size
134,4830,Body Mattia Off-White,Body Mattia Off-White,Off White,M,True,VERÃO 2027,Bodies,https://www.intibrand.com/produto/body-mattia-off-white-4830,https://cdn.vnda.com.br/intibrand/2026/03/30/12_35_41_269_gaby-20v-c3-8ddeos-20-20-story-20-59-12037960.jpg?v=1774884945,2026-08-24T17:28:30.310313-03:00,,unknown_not_observed_per_size
134,4830,Body Mattia Off-White,Body Mattia Off-White,Off White,G,True,VERÃO 2027,Bodies,https://www.intibrand.com/produto/body-mattia-off-white-4830,https://cdn.vnda.com.br/intibrand/2026/03/30/12_35_41_269_gaby-20v-c3-8ddeos-20-20-story-20-59-12037960.jpg?v=1774884945,2026-08-24T17:28:30.310313-03:00,,unknown_not_observed_per_size
134,4830,Body Mattia Off-White,Body Mattia Off-White,Off White,GG,True,VERÃO 2027,Bodies,https://www.intibrand.com/produto/body-mattia-off-white-4830,https://cdn.vnda.com.br/intibrand/2026/03/30/12_35_41_269_gaby-20v-c3-8ddeos-20-20-story-20-59-12037960.jpg?v=1774884945,2026-08-24T17:28:30.310313-03:00,,unknown_not_observed_per_size
133,4831,Body Mattia,Body Mattia Preto,Preto,PP,True,VERÃO 2027,Bodies,https://www.intibrand.com/produto/body-mattia-preto-4831,https://cdn.vnda.com.br/intibrand/2026/03/30/12_38_57_618_gaby-20v-c3-8ddeos-20-20-story-20-69-12034710.jpg?v=1774885137,2026-08-24T17:28:30.310313-03:00,,unknown_not_observed_per_size
133,4831,Body Mattia,Body Mattia Preto,Preto,P,True,VERÃO 2027,Bodies,https://www.intibrand.com/produto/body-mattia-preto-4831,https://cdn.vnda.com.br/intibrand/2026/03/30/12_38_57_618_gaby-20v-c3-8ddeos-20-20-story-20-69-12034710.jpg?v=1774885137,2026-08-24T17:28:30.310313-03:00,,unknown_not_observed_per_size
133,4831,Body Mattia,Body Mattia Preto,Preto,M,True,VERÃO 2027,Bodies,https://www.intibrand.com/produto/body-mattia-preto-4831,https://cdn.vnda.com.br/intibrand/2026/03/30/12_38_57_618_gaby-20v-c3-8ddeos-20-20-story-20-69-12034710.jpg?v=1774885137,2026-08-24T17:28:30.310313-03:00,,unknown_not_observed_per_size
133,4831,Body Mattia,Body Mattia Preto,Preto,G,True,VERÃO 2027,Bodies,https://www.intibrand.com/produto/body-mattia-preto-4831,https://cdn.vnda.com.br/intibrand/2026/03/30/12_38_57_618_gaby-20v-c3-8ddeos-20-20-story-20-69-12034710.jpg?v=1774885137,2026-08-24T17:28:30.310313-03:00,,unknown_not_observed_per_size
133,4831,Body Mattia,Body Mattia Preto,Preto,GG,True,VERÃO 2027,Bodies,https://www.intibrand.com/produto/body-mattia-preto-4831,https://cdn.vnda.com.br/intibrand/2026/03/30/12_38_57_618_gaby-20v-c3-8ddeos-20-20-story-20-69-12034710.jpg?v=1774885137,2026-08-24T17:28:30.310313-03:00,,unknown_not_observed_per_size
136,4576,Body Otto Off-White,Body Otto Off-White,Off White,36,True,VERÃO 2027,Bodies,https://www.intibrand.com/produto/body-otto-off-white-4576,https://cdn.vnda.com.br/intibrand/2025/08/21/18_25_40_858_body-20otto-20off-white-20zoom-20-1-20-1-18083060.jpg?v=1755811735,2026-08-24T17:28:30.310313-03:00,,unknown_not_observed_per_size
136,4576,Body Otto Off-White,Body Otto Off-White,Off White,38,True,VERÃO 2027,Bodies,https://www.intibrand.com/produto/body-otto-off-white-4576,https://cdn.vnda.com.br/intibrand/2025/08/21/18_25_40_858_body-20otto-20off-white-20zoom-20-1-20-1-18083060.jpg?v=1755811735,2026-08-24T17:28:30.310313-03:00,,unknown_not_observed_per_size
136,4576,Body Otto Off-White,Body Otto Off-White,Off White,40,True,VERÃO 2027,Bodies,https://www.intibrand.com/produto/body-otto-off-white-4576,https://cdn.vnda.com.br/intibrand/2025/08/21/18_25_40_858_body-20otto-20off-white-20zoom-20-1-20-1-18083060.jpg?v=1755811735,2026-08-24T17:28:30.310313-03:00,,unknown_not_observed_per_size
136,4576,Body Otto Off-White,Body Otto Off-White,Off White,42,True,VERÃO 2027,Bodies,https://www.intibrand.com/produto/body-otto-off-white-4576,https://cdn.vnda.com.br/intibrand/2025/08/21/18_25_40_858_body-20otto-20off-white-20zoom-20-1-20-1-18083060.jpg?v=1755811735,2026-08-24T17:28:30.310313-03:00,,unknown_not_observed_per_size
135,4577,Body Otto,Body Otto Preto,Preto,36,True,VERÃO 2027,Bodies,https://www.intibrand.com/produto/body-otto-preto-4577,https://cdn.vnda.com.br/intibrand/2025/08/21/18_28_21_764_body-20otto-20preto-20zoom-20-1-20-1-18088040.jpg?v=1755811705,2026-08-24T17:28:30.310313-03:00,,unknown_not_observed_per_size
135,4577,Body Otto,Body Otto Preto,Preto,38,True,VERÃO 2027,Bodies,https://www.intibrand.com/produto/body-otto-preto-4577,https://cdn.vnda.com.br/intibrand/2025/08/21/18_28_21_764_body-20otto-20preto-20zoom-20-1-20-1-18088040.jpg?v=1755811705,2026-08-24T17:28:30.310313-03:00,,unknown_not_observed_per_size
135,4577,Body Otto,Body Otto Preto,Preto,40,True,VERÃO 2027,Bodies,https://www.intibrand.com/produto/body-otto-preto-4577,https://cdn.vnda.com.br/intibrand/2025/08/21/18_28_21_764_body-20otto-20preto-20zoom-20-1-20-1-18088040.jpg?v=1755811705,2026-08-24T17:28:30.310313-03:00,,unknown_not_observed_per_size
135,4577,Body Otto,Body Otto Preto,Preto,42,True,VERÃO 2027,Bodies,https://www.intibrand.com/produto/body-otto-preto-4577,https://cdn.vnda.com.br/intibrand/2025/08/21/18_28_21_764_body-20otto-20preto-20zoom-20-1-20-1-18088040.jpg?v=1755811705,2026-08-24T17:28:30.310313-03:00,,unknown_not_observed_per_size
138,4332,Body Rinaldi Off-White,Body Rinaldi Off-White,Off White,P,True,VERÃO 2027,Bodies,https://www.intibrand.com/produto/body-rinaldi-off-white-4332,https://cdn.vnda.com.br/intibrand/2024/12/27/15_32_35_769_15_12_8_825_body20rinaldi20offwhite20frente202201.jpg?v=1735324366,2026-08-24T17:28:30.310313-03:00,,unknown_not_observed_per_size
138,4332,Body Rinaldi Off-White,Body Rinaldi Off-White,Off White,M,True,VERÃO 2027,Bodies,https://www.intibrand.com/produto/body-rinaldi-off-white-4332,https://cdn.vnda.com.br/intibrand/2024/12/27/15_32_35_769_15_12_8_825_body20rinaldi20offwhite20frente202201.jpg?v=1735324366,2026-08-24T17:28:30.310313-03:00,,unknown_not_observed_per_size
138,4332,Body Rinaldi Off-White,Body Rinaldi Off-White,Off White,G,True,VERÃO 2027,Bodies,https://www.intibrand.com/produto/body-rinaldi-off-white-4332,https://cdn.vnda.com.br/intibrand/2024/12/27/15_32_35_769_15_12_8_825_body20rinaldi20offwhite20frente202201.jpg?v=1735324366,2026-08-24T17:28:30.310313-03:00,,unknown_not_observed_per_size
138,4332,Body Rinaldi Off-White,Body Rinaldi Off-White,Off White,GG,True,VERÃO 2027,Bodies,https://www.intibrand.com/produto/body-rinaldi-off-white-4332,https://cdn.vnda.com.br/intibrand/2024/12/27/15_32_35_769_15_12_8_825_body20rinaldi20offwhite20frente202201.jpg?v=1735324366,2026-08-24T17:28:30.310313-03:00,,unknown_not_observed_per_size
137,4331,Body Rinaldi,Body Rinaldi Preto,Preto,P,True,VERÃO 2027,Bodies,https://www.intibrand.com/produto/body-rinaldi-preto-4331,https://cdn.vnda.com.br/intibrand/2024/12/27/15_29_04_951_15_12_2_228_body20rinaldi20preto20frente201.jpg?v=1735324153,2026-08-24T17:28:30.310313-03:00,,unknown_not_observed_per_size
137,4331,Body Rinaldi,Body Rinaldi Preto,Preto,M,True,VERÃO 2027,Bodies,https://www.intibrand.com/produto/body-rinaldi-preto-4331,https://cdn.vnda.com.br/intibrand/2024/12/27/15_29_04_951_15_12_2_228_body20rinaldi20preto20frente201.jpg?v=1735324153,2026-08-24T17:28:30.310313-03:00,,unknown_not_observed_per_size
137,4331,Body Rinaldi,Body Rinaldi Preto,Preto,G,True,VERÃO 2027,Bodies,https://www.intibrand.com/produto/body-rinaldi-preto-4331,https://cdn.vnda.com.br/intibrand/2024/12/27/15_29_04_951_15_12_2_228_body20rinaldi20preto20frente201.jpg?v=1735324153,2026-08-24T17:28:30.310313-03:00,,unknown_not_observed_per_size
137,4331,Body Rinaldi,Body Rinaldi Preto,Preto,GG,True,VERÃO 2027,Bodies,https://www.intibrand.com/produto/body-rinaldi-preto-4331,https://cdn.vnda.com.br/intibrand/2024/12/27/15_29_04_951_15_12_2_228_body20rinaldi20preto20frente201.jpg?v=1735324153,2026-08-24T17:28:30.310313-03:00,,unknown_not_observed_per_size
140,4833,Body Rocco Off-White,Body Rocco Off-White,Off White,P,True,VERÃO 2027,Bodies,https://www.intibrand.com/produto/body-rocco-off-white-4833,https://cdn.vnda.com.br/intibrand/2026/03/30/12_56_57_373_gaby-20v-c3-8ddeos-20-20-story-20-75-12031970.jpg?v=1774886221,2026-08-24T17:28:30.310313-03:00,,unknown_not_observed_per_size
140,4833,Body Rocco Off-White,Body Rocco Off-White,Off White,M,True,VERÃO 2027,Bodies,https://www.intibrand.com/produto/body-rocco-off-white-4833,https://cdn.vnda.com.br/intibrand/2026/03/30/12_56_57_373_gaby-20v-c3-8ddeos-20-20-story-20-75-12031970.jpg?v=1774886221,2026-08-24T17:28:30.310313-03:00,,unknown_not_observed_per_size
140,4833,Body Rocco Off-White,Body Rocco Off-White,Off White,G,True,VERÃO 2027,Bodies,https://www.intibrand.com/produto/body-rocco-off-white-4833,https://cdn.vnda.com.br/intibrand/2026/03/30/12_56_57_373_gaby-20v-c3-8ddeos-20-20-story-20-75-12031970.jpg?v=1774886221,2026-08-24T17:28:30.310313-03:00,,unknown_not_observed_per_size
28,4919,BODY ROCCO + PANTALONA FLARE | OFF-WHITE,BODY ROCCO + PANTALONA FLARE | OFF-WHITE,Off White,P,True,VERÃO 2027,Bodies,https://www.intibrand.com/produto/body-rocco-pantalona-flare-off-white-4919,https://cdn.vnda.com.br/intibrand/2026/05/13/08_27_51_222_body-20rocco-20off-white-20-2b-20pantalona-20flare-20off-white-20frente-20-1-08054030.jpg?v=1778671676,2026-08-24T17:28:30.310313-03:00,,unknown_not_observed_per_size
28,4919,BODY ROCCO + PANTALONA FLARE | OFF-WHITE,BODY ROCCO + PANTALONA FLARE | OFF-WHITE,Off White,M,True,VERÃO 2027,Bodies,https://www.intibrand.com/produto/body-rocco-pantalona-flare-off-white-4919,https://cdn.vnda.com.br/intibrand/2026/05/13/08_27_51_222_body-20rocco-20off-white-20-2b-20pantalona-20flare-20off-white-20frente-20-1-08054030.jpg?v=1778671676,2026-08-24T17:28:30.310313-03:00,,unknown_not_observed_per_size
28,4919,BODY ROCCO + PANTALONA FLARE | OFF-WHITE,BODY ROCCO + PANTALONA FLARE | OFF-WHITE,Off White,G,True,VERÃO 2027,Bodies,https://www.intibrand.com/produto/body-rocco-pantalona-flare-off-white-4919,https://cdn.vnda.com.br/intibrand/2026/05/13/08_27_51_222_body-20rocco-20off-white-20-2b-20pantalona-20flare-20off-white-20frente-20-1-08054030.jpg?v=1778671676,2026-08-24T17:28:30.310313-03:00,,unknown_not_observed_per_size
28,4919,BODY ROCCO + PANTALONA FLARE | OFF-WHITE,BODY ROCCO + PANTALONA FLARE | OFF-WHITE,Off White,34,True,VERÃO 2027,Bodies,https://www.intibrand.com/produto/body-rocco-pantalona-flare-off-white-4919,https://cdn.vnda.com.br/intibrand/2026/05/13/08_27_51_222_body-20rocco-20off-white-20-2b-20pantalona-20flare-20off-white-20frente-20-1-08054030.jpg?v=1778671676,2026-08-24T17:28:30.310313-03:00,,unknown_not_observed_per_size
28,4919,BODY ROCCO + PANTALONA FLARE | OFF-WHITE,BODY ROCCO + PANTALONA FLARE | OFF-WHITE,Off White,36,True,VERÃO 2027,Bodies,https://www.intibrand.com/produto/body-rocco-pantalona-flare-off-white-4919,https://cdn.vnda.com.br/intibrand/2026/05/13/08_27_51_222_body-20rocco-20off-white-20-2b-20pantalona-20flare-20off-white-20frente-20-1-08054030.jpg?v=1778671676,2026-08-24T17:28:30.310313-03:00,,unknown_not_observed_per_size
28,4919,BODY ROCCO + PANTALONA FLARE | OFF-WHITE,BODY ROCCO + PANTALONA FLARE | OFF-WHITE,Off White,38,True,VERÃO 2027,Bodies,https://www.intibrand.com/produto/body-rocco-pantalona-flare-off-white-4919,https://cdn.vnda.com.br/intibrand/2026/05/13/08_27_51_222_body-20rocco-20off-white-20-2b-20pantalona-20flare-20off-white-20frente-20-1-08054030.jpg?v=1778671676,2026-08-24T17:28:30.310313-03:00,,unknown_not_observed_per_size
28,4919,BODY ROCCO + PANTALONA FLARE | OFF-WHITE,BODY ROCCO + PANTALONA FLARE | OFF-WHITE,Off White,40,True,VERÃO 2027,Bodies,https://www.intibrand.com/produto/body-rocco-pantalona-flare-off-white-4919,https://cdn.vnda.com.br/intibrand/2026/05/13/08_27_51_222_body-20rocco-20off-white-20-2b-20pantalona-20flare-20off-white-20frente-20-1-08054030.jpg?v=1778671676,2026-08-24T17:28:30.310313-03:00,,unknown_not_observed_per_size
28,4919,BODY ROCCO + PANTALONA FLARE | OFF-WHITE,BODY ROCCO + PANTALONA FLARE | OFF-WHITE,Off White,42,True,VERÃO 2027,Bodies,https://www.intibrand.com/produto/body-rocco-pantalona-flare-off-white-4919,https://cdn.vnda.com.br/intibrand/2026/05/13/08_27_51_222_body-20rocco-20off-white-20-2b-20pantalona-20flare-20off-white-20frente-20-1-08054030.jpg?v=1778671676,2026-08-24T17:28:30.310313-03:00,,unknown_not_observed_per_size
28,4919,BODY ROCCO + PANTALONA FLARE | OFF-WHITE,BODY ROCCO + PANTALONA FLARE | OFF-WHITE,Off White,44,True,VERÃO 2027,Bodies,https://www.intibrand.com/produto/body-rocco-pantalona-flare-off-white-4919,https://cdn.vnda.com.br/intibrand/2026/05/13/08_27_51_222_body-20rocco-20off-white-20-2b-20pantalona-20flare-20off-white-20frente-20-1-08054030.jpg?v=1778671676,2026-08-24T17:28:30.310313-03:00,,unknown_not_observed_per_size
27,4920,BODY ROCCO + PANTALONA FLARE |,BODY ROCCO + PANTALONA FLARE | PRETO,Preto,P,True,VERÃO 2027,Bodies,https://www.intibrand.com/produto/body-rocco-pantalona-flare-preto-4920,https://cdn.vnda.com.br/intibrand/2026/05/13/08_30_52_213_body-20rocco-20preto-20-2b-20pantalona-20flare-20preta-20lado-08055390.jpg?v=1778671869,2026-08-24T17:28:30.310313-03:00,,unknown_not_observed_per_size
27,4920,BODY ROCCO + PANTALONA FLARE |,BODY ROCCO + PANTALONA FLARE | PRETO,Preto,M,True,VERÃO 2027,Bodies,https://www.intibrand.com/produto/body-rocco-pantalona-flare-preto-4920,https://cdn.vnda.com.br/intibrand/2026/05/13/08_30_52_213_body-20rocco-20preto-20-2b-20pantalona-20flare-20preta-20lado-08055390.jpg?v=1778671869,2026-08-24T17:28:30.310313-03:00,,unknown_not_observed_per_size
27,4920,BODY ROCCO + PANTALONA FLARE |,BODY ROCCO + PANTALONA FLARE | PRETO,Preto,G,True,VERÃO 2027,Bodies,https://www.intibrand.com/produto/body-rocco-pantalona-flare-preto-4920,https://cdn.vnda.com.br/intibrand/2026/05/13/08_30_52_213_body-20rocco-20preto-20-2b-20pantalona-20flare-20preta-20lado-08055390.jpg?v=1778671869,2026-08-24T17:28:30.310313-03:00,,unknown_not_observed_per_size
27,4920,BODY ROCCO + PANTALONA FLARE |,BODY ROCCO + PANTALONA FLARE | PRETO,Preto,34,True,VERÃO 2027,Bodies,https://www.intibrand.com/produto/body-rocco-pantalona-flare-preto-4920,https://cdn.vnda.com.br/intibrand/2026/05/13/08_30_52_213_body-20rocco-20preto-20-2b-20pantalona-20flare-20preta-20lado-08055390.jpg?v=1778671869,2026-08-24T17:28:30.310313-03:00,,unknown_not_observed_per_size
27,4920,BODY ROCCO + PANTALONA FLARE |,BODY ROCCO + PANTALONA FLARE | PRETO,Preto,36,True,VERÃO 2027,Bodies,https://www.intibrand.com/produto/body-rocco-pantalona-flare-preto-4920,https://cdn.vnda.com.br/intibrand/2026/05/13/08_30_52_213_body-20rocco-20preto-20-2b-20pantalona-20flare-20preta-20lado-08055390.jpg?v=1778671869,2026-08-24T17:28:30.310313-03:00,,unknown_not_observed_per_size
27,4920,BODY ROCCO + PANTALONA FLARE |,BODY ROCCO + PANTALONA FLARE | PRETO,Preto,38,True,VERÃO 2027,Bodies,https://www.intibrand.com/produto/body-rocco-pantalona-flare-preto-4920,https://cdn.vnda.com.br/intibrand/2026/05/13/08_30_52_213_body-20rocco-20preto-20-2b-20pantalona-20flare-20preta-20lado-08055390.jpg?v=1778671869,2026-08-24T17:28:30.310313-03:00,,unknown_not_observed_per_size
27,4920,BODY ROCCO + PANTALONA FLARE |,BODY ROCCO + PANTALONA FLARE | PRETO,Preto,40,True,VERÃO 2027,Bodies,https://www.intibrand.com/produto/body-rocco-pantalona-flare-preto-4920,https://cdn.vnda.com.br/intibrand/2026/05/13/08_30_52_213_body-20rocco-20preto-20-2b-20pantalona-20flare-20preta-20lado-08055390.jpg?v=1778671869,2026-08-24T17:28:30.310313-03:00,,unknown_not_observed_per_size
27,4920,BODY ROCCO + PANTALONA FLARE |,BODY ROCCO + PANTALONA FLARE | PRETO,Preto,42,True,VERÃO 2027,Bodies,https://www.intibrand.com/produto/body-rocco-pantalona-flare-preto-4920,https://cdn.vnda.com.br/intibrand/2026/05/13/08_30_52_213_body-20rocco-20preto-20-2b-20pantalona-20flare-20preta-20lado-08055390.jpg?v=1778671869,2026-08-24T17:28:30.310313-03:00,,unknown_not_observed_per_size
27,4920,BODY ROCCO + PANTALONA FLARE |,BODY ROCCO + PANTALONA FLARE | PRETO,Preto,44,True,VERÃO 2027,Bodies,https://www.intibrand.com/produto/body-rocco-pantalona-flare-preto-4920,https://cdn.vnda.com.br/intibrand/2026/05/13/08_30_52_213_body-20rocco-20preto-20-2b-20pantalona-20flare-20preta-20lado-08055390.jpg?v=1778671869,2026-08-24T17:28:30.310313-03:00,,unknown_not_observed_per_size
139,4834,Body Rocco,Body Rocco Preto,Preto,P,True,VERÃO 2027,Bodies,https://www.intibrand.com/produto/body-rocco-preto-4834,https://cdn.vnda.com.br/intibrand/2026/03/30/12_59_39_282_gaby-20v-c3-8ddeos-20-20-story-20-80-12030500.jpg?v=1774886379,2026-08-24T17:28:30.310313-03:00,,unknown_not_observed_per_size
139,4834,Body Rocco,Body Rocco Preto,Preto,M,True,VERÃO 2027,Bodies,https://www.intibrand.com/produto/body-rocco-preto-4834,https://cdn.vnda.com.br/intibrand/2026/03/30/12_59_39_282_gaby-20v-c3-8ddeos-20-20-story-20-80-12030500.jpg?v=1774886379,2026-08-24T17:28:30.310313-03:00,,unknown_not_observed_per_size
139,4834,Body Rocco,Body Rocco Preto,Preto,G,True,VERÃO 2027,Bodies,https://www.intibrand.com/produto/body-rocco-preto-4834,https://cdn.vnda.com.br/intibrand/2026/03/30/12_59_39_282_gaby-20v-c3-8ddeos-20-20-story-20-80-12030500.jpg?v=1774886379,2026-08-24T17:28:30.310313-03:00,,unknown_not_observed_per_size
142,4078,Body Rodd Off-White,Body Rodd Off-White,Off White,P,True,VERÃO 2027,Bodies,https://www.intibrand.com/produto/body-rodd-off-white-4078,https://cdn.vnda.com.br/intibrand/2024/04/12/16_06_02_24_16_4_2_212_body20rodd20offwhite20zoom20frente.jpg?v=1712948762,2026-08-24T17:28:30.310313-03:00,,unknown_not_observed_per_size
142,4078,Body Rodd Off-White,Body Rodd Off-White,Off White,G,True,VERÃO 2027,Bodies,https://www.intibrand.com/produto/body-rodd-off-white-4078,https://cdn.vnda.com.br/intibrand/2024/04/12/16_06_02_24_16_4_2_212_body20rodd20offwhite20zoom20frente.jpg?v=1712948762,2026-08-24T17:28:30.310313-03:00,,unknown_not_observed_per_size
141,4077,Body Rodd,Body Rodd Preto,Preto,P,True,VERÃO 2027,Bodies,https://www.intibrand.com/produto/body-rodd-preto-4077,https://cdn.vnda.com.br/intibrand/2024/04/12/16_02_25_677_16_4_7_702_body20rodd20preto20frente.jpg?v=1712948556,2026-08-24T17:28:30.310313-03:00,,unknown_not_observed_per_size
141,4077,Body Rodd,Body Rodd Preto,Preto,M,True,VERÃO 2027,Bodies,https://www.intibrand.com/produto/body-rodd-preto-4077,https://cdn.vnda.com.br/intibrand/2024/04/12/16_02_25_677_16_4_7_702_body20rodd20preto20frente.jpg?v=1712948556,2026-08-24T17:28:30.310313-03:00,,unknown_not_observed_per_size
141,4077,Body Rodd,Body Rodd Preto,Preto,G,True,VERÃO 2027,Bodies,https://www.intibrand.com/produto/body-rodd-preto-4077,https://cdn.vnda.com.br/intibrand/2024/04/12/16_02_25_677_16_4_7_702_body20rodd20preto20frente.jpg?v=1712948556,2026-08-24T17:28:30.310313-03:00,,unknown_not_observed_per_size
143,4809,Body Steffano,Body Steffano Marrom,Marrom,P,True,VERÃO 2027,Bodies,https://www.intibrand.com/produto/body-steffano-marrom-4809,https://cdn.vnda.com.br/intibrand/2026/03/05/12_56_02_685_body-20steffano-20marrom-20-2b-20cal-c3-87a-20jeans-20malcolm-20azul-20clara-20frente-12034150.jpg?v=1772726162,2026-08-24T17:28:30.310313-03:00,,unknown_not_observed_per_size
143,4809,Body Steffano,Body Steffano Marrom,Marrom,M,True,VERÃO 2027,Bodies,https://www.intibrand.com/produto/body-steffano-marrom-4809,https://cdn.vnda.com.br/intibrand/2026/03/05/12_56_02_685_body-20steffano-20marrom-20-2b-20cal-c3-87a-20jeans-20malcolm-20azul-20clara-20frente-12034150.jpg?v=1772726162,2026-08-24T17:28:30.310313-03:00,,unknown_not_observed_per_size
143,4809,Body Steffano,Body Steffano Marrom,Marrom,G,True,VERÃO 2027,Bodies,https://www.intibrand.com/produto/body-steffano-marrom-4809,https://cdn.vnda.com.br/intibrand/2026/03/05/12_56_02_685_body-20steffano-20marrom-20-2b-20cal-c3-87a-20jeans-20malcolm-20azul-20clara-20frente-12034150.jpg?v=1772726162,2026-08-24T17:28:30.310313-03:00,,unknown_not_observed_per_size
144,4807,Body Steffano Off-White,Body Steffano Off-White,Off White,P,True,VERÃO 2027,Bodies,https://www.intibrand.com/produto/body-steffano-off-white-4807,https://cdn.vnda.com.br/intibrand/2026/03/05/12_54_06_913_body-20steffano-20off-white-20frente-12030070.jpg?v=1772726046,2026-08-24T17:28:30.310313-03:00,,unknown_not_observed_per_size
144,4807,Body Steffano Off-White,Body Steffano Off-White,Off White,M,True,VERÃO 2027,Bodies,https://www.intibrand.com/produto/body-steffano-off-white-4807,https://cdn.vnda.com.br/intibrand/2026/03/05/12_54_06_913_body-20steffano-20off-white-20frente-12030070.jpg?v=1772726046,2026-08-24T17:28:30.310313-03:00,,unknown_not_observed_per_size
144,4807,Body Steffano Off-White,Body Steffano Off-White,Off White,G,True,VERÃO 2027,Bodies,https://www.intibrand.com/produto/body-steffano-off-white-4807,https://cdn.vnda.com.br/intibrand/2026/03/05/12_54_06_913_body-20steffano-20off-white-20frente-12030070.jpg?v=1772726046,2026-08-24T17:28:30.310313-03:00,,unknown_not_observed_per_size
143,4808,Body Steffano,Body Steffano Preto,Preto,P,True,VERÃO 2027,Bodies,https://www.intibrand.com/produto/body-steffano-preto-4808,https://cdn.vnda.com.br/intibrand/2026/03/05/13_02_10_737_body-20steffano-20preto-20-2b-20cal-c3-87a-20jeans-20malcolm-20azul-20clara-20zoom-20medio-13038140.jpg?v=1772726538,2026-08-24T17:28:30.310313-03:00,,unknown_not_observed_per_size
143,4808,Body Steffano,Body Steffano Preto,Preto,M,True,VERÃO 2027,Bodies,https://www.intibrand.com/produto/body-steffano-preto-4808,https://cdn.vnda.com.br/intibrand/2026/03/05/13_02_10_737_body-20steffano-20preto-20-2b-20cal-c3-87a-20jeans-20malcolm-20azul-20clara-20zoom-20medio-13038140.jpg?v=1772726538,2026-08-24T17:28:30.310313-03:00,,unknown_not_observed_per_size
143,4808,Body Steffano,Body Steffano Preto,Preto,G,True,VERÃO 2027,Bodies,https://www.intibrand.com/produto/body-steffano-preto-4808,https://cdn.vnda.com.br/intibrand/2026/03/05/13_02_10_737_body-20steffano-20preto-20-2b-20cal-c3-87a-20jeans-20malcolm-20azul-20clara-20zoom-20medio-13038140.jpg?v=1772726538,2026-08-24T17:28:30.310313-03:00,,unknown_not_observed_per_size
145,4600,Body Theron,Body Theron Azul Índigo,Azul Índigo,P,True,VERÃO 2027,Bodies,https://www.intibrand.com/produto/body-theron-azul-indigo-4600,https://cdn.vnda.com.br/intibrand/2025/09/16/13_41_53_931_body-20theron-20azul-20-c3-8dndigo-20frente-13090760.jpg?v=1758040924,2026-08-24T17:28:30.310313-03:00,,unknown_not_observed_per_size
145,4600,Body Theron,Body Theron Azul Índigo,Azul Índigo,M,True,VERÃO 2027,Bodies,https://www.intibrand.com/produto/body-theron-azul-indigo-4600,https://cdn.vnda.com.br/intibrand/2025/09/16/13_41_53_931_body-20theron-20azul-20-c3-8dndigo-20frente-13090760.jpg?v=1758040924,2026-08-24T17:28:30.310313-03:00,,unknown_not_observed_per_size
145,4600,Body Theron,Body Theron Azul Índigo,Azul Índigo,G,True,VERÃO 2027,Bodies,https://www.intibrand.com/produto/body-theron-azul-indigo-4600,https://cdn.vnda.com.br/intibrand/2025/09/16/13_41_53_931_body-20theron-20azul-20-c3-8dndigo-20frente-13090760.jpg?v=1758040924,2026-08-24T17:28:30.310313-03:00,,unknown_not_observed_per_size
146,4406,Body Theron Off-White,Body Theron Off-White,Off White,P,True,VERÃO 2027,Bodies,https://www.intibrand.com/produto/body-theron-off-white-4406,https://cdn.vnda.com.br/intibrand/2025/01/29/10_54_35_488_10_1_2_223_body20theron20offwhite20zoom20frente.jpg?v=1738158891,2026-08-24T17:28:30.310313-03:00,,unknown_not_observed_per_size
146,4406,Body Theron Off-White,Body Theron Off-White,Off White,M,True,VERÃO 2027,Bodies,https://www.intibrand.com/produto/body-theron-off-white-4406,https://cdn.vnda.com.br/intibrand/2025/01/29/10_54_35_488_10_1_2_223_body20theron20offwhite20zoom20frente.jpg?v=1738158891,2026-08-24T17:28:30.310313-03:00,,unknown_not_observed_per_size
146,4406,Body Theron Off-White,Body Theron Off-White,Off White,G,True,VERÃO 2027,Bodies,https://www.intibrand.com/produto/body-theron-off-white-4406,https://cdn.vnda.com.br/intibrand/2025/01/29/10_54_35_488_10_1_2_223_body20theron20offwhite20zoom20frente.jpg?v=1738158891,2026-08-24T17:28:30.310313-03:00,,unknown_not_observed_per_size
147,4466,Body Waud,Body Waud Preto,Preto,P,True,VERÃO 2027,Bodies,https://www.intibrand.com/produto/body-waud-preto-4466,https://cdn.vnda.com.br/intibrand/2025/02/03/17_40_26_884_17_2_2_231_body20waud20preto202b20short20saia20donati20preto20frente202.jpg?v=1738615235,2026-08-24T17:28:30.310313-03:00,,unknown_not_observed_per_size
147,4466,Body Waud,Body Waud Preto,Preto,M,True,VERÃO 2027,Bodies,https://www.intibrand.com/produto/body-waud-preto-4466,https://cdn.vnda.com.br/intibrand/2025/02/03/17_40_26_884_17_2_2_231_body20waud20preto202b20short20saia20donati20preto20frente202.jpg?v=1738615235,2026-08-24T17:28:30.310313-03:00,,unknown_not_observed_per_size
147,4466,Body Waud,Body Waud Preto,Preto,G,True,VERÃO 2027,Bodies,https://www.intibrand.com/produto/body-waud-preto-4466,https://cdn.vnda.com.br/intibrand/2025/02/03/17_40_26_884_17_2_2_231_body20waud20preto202b20short20saia20donati20preto20frente202.jpg?v=1738615235,2026-08-24T17:28:30.310313-03:00,,unknown_not_observed_per_size
150,4445,Calça Jeans Dihl Azul Claro,Calça Jeans Dihl Azul Claro,Azul,34,True,VERÃO 2027,Calças,https://www.intibrand.com/produto/calca-jeans-dihl-azul-claro-4445,https://cdn.vnda.com.br/intibrand/2025/08/22/16_24_55_656_regata-20ethel-20off-white-20-2b-20cal-c3-87a-20jeans-20dihl-20azul-20claro-20frente-202-16083990.jpg?v=1755890737,2026-08-24T17:28:30.310313-03:00,,unknown_not_observed_per_size
150,4445,Calça Jeans Dihl Azul Claro,Calça Jeans Dihl Azul Claro,Azul,36,True,VERÃO 2027,Calças,https://www.intibrand.com/produto/calca-jeans-dihl-azul-claro-4445,https://cdn.vnda.com.br/intibrand/2025/08/22/16_24_55_656_regata-20ethel-20off-white-20-2b-20cal-c3-87a-20jeans-20dihl-20azul-20claro-20frente-202-16083990.jpg?v=1755890737,2026-08-24T17:28:30.310313-03:00,,unknown_not_observed_per_size
150,4445,Calça Jeans Dihl Azul Claro,Calça Jeans Dihl Azul Claro,Azul,38,True,VERÃO 2027,Calças,https://www.intibrand.com/produto/calca-jeans-dihl-azul-claro-4445,https://cdn.vnda.com.br/intibrand/2025/08/22/16_24_55_656_regata-20ethel-20off-white-20-2b-20cal-c3-87a-20jeans-20dihl-20azul-20claro-20frente-202-16083990.jpg?v=1755890737,2026-08-24T17:28:30.310313-03:00,,unknown_not_observed_per_size
150,4445,Calça Jeans Dihl Azul Claro,Calça Jeans Dihl Azul Claro,Azul,40,True,VERÃO 2027,Calças,https://www.intibrand.com/produto/calca-jeans-dihl-azul-claro-4445,https://cdn.vnda.com.br/intibrand/2025/08/22/16_24_55_656_regata-20ethel-20off-white-20-2b-20cal-c3-87a-20jeans-20dihl-20azul-20claro-20frente-202-16083990.jpg?v=1755890737,2026-08-24T17:28:30.310313-03:00,,unknown_not_observed_per_size
150,4445,Calça Jeans Dihl Azul Claro,Calça Jeans Dihl Azul Claro,Azul,42,True,VERÃO 2027,Calças,https://www.intibrand.com/produto/calca-jeans-dihl-azul-claro-4445,https://cdn.vnda.com.br/intibrand/2025/08/22/16_24_55_656_regata-20ethel-20off-white-20-2b-20cal-c3-87a-20jeans-20dihl-20azul-20claro-20frente-202-16083990.jpg?v=1755890737,2026-08-24T17:28:30.310313-03:00,,unknown_not_observed_per_size
151,4446,Calça Jeans Dihl Azul Escuro,Calça Jeans Dihl Azul Escuro,Azul,34,True,VERÃO 2027,Calças,https://www.intibrand.com/produto/calca-jeans-dihl-azul-escuro-4446,https://cdn.vnda.com.br/intibrand/2025/08/22/16_29_18_46_regata-20ethel-20off-white-20-2b-20cal-c3-87a-20jeans-20dihl-20azul-20escuro-20frente-16081650.jpg?v=1755890961,2026-08-24T17:28:30.310313-03:00,,unknown_not_observed_per_size
151,4446,Calça Jeans Dihl Azul Escuro,Calça Jeans Dihl Azul Escuro,Azul,36,True,VERÃO 2027,Calças,https://www.intibrand.com/produto/calca-jeans-dihl-azul-escuro-4446,https://cdn.vnda.com.br/intibrand/2025/08/22/16_29_18_46_regata-20ethel-20off-white-20-2b-20cal-c3-87a-20jeans-20dihl-20azul-20escuro-20frente-16081650.jpg?v=1755890961,2026-08-24T17:28:30.310313-03:00,,unknown_not_observed_per_size
151,4446,Calça Jeans Dihl Azul Escuro,Calça Jeans Dihl Azul Escuro,Azul,38,True,VERÃO 2027,Calças,https://www.intibrand.com/produto/calca-jeans-dihl-azul-escuro-4446,https://cdn.vnda.com.br/intibrand/2025/08/22/16_29_18_46_regata-20ethel-20off-white-20-2b-20cal-c3-87a-20jeans-20dihl-20azul-20escuro-20frente-16081650.jpg?v=1755890961,2026-08-24T17:28:30.310313-03:00,,unknown_not_observed_per_size
151,4446,Calça Jeans Dihl Azul Escuro,Calça Jeans Dihl Azul Escuro,Azul,40,True,VERÃO 2027,Calças,https://www.intibrand.com/produto/calca-jeans-dihl-azul-escuro-4446,https://cdn.vnda.com.br/intibrand/2025/08/22/16_29_18_46_regata-20ethel-20off-white-20-2b-20cal-c3-87a-20jeans-20dihl-20azul-20escuro-20frente-16081650.jpg?v=1755890961,2026-08-24T17:28:30.310313-03:00,,unknown_not_observed_per_size
151,4446,Calça Jeans Dihl Azul Escuro,Calça Jeans Dihl Azul Escuro,Azul,42,True,VERÃO 2027,Calças,https://www.intibrand.com/produto/calca-jeans-dihl-azul-escuro-4446,https://cdn.vnda.com.br/intibrand/2025/08/22/16_29_18_46_regata-20ethel-20off-white-20-2b-20cal-c3-87a-20jeans-20dihl-20azul-20escuro-20frente-16081650.jpg?v=1755890961,2026-08-24T17:28:30.310313-03:00,,unknown_not_observed_per_size
152,4899,Calça Jeans Malcolm Azul Claro,Calça Jeans Malcolm Azul Claro,Azul,34,True,VERÃO 2027,Calças,https://www.intibrand.com/produto/calca-jeans-malcolm-azul-claro-4899,https://cdn.vnda.com.br/intibrand/2026/08/20/17_10_21_226_blusa-20heather-20marrom-20-2b-20cal-c3-87a-20jeans-20malcolm-20azul-20claro-20frente-17080420.jpg?v=1787256624,2026-08-24T17:28:30.310313-03:00,,unknown_not_observed_per_size
152,4899,Calça Jeans Malcolm Azul Claro,Calça Jeans Malcolm Azul Claro,Azul,36,True,VERÃO 2027,Calças,https://www.intibrand.com/produto/calca-jeans-malcolm-azul-claro-4899,https://cdn.vnda.com.br/intibrand/2026/08/20/17_10_21_226_blusa-20heather-20marrom-20-2b-20cal-c3-87a-20jeans-20malcolm-20azul-20claro-20frente-17080420.jpg?v=1787256624,2026-08-24T17:28:30.310313-03:00,,unknown_not_observed_per_size
152,4899,Calça Jeans Malcolm Azul Claro,Calça Jeans Malcolm Azul Claro,Azul,38,True,VERÃO 2027,Calças,https://www.intibrand.com/produto/calca-jeans-malcolm-azul-claro-4899,https://cdn.vnda.com.br/intibrand/2026/08/20/17_10_21_226_blusa-20heather-20marrom-20-2b-20cal-c3-87a-20jeans-20malcolm-20azul-20claro-20frente-17080420.jpg?v=1787256624,2026-08-24T17:28:30.310313-03:00,,unknown_not_observed_per_size
152,4899,Calça Jeans Malcolm Azul Claro,Calça Jeans Malcolm Azul Claro,Azul,40,True,VERÃO 2027,Calças,https://www.intibrand.com/produto/calca-jeans-malcolm-azul-claro-4899,https://cdn.vnda.com.br/intibrand/2026/08/20/17_10_21_226_blusa-20heather-20marrom-20-2b-20cal-c3-87a-20jeans-20malcolm-20azul-20claro-20frente-17080420.jpg?v=1787256624,2026-08-24T17:28:30.310313-03:00,,unknown_not_observed_per_size
152,4899,Calça Jeans Malcolm Azul Claro,Calça Jeans Malcolm Azul Claro,Azul,42,True,VERÃO 2027,Calças,https://www.intibrand.com/produto/calca-jeans-malcolm-azul-claro-4899,https://cdn.vnda.com.br/intibrand/2026/08/20/17_10_21_226_blusa-20heather-20marrom-20-2b-20cal-c3-87a-20jeans-20malcolm-20azul-20claro-20frente-17080420.jpg?v=1787256624,2026-08-24T17:28:30.310313-03:00,,unknown_not_observed_per_size
152,4899,Calça Jeans Malcolm Azul Claro,Calça Jeans Malcolm Azul Claro,Azul,44,True,VERÃO 2027,Calças,https://www.intibrand.com/produto/calca-jeans-malcolm-azul-claro-4899,https://cdn.vnda.com.br/intibrand/2026/08/20/17_10_21_226_blusa-20heather-20marrom-20-2b-20cal-c3-87a-20jeans-20malcolm-20azul-20claro-20frente-17080420.jpg?v=1787256624,2026-08-24T17:28:30.310313-03:00,,unknown_not_observed_per_size
153,4900,Calça Jeans Malcolm Azul Escuro,Calça Jeans Malcolm Azul Escuro,Azul,34,True,VERÃO 2027,Calças,https://www.intibrand.com/produto/calca-jeans-malcolm-azul-escuro-4900,https://cdn.vnda.com.br/intibrand/2026/08/20/14_38_43_335_gaby-20fotos-20-202026-08-20t143810-789-14084460.jpg?v=1787247528,2026-08-24T17:28:30.310313-03:00,,unknown_not_observed_per_size
153,4900,Calça Jeans Malcolm Azul Escuro,Calça Jeans Malcolm Azul Escuro,Azul,36,True,VERÃO 2027,Calças,https://www.intibrand.com/produto/calca-jeans-malcolm-azul-escuro-4900,https://cdn.vnda.com.br/intibrand/2026/08/20/14_38_43_335_gaby-20fotos-20-202026-08-20t143810-789-14084460.jpg?v=1787247528,2026-08-24T17:28:30.310313-03:00,,unknown_not_observed_per_size
153,4900,Calça Jeans Malcolm Azul Escuro,Calça Jeans Malcolm Azul Escuro,Azul,38,True,VERÃO 2027,Calças,https://www.intibrand.com/produto/calca-jeans-malcolm-azul-escuro-4900,https://cdn.vnda.com.br/intibrand/2026/08/20/14_38_43_335_gaby-20fotos-20-202026-08-20t143810-789-14084460.jpg?v=1787247528,2026-08-24T17:28:30.310313-03:00,,unknown_not_observed_per_size
153,4900,Calça Jeans Malcolm Azul Escuro,Calça Jeans Malcolm Azul Escuro,Azul,40,True,VERÃO 2027,Calças,https://www.intibrand.com/produto/calca-jeans-malcolm-azul-escuro-4900,https://cdn.vnda.com.br/intibrand/2026/08/20/14_38_43_335_gaby-20fotos-20-202026-08-20t143810-789-14084460.jpg?v=1787247528,2026-08-24T17:28:30.310313-03:00,,unknown_not_observed_per_size
153,4900,Calça Jeans Malcolm Azul Escuro,Calça Jeans Malcolm Azul Escuro,Azul,42,True,VERÃO 2027,Calças,https://www.intibrand.com/produto/calca-jeans-malcolm-azul-escuro-4900,https://cdn.vnda.com.br/intibrand/2026/08/20/14_38_43_335_gaby-20fotos-20-202026-08-20t143810-789-14084460.jpg?v=1787247528,2026-08-24T17:28:30.310313-03:00,,unknown_not_observed_per_size
153,4900,Calça Jeans Malcolm Azul Escuro,Calça Jeans Malcolm Azul Escuro,Azul,44,True,VERÃO 2027,Calças,https://www.intibrand.com/produto/calca-jeans-malcolm-azul-escuro-4900,https://cdn.vnda.com.br/intibrand/2026/08/20/14_38_43_335_gaby-20fotos-20-202026-08-20t143810-789-14084460.jpg?v=1787247528,2026-08-24T17:28:30.310313-03:00,,unknown_not_observed_per_size
155,4767,Calça Zeno Off-White,Calça Zeno Off-White,Off White,36,True,VERÃO 2027,Calças,https://www.intibrand.com/produto/calca-zeno-off-white-4767,https://cdn.vnda.com.br/intibrand/2025/12/19/10_43_59_510_conjunto-20zeno-20off-white-20frente-20ss26-20-1-10127590.jpg?v=1766151842,2026-08-24T17:28:30.310313-03:00,,unknown_not_observed_per_size
155,4767,Calça Zeno Off-White,Calça Zeno Off-White,Off White,38,True,VERÃO 2027,Calças,https://www.intibrand.com/produto/calca-zeno-off-white-4767,https://cdn.vnda.com.br/intibrand/2025/12/19/10_43_59_510_conjunto-20zeno-20off-white-20frente-20ss26-20-1-10127590.jpg?v=1766151842,2026-08-24T17:28:30.310313-03:00,,unknown_not_observed_per_size
155,4767,Calça Zeno Off-White,Calça Zeno Off-White,Off White,40,True,VERÃO 2027,Calças,https://www.intibrand.com/produto/calca-zeno-off-white-4767,https://cdn.vnda.com.br/intibrand/2025/12/19/10_43_59_510_conjunto-20zeno-20off-white-20frente-20ss26-20-1-10127590.jpg?v=1766151842,2026-08-24T17:28:30.310313-03:00,,unknown_not_observed_per_size
155,4767,Calça Zeno Off-White,Calça Zeno Off-White,Off White,42,True,VERÃO 2027,Calças,https://www.intibrand.com/produto/calca-zeno-off-white-4767,https://cdn.vnda.com.br/intibrand/2025/12/19/10_43_59_510_conjunto-20zeno-20off-white-20frente-20ss26-20-1-10127590.jpg?v=1766151842,2026-08-24T17:28:30.310313-03:00,,unknown_not_observed_per_size
154,4768,Calça Zeno,Calça Zeno Preto,Preto,36,True,VERÃO 2027,Calças,https://www.intibrand.com/produto/calca-zeno-preto-4768,https://cdn.vnda.com.br/intibrand/2025/12/19/10_44_44_712_conjunto-20zeno-20preto-20frente-20-20ss256-20-2-10129500.jpg?v=1766151884,2026-08-24T17:28:30.310313-03:00,,unknown_not_observed_per_size
154,4768,Calça Zeno,Calça Zeno Preto,Preto,38,True,VERÃO 2027,Calças,https://www.intibrand.com/produto/calca-zeno-preto-4768,https://cdn.vnda.com.br/intibrand/2025/12/19/10_44_44_712_conjunto-20zeno-20preto-20frente-20-20ss256-20-2-10129500.jpg?v=1766151884,2026-08-24T17:28:30.310313-03:00,,unknown_not_observed_per_size
154,4768,Calça Zeno,Calça Zeno Preto,Preto,40,True,VERÃO 2027,Calças,https://www.intibrand.com/produto/calca-zeno-preto-4768,https://cdn.vnda.com.br/intibrand/2025/12/19/10_44_44_712_conjunto-20zeno-20preto-20frente-20-20ss256-20-2-10129500.jpg?v=1766151884,2026-08-24T17:28:30.310313-03:00,,unknown_not_observed_per_size
154,4768,Calça Zeno,Calça Zeno Preto,Preto,42,True,VERÃO 2027,Calças,https://www.intibrand.com/produto/calca-zeno-preto-4768,https://cdn.vnda.com.br/intibrand/2025/12/19/10_44_44_712_conjunto-20zeno-20preto-20frente-20-20ss256-20-2-10129500.jpg?v=1766151884,2026-08-24T17:28:30.310313-03:00,,unknown_not_observed_per_size
157,4376,Conjunto Althea Off-White,Conjunto Althea Off-White,Off White,36,True,VERÃO 2027,Conjuntos,https://www.intibrand.com/produto/conjunto-althea-off-white-4376,https://cdn.vnda.com.br/intibrand/2025/01/27/17_39_15_681_17_1_9_974_conjunto20althea20offwhite20frente201.jpg?v=1738010365,2026-08-24T17:28:30.310313-03:00,,unknown_not_observed_per_size
157,4376,Conjunto Althea Off-White,Conjunto Althea Off-White,Off White,38,True,VERÃO 2027,Conjuntos,https://www.intibrand.com/produto/conjunto-althea-off-white-4376,https://cdn.vnda.com.br/intibrand/2025/01/27/17_39_15_681_17_1_9_974_conjunto20althea20offwhite20frente201.jpg?v=1738010365,2026-08-24T17:28:30.310313-03:00,,unknown_not_observed_per_size
157,4376,Conjunto Althea Off-White,Conjunto Althea Off-White,Off White,40,True,VERÃO 2027,Conjuntos,https://www.intibrand.com/produto/conjunto-althea-off-white-4376,https://cdn.vnda.com.br/intibrand/2025/01/27/17_39_15_681_17_1_9_974_conjunto20althea20offwhite20frente201.jpg?v=1738010365,2026-08-24T17:28:30.310313-03:00,,unknown_not_observed_per_size
157,4376,Conjunto Althea Off-White,Conjunto Althea Off-White,Off White,42,True,VERÃO 2027,Conjuntos,https://www.intibrand.com/produto/conjunto-althea-off-white-4376,https://cdn.vnda.com.br/intibrand/2025/01/27/17_39_15_681_17_1_9_974_conjunto20althea20offwhite20frente201.jpg?v=1738010365,2026-08-24T17:28:30.310313-03:00,,unknown_not_observed_per_size
156,4377,Conjunto Althea,Conjunto Althea Preto,Preto,36,True,VERÃO 2027,Conjuntos,https://www.intibrand.com/produto/conjunto-althea-preto-4377,https://cdn.vnda.com.br/intibrand/2025/01/27/17_42_43_120_17_1_5_571_conjunto20althea20preto20frente20frente202.jpg?v=1738010594,2026-08-24T17:28:30.310313-03:00,,unknown_not_observed_per_size
156,4377,Conjunto Althea,Conjunto Althea Preto,Preto,38,True,VERÃO 2027,Conjuntos,https://www.intibrand.com/produto/conjunto-althea-preto-4377,https://cdn.vnda.com.br/intibrand/2025/01/27/17_42_43_120_17_1_5_571_conjunto20althea20preto20frente20frente202.jpg?v=1738010594,2026-08-24T17:28:30.310313-03:00,,unknown_not_observed_per_size
156,4377,Conjunto Althea,Conjunto Althea Preto,Preto,40,True,VERÃO 2027,Conjuntos,https://www.intibrand.com/produto/conjunto-althea-preto-4377,https://cdn.vnda.com.br/intibrand/2025/01/27/17_42_43_120_17_1_5_571_conjunto20althea20preto20frente20frente202.jpg?v=1738010594,2026-08-24T17:28:30.310313-03:00,,unknown_not_observed_per_size
156,4377,Conjunto Althea,Conjunto Althea Preto,Preto,42,True,VERÃO 2027,Conjuntos,https://www.intibrand.com/produto/conjunto-althea-preto-4377,https://cdn.vnda.com.br/intibrand/2025/01/27/17_42_43_120_17_1_5_571_conjunto20althea20preto20frente20frente202.jpg?v=1738010594,2026-08-24T17:28:30.310313-03:00,,unknown_not_observed_per_size
156,4378,Conjunto Althea,Conjunto Althea Vermelho,Vermelho,36,True,VERÃO 2027,Conjuntos,https://www.intibrand.com/produto/conjunto-althea-vermelho-4378,https://cdn.vnda.com.br/intibrand/2025/01/27/17_41_18_605_17_1_0_033_conjunto20althea20vermelho20frente202.jpg?v=1738010523,2026-08-24T17:28:30.310313-03:00,,unknown_not_observed_per_size
156,4378,Conjunto Althea,Conjunto Althea Vermelho,Vermelho,38,True,VERÃO 2027,Conjuntos,https://www.intibrand.com/produto/conjunto-althea-vermelho-4378,https://cdn.vnda.com.br/intibrand/2025/01/27/17_41_18_605_17_1_0_033_conjunto20althea20vermelho20frente202.jpg?v=1738010523,2026-08-24T17:28:30.310313-03:00,,unknown_not_observed_per_size
156,4378,Conjunto Althea,Conjunto Althea Vermelho,Vermelho,40,True,VERÃO 2027,Conjuntos,https://www.intibrand.com/produto/conjunto-althea-vermelho-4378,https://cdn.vnda.com.br/intibrand/2025/01/27/17_41_18_605_17_1_0_033_conjunto20althea20vermelho20frente202.jpg?v=1738010523,2026-08-24T17:28:30.310313-03:00,,unknown_not_observed_per_size
156,4378,Conjunto Althea,Conjunto Althea Vermelho,Vermelho,42,True,VERÃO 2027,Conjuntos,https://www.intibrand.com/produto/conjunto-althea-vermelho-4378,https://cdn.vnda.com.br/intibrand/2025/01/27/17_41_18_605_17_1_0_033_conjunto20althea20vermelho20frente202.jpg?v=1738010523,2026-08-24T17:28:30.310313-03:00,,unknown_not_observed_per_size
158,3589,Conjunto Campbell,Conjunto Campbell Rosê,Rosê,PP,True,VERÃO 2027,Conjuntos,https://www.intibrand.com/produto/conjunto-campbell-rose-3589,https://cdn.vnda.com.br/intibrand/2022/09/02/10_9_1_173_CONJUNTOCAMPBELLROSFRENTE.jpg?v=1662125297,2026-08-24T17:28:30.310313-03:00,,unknown_not_observed_per_size
158,3589,Conjunto Campbell,Conjunto Campbell Rosê,Rosê,P,True,VERÃO 2027,Conjuntos,https://www.intibrand.com/produto/conjunto-campbell-rose-3589,https://cdn.vnda.com.br/intibrand/2022/09/02/10_9_1_173_CONJUNTOCAMPBELLROSFRENTE.jpg?v=1662125297,2026-08-24T17:28:30.310313-03:00,,unknown_not_observed_per_size
158,3589,Conjunto Campbell,Conjunto Campbell Rosê,Rosê,M,True,VERÃO 2027,Conjuntos,https://www.intibrand.com/produto/conjunto-campbell-rose-3589,https://cdn.vnda.com.br/intibrand/2022/09/02/10_9_1_173_CONJUNTOCAMPBELLROSFRENTE.jpg?v=1662125297,2026-08-24T17:28:30.310313-03:00,,unknown_not_observed_per_size
158,3589,Conjunto Campbell,Conjunto Campbell Rosê,Rosê,G,True,VERÃO 2027,Conjuntos,https://www.intibrand.com/produto/conjunto-campbell-rose-3589,https://cdn.vnda.com.br/intibrand/2022/09/02/10_9_1_173_CONJUNTOCAMPBELLROSFRENTE.jpg?v=1662125297,2026-08-24T17:28:30.310313-03:00,,unknown_not_observed_per_size
160,4008,Conjunto Denver Off-White,Conjunto Denver Off-White,Off White,34,True,VERÃO 2027,Conjuntos,https://www.intibrand.com/produto/conjunto-denver-off-white-4008,https://cdn.vnda.com.br/intibrand/2024/03/18/13_47_06_466_13_3_0_078_conjunto20denver20offwhite20zoom202.jpg?v=1710780434,2026-08-24T17:28:30.310313-03:00,,unknown_not_observed_per_size
160,4008,Conjunto Denver Off-White,Conjunto Denver Off-White,Off White,36,True,VERÃO 2027,Conjuntos,https://www.intibrand.com/produto/conjunto-denver-off-white-4008,https://cdn.vnda.com.br/intibrand/2024/03/18/13_47_06_466_13_3_0_078_conjunto20denver20offwhite20zoom202.jpg?v=1710780434,2026-08-24T17:28:30.310313-03:00,,unknown_not_observed_per_size
160,4008,Conjunto Denver Off-White,Conjunto Denver Off-White,Off White,38,True,VERÃO 2027,Conjuntos,https://www.intibrand.com/produto/conjunto-denver-off-white-4008,https://cdn.vnda.com.br/intibrand/2024/03/18/13_47_06_466_13_3_0_078_conjunto20denver20offwhite20zoom202.jpg?v=1710780434,2026-08-24T17:28:30.310313-03:00,,unknown_not_observed_per_size
160,4008,Conjunto Denver Off-White,Conjunto Denver Off-White,Off White,40,True,VERÃO 2027,Conjuntos,https://www.intibrand.com/produto/conjunto-denver-off-white-4008,https://cdn.vnda.com.br/intibrand/2024/03/18/13_47_06_466_13_3_0_078_conjunto20denver20offwhite20zoom202.jpg?v=1710780434,2026-08-24T17:28:30.310313-03:00,,unknown_not_observed_per_size
160,4008,Conjunto Denver Off-White,Conjunto Denver Off-White,Off White,42,True,VERÃO 2027,Conjuntos,https://www.intibrand.com/produto/conjunto-denver-off-white-4008,https://cdn.vnda.com.br/intibrand/2024/03/18/13_47_06_466_13_3_0_078_conjunto20denver20offwhite20zoom202.jpg?v=1710780434,2026-08-24T17:28:30.310313-03:00,,unknown_not_observed_per_size
159,4005,Conjunto Denver,Conjunto Denver Preto,Preto,36,True,VERÃO 2027,Conjuntos,https://www.intibrand.com/produto/conjunto-denver-preto-4005,https://cdn.vnda.com.br/intibrand/2024/03/18/13_44_39_879_13_3_4_470_conjunto20denver20preto20frente.jpg?v=1710780287,2026-08-24T17:28:30.310313-03:00,,unknown_not_observed_per_size
159,4005,Conjunto Denver,Conjunto Denver Preto,Preto,38,True,VERÃO 2027,Conjuntos,https://www.intibrand.com/produto/conjunto-denver-preto-4005,https://cdn.vnda.com.br/intibrand/2024/03/18/13_44_39_879_13_3_4_470_conjunto20denver20preto20frente.jpg?v=1710780287,2026-08-24T17:28:30.310313-03:00,,unknown_not_observed_per_size
159,4005,Conjunto Denver,Conjunto Denver Preto,Preto,40,True,VERÃO 2027,Conjuntos,https://www.intibrand.com/produto/conjunto-denver-preto-4005,https://cdn.vnda.com.br/intibrand/2024/03/18/13_44_39_879_13_3_4_470_conjunto20denver20preto20frente.jpg?v=1710780287,2026-08-24T17:28:30.310313-03:00,,unknown_not_observed_per_size
159,4005,Conjunto Denver,Conjunto Denver Preto,Preto,42,True,VERÃO 2027,Conjuntos,https://www.intibrand.com/produto/conjunto-denver-preto-4005,https://cdn.vnda.com.br/intibrand/2024/03/18/13_44_39_879_13_3_4_470_conjunto20denver20preto20frente.jpg?v=1710780287,2026-08-24T17:28:30.310313-03:00,,unknown_not_observed_per_size
161,4215,Conjunto Fellicce,Conjunto Fellicce Framboesa,Framboesa,34,True,VERÃO 2027,Conjuntos,https://www.intibrand.com/produto/conjunto-fellicce-framboesa-4215,https://cdn.vnda.com.br/intibrand/2024/10/10/14_25_41_669_14_10_7_738_conjunto20fellicce20framboesa20frente.jpg?v=1728581141,2026-08-24T17:28:30.310313-03:00,,unknown_not_observed_per_size
161,4215,Conjunto Fellicce,Conjunto Fellicce Framboesa,Framboesa,36,True,VERÃO 2027,Conjuntos,https://www.intibrand.com/produto/conjunto-fellicce-framboesa-4215,https://cdn.vnda.com.br/intibrand/2024/10/10/14_25_41_669_14_10_7_738_conjunto20fellicce20framboesa20frente.jpg?v=1728581141,2026-08-24T17:28:30.310313-03:00,,unknown_not_observed_per_size
161,4215,Conjunto Fellicce,Conjunto Fellicce Framboesa,Framboesa,38,True,VERÃO 2027,Conjuntos,https://www.intibrand.com/produto/conjunto-fellicce-framboesa-4215,https://cdn.vnda.com.br/intibrand/2024/10/10/14_25_41_669_14_10_7_738_conjunto20fellicce20framboesa20frente.jpg?v=1728581141,2026-08-24T17:28:30.310313-03:00,,unknown_not_observed_per_size
161,4215,Conjunto Fellicce,Conjunto Fellicce Framboesa,Framboesa,40,True,VERÃO 2027,Conjuntos,https://www.intibrand.com/produto/conjunto-fellicce-framboesa-4215,https://cdn.vnda.com.br/intibrand/2024/10/10/14_25_41_669_14_10_7_738_conjunto20fellicce20framboesa20frente.jpg?v=1728581141,2026-08-24T17:28:30.310313-03:00,,unknown_not_observed_per_size
161,4215,Conjunto Fellicce,Conjunto Fellicce Framboesa,Framboesa,42,True,VERÃO 2027,Conjuntos,https://www.intibrand.com/produto/conjunto-fellicce-framboesa-4215,https://cdn.vnda.com.br/intibrand/2024/10/10/14_25_41_669_14_10_7_738_conjunto20fellicce20framboesa20frente.jpg?v=1728581141,2026-08-24T17:28:30.310313-03:00,,unknown_not_observed_per_size
162,4212,Conjunto Fellicce Off-White,Conjunto Fellicce Off-White,Off White,34,True,VERÃO 2027,Conjuntos,https://www.intibrand.com/produto/conjunto-fellicce-off-white-4212,https://cdn.vnda.com.br/intibrand/2024/10/10/14_26_33_33_14_10_2_253_conjunto20fellicce20offwhite20frente.jpg?v=1728581197,2026-08-24T17:28:30.310313-03:00,,unknown_not_observed_per_size
162,4212,Conjunto Fellicce Off-White,Conjunto Fellicce Off-White,Off White,36,True,VERÃO 2027,Conjuntos,https://www.intibrand.com/produto/conjunto-fellicce-off-white-4212,https://cdn.vnda.com.br/intibrand/2024/10/10/14_26_33_33_14_10_2_253_conjunto20fellicce20offwhite20frente.jpg?v=1728581197,2026-08-24T17:28:30.310313-03:00,,unknown_not_observed_per_size
162,4212,Conjunto Fellicce Off-White,Conjunto Fellicce Off-White,Off White,38,True,VERÃO 2027,Conjuntos,https://www.intibrand.com/produto/conjunto-fellicce-off-white-4212,https://cdn.vnda.com.br/intibrand/2024/10/10/14_26_33_33_14_10_2_253_conjunto20fellicce20offwhite20frente.jpg?v=1728581197,2026-08-24T17:28:30.310313-03:00,,unknown_not_observed_per_size
162,4212,Conjunto Fellicce Off-White,Conjunto Fellicce Off-White,Off White,40,True,VERÃO 2027,Conjuntos,https://www.intibrand.com/produto/conjunto-fellicce-off-white-4212,https://cdn.vnda.com.br/intibrand/2024/10/10/14_26_33_33_14_10_2_253_conjunto20fellicce20offwhite20frente.jpg?v=1728581197,2026-08-24T17:28:30.310313-03:00,,unknown_not_observed_per_size
162,4212,Conjunto Fellicce Off-White,Conjunto Fellicce Off-White,Off White,42,True,VERÃO 2027,Conjuntos,https://www.intibrand.com/produto/conjunto-fellicce-off-white-4212,https://cdn.vnda.com.br/intibrand/2024/10/10/14_26_33_33_14_10_2_253_conjunto20fellicce20offwhite20frente.jpg?v=1728581197,2026-08-24T17:28:30.310313-03:00,,unknown_not_observed_per_size
161,4214,Conjunto Fellicce,Conjunto Fellicce Preto,Preto,34,True,VERÃO 2027,Conjuntos,https://www.intibrand.com/produto/conjunto-fellicce-preto-4214,https://cdn.vnda.com.br/intibrand/2024/10/10/14_24_55_346_14_10_4_448_conjunto20fellicce20preto20zoom.jpg?v=1728581101,2026-08-24T17:28:30.310313-03:00,,unknown_not_observed_per_size
161,4214,Conjunto Fellicce,Conjunto Fellicce Preto,Preto,36,True,VERÃO 2027,Conjuntos,https://www.intibrand.com/produto/conjunto-fellicce-preto-4214,https://cdn.vnda.com.br/intibrand/2024/10/10/14_24_55_346_14_10_4_448_conjunto20fellicce20preto20zoom.jpg?v=1728581101,2026-08-24T17:28:30.310313-03:00,,unknown_not_observed_per_size
161,4214,Conjunto Fellicce,Conjunto Fellicce Preto,Preto,38,True,VERÃO 2027,Conjuntos,https://www.intibrand.com/produto/conjunto-fellicce-preto-4214,https://cdn.vnda.com.br/intibrand/2024/10/10/14_24_55_346_14_10_4_448_conjunto20fellicce20preto20zoom.jpg?v=1728581101,2026-08-24T17:28:30.310313-03:00,,unknown_not_observed_per_size
161,4214,Conjunto Fellicce,Conjunto Fellicce Preto,Preto,40,True,VERÃO 2027,Conjuntos,https://www.intibrand.com/produto/conjunto-fellicce-preto-4214,https://cdn.vnda.com.br/intibrand/2024/10/10/14_24_55_346_14_10_4_448_conjunto20fellicce20preto20zoom.jpg?v=1728581101,2026-08-24T17:28:30.310313-03:00,,unknown_not_observed_per_size
161,4214,Conjunto Fellicce,Conjunto Fellicce Preto,Preto,42,True,VERÃO 2027,Conjuntos,https://www.intibrand.com/produto/conjunto-fellicce-preto-4214,https://cdn.vnda.com.br/intibrand/2024/10/10/14_24_55_346_14_10_4_448_conjunto20fellicce20preto20zoom.jpg?v=1728581101,2026-08-24T17:28:30.310313-03:00,,unknown_not_observed_per_size
161,4217,Conjunto Fellicce,Conjunto Fellicce Vermelho,Vermelho,34,True,VERÃO 2027,Conjuntos,https://www.intibrand.com/produto/conjunto-fellicce-vermelho-4217,https://cdn.vnda.com.br/intibrand/2024/10/10/14_24_15_618_14_10_8_835_conjunto20fellicce20vermelho20frente.jpg?v=1728581055,2026-08-24T17:28:30.310313-03:00,,unknown_not_observed_per_size
161,4217,Conjunto Fellicce,Conjunto Fellicce Vermelho,Vermelho,36,True,VERÃO 2027,Conjuntos,https://www.intibrand.com/produto/conjunto-fellicce-vermelho-4217,https://cdn.vnda.com.br/intibrand/2024/10/10/14_24_15_618_14_10_8_835_conjunto20fellicce20vermelho20frente.jpg?v=1728581055,2026-08-24T17:28:30.310313-03:00,,unknown_not_observed_per_size
161,4217,Conjunto Fellicce,Conjunto Fellicce Vermelho,Vermelho,38,True,VERÃO 2027,Conjuntos,https://www.intibrand.com/produto/conjunto-fellicce-vermelho-4217,https://cdn.vnda.com.br/intibrand/2024/10/10/14_24_15_618_14_10_8_835_conjunto20fellicce20vermelho20frente.jpg?v=1728581055,2026-08-24T17:28:30.310313-03:00,,unknown_not_observed_per_size
161,4217,Conjunto Fellicce,Conjunto Fellicce Vermelho,Vermelho,40,True,VERÃO 2027,Conjuntos,https://www.intibrand.com/produto/conjunto-fellicce-vermelho-4217,https://cdn.vnda.com.br/intibrand/2024/10/10/14_24_15_618_14_10_8_835_conjunto20fellicce20vermelho20frente.jpg?v=1728581055,2026-08-24T17:28:30.310313-03:00,,unknown_not_observed_per_size
161,4217,Conjunto Fellicce,Conjunto Fellicce Vermelho,Vermelho,42,True,VERÃO 2027,Conjuntos,https://www.intibrand.com/produto/conjunto-fellicce-vermelho-4217,https://cdn.vnda.com.br/intibrand/2024/10/10/14_24_15_618_14_10_8_835_conjunto20fellicce20vermelho20frente.jpg?v=1728581055,2026-08-24T17:28:30.310313-03:00,,unknown_not_observed_per_size
164,4002,Conjunto Guillen Off-White,Conjunto Guillen Off-White,Off White,36,True,VERÃO 2027,Conjuntos,https://www.intibrand.com/produto/conjunto-guillen-off-white-4002,https://cdn.vnda.com.br/intibrand/2024/03/18/13_36_47_252_13_3_4_453_conjunto20guillen20offwhite20zoom20frente202.jpg?v=1710779807,2026-08-24T17:28:30.310313-03:00,,unknown_not_observed_per_size
164,4002,Conjunto Guillen Off-White,Conjunto Guillen Off-White,Off White,38,True,VERÃO 2027,Conjuntos,https://www.intibrand.com/produto/conjunto-guillen-off-white-4002,https://cdn.vnda.com.br/intibrand/2024/03/18/13_36_47_252_13_3_4_453_conjunto20guillen20offwhite20zoom20frente202.jpg?v=1710779807,2026-08-24T17:28:30.310313-03:00,,unknown_not_observed_per_size
164,4002,Conjunto Guillen Off-White,Conjunto Guillen Off-White,Off White,40,True,VERÃO 2027,Conjuntos,https://www.intibrand.com/produto/conjunto-guillen-off-white-4002,https://cdn.vnda.com.br/intibrand/2024/03/18/13_36_47_252_13_3_4_453_conjunto20guillen20offwhite20zoom20frente202.jpg?v=1710779807,2026-08-24T17:28:30.310313-03:00,,unknown_not_observed_per_size
164,4002,Conjunto Guillen Off-White,Conjunto Guillen Off-White,Off White,42,True,VERÃO 2027,Conjuntos,https://www.intibrand.com/produto/conjunto-guillen-off-white-4002,https://cdn.vnda.com.br/intibrand/2024/03/18/13_36_47_252_13_3_4_453_conjunto20guillen20offwhite20zoom20frente202.jpg?v=1710779807,2026-08-24T17:28:30.310313-03:00,,unknown_not_observed_per_size
163,4003,Conjunto Guillen,Conjunto Guillen Preto,Preto,36,True,VERÃO 2027,Conjuntos,https://www.intibrand.com/produto/conjunto-guillen-preto-4003,https://cdn.vnda.com.br/intibrand/2024/03/18/13_34_42_552_13_3_8_806_conjunto20guillen20preto20frente.jpg?v=1710779682,2026-08-24T17:28:30.310313-03:00,,unknown_not_observed_per_size
163,4003,Conjunto Guillen,Conjunto Guillen Preto,Preto,38,True,VERÃO 2027,Conjuntos,https://www.intibrand.com/produto/conjunto-guillen-preto-4003,https://cdn.vnda.com.br/intibrand/2024/03/18/13_34_42_552_13_3_8_806_conjunto20guillen20preto20frente.jpg?v=1710779682,2026-08-24T17:28:30.310313-03:00,,unknown_not_observed_per_size
163,4003,Conjunto Guillen,Conjunto Guillen Preto,Preto,40,True,VERÃO 2027,Conjuntos,https://www.intibrand.com/produto/conjunto-guillen-preto-4003,https://cdn.vnda.com.br/intibrand/2024/03/18/13_34_42_552_13_3_8_806_conjunto20guillen20preto20frente.jpg?v=1710779682,2026-08-24T17:28:30.310313-03:00,,unknown_not_observed_per_size
163,4003,Conjunto Guillen,Conjunto Guillen Preto,Preto,42,True,VERÃO 2027,Conjuntos,https://www.intibrand.com/produto/conjunto-guillen-preto-4003,https://cdn.vnda.com.br/intibrand/2024/03/18/13_34_42_552_13_3_8_806_conjunto20guillen20preto20frente.jpg?v=1710779682,2026-08-24T17:28:30.310313-03:00,,unknown_not_observed_per_size
166,4339,Conjunto Ivy Off-White,Conjunto Ivy Off-White,Off White,34,True,VERÃO 2027,Conjuntos,https://www.intibrand.com/produto/conjunto-ivy-off-white-4339,https://cdn.vnda.com.br/intibrand/2025/01/08/12_01_59_335_12_1_6_674_conjunto20ivy20offwhite20frente.jpg?v=1749332338,2026-08-24T17:28:30.310313-03:00,,unknown_not_observed_per_size
166,4339,Conjunto Ivy Off-White,Conjunto Ivy Off-White,Off White,36,True,VERÃO 2027,Conjuntos,https://www.intibrand.com/produto/conjunto-ivy-off-white-4339,https://cdn.vnda.com.br/intibrand/2025/01/08/12_01_59_335_12_1_6_674_conjunto20ivy20offwhite20frente.jpg?v=1749332338,2026-08-24T17:28:30.310313-03:00,,unknown_not_observed_per_size
166,4339,Conjunto Ivy Off-White,Conjunto Ivy Off-White,Off White,38,True,VERÃO 2027,Conjuntos,https://www.intibrand.com/produto/conjunto-ivy-off-white-4339,https://cdn.vnda.com.br/intibrand/2025/01/08/12_01_59_335_12_1_6_674_conjunto20ivy20offwhite20frente.jpg?v=1749332338,2026-08-24T17:28:30.310313-03:00,,unknown_not_observed_per_size
166,4339,Conjunto Ivy Off-White,Conjunto Ivy Off-White,Off White,40,True,VERÃO 2027,Conjuntos,https://www.intibrand.com/produto/conjunto-ivy-off-white-4339,https://cdn.vnda.com.br/intibrand/2025/01/08/12_01_59_335_12_1_6_674_conjunto20ivy20offwhite20frente.jpg?v=1749332338,2026-08-24T17:28:30.310313-03:00,,unknown_not_observed_per_size
166,4339,Conjunto Ivy Off-White,Conjunto Ivy Off-White,Off White,42,True,VERÃO 2027,Conjuntos,https://www.intibrand.com/produto/conjunto-ivy-off-white-4339,https://cdn.vnda.com.br/intibrand/2025/01/08/12_01_59_335_12_1_6_674_conjunto20ivy20offwhite20frente.jpg?v=1749332338,2026-08-24T17:28:30.310313-03:00,,unknown_not_observed_per_size
165,4336,Conjunto Ivy,Conjunto Ivy Preto,Preto,34,True,VERÃO 2027,Conjuntos,https://www.intibrand.com/produto/conjunto-ivy-preto-4336,https://cdn.vnda.com.br/intibrand/2025/01/08/12_01_46_727_12_1_9_978_conjunto20ivy20preto20zoom.jpg?v=1749332363,2026-08-24T17:28:30.310313-03:00,,unknown_not_observed_per_size
165,4336,Conjunto Ivy,Conjunto Ivy Preto,Preto,36,True,VERÃO 2027,Conjuntos,https://www.intibrand.com/produto/conjunto-ivy-preto-4336,https://cdn.vnda.com.br/intibrand/2025/01/08/12_01_46_727_12_1_9_978_conjunto20ivy20preto20zoom.jpg?v=1749332363,2026-08-24T17:28:30.310313-03:00,,unknown_not_observed_per_size
165,4336,Conjunto Ivy,Conjunto Ivy Preto,Preto,38,True,VERÃO 2027,Conjuntos,https://www.intibrand.com/produto/conjunto-ivy-preto-4336,https://cdn.vnda.com.br/intibrand/2025/01/08/12_01_46_727_12_1_9_978_conjunto20ivy20preto20zoom.jpg?v=1749332363,2026-08-24T17:28:30.310313-03:00,,unknown_not_observed_per_size
165,4336,Conjunto Ivy,Conjunto Ivy Preto,Preto,40,True,VERÃO 2027,Conjuntos,https://www.intibrand.com/produto/conjunto-ivy-preto-4336,https://cdn.vnda.com.br/intibrand/2025/01/08/12_01_46_727_12_1_9_978_conjunto20ivy20preto20zoom.jpg?v=1749332363,2026-08-24T17:28:30.310313-03:00,,unknown_not_observed_per_size
165,4336,Conjunto Ivy,Conjunto Ivy Preto,Preto,42,True,VERÃO 2027,Conjuntos,https://www.intibrand.com/produto/conjunto-ivy-preto-4336,https://cdn.vnda.com.br/intibrand/2025/01/08/12_01_46_727_12_1_9_978_conjunto20ivy20preto20zoom.jpg?v=1749332363,2026-08-24T17:28:30.310313-03:00,,unknown_not_observed_per_size
167,4702,Conjunto Lamellae,Conjunto Lamellae Azul,Azul,34,True,VERÃO 2027,Conjuntos,https://www.intibrand.com/produto/conjunto-lamellae-azul-4702,https://cdn.vnda.com.br/intibrand/2025/12/10/18_54_38_116_conjunto-20lamellae-20azul-20frente-201012-18127680.jpg?v=1765403678,2026-08-24T17:28:30.310313-03:00,,unknown_not_observed_per_size
167,4702,Conjunto Lamellae,Conjunto Lamellae Azul,Azul,36,True,VERÃO 2027,Conjuntos,https://www.intibrand.com/produto/conjunto-lamellae-azul-4702,https://cdn.vnda.com.br/intibrand/2025/12/10/18_54_38_116_conjunto-20lamellae-20azul-20frente-201012-18127680.jpg?v=1765403678,2026-08-24T17:28:30.310313-03:00,,unknown_not_observed_per_size
167,4702,Conjunto Lamellae,Conjunto Lamellae Azul,Azul,38,True,VERÃO 2027,Conjuntos,https://www.intibrand.com/produto/conjunto-lamellae-azul-4702,https://cdn.vnda.com.br/intibrand/2025/12/10/18_54_38_116_conjunto-20lamellae-20azul-20frente-201012-18127680.jpg?v=1765403678,2026-08-24T17:28:30.310313-03:00,,unknown_not_observed_per_size
167,4702,Conjunto Lamellae,Conjunto Lamellae Azul,Azul,40,True,VERÃO 2027,Conjuntos,https://www.intibrand.com/produto/conjunto-lamellae-azul-4702,https://cdn.vnda.com.br/intibrand/2025/12/10/18_54_38_116_conjunto-20lamellae-20azul-20frente-201012-18127680.jpg?v=1765403678,2026-08-24T17:28:30.310313-03:00,,unknown_not_observed_per_size
167,4702,Conjunto Lamellae,Conjunto Lamellae Azul,Azul,42,True,VERÃO 2027,Conjuntos,https://www.intibrand.com/produto/conjunto-lamellae-azul-4702,https://cdn.vnda.com.br/intibrand/2025/12/10/18_54_38_116_conjunto-20lamellae-20azul-20frente-201012-18127680.jpg?v=1765403678,2026-08-24T17:28:30.310313-03:00,,unknown_not_observed_per_size
168,4700,Conjunto Lamellae Off-White,Conjunto Lamellae Off-White,Off White,34,True,VERÃO 2027,Conjuntos,https://www.intibrand.com/produto/conjunto-lamellae-off-white-4700,https://cdn.vnda.com.br/intibrand/2025/11/11/18_07_03_991_conjunto-20lamellae-20off-white-20frente-20-1-18115410.jpg?v=1762895239,2026-08-24T17:28:30.310313-03:00,,unknown_not_observed_per_size
168,4700,Conjunto Lamellae Off-White,Conjunto Lamellae Off-White,Off White,36,True,VERÃO 2027,Conjuntos,https://www.intibrand.com/produto/conjunto-lamellae-off-white-4700,https://cdn.vnda.com.br/intibrand/2025/11/11/18_07_03_991_conjunto-20lamellae-20off-white-20frente-20-1-18115410.jpg?v=1762895239,2026-08-24T17:28:30.310313-03:00,,unknown_not_observed_per_size
168,4700,Conjunto Lamellae Off-White,Conjunto Lamellae Off-White,Off White,38,True,VERÃO 2027,Conjuntos,https://www.intibrand.com/produto/conjunto-lamellae-off-white-4700,https://cdn.vnda.com.br/intibrand/2025/11/11/18_07_03_991_conjunto-20lamellae-20off-white-20frente-20-1-18115410.jpg?v=1762895239,2026-08-24T17:28:30.310313-03:00,,unknown_not_observed_per_size
168,4700,Conjunto Lamellae Off-White,Conjunto Lamellae Off-White,Off White,40,True,VERÃO 2027,Conjuntos,https://www.intibrand.com/produto/conjunto-lamellae-off-white-4700,https://cdn.vnda.com.br/intibrand/2025/11/11/18_07_03_991_conjunto-20lamellae-20off-white-20frente-20-1-18115410.jpg?v=1762895239,2026-08-24T17:28:30.310313-03:00,,unknown_not_observed_per_size
168,4700,Conjunto Lamellae Off-White,Conjunto Lamellae Off-White,Off White,42,True,VERÃO 2027,Conjuntos,https://www.intibrand.com/produto/conjunto-lamellae-off-white-4700,https://cdn.vnda.com.br/intibrand/2025/11/11/18_07_03_991_conjunto-20lamellae-20off-white-20frente-20-1-18115410.jpg?v=1762895239,2026-08-24T17:28:30.310313-03:00,,unknown_not_observed_per_size
167,4701,Conjunto Lamellae,Conjunto Lamellae Preto,Preto,34,True,VERÃO 2027,Conjuntos,https://www.intibrand.com/produto/conjunto-lamellae-preto-4701,https://cdn.vnda.com.br/intibrand/2025/12/10/19_01_21_99_macaquinho-20martin-20preto-20frente-19124210.jpg?v=1765404085,2026-08-24T17:28:30.310313-03:00,,unknown_not_observed_per_size
167,4701,Conjunto Lamellae,Conjunto Lamellae Preto,Preto,36,True,VERÃO 2027,Conjuntos,https://www.intibrand.com/produto/conjunto-lamellae-preto-4701,https://cdn.vnda.com.br/intibrand/2025/12/10/19_01_21_99_macaquinho-20martin-20preto-20frente-19124210.jpg?v=1765404085,2026-08-24T17:28:30.310313-03:00,,unknown_not_observed_per_size
167,4701,Conjunto Lamellae,Conjunto Lamellae Preto,Preto,38,True,VERÃO 2027,Conjuntos,https://www.intibrand.com/produto/conjunto-lamellae-preto-4701,https://cdn.vnda.com.br/intibrand/2025/12/10/19_01_21_99_macaquinho-20martin-20preto-20frente-19124210.jpg?v=1765404085,2026-08-24T17:28:30.310313-03:00,,unknown_not_observed_per_size
167,4701,Conjunto Lamellae,Conjunto Lamellae Preto,Preto,40,True,VERÃO 2027,Conjuntos,https://www.intibrand.com/produto/conjunto-lamellae-preto-4701,https://cdn.vnda.com.br/intibrand/2025/12/10/19_01_21_99_macaquinho-20martin-20preto-20frente-19124210.jpg?v=1765404085,2026-08-24T17:28:30.310313-03:00,,unknown_not_observed_per_size
167,4701,Conjunto Lamellae,Conjunto Lamellae Preto,Preto,42,True,VERÃO 2027,Conjuntos,https://www.intibrand.com/produto/conjunto-lamellae-preto-4701,https://cdn.vnda.com.br/intibrand/2025/12/10/19_01_21_99_macaquinho-20martin-20preto-20frente-19124210.jpg?v=1765404085,2026-08-24T17:28:30.310313-03:00,,unknown_not_observed_per_size
169,3955,Conjunto Mitchell,Conjunto Mitchell Preto,Preto,34,True,VERÃO 2027,Conjuntos,https://www.intibrand.com/produto/conjunto-mitchell-preto-3955,https://cdn.vnda.com.br/intibrand/2023/12/14/16_03_13_562_16_12_7_732_conjunto20mitchell20preto20frente201.jpg?v=1702580593,2026-08-24T17:28:30.310313-03:00,,unknown_not_observed_per_size
169,3955,Conjunto Mitchell,Conjunto Mitchell Preto,Preto,36,True,VERÃO 2027,Conjuntos,https://www.intibrand.com/produto/conjunto-mitchell-preto-3955,https://cdn.vnda.com.br/intibrand/2023/12/14/16_03_13_562_16_12_7_732_conjunto20mitchell20preto20frente201.jpg?v=1702580593,2026-08-24T17:28:30.310313-03:00,,unknown_not_observed_per_size
169,3955,Conjunto Mitchell,Conjunto Mitchell Preto,Preto,38,True,VERÃO 2027,Conjuntos,https://www.intibrand.com/produto/conjunto-mitchell-preto-3955,https://cdn.vnda.com.br/intibrand/2023/12/14/16_03_13_562_16_12_7_732_conjunto20mitchell20preto20frente201.jpg?v=1702580593,2026-08-24T17:28:30.310313-03:00,,unknown_not_observed_per_size
169,3955,Conjunto Mitchell,Conjunto Mitchell Preto,Preto,40,True,VERÃO 2027,Conjuntos,https://www.intibrand.com/produto/conjunto-mitchell-preto-3955,https://cdn.vnda.com.br/intibrand/2023/12/14/16_03_13_562_16_12_7_732_conjunto20mitchell20preto20frente201.jpg?v=1702580593,2026-08-24T17:28:30.310313-03:00,,unknown_not_observed_per_size
169,3955,Conjunto Mitchell,Conjunto Mitchell Preto,Preto,42,True,VERÃO 2027,Conjuntos,https://www.intibrand.com/produto/conjunto-mitchell-preto-3955,https://cdn.vnda.com.br/intibrand/2023/12/14/16_03_13_562_16_12_7_732_conjunto20mitchell20preto20frente201.jpg?v=1702580593,2026-08-24T17:28:30.310313-03:00,,unknown_not_observed_per_size
170,3592,Conjunto Murano,Conjunto Murano Pink,Pink,PP,True,VERÃO 2027,Conjuntos,https://www.intibrand.com/produto/conjunto-murano-pink-3592,https://cdn.vnda.com.br/intibrand/2022/09/01/18_9_6_648_CONJUNTOMURANOPINKSOLTA.jpg?v=1666730769,2026-08-24T17:28:30.310313-03:00,,unknown_not_observed_per_size
170,3592,Conjunto Murano,Conjunto Murano Pink,Pink,P,True,VERÃO 2027,Conjuntos,https://www.intibrand.com/produto/conjunto-murano-pink-3592,https://cdn.vnda.com.br/intibrand/2022/09/01/18_9_6_648_CONJUNTOMURANOPINKSOLTA.jpg?v=1666730769,2026-08-24T17:28:30.310313-03:00,,unknown_not_observed_per_size
170,3592,Conjunto Murano,Conjunto Murano Pink,Pink,M,True,VERÃO 2027,Conjuntos,https://www.intibrand.com/produto/conjunto-murano-pink-3592,https://cdn.vnda.com.br/intibrand/2022/09/01/18_9_6_648_CONJUNTOMURANOPINKSOLTA.jpg?v=1666730769,2026-08-24T17:28:30.310313-03:00,,unknown_not_observed_per_size
170,3592,Conjunto Murano,Conjunto Murano Pink,Pink,G,True,VERÃO 2027,Conjuntos,https://www.intibrand.com/produto/conjunto-murano-pink-3592,https://cdn.vnda.com.br/intibrand/2022/09/01/18_9_6_648_CONJUNTOMURANOPINKSOLTA.jpg?v=1666730769,2026-08-24T17:28:30.310313-03:00,,unknown_not_observed_per_size
170,3593,Conjunto Murano,Conjunto Murano Preto,Preto,PP,True,VERÃO 2027,Conjuntos,https://www.intibrand.com/produto/conjunto-murano-preto-3593,https://cdn.vnda.com.br/intibrand/2022/09/01/18_9_3_327_CONJUNTOMURANOPRETOFRENTE.jpg?v=1662066479,2026-08-24T17:28:30.310313-03:00,,unknown_not_observed_per_size
170,3593,Conjunto Murano,Conjunto Murano Preto,Preto,P,True,VERÃO 2027,Conjuntos,https://www.intibrand.com/produto/conjunto-murano-preto-3593,https://cdn.vnda.com.br/intibrand/2022/09/01/18_9_3_327_CONJUNTOMURANOPRETOFRENTE.jpg?v=1662066479,2026-08-24T17:28:30.310313-03:00,,unknown_not_observed_per_size
170,3593,Conjunto Murano,Conjunto Murano Preto,Preto,M,True,VERÃO 2027,Conjuntos,https://www.intibrand.com/produto/conjunto-murano-preto-3593,https://cdn.vnda.com.br/intibrand/2022/09/01/18_9_3_327_CONJUNTOMURANOPRETOFRENTE.jpg?v=1662066479,2026-08-24T17:28:30.310313-03:00,,unknown_not_observed_per_size
170,3593,Conjunto Murano,Conjunto Murano Preto,Preto,G,True,VERÃO 2027,Conjuntos,https://www.intibrand.com/produto/conjunto-murano-preto-3593,https://cdn.vnda.com.br/intibrand/2022/09/01/18_9_3_327_CONJUNTOMURANOPRETOFRENTE.jpg?v=1662066479,2026-08-24T17:28:30.310313-03:00,,unknown_not_observed_per_size
170,3594,Conjunto Murano,Conjunto Murano Rosê,Rosê,PP,True,VERÃO 2027,Conjuntos,https://www.intibrand.com/produto/conjunto-murano-rose-3594,https://cdn.vnda.com.br/intibrand/2022/09/01/18_9_4_448_CONJUNTOMURANOROSFRENTE3.jpg?v=1662066334,2026-08-24T17:28:30.310313-03:00,,unknown_not_observed_per_size
170,3594,Conjunto Murano,Conjunto Murano Rosê,Rosê,P,True,VERÃO 2027,Conjuntos,https://www.intibrand.com/produto/conjunto-murano-rose-3594,https://cdn.vnda.com.br/intibrand/2022/09/01/18_9_4_448_CONJUNTOMURANOROSFRENTE3.jpg?v=1662066334,2026-08-24T17:28:30.310313-03:00,,unknown_not_observed_per_size
170,3594,Conjunto Murano,Conjunto Murano Rosê,Rosê,M,True,VERÃO 2027,Conjuntos,https://www.intibrand.com/produto/conjunto-murano-rose-3594,https://cdn.vnda.com.br/intibrand/2022/09/01/18_9_4_448_CONJUNTOMURANOROSFRENTE3.jpg?v=1662066334,2026-08-24T17:28:30.310313-03:00,,unknown_not_observed_per_size
170,3594,Conjunto Murano,Conjunto Murano Rosê,Rosê,G,True,VERÃO 2027,Conjuntos,https://www.intibrand.com/produto/conjunto-murano-rose-3594,https://cdn.vnda.com.br/intibrand/2022/09/01/18_9_4_448_CONJUNTOMURANOROSFRENTE3.jpg?v=1662066334,2026-08-24T17:28:30.310313-03:00,,unknown_not_observed_per_size
171,3595,Conjunto Platte Off-White,Conjunto Platte Off-White,Off White,PP,True,VERÃO 2027,Conjuntos,https://www.intibrand.com/produto/conjunto-platte-off-white-3595,https://cdn.vnda.com.br/intibrand/2022/09/01/17_9_9_963_CONJUNTOPLATTEOFFWHITEFRENTE.jpg?v=1662065779,2026-08-24T17:28:30.310313-03:00,,unknown_not_observed_per_size
171,3595,Conjunto Platte Off-White,Conjunto Platte Off-White,Off White,P,True,VERÃO 2027,Conjuntos,https://www.intibrand.com/produto/conjunto-platte-off-white-3595,https://cdn.vnda.com.br/intibrand/2022/09/01/17_9_9_963_CONJUNTOPLATTEOFFWHITEFRENTE.jpg?v=1662065779,2026-08-24T17:28:30.310313-03:00,,unknown_not_observed_per_size
171,3595,Conjunto Platte Off-White,Conjunto Platte Off-White,Off White,M,True,VERÃO 2027,Conjuntos,https://www.intibrand.com/produto/conjunto-platte-off-white-3595,https://cdn.vnda.com.br/intibrand/2022/09/01/17_9_9_963_CONJUNTOPLATTEOFFWHITEFRENTE.jpg?v=1662065779,2026-08-24T17:28:30.310313-03:00,,unknown_not_observed_per_size
171,3595,Conjunto Platte Off-White,Conjunto Platte Off-White,Off White,G,True,VERÃO 2027,Conjuntos,https://www.intibrand.com/produto/conjunto-platte-off-white-3595,https://cdn.vnda.com.br/intibrand/2022/09/01/17_9_9_963_CONJUNTOPLATTEOFFWHITEFRENTE.jpg?v=1662065779,2026-08-24T17:28:30.310313-03:00,,unknown_not_observed_per_size
172,4070,Corselet Adrian,Corselet Adrian Framboesa,Framboesa,36,True,VERÃO 2027,,https://www.intibrand.com/produto/corselet-adrian-framboesa-4070,https://cdn.vnda.com.br/intibrand/2024/04/25/15_56_07_560_15_4_7_769_corselet20adrian20framboesa202b20saia20phillip20framboesa20zoom.jpg?v=1714071394,2026-08-24T17:28:30.310313-03:00,,unknown_not_observed_per_size
172,4070,Corselet Adrian,Corselet Adrian Framboesa,Framboesa,38,True,VERÃO 2027,,https://www.intibrand.com/produto/corselet-adrian-framboesa-4070,https://cdn.vnda.com.br/intibrand/2024/04/25/15_56_07_560_15_4_7_769_corselet20adrian20framboesa202b20saia20phillip20framboesa20zoom.jpg?v=1714071394,2026-08-24T17:28:30.310313-03:00,,unknown_not_observed_per_size
172,4070,Corselet Adrian,Corselet Adrian Framboesa,Framboesa,40,True,VERÃO 2027,,https://www.intibrand.com/produto/corselet-adrian-framboesa-4070,https://cdn.vnda.com.br/intibrand/2024/04/25/15_56_07_560_15_4_7_769_corselet20adrian20framboesa202b20saia20phillip20framboesa20zoom.jpg?v=1714071394,2026-08-24T17:28:30.310313-03:00,,unknown_not_observed_per_size
172,4070,Corselet Adrian,Corselet Adrian Framboesa,Framboesa,42,True,VERÃO 2027,,https://www.intibrand.com/produto/corselet-adrian-framboesa-4070,https://cdn.vnda.com.br/intibrand/2024/04/25/15_56_07_560_15_4_7_769_corselet20adrian20framboesa202b20saia20phillip20framboesa20zoom.jpg?v=1714071394,2026-08-24T17:28:30.310313-03:00,,unknown_not_observed_per_size
173,4067,Corselet Adrian Off-White,Corselet Adrian Off-White,Off White,36,True,VERÃO 2027,,https://www.intibrand.com/produto/corselet-adrian-off-white-4067,https://cdn.vnda.com.br/intibrand/2024/04/24/18_24_42_612_18_4_6_674_corselet20adrian20offwhite202b20saia20phillip20offwhite20zoom201.jpg?v=1725398659,2026-08-24T17:28:30.310313-03:00,,unknown_not_observed_per_size
173,4067,Corselet Adrian Off-White,Corselet Adrian Off-White,Off White,38,True,VERÃO 2027,,https://www.intibrand.com/produto/corselet-adrian-off-white-4067,https://cdn.vnda.com.br/intibrand/2024/04/24/18_24_42_612_18_4_6_674_corselet20adrian20offwhite202b20saia20phillip20offwhite20zoom201.jpg?v=1725398659,2026-08-24T17:28:30.310313-03:00,,unknown_not_observed_per_size
173,4067,Corselet Adrian Off-White,Corselet Adrian Off-White,Off White,40,True,VERÃO 2027,,https://www.intibrand.com/produto/corselet-adrian-off-white-4067,https://cdn.vnda.com.br/intibrand/2024/04/24/18_24_42_612_18_4_6_674_corselet20adrian20offwhite202b20saia20phillip20offwhite20zoom201.jpg?v=1725398659,2026-08-24T17:28:30.310313-03:00,,unknown_not_observed_per_size
173,4067,Corselet Adrian Off-White,Corselet Adrian Off-White,Off White,42,True,VERÃO 2027,,https://www.intibrand.com/produto/corselet-adrian-off-white-4067,https://cdn.vnda.com.br/intibrand/2024/04/24/18_24_42_612_18_4_6_674_corselet20adrian20offwhite202b20saia20phillip20offwhite20zoom201.jpg?v=1725398659,2026-08-24T17:28:30.310313-03:00,,unknown_not_observed_per_size
172,4068,Corselet Adrian,Corselet Adrian Preto,Preto,36,True,VERÃO 2027,,https://www.intibrand.com/produto/corselet-adrian-preto-4068,https://cdn.vnda.com.br/intibrand/2024/04/11/15_39_24_19_15_4_7_794_corselet20adrian20preto20202b20saia20phillip20preta20zoom201.jpg?v=1712860786,2026-08-24T17:28:30.310313-03:00,,unknown_not_observed_per_size
172,4068,Corselet Adrian,Corselet Adrian Preto,Preto,38,True,VERÃO 2027,,https://www.intibrand.com/produto/corselet-adrian-preto-4068,https://cdn.vnda.com.br/intibrand/2024/04/11/15_39_24_19_15_4_7_794_corselet20adrian20preto20202b20saia20phillip20preta20zoom201.jpg?v=1712860786,2026-08-24T17:28:30.310313-03:00,,unknown_not_observed_per_size
172,4068,Corselet Adrian,Corselet Adrian Preto,Preto,40,True,VERÃO 2027,,https://www.intibrand.com/produto/corselet-adrian-preto-4068,https://cdn.vnda.com.br/intibrand/2024/04/11/15_39_24_19_15_4_7_794_corselet20adrian20preto20202b20saia20phillip20preta20zoom201.jpg?v=1712860786,2026-08-24T17:28:30.310313-03:00,,unknown_not_observed_per_size
172,4068,Corselet Adrian,Corselet Adrian Preto,Preto,42,True,VERÃO 2027,,https://www.intibrand.com/produto/corselet-adrian-preto-4068,https://cdn.vnda.com.br/intibrand/2024/04/11/15_39_24_19_15_4_7_794_corselet20adrian20preto20202b20saia20phillip20preta20zoom201.jpg?v=1712860786,2026-08-24T17:28:30.310313-03:00,,unknown_not_observed_per_size
172,4069,Corselet Adrian,Corselet Adrian Vermelho,Vermelho,36,True,VERÃO 2027,,https://www.intibrand.com/produto/corselet-adrian-vermelho-4069,https://cdn.vnda.com.br/intibrand/2024/04/11/15_37_40_141_15_4_2_254_corselet20adrian20vermelho202b20saia20phillip20vermelha20zoom201.jpg?v=1712860664,2026-08-24T17:28:30.310313-03:00,,unknown_not_observed_per_size
172,4069,Corselet Adrian,Corselet Adrian Vermelho,Vermelho,38,True,VERÃO 2027,,https://www.intibrand.com/produto/corselet-adrian-vermelho-4069,https://cdn.vnda.com.br/intibrand/2024/04/11/15_37_40_141_15_4_2_254_corselet20adrian20vermelho202b20saia20phillip20vermelha20zoom201.jpg?v=1712860664,2026-08-24T17:28:30.310313-03:00,,unknown_not_observed_per_size
172,4069,Corselet Adrian,Corselet Adrian Vermelho,Vermelho,40,True,VERÃO 2027,,https://www.intibrand.com/produto/corselet-adrian-vermelho-4069,https://cdn.vnda.com.br/intibrand/2024/04/11/15_37_40_141_15_4_2_254_corselet20adrian20vermelho202b20saia20phillip20vermelha20zoom201.jpg?v=1712860664,2026-08-24T17:28:30.310313-03:00,,unknown_not_observed_per_size
172,4069,Corselet Adrian,Corselet Adrian Vermelho,Vermelho,42,True,VERÃO 2027,,https://www.intibrand.com/produto/corselet-adrian-vermelho-4069,https://cdn.vnda.com.br/intibrand/2024/04/11/15_37_40_141_15_4_2_254_corselet20adrian20vermelho202b20saia20phillip20vermelha20zoom201.jpg?v=1712860664,2026-08-24T17:28:30.310313-03:00,,unknown_not_observed_per_size
174,4637,Corselet Kimbell Off-White,Corselet Kimbell Off-White,Off White,36,True,VERÃO 2027,,https://www.intibrand.com/produto/corselet-kimbell-off-white-4637,https://cdn.vnda.com.br/intibrand/2025/09/24/12_35_51_40_corselet-20kimbell-20off-white-20-2b-20pantalona-20savoye-20off-white-20zoom-20-1-12095440.jpg?v=1758728166,2026-08-24T17:28:30.310313-03:00,,unknown_not_observed_per_size
174,4637,Corselet Kimbell Off-White,Corselet Kimbell Off-White,Off White,38,True,VERÃO 2027,,https://www.intibrand.com/produto/corselet-kimbell-off-white-4637,https://cdn.vnda.com.br/intibrand/2025/09/24/12_35_51_40_corselet-20kimbell-20off-white-20-2b-20pantalona-20savoye-20off-white-20zoom-20-1-12095440.jpg?v=1758728166,2026-08-24T17:28:30.310313-03:00,,unknown_not_observed_per_size
174,4637,Corselet Kimbell Off-White,Corselet Kimbell Off-White,Off White,40,True,VERÃO 2027,,https://www.intibrand.com/produto/corselet-kimbell-off-white-4637,https://cdn.vnda.com.br/intibrand/2025/09/24/12_35_51_40_corselet-20kimbell-20off-white-20-2b-20pantalona-20savoye-20off-white-20zoom-20-1-12095440.jpg?v=1758728166,2026-08-24T17:28:30.310313-03:00,,unknown_not_observed_per_size
174,4637,Corselet Kimbell Off-White,Corselet Kimbell Off-White,Off White,42,True,VERÃO 2027,,https://www.intibrand.com/produto/corselet-kimbell-off-white-4637,https://cdn.vnda.com.br/intibrand/2025/09/24/12_35_51_40_corselet-20kimbell-20off-white-20-2b-20pantalona-20savoye-20off-white-20zoom-20-1-12095440.jpg?v=1758728166,2026-08-24T17:28:30.310313-03:00,,unknown_not_observed_per_size
149,4926,CORSELET KIMBELL + PANTALONA SAVOYE | OFF-WHITE,CORSELET KIMBELL + PANTALONA SAVOYE | OFF-WHITE,Off White,36,True,VERÃO 2027,,https://www.intibrand.com/produto/corselet-kimbell-pantalona-savoye-off-white-4926,https://cdn.vnda.com.br/intibrand/2026/05/13/11_23_57_247_corselet-20kimbell-20off-white-20-2b-20pantalona-20savoye-20off-white-20frente-20-2-11055280.jpg?v=1778682240,2026-08-24T17:28:30.310313-03:00,,unknown_not_observed_per_size
149,4926,CORSELET KIMBELL + PANTALONA SAVOYE | OFF-WHITE,CORSELET KIMBELL + PANTALONA SAVOYE | OFF-WHITE,Off White,38,True,VERÃO 2027,,https://www.intibrand.com/produto/corselet-kimbell-pantalona-savoye-off-white-4926,https://cdn.vnda.com.br/intibrand/2026/05/13/11_23_57_247_corselet-20kimbell-20off-white-20-2b-20pantalona-20savoye-20off-white-20frente-20-2-11055280.jpg?v=1778682240,2026-08-24T17:28:30.310313-03:00,,unknown_not_observed_per_size
149,4926,CORSELET KIMBELL + PANTALONA SAVOYE | OFF-WHITE,CORSELET KIMBELL + PANTALONA SAVOYE | OFF-WHITE,Off White,40,True,VERÃO 2027,,https://www.intibrand.com/produto/corselet-kimbell-pantalona-savoye-off-white-4926,https://cdn.vnda.com.br/intibrand/2026/05/13/11_23_57_247_corselet-20kimbell-20off-white-20-2b-20pantalona-20savoye-20off-white-20frente-20-2-11055280.jpg?v=1778682240,2026-08-24T17:28:30.310313-03:00,,unknown_not_observed_per_size
149,4926,CORSELET KIMBELL + PANTALONA SAVOYE | OFF-WHITE,CORSELET KIMBELL + PANTALONA SAVOYE | OFF-WHITE,Off White,42,True,VERÃO 2027,,https://www.intibrand.com/produto/corselet-kimbell-pantalona-savoye-off-white-4926,https://cdn.vnda.com.br/intibrand/2026/05/13/11_23_57_247_corselet-20kimbell-20off-white-20-2b-20pantalona-20savoye-20off-white-20frente-20-2-11055280.jpg?v=1778682240,2026-08-24T17:28:30.310313-03:00,,unknown_not_observed_per_size
149,4926,CORSELET KIMBELL + PANTALONA SAVOYE | OFF-WHITE,CORSELET KIMBELL + PANTALONA SAVOYE | OFF-WHITE,Off White,34,True,VERÃO 2027,,https://www.intibrand.com/produto/corselet-kimbell-pantalona-savoye-off-white-4926,https://cdn.vnda.com.br/intibrand/2026/05/13/11_23_57_247_corselet-20kimbell-20off-white-20-2b-20pantalona-20savoye-20off-white-20frente-20-2-11055280.jpg?v=1778682240,2026-08-24T17:28:30.310313-03:00,,unknown_not_observed_per_size
149,4926,CORSELET KIMBELL + PANTALONA SAVOYE | OFF-WHITE,CORSELET KIMBELL + PANTALONA SAVOYE | OFF-WHITE,Off White,44,True,VERÃO 2027,,https://www.intibrand.com/produto/corselet-kimbell-pantalona-savoye-off-white-4926,https://cdn.vnda.com.br/intibrand/2026/05/13/11_23_57_247_corselet-20kimbell-20off-white-20-2b-20pantalona-20savoye-20off-white-20frente-20-2-11055280.jpg?v=1778682240,2026-08-24T17:28:30.310313-03:00,,unknown_not_observed_per_size
148,4925,CORSELET KIMBELL + PANTALONA SAVOYE |,CORSELET KIMBELL + PANTALONA SAVOYE | PRETO,Preto,34,True,VERÃO 2027,,https://www.intibrand.com/produto/corselet-kimbell-pantalona-savoye-preto-4925,https://cdn.vnda.com.br/intibrand/2026/05/13/11_19_45_297_corselet-20kimbell-20preto-20-2b-20pantalona-20savoye-20preta-20frente-20-8-11050440.jpg?v=1778681996,2026-08-24T17:28:30.310313-03:00,,unknown_not_observed_per_size
148,4925,CORSELET KIMBELL + PANTALONA SAVOYE |,CORSELET KIMBELL + PANTALONA SAVOYE | PRETO,Preto,36,True,VERÃO 2027,,https://www.intibrand.com/produto/corselet-kimbell-pantalona-savoye-preto-4925,https://cdn.vnda.com.br/intibrand/2026/05/13/11_19_45_297_corselet-20kimbell-20preto-20-2b-20pantalona-20savoye-20preta-20frente-20-8-11050440.jpg?v=1778681996,2026-08-24T17:28:30.310313-03:00,,unknown_not_observed_per_size
148,4925,CORSELET KIMBELL + PANTALONA SAVOYE |,CORSELET KIMBELL + PANTALONA SAVOYE | PRETO,Preto,38,True,VERÃO 2027,,https://www.intibrand.com/produto/corselet-kimbell-pantalona-savoye-preto-4925,https://cdn.vnda.com.br/intibrand/2026/05/13/11_19_45_297_corselet-20kimbell-20preto-20-2b-20pantalona-20savoye-20preta-20frente-20-8-11050440.jpg?v=1778681996,2026-08-24T17:28:30.310313-03:00,,unknown_not_observed_per_size
148,4925,CORSELET KIMBELL + PANTALONA SAVOYE |,CORSELET KIMBELL + PANTALONA SAVOYE | PRETO,Preto,40,True,VERÃO 2027,,https://www.intibrand.com/produto/corselet-kimbell-pantalona-savoye-preto-4925,https://cdn.vnda.com.br/intibrand/2026/05/13/11_19_45_297_corselet-20kimbell-20preto-20-2b-20pantalona-20savoye-20preta-20frente-20-8-11050440.jpg?v=1778681996,2026-08-24T17:28:30.310313-03:00,,unknown_not_observed_per_size
148,4925,CORSELET KIMBELL + PANTALONA SAVOYE |,CORSELET KIMBELL + PANTALONA SAVOYE | PRETO,Preto,42,True,VERÃO 2027,,https://www.intibrand.com/produto/corselet-kimbell-pantalona-savoye-preto-4925,https://cdn.vnda.com.br/intibrand/2026/05/13/11_19_45_297_corselet-20kimbell-20preto-20-2b-20pantalona-20savoye-20preta-20frente-20-8-11050440.jpg?v=1778681996,2026-08-24T17:28:30.310313-03:00,,unknown_not_observed_per_size
148,4925,CORSELET KIMBELL + PANTALONA SAVOYE |,CORSELET KIMBELL + PANTALONA SAVOYE | PRETO,Preto,44,True,VERÃO 2027,,https://www.intibrand.com/produto/corselet-kimbell-pantalona-savoye-preto-4925,https://cdn.vnda.com.br/intibrand/2026/05/13/11_19_45_297_corselet-20kimbell-20preto-20-2b-20pantalona-20savoye-20preta-20frente-20-8-11050440.jpg?v=1778681996,2026-08-24T17:28:30.310313-03:00,,unknown_not_observed_per_size
175,4910,Corselet Steven,Corselet Steven Marrom,Marrom,34,True,VERÃO 2027,,https://www.intibrand.com/produto/corselet-steven-marrom-4910,https://cdn.vnda.com.br/intibrand/2026/05/08/11_43_15_406_corselet-20steven-20marrom-20-2b-20saia-20remmy-20marrom-20zoom-20edit-20-1-11056280.jpg?v=1778251403,2026-08-24T17:28:30.310313-03:00,,unknown_not_observed_per_size
175,4910,Corselet Steven,Corselet Steven Marrom,Marrom,36,True,VERÃO 2027,,https://www.intibrand.com/produto/corselet-steven-marrom-4910,https://cdn.vnda.com.br/intibrand/2026/05/08/11_43_15_406_corselet-20steven-20marrom-20-2b-20saia-20remmy-20marrom-20zoom-20edit-20-1-11056280.jpg?v=1778251403,2026-08-24T17:28:30.310313-03:00,,unknown_not_observed_per_size
175,4910,Corselet Steven,Corselet Steven Marrom,Marrom,38,True,VERÃO 2027,,https://www.intibrand.com/produto/corselet-steven-marrom-4910,https://cdn.vnda.com.br/intibrand/2026/05/08/11_43_15_406_corselet-20steven-20marrom-20-2b-20saia-20remmy-20marrom-20zoom-20edit-20-1-11056280.jpg?v=1778251403,2026-08-24T17:28:30.310313-03:00,,unknown_not_observed_per_size
175,4910,Corselet Steven,Corselet Steven Marrom,Marrom,40,True,VERÃO 2027,,https://www.intibrand.com/produto/corselet-steven-marrom-4910,https://cdn.vnda.com.br/intibrand/2026/05/08/11_43_15_406_corselet-20steven-20marrom-20-2b-20saia-20remmy-20marrom-20zoom-20edit-20-1-11056280.jpg?v=1778251403,2026-08-24T17:28:30.310313-03:00,,unknown_not_observed_per_size
175,4910,Corselet Steven,Corselet Steven Marrom,Marrom,42,True,VERÃO 2027,,https://www.intibrand.com/produto/corselet-steven-marrom-4910,https://cdn.vnda.com.br/intibrand/2026/05/08/11_43_15_406_corselet-20steven-20marrom-20-2b-20saia-20remmy-20marrom-20zoom-20edit-20-1-11056280.jpg?v=1778251403,2026-08-24T17:28:30.310313-03:00,,unknown_not_observed_per_size
176,4908,Corselet Steven Off-White,Corselet Steven Off-White,Off White,34,True,VERÃO 2027,,https://www.intibrand.com/produto/corselet-steven-off-white-4908,https://cdn.vnda.com.br/intibrand/2026/05/11/11_27_38_468_gaby-20v-c3-8ddeos-20-20-story-20-202026-05-11t112718-830-11053960.jpg?v=1778509661,2026-08-24T17:28:30.310313-03:00,,unknown_not_observed_per_size
176,4908,Corselet Steven Off-White,Corselet Steven Off-White,Off White,36,True,VERÃO 2027,,https://www.intibrand.com/produto/corselet-steven-off-white-4908,https://cdn.vnda.com.br/intibrand/2026/05/11/11_27_38_468_gaby-20v-c3-8ddeos-20-20-story-20-202026-05-11t112718-830-11053960.jpg?v=1778509661,2026-08-24T17:28:30.310313-03:00,,unknown_not_observed_per_size
176,4908,Corselet Steven Off-White,Corselet Steven Off-White,Off White,38,True,VERÃO 2027,,https://www.intibrand.com/produto/corselet-steven-off-white-4908,https://cdn.vnda.com.br/intibrand/2026/05/11/11_27_38_468_gaby-20v-c3-8ddeos-20-20-story-20-202026-05-11t112718-830-11053960.jpg?v=1778509661,2026-08-24T17:28:30.310313-03:00,,unknown_not_observed_per_size
176,4908,Corselet Steven Off-White,Corselet Steven Off-White,Off White,40,True,VERÃO 2027,,https://www.intibrand.com/produto/corselet-steven-off-white-4908,https://cdn.vnda.com.br/intibrand/2026/05/11/11_27_38_468_gaby-20v-c3-8ddeos-20-20-story-20-202026-05-11t112718-830-11053960.jpg?v=1778509661,2026-08-24T17:28:30.310313-03:00,,unknown_not_observed_per_size
176,4908,Corselet Steven Off-White,Corselet Steven Off-White,Off White,42,True,VERÃO 2027,,https://www.intibrand.com/produto/corselet-steven-off-white-4908,https://cdn.vnda.com.br/intibrand/2026/05/11/11_27_38_468_gaby-20v-c3-8ddeos-20-20-story-20-202026-05-11t112718-830-11053960.jpg?v=1778509661,2026-08-24T17:28:30.310313-03:00,,unknown_not_observed_per_size
175,4909,Corselet Steven,Corselet Steven Preto,Preto,34,True,VERÃO 2027,,https://www.intibrand.com/produto/corselet-steven-preto-4909,https://cdn.vnda.com.br/intibrand/2026/05/11/11_28_02_551_gaby-20v-c3-8ddeos-20-20-story-20-202026-05-11t112756-096-11059300.jpg?v=1778509682,2026-08-24T17:28:30.310313-03:00,,unknown_not_observed_per_size
175,4909,Corselet Steven,Corselet Steven Preto,Preto,36,True,VERÃO 2027,,https://www.intibrand.com/produto/corselet-steven-preto-4909,https://cdn.vnda.com.br/intibrand/2026/05/11/11_28_02_551_gaby-20v-c3-8ddeos-20-20-story-20-202026-05-11t112756-096-11059300.jpg?v=1778509682,2026-08-24T17:28:30.310313-03:00,,unknown_not_observed_per_size
175,4909,Corselet Steven,Corselet Steven Preto,Preto,38,True,VERÃO 2027,,https://www.intibrand.com/produto/corselet-steven-preto-4909,https://cdn.vnda.com.br/intibrand/2026/05/11/11_28_02_551_gaby-20v-c3-8ddeos-20-20-story-20-202026-05-11t112756-096-11059300.jpg?v=1778509682,2026-08-24T17:28:30.310313-03:00,,unknown_not_observed_per_size
175,4909,Corselet Steven,Corselet Steven Preto,Preto,40,True,VERÃO 2027,,https://www.intibrand.com/produto/corselet-steven-preto-4909,https://cdn.vnda.com.br/intibrand/2026/05/11/11_28_02_551_gaby-20v-c3-8ddeos-20-20-story-20-202026-05-11t112756-096-11059300.jpg?v=1778509682,2026-08-24T17:28:30.310313-03:00,,unknown_not_observed_per_size
175,4909,Corselet Steven,Corselet Steven Preto,Preto,42,True,VERÃO 2027,,https://www.intibrand.com/produto/corselet-steven-preto-4909,https://cdn.vnda.com.br/intibrand/2026/05/11/11_28_02_551_gaby-20v-c3-8ddeos-20-20-story-20-202026-05-11t112756-096-11059300.jpg?v=1778509682,2026-08-24T17:28:30.310313-03:00,,unknown_not_observed_per_size
177,4121,Corselet Vicenzo,Corselet Vicenzo Vanilla,Vanilla,36,True,VERÃO 2027,,https://www.intibrand.com/produto/corselet-vicenzo-vanilla-4121,https://cdn.vnda.com.br/intibrand/2024/07/30/10_47_44_618_10_7_4_424_corselet20vicenzo20vanilla202b20pantalona20leon20vanilla20zoom.jpg?v=1722347267,2026-08-24T17:28:30.310313-03:00,,unknown_not_observed_per_size
177,4121,Corselet Vicenzo,Corselet Vicenzo Vanilla,Vanilla,38,True,VERÃO 2027,,https://www.intibrand.com/produto/corselet-vicenzo-vanilla-4121,https://cdn.vnda.com.br/intibrand/2024/07/30/10_47_44_618_10_7_4_424_corselet20vicenzo20vanilla202b20pantalona20leon20vanilla20zoom.jpg?v=1722347267,2026-08-24T17:28:30.310313-03:00,,unknown_not_observed_per_size
177,4121,Corselet Vicenzo,Corselet Vicenzo Vanilla,Vanilla,40,True,VERÃO 2027,,https://www.intibrand.com/produto/corselet-vicenzo-vanilla-4121,https://cdn.vnda.com.br/intibrand/2024/07/30/10_47_44_618_10_7_4_424_corselet20vicenzo20vanilla202b20pantalona20leon20vanilla20zoom.jpg?v=1722347267,2026-08-24T17:28:30.310313-03:00,,unknown_not_observed_per_size
177,4121,Corselet Vicenzo,Corselet Vicenzo Vanilla,Vanilla,42,True,VERÃO 2027,,https://www.intibrand.com/produto/corselet-vicenzo-vanilla-4121,https://cdn.vnda.com.br/intibrand/2024/07/30/10_47_44_618_10_7_4_424_corselet20vicenzo20vanilla202b20pantalona20leon20vanilla20zoom.jpg?v=1722347267,2026-08-24T17:28:30.310313-03:00,,unknown_not_observed_per_size
179,3880,Cropped Adams Off-White,Cropped Adams Off-White,Off White,36,True,VERÃO 2027,Croppeds,https://www.intibrand.com/produto/cropped-adams-off-white-3880,https://cdn.vnda.com.br/intibrand/2023/11/16/15_17_43_202_15_11_4_405_cropped20linho20adams20offwhite202b20short20linho20owen20offwhite20frente.jpg?v=1700158663,2026-08-24T17:28:30.310313-03:00,,unknown_not_observed_per_size
179,3880,Cropped Adams Off-White,Cropped Adams Off-White,Off White,38,True,VERÃO 2027,Croppeds,https://www.intibrand.com/produto/cropped-adams-off-white-3880,https://cdn.vnda.com.br/intibrand/2023/11/16/15_17_43_202_15_11_4_405_cropped20linho20adams20offwhite202b20short20linho20owen20offwhite20frente.jpg?v=1700158663,2026-08-24T17:28:30.310313-03:00,,unknown_not_observed_per_size
179,3880,Cropped Adams Off-White,Cropped Adams Off-White,Off White,40,True,VERÃO 2027,Croppeds,https://www.intibrand.com/produto/cropped-adams-off-white-3880,https://cdn.vnda.com.br/intibrand/2023/11/16/15_17_43_202_15_11_4_405_cropped20linho20adams20offwhite202b20short20linho20owen20offwhite20frente.jpg?v=1700158663,2026-08-24T17:28:30.310313-03:00,,unknown_not_observed_per_size
179,3880,Cropped Adams Off-White,Cropped Adams Off-White,Off White,42,True,VERÃO 2027,Croppeds,https://www.intibrand.com/produto/cropped-adams-off-white-3880,https://cdn.vnda.com.br/intibrand/2023/11/16/15_17_43_202_15_11_4_405_cropped20linho20adams20offwhite202b20short20linho20owen20offwhite20frente.jpg?v=1700158663,2026-08-24T17:28:30.310313-03:00,,unknown_not_observed_per_size
178,3882,Cropped Adams,Cropped Adams Preto,Preto,36,True,VERÃO 2027,Croppeds,https://www.intibrand.com/produto/cropped-adams-preto-3882,https://cdn.vnda.com.br/intibrand/2023/11/16/15_15_26_330_15_11_2_259_cropped20linho20adams20preto202b20short20linho20owen20preto20frente202.jpg?v=1700158529,2026-08-24T17:28:30.310313-03:00,,unknown_not_observed_per_size
178,3882,Cropped Adams,Cropped Adams Preto,Preto,38,True,VERÃO 2027,Croppeds,https://www.intibrand.com/produto/cropped-adams-preto-3882,https://cdn.vnda.com.br/intibrand/2023/11/16/15_15_26_330_15_11_2_259_cropped20linho20adams20preto202b20short20linho20owen20preto20frente202.jpg?v=1700158529,2026-08-24T17:28:30.310313-03:00,,unknown_not_observed_per_size
178,3882,Cropped Adams,Cropped Adams Preto,Preto,40,True,VERÃO 2027,Croppeds,https://www.intibrand.com/produto/cropped-adams-preto-3882,https://cdn.vnda.com.br/intibrand/2023/11/16/15_15_26_330_15_11_2_259_cropped20linho20adams20preto202b20short20linho20owen20preto20frente202.jpg?v=1700158529,2026-08-24T17:28:30.310313-03:00,,unknown_not_observed_per_size
178,3882,Cropped Adams,Cropped Adams Preto,Preto,42,True,VERÃO 2027,Croppeds,https://www.intibrand.com/produto/cropped-adams-preto-3882,https://cdn.vnda.com.br/intibrand/2023/11/16/15_15_26_330_15_11_2_259_cropped20linho20adams20preto202b20short20linho20owen20preto20frente202.jpg?v=1700158529,2026-08-24T17:28:30.310313-03:00,,unknown_not_observed_per_size
180,3870,Cropped Brooks,Cropped Brooks Azul Marinho,Azul Marinho,34,True,VERÃO 2027,Croppeds,https://www.intibrand.com/produto/cropped-brooks-azul-marinho-3870,https://cdn.vnda.com.br/intibrand/2023/12/04/16_05_21_359_16_12_1_191_cropped20brooks20azul20frente.jpg?v=1701716744,2026-08-24T17:28:30.310313-03:00,,unknown_not_observed_per_size
180,3870,Cropped Brooks,Cropped Brooks Azul Marinho,Azul Marinho,36,True,VERÃO 2027,Croppeds,https://www.intibrand.com/produto/cropped-brooks-azul-marinho-3870,https://cdn.vnda.com.br/intibrand/2023/12/04/16_05_21_359_16_12_1_191_cropped20brooks20azul20frente.jpg?v=1701716744,2026-08-24T17:28:30.310313-03:00,,unknown_not_observed_per_size
180,3870,Cropped Brooks,Cropped Brooks Azul Marinho,Azul Marinho,38,True,VERÃO 2027,Croppeds,https://www.intibrand.com/produto/cropped-brooks-azul-marinho-3870,https://cdn.vnda.com.br/intibrand/2023/12/04/16_05_21_359_16_12_1_191_cropped20brooks20azul20frente.jpg?v=1701716744,2026-08-24T17:28:30.310313-03:00,,unknown_not_observed_per_size
180,3870,Cropped Brooks,Cropped Brooks Azul Marinho,Azul Marinho,40,True,VERÃO 2027,Croppeds,https://www.intibrand.com/produto/cropped-brooks-azul-marinho-3870,https://cdn.vnda.com.br/intibrand/2023/12/04/16_05_21_359_16_12_1_191_cropped20brooks20azul20frente.jpg?v=1701716744,2026-08-24T17:28:30.310313-03:00,,unknown_not_observed_per_size
180,3870,Cropped Brooks,Cropped Brooks Azul Marinho,Azul Marinho,42,True,VERÃO 2027,Croppeds,https://www.intibrand.com/produto/cropped-brooks-azul-marinho-3870,https://cdn.vnda.com.br/intibrand/2023/12/04/16_05_21_359_16_12_1_191_cropped20brooks20azul20frente.jpg?v=1701716744,2026-08-24T17:28:30.310313-03:00,,unknown_not_observed_per_size
182,4862,Cropped Carlo Off-White,Cropped Carlo Off-White,Off White,34,True,VERÃO 2027,Croppeds,https://www.intibrand.com/produto/cropped-carlo-off-white-4862,https://cdn.vnda.com.br/intibrand/2026/04/01/18_12_17_482_gaby-20v-c3-8ddeos-20-20-story-20-202026-04-01t181131-884-18040470.jpg?v=1775077944,2026-08-24T17:28:30.310313-03:00,,unknown_not_observed_per_size
182,4862,Cropped Carlo Off-White,Cropped Carlo Off-White,Off White,36,True,VERÃO 2027,Croppeds,https://www.intibrand.com/produto/cropped-carlo-off-white-4862,https://cdn.vnda.com.br/intibrand/2026/04/01/18_12_17_482_gaby-20v-c3-8ddeos-20-20-story-20-202026-04-01t181131-884-18040470.jpg?v=1775077944,2026-08-24T17:28:30.310313-03:00,,unknown_not_observed_per_size
182,4862,Cropped Carlo Off-White,Cropped Carlo Off-White,Off White,38,True,VERÃO 2027,Croppeds,https://www.intibrand.com/produto/cropped-carlo-off-white-4862,https://cdn.vnda.com.br/intibrand/2026/04/01/18_12_17_482_gaby-20v-c3-8ddeos-20-20-story-20-202026-04-01t181131-884-18040470.jpg?v=1775077944,2026-08-24T17:28:30.310313-03:00,,unknown_not_observed_per_size
182,4862,Cropped Carlo Off-White,Cropped Carlo Off-White,Off White,40,True,VERÃO 2027,Croppeds,https://www.intibrand.com/produto/cropped-carlo-off-white-4862,https://cdn.vnda.com.br/intibrand/2026/04/01/18_12_17_482_gaby-20v-c3-8ddeos-20-20-story-20-202026-04-01t181131-884-18040470.jpg?v=1775077944,2026-08-24T17:28:30.310313-03:00,,unknown_not_observed_per_size
182,4862,Cropped Carlo Off-White,Cropped Carlo Off-White,Off White,42,True,VERÃO 2027,Croppeds,https://www.intibrand.com/produto/cropped-carlo-off-white-4862,https://cdn.vnda.com.br/intibrand/2026/04/01/18_12_17_482_gaby-20v-c3-8ddeos-20-20-story-20-202026-04-01t181131-884-18040470.jpg?v=1775077944,2026-08-24T17:28:30.310313-03:00,,unknown_not_observed_per_size
182,4862,Cropped Carlo Off-White,Cropped Carlo Off-White,Off White,44,True,VERÃO 2027,Croppeds,https://www.intibrand.com/produto/cropped-carlo-off-white-4862,https://cdn.vnda.com.br/intibrand/2026/04/01/18_12_17_482_gaby-20v-c3-8ddeos-20-20-story-20-202026-04-01t181131-884-18040470.jpg?v=1775077944,2026-08-24T17:28:30.310313-03:00,,unknown_not_observed_per_size
181,4863,Cropped Carlo,Cropped Carlo Preto,Preto,34,True,VERÃO 2027,Croppeds,https://www.intibrand.com/produto/cropped-carlo-preto-4863,https://cdn.vnda.com.br/intibrand/2026/04/01/18_10_52_79_gaby-20v-c3-8ddeos-20-20-story-20-202026-04-01t181027-349-18041970.jpg?v=1775077860,2026-08-24T17:28:30.310313-03:00,,unknown_not_observed_per_size
181,4863,Cropped Carlo,Cropped Carlo Preto,Preto,36,True,VERÃO 2027,Croppeds,https://www.intibrand.com/produto/cropped-carlo-preto-4863,https://cdn.vnda.com.br/intibrand/2026/04/01/18_10_52_79_gaby-20v-c3-8ddeos-20-20-story-20-202026-04-01t181027-349-18041970.jpg?v=1775077860,2026-08-24T17:28:30.310313-03:00,,unknown_not_observed_per_size
181,4863,Cropped Carlo,Cropped Carlo Preto,Preto,38,True,VERÃO 2027,Croppeds,https://www.intibrand.com/produto/cropped-carlo-preto-4863,https://cdn.vnda.com.br/intibrand/2026/04/01/18_10_52_79_gaby-20v-c3-8ddeos-20-20-story-20-202026-04-01t181027-349-18041970.jpg?v=1775077860,2026-08-24T17:28:30.310313-03:00,,unknown_not_observed_per_size
181,4863,Cropped Carlo,Cropped Carlo Preto,Preto,40,True,VERÃO 2027,Croppeds,https://www.intibrand.com/produto/cropped-carlo-preto-4863,https://cdn.vnda.com.br/intibrand/2026/04/01/18_10_52_79_gaby-20v-c3-8ddeos-20-20-story-20-202026-04-01t181027-349-18041970.jpg?v=1775077860,2026-08-24T17:28:30.310313-03:00,,unknown_not_observed_per_size
181,4863,Cropped Carlo,Cropped Carlo Preto,Preto,42,True,VERÃO 2027,Croppeds,https://www.intibrand.com/produto/cropped-carlo-preto-4863,https://cdn.vnda.com.br/intibrand/2026/04/01/18_10_52_79_gaby-20v-c3-8ddeos-20-20-story-20-202026-04-01t181027-349-18041970.jpg?v=1775077860,2026-08-24T17:28:30.310313-03:00,,unknown_not_observed_per_size
181,4863,Cropped Carlo,Cropped Carlo Preto,Preto,44,True,VERÃO 2027,Croppeds,https://www.intibrand.com/produto/cropped-carlo-preto-4863,https://cdn.vnda.com.br/intibrand/2026/04/01/18_10_52_79_gaby-20v-c3-8ddeos-20-20-story-20-202026-04-01t181027-349-18041970.jpg?v=1775077860,2026-08-24T17:28:30.310313-03:00,,unknown_not_observed_per_size
183,3608,Cropped Daksa,Cropped Daksa Pink Juice,Pink Juice,PP,True,VERÃO 2027,Croppeds,https://www.intibrand.com/produto/cropped-daksa-pink-juice-3608,https://cdn.vnda.com.br/intibrand/2022/08/24/14_8_4_427_CROPPEDDAKZAPINKJUICE.jpg?v=1661364100,2026-08-24T17:28:30.310313-03:00,,unknown_not_observed_per_size
183,3608,Cropped Daksa,Cropped Daksa Pink Juice,Pink Juice,P,True,VERÃO 2027,Croppeds,https://www.intibrand.com/produto/cropped-daksa-pink-juice-3608,https://cdn.vnda.com.br/intibrand/2022/08/24/14_8_4_427_CROPPEDDAKZAPINKJUICE.jpg?v=1661364100,2026-08-24T17:28:30.310313-03:00,,unknown_not_observed_per_size
183,3608,Cropped Daksa,Cropped Daksa Pink Juice,Pink Juice,M,True,VERÃO 2027,Croppeds,https://www.intibrand.com/produto/cropped-daksa-pink-juice-3608,https://cdn.vnda.com.br/intibrand/2022/08/24/14_8_4_427_CROPPEDDAKZAPINKJUICE.jpg?v=1661364100,2026-08-24T17:28:30.310313-03:00,,unknown_not_observed_per_size
183,3608,Cropped Daksa,Cropped Daksa Pink Juice,Pink Juice,G,True,VERÃO 2027,Croppeds,https://www.intibrand.com/produto/cropped-daksa-pink-juice-3608,https://cdn.vnda.com.br/intibrand/2022/08/24/14_8_4_427_CROPPEDDAKZAPINKJUICE.jpg?v=1661364100,2026-08-24T17:28:30.310313-03:00,,unknown_not_observed_per_size
183,3608,Cropped Daksa,Cropped Daksa Pink Juice,Pink Juice,GG,True,VERÃO 2027,Croppeds,https://www.intibrand.com/produto/cropped-daksa-pink-juice-3608,https://cdn.vnda.com.br/intibrand/2022/08/24/14_8_4_427_CROPPEDDAKZAPINKJUICE.jpg?v=1661364100,2026-08-24T17:28:30.310313-03:00,,unknown_not_observed_per_size
184,4149,Cropped Fiore,Cropped Fiore Azul,Azul,34,True,VERÃO 2027,Croppeds,https://www.intibrand.com/produto/cropped-fiore-azul-4149,https://cdn.vnda.com.br/intibrand/2024/07/30/12_08_15_772_12_7_8_808_cropped20fiore20azul202b20saia20smith20azul20zoom.jpg?v=1722352099,2026-08-24T17:28:30.310313-03:00,,unknown_not_observed_per_size
184,4149,Cropped Fiore,Cropped Fiore Azul,Azul,36,True,VERÃO 2027,Croppeds,https://www.intibrand.com/produto/cropped-fiore-azul-4149,https://cdn.vnda.com.br/intibrand/2024/07/30/12_08_15_772_12_7_8_808_cropped20fiore20azul202b20saia20smith20azul20zoom.jpg?v=1722352099,2026-08-24T17:28:30.310313-03:00,,unknown_not_observed_per_size
184,4149,Cropped Fiore,Cropped Fiore Azul,Azul,38,True,VERÃO 2027,Croppeds,https://www.intibrand.com/produto/cropped-fiore-azul-4149,https://cdn.vnda.com.br/intibrand/2024/07/30/12_08_15_772_12_7_8_808_cropped20fiore20azul202b20saia20smith20azul20zoom.jpg?v=1722352099,2026-08-24T17:28:30.310313-03:00,,unknown_not_observed_per_size
184,4149,Cropped Fiore,Cropped Fiore Azul,Azul,40,True,VERÃO 2027,Croppeds,https://www.intibrand.com/produto/cropped-fiore-azul-4149,https://cdn.vnda.com.br/intibrand/2024/07/30/12_08_15_772_12_7_8_808_cropped20fiore20azul202b20saia20smith20azul20zoom.jpg?v=1722352099,2026-08-24T17:28:30.310313-03:00,,unknown_not_observed_per_size
184,4149,Cropped Fiore,Cropped Fiore Azul,Azul,42,True,VERÃO 2027,Croppeds,https://www.intibrand.com/produto/cropped-fiore-azul-4149,https://cdn.vnda.com.br/intibrand/2024/07/30/12_08_15_772_12_7_8_808_cropped20fiore20azul202b20saia20smith20azul20zoom.jpg?v=1722352099,2026-08-24T17:28:30.310313-03:00,,unknown_not_observed_per_size
185,4636,Cropped Lelac,Cropped Lelac Bege,Bege,36,True,VERÃO 2027,Croppeds,https://www.intibrand.com/produto/cropped-lelac-bege-4636,https://cdn.vnda.com.br/intibrand/2025/09/24/12_19_47_576_cropped-20lelac-20bege-20-2b-20short-20saia-20kahn-20bege-20zoom-20lado-20-1-20-1-12098780.jpg?v=1758727191,2026-08-24T17:28:30.310313-03:00,,unknown_not_observed_per_size
185,4636,Cropped Lelac,Cropped Lelac Bege,Bege,38,True,VERÃO 2027,Croppeds,https://www.intibrand.com/produto/cropped-lelac-bege-4636,https://cdn.vnda.com.br/intibrand/2025/09/24/12_19_47_576_cropped-20lelac-20bege-20-2b-20short-20saia-20kahn-20bege-20zoom-20lado-20-1-20-1-12098780.jpg?v=1758727191,2026-08-24T17:28:30.310313-03:00,,unknown_not_observed_per_size
185,4636,Cropped Lelac,Cropped Lelac Bege,Bege,40,True,VERÃO 2027,Croppeds,https://www.intibrand.com/produto/cropped-lelac-bege-4636,https://cdn.vnda.com.br/intibrand/2025/09/24/12_19_47_576_cropped-20lelac-20bege-20-2b-20short-20saia-20kahn-20bege-20zoom-20lado-20-1-20-1-12098780.jpg?v=1758727191,2026-08-24T17:28:30.310313-03:00,,unknown_not_observed_per_size
185,4636,Cropped Lelac,Cropped Lelac Bege,Bege,42,True,VERÃO 2027,Croppeds,https://www.intibrand.com/produto/cropped-lelac-bege-4636,https://cdn.vnda.com.br/intibrand/2025/09/24/12_19_47_576_cropped-20lelac-20bege-20-2b-20short-20saia-20kahn-20bege-20zoom-20lado-20-1-20-1-12098780.jpg?v=1758727191,2026-08-24T17:28:30.310313-03:00,,unknown_not_observed_per_size
186,4606,Cropped Linho Brett,Cropped Linho Brett Caramelo,Caramelo,36,True,VERÃO 2027,Croppeds,https://www.intibrand.com/produto/cropped-linho-brett-caramelo-4606,https://cdn.vnda.com.br/intibrand/2025/09/18/11_53_41_999_cropped-20linho-20brett-20caramelo-20-2b-20short-20linho-20strauss-20caramelo-20frente-20zoom-11099430.jpg?v=1758207224,2026-08-24T17:28:30.310313-03:00,,unknown_not_observed_per_size
186,4606,Cropped Linho Brett,Cropped Linho Brett Caramelo,Caramelo,38,True,VERÃO 2027,Croppeds,https://www.intibrand.com/produto/cropped-linho-brett-caramelo-4606,https://cdn.vnda.com.br/intibrand/2025/09/18/11_53_41_999_cropped-20linho-20brett-20caramelo-20-2b-20short-20linho-20strauss-20caramelo-20frente-20zoom-11099430.jpg?v=1758207224,2026-08-24T17:28:30.310313-03:00,,unknown_not_observed_per_size
186,4606,Cropped Linho Brett,Cropped Linho Brett Caramelo,Caramelo,40,True,VERÃO 2027,Croppeds,https://www.intibrand.com/produto/cropped-linho-brett-caramelo-4606,https://cdn.vnda.com.br/intibrand/2025/09/18/11_53_41_999_cropped-20linho-20brett-20caramelo-20-2b-20short-20linho-20strauss-20caramelo-20frente-20zoom-11099430.jpg?v=1758207224,2026-08-24T17:28:30.310313-03:00,,unknown_not_observed_per_size
186,4606,Cropped Linho Brett,Cropped Linho Brett Caramelo,Caramelo,42,True,VERÃO 2027,Croppeds,https://www.intibrand.com/produto/cropped-linho-brett-caramelo-4606,https://cdn.vnda.com.br/intibrand/2025/09/18/11_53_41_999_cropped-20linho-20brett-20caramelo-20-2b-20short-20linho-20strauss-20caramelo-20frente-20zoom-11099430.jpg?v=1758207224,2026-08-24T17:28:30.310313-03:00,,unknown_not_observed_per_size
187,4604,Cropped Linho Brett Off-White,Cropped Linho Brett Off-White,Off White,36,True,VERÃO 2027,Croppeds,https://www.intibrand.com/produto/cropped-linho-brett-off-white-4604,https://cdn.vnda.com.br/intibrand/2025/09/18/11_53_55_229_cropped-20linho-20brett-20off-white-20-2b-20short-20linho-20straus-20off-white-20frente-20zoom-11095650.jpg?v=1758207237,2026-08-24T17:28:30.310313-03:00,,unknown_not_observed_per_size
187,4604,Cropped Linho Brett Off-White,Cropped Linho Brett Off-White,Off White,38,True,VERÃO 2027,Croppeds,https://www.intibrand.com/produto/cropped-linho-brett-off-white-4604,https://cdn.vnda.com.br/intibrand/2025/09/18/11_53_55_229_cropped-20linho-20brett-20off-white-20-2b-20short-20linho-20straus-20off-white-20frente-20zoom-11095650.jpg?v=1758207237,2026-08-24T17:28:30.310313-03:00,,unknown_not_observed_per_size
187,4604,Cropped Linho Brett Off-White,Cropped Linho Brett Off-White,Off White,40,True,VERÃO 2027,Croppeds,https://www.intibrand.com/produto/cropped-linho-brett-off-white-4604,https://cdn.vnda.com.br/intibrand/2025/09/18/11_53_55_229_cropped-20linho-20brett-20off-white-20-2b-20short-20linho-20straus-20off-white-20frente-20zoom-11095650.jpg?v=1758207237,2026-08-24T17:28:30.310313-03:00,,unknown_not_observed_per_size
187,4604,Cropped Linho Brett Off-White,Cropped Linho Brett Off-White,Off White,42,True,VERÃO 2027,Croppeds,https://www.intibrand.com/produto/cropped-linho-brett-off-white-4604,https://cdn.vnda.com.br/intibrand/2025/09/18/11_53_55_229_cropped-20linho-20brett-20off-white-20-2b-20short-20linho-20straus-20off-white-20frente-20zoom-11095650.jpg?v=1758207237,2026-08-24T17:28:30.310313-03:00,,unknown_not_observed_per_size
186,4605,Cropped Linho Brett,Cropped Linho Brett Preto,Preto,36,True,VERÃO 2027,Croppeds,https://www.intibrand.com/produto/cropped-linho-brett-preto-4605,https://cdn.vnda.com.br/intibrand/2025/09/17/17_47_59_291_cropped-20linho-20brett-20preto-20-2b-20short-20linho-20straus-20preto-20-20zoom-20frente-20-1-20-1-17095530.jpg?v=1758142082,2026-08-24T17:28:30.310313-03:00,,unknown_not_observed_per_size
186,4605,Cropped Linho Brett,Cropped Linho Brett Preto,Preto,38,True,VERÃO 2027,Croppeds,https://www.intibrand.com/produto/cropped-linho-brett-preto-4605,https://cdn.vnda.com.br/intibrand/2025/09/17/17_47_59_291_cropped-20linho-20brett-20preto-20-2b-20short-20linho-20straus-20preto-20-20zoom-20frente-20-1-20-1-17095530.jpg?v=1758142082,2026-08-24T17:28:30.310313-03:00,,unknown_not_observed_per_size
186,4605,Cropped Linho Brett,Cropped Linho Brett Preto,Preto,40,True,VERÃO 2027,Croppeds,https://www.intibrand.com/produto/cropped-linho-brett-preto-4605,https://cdn.vnda.com.br/intibrand/2025/09/17/17_47_59_291_cropped-20linho-20brett-20preto-20-2b-20short-20linho-20straus-20preto-20-20zoom-20frente-20-1-20-1-17095530.jpg?v=1758142082,2026-08-24T17:28:30.310313-03:00,,unknown_not_observed_per_size
186,4605,Cropped Linho Brett,Cropped Linho Brett Preto,Preto,42,True,VERÃO 2027,Croppeds,https://www.intibrand.com/produto/cropped-linho-brett-preto-4605,https://cdn.vnda.com.br/intibrand/2025/09/17/17_47_59_291_cropped-20linho-20brett-20preto-20-2b-20short-20linho-20straus-20preto-20-20zoom-20frente-20-1-20-1-17095530.jpg?v=1758142082,2026-08-24T17:28:30.310313-03:00,,unknown_not_observed_per_size
188,4285,Cropped Linho Carl,Cropped Linho Carl Azul,Azul,36,True,VERÃO 2027,Croppeds,https://www.intibrand.com/produto/cropped-linho-carl-azul-4285,https://cdn.vnda.com.br/intibrand/2024/11/28/14_40_15_497_14_11_3_354_cropped20linho20carl20azul202b20short20linho20andie20azul20zoom202.jpg?v=1732815618,2026-08-24T17:28:30.310313-03:00,,unknown_not_observed_per_size
188,4285,Cropped Linho Carl,Cropped Linho Carl Azul,Azul,38,True,VERÃO 2027,Croppeds,https://www.intibrand.com/produto/cropped-linho-carl-azul-4285,https://cdn.vnda.com.br/intibrand/2024/11/28/14_40_15_497_14_11_3_354_cropped20linho20carl20azul202b20short20linho20andie20azul20zoom202.jpg?v=1732815618,2026-08-24T17:28:30.310313-03:00,,unknown_not_observed_per_size
188,4285,Cropped Linho Carl,Cropped Linho Carl Azul,Azul,40,True,VERÃO 2027,Croppeds,https://www.intibrand.com/produto/cropped-linho-carl-azul-4285,https://cdn.vnda.com.br/intibrand/2024/11/28/14_40_15_497_14_11_3_354_cropped20linho20carl20azul202b20short20linho20andie20azul20zoom202.jpg?v=1732815618,2026-08-24T17:28:30.310313-03:00,,unknown_not_observed_per_size
188,4285,Cropped Linho Carl,Cropped Linho Carl Azul,Azul,42,True,VERÃO 2027,Croppeds,https://www.intibrand.com/produto/cropped-linho-carl-azul-4285,https://cdn.vnda.com.br/intibrand/2024/11/28/14_40_15_497_14_11_3_354_cropped20linho20carl20azul202b20short20linho20andie20azul20zoom202.jpg?v=1732815618,2026-08-24T17:28:30.310313-03:00,,unknown_not_observed_per_size
188,4288,Cropped Linho Carl,Cropped Linho Carl Caramelo,Caramelo,36,True,VERÃO 2027,Croppeds,https://www.intibrand.com/produto/cropped-linho-carl-caramelo-4288,https://cdn.vnda.com.br/intibrand/2024/11/28/14_40_41_99_14_11_3_305_cropped20linho20carl20caramelo202b20short20linho20andie20caramelo20frente20zoo2c.jpg?v=1732815643,2026-08-24T17:28:30.310313-03:00,,unknown_not_observed_per_size
188,4288,Cropped Linho Carl,Cropped Linho Carl Caramelo,Caramelo,38,True,VERÃO 2027,Croppeds,https://www.intibrand.com/produto/cropped-linho-carl-caramelo-4288,https://cdn.vnda.com.br/intibrand/2024/11/28/14_40_41_99_14_11_3_305_cropped20linho20carl20caramelo202b20short20linho20andie20caramelo20frente20zoo2c.jpg?v=1732815643,2026-08-24T17:28:30.310313-03:00,,unknown_not_observed_per_size
188,4288,Cropped Linho Carl,Cropped Linho Carl Caramelo,Caramelo,40,True,VERÃO 2027,Croppeds,https://www.intibrand.com/produto/cropped-linho-carl-caramelo-4288,https://cdn.vnda.com.br/intibrand/2024/11/28/14_40_41_99_14_11_3_305_cropped20linho20carl20caramelo202b20short20linho20andie20caramelo20frente20zoo2c.jpg?v=1732815643,2026-08-24T17:28:30.310313-03:00,,unknown_not_observed_per_size
188,4288,Cropped Linho Carl,Cropped Linho Carl Caramelo,Caramelo,42,True,VERÃO 2027,Croppeds,https://www.intibrand.com/produto/cropped-linho-carl-caramelo-4288,https://cdn.vnda.com.br/intibrand/2024/11/28/14_40_41_99_14_11_3_305_cropped20linho20carl20caramelo202b20short20linho20andie20caramelo20frente20zoo2c.jpg?v=1732815643,2026-08-24T17:28:30.310313-03:00,,unknown_not_observed_per_size
189,4286,Cropped Linho Carl Off-White,Cropped Linho Carl Off-White,Off White,36,True,VERÃO 2027,Croppeds,https://www.intibrand.com/produto/cropped-linho-carl-off-white-4286,https://cdn.vnda.com.br/intibrand/2024/11/28/14_41_03_35_14_11_0_006_cropped20linho20carl20offwhite202b20short20linho20andie20offwhite20frente20zoom.jpg?v=1732815665,2026-08-24T17:28:30.310313-03:00,,unknown_not_observed_per_size
189,4286,Cropped Linho Carl Off-White,Cropped Linho Carl Off-White,Off White,38,True,VERÃO 2027,Croppeds,https://www.intibrand.com/produto/cropped-linho-carl-off-white-4286,https://cdn.vnda.com.br/intibrand/2024/11/28/14_41_03_35_14_11_0_006_cropped20linho20carl20offwhite202b20short20linho20andie20offwhite20frente20zoom.jpg?v=1732815665,2026-08-24T17:28:30.310313-03:00,,unknown_not_observed_per_size
189,4286,Cropped Linho Carl Off-White,Cropped Linho Carl Off-White,Off White,40,True,VERÃO 2027,Croppeds,https://www.intibrand.com/produto/cropped-linho-carl-off-white-4286,https://cdn.vnda.com.br/intibrand/2024/11/28/14_41_03_35_14_11_0_006_cropped20linho20carl20offwhite202b20short20linho20andie20offwhite20frente20zoom.jpg?v=1732815665,2026-08-24T17:28:30.310313-03:00,,unknown_not_observed_per_size
189,4286,Cropped Linho Carl Off-White,Cropped Linho Carl Off-White,Off White,42,True,VERÃO 2027,Croppeds,https://www.intibrand.com/produto/cropped-linho-carl-off-white-4286,https://cdn.vnda.com.br/intibrand/2024/11/28/14_41_03_35_14_11_0_006_cropped20linho20carl20offwhite202b20short20linho20andie20offwhite20frente20zoom.jpg?v=1732815665,2026-08-24T17:28:30.310313-03:00,,unknown_not_observed_per_size
188,4287,Cropped Linho Carl,Cropped Linho Carl Preto,Preto,36,True,VERÃO 2027,Croppeds,https://www.intibrand.com/produto/cropped-linho-carl-preto-4287,https://cdn.vnda.com.br/intibrand/2024/11/14/17_45_45_517_17_11_9_952_cropped20linho20carl20preto202b20pantalona20linho20bess20preta20zoom.jpg?v=1731617147,2026-08-24T17:28:30.310313-03:00,,unknown_not_observed_per_size
188,4287,Cropped Linho Carl,Cropped Linho Carl Preto,Preto,38,True,VERÃO 2027,Croppeds,https://www.intibrand.com/produto/cropped-linho-carl-preto-4287,https://cdn.vnda.com.br/intibrand/2024/11/14/17_45_45_517_17_11_9_952_cropped20linho20carl20preto202b20pantalona20linho20bess20preta20zoom.jpg?v=1731617147,2026-08-24T17:28:30.310313-03:00,,unknown_not_observed_per_size
188,4287,Cropped Linho Carl,Cropped Linho Carl Preto,Preto,40,True,VERÃO 2027,Croppeds,https://www.intibrand.com/produto/cropped-linho-carl-preto-4287,https://cdn.vnda.com.br/intibrand/2024/11/14/17_45_45_517_17_11_9_952_cropped20linho20carl20preto202b20pantalona20linho20bess20preta20zoom.jpg?v=1731617147,2026-08-24T17:28:30.310313-03:00,,unknown_not_observed_per_size
188,4287,Cropped Linho Carl,Cropped Linho Carl Preto,Preto,42,True,VERÃO 2027,Croppeds,https://www.intibrand.com/produto/cropped-linho-carl-preto-4287,https://cdn.vnda.com.br/intibrand/2024/11/14/17_45_45_517_17_11_9_952_cropped20linho20carl20preto202b20pantalona20linho20bess20preta20zoom.jpg?v=1731617147,2026-08-24T17:28:30.310313-03:00,,unknown_not_observed_per_size
190,3612,Cropped Linho Lugano,Cropped Linho Lugano Pink,Pink,PP,True,VERÃO 2027,Croppeds,https://www.intibrand.com/produto/cropped-linho-lugano-pink-3612,https://cdn.vnda.com.br/intibrand/2022/09/01/16_9_2_213_CROPPEDLINHOLUGANOPINKFRENTE.jpg?v=1662059251,2026-08-24T17:28:30.310313-03:00,,unknown_not_observed_per_size
190,3612,Cropped Linho Lugano,Cropped Linho Lugano Pink,Pink,P,True,VERÃO 2027,Croppeds,https://www.intibrand.com/produto/cropped-linho-lugano-pink-3612,https://cdn.vnda.com.br/intibrand/2022/09/01/16_9_2_213_CROPPEDLINHOLUGANOPINKFRENTE.jpg?v=1662059251,2026-08-24T17:28:30.310313-03:00,,unknown_not_observed_per_size
190,3612,Cropped Linho Lugano,Cropped Linho Lugano Pink,Pink,M,True,VERÃO 2027,Croppeds,https://www.intibrand.com/produto/cropped-linho-lugano-pink-3612,https://cdn.vnda.com.br/intibrand/2022/09/01/16_9_2_213_CROPPEDLINHOLUGANOPINKFRENTE.jpg?v=1662059251,2026-08-24T17:28:30.310313-03:00,,unknown_not_observed_per_size
190,3612,Cropped Linho Lugano,Cropped Linho Lugano Pink,Pink,G,True,VERÃO 2027,Croppeds,https://www.intibrand.com/produto/cropped-linho-lugano-pink-3612,https://cdn.vnda.com.br/intibrand/2022/09/01/16_9_2_213_CROPPEDLINHOLUGANOPINKFRENTE.jpg?v=1662059251,2026-08-24T17:28:30.310313-03:00,,unknown_not_observed_per_size
190,3612,Cropped Linho Lugano,Cropped Linho Lugano Pink,Pink,GG,True,VERÃO 2027,Croppeds,https://www.intibrand.com/produto/cropped-linho-lugano-pink-3612,https://cdn.vnda.com.br/intibrand/2022/09/01/16_9_2_213_CROPPEDLINHOLUGANOPINKFRENTE.jpg?v=1662059251,2026-08-24T17:28:30.310313-03:00,,unknown_not_observed_per_size
191,4126,Cropped Mancini,Cropped Mancini Bege,Bege,34,True,VERÃO 2027,Croppeds,https://www.intibrand.com/produto/cropped-mancini-bege-4126,https://cdn.vnda.com.br/intibrand/2024/12/09/11_22_42_598_11_12_4_454_cropped20mancini20bege202b20short20saia20raff20bege20zoom20frente.jpg?v=1733754164,2026-08-24T17:28:30.310313-03:00,,unknown_not_observed_per_size
191,4126,Cropped Mancini,Cropped Mancini Bege,Bege,36,True,VERÃO 2027,Croppeds,https://www.intibrand.com/produto/cropped-mancini-bege-4126,https://cdn.vnda.com.br/intibrand/2024/12/09/11_22_42_598_11_12_4_454_cropped20mancini20bege202b20short20saia20raff20bege20zoom20frente.jpg?v=1733754164,2026-08-24T17:28:30.310313-03:00,,unknown_not_observed_per_size
191,4126,Cropped Mancini,Cropped Mancini Bege,Bege,38,True,VERÃO 2027,Croppeds,https://www.intibrand.com/produto/cropped-mancini-bege-4126,https://cdn.vnda.com.br/intibrand/2024/12/09/11_22_42_598_11_12_4_454_cropped20mancini20bege202b20short20saia20raff20bege20zoom20frente.jpg?v=1733754164,2026-08-24T17:28:30.310313-03:00,,unknown_not_observed_per_size
191,4126,Cropped Mancini,Cropped Mancini Bege,Bege,40,True,VERÃO 2027,Croppeds,https://www.intibrand.com/produto/cropped-mancini-bege-4126,https://cdn.vnda.com.br/intibrand/2024/12/09/11_22_42_598_11_12_4_454_cropped20mancini20bege202b20short20saia20raff20bege20zoom20frente.jpg?v=1733754164,2026-08-24T17:28:30.310313-03:00,,unknown_not_observed_per_size
191,4126,Cropped Mancini,Cropped Mancini Bege,Bege,42,True,VERÃO 2027,Croppeds,https://www.intibrand.com/produto/cropped-mancini-bege-4126,https://cdn.vnda.com.br/intibrand/2024/12/09/11_22_42_598_11_12_4_454_cropped20mancini20bege202b20short20saia20raff20bege20zoom20frente.jpg?v=1733754164,2026-08-24T17:28:30.310313-03:00,,unknown_not_observed_per_size
192,4123,Cropped Mancini Off-White,Cropped Mancini Off-White,Off White,34,True,VERÃO 2027,Croppeds,https://www.intibrand.com/produto/cropped-mancini-off-white-4123,https://cdn.vnda.com.br/intibrand/2024/08/15/11_10_51_870_11_8_1_121_cropped20mancini20offwhite202b20short20saia20raff20offwhite20frente20zoom.jpg?v=1723731054,2026-08-24T17:28:30.310313-03:00,,unknown_not_observed_per_size
192,4123,Cropped Mancini Off-White,Cropped Mancini Off-White,Off White,36,True,VERÃO 2027,Croppeds,https://www.intibrand.com/produto/cropped-mancini-off-white-4123,https://cdn.vnda.com.br/intibrand/2024/08/15/11_10_51_870_11_8_1_121_cropped20mancini20offwhite202b20short20saia20raff20offwhite20frente20zoom.jpg?v=1723731054,2026-08-24T17:28:30.310313-03:00,,unknown_not_observed_per_size
192,4123,Cropped Mancini Off-White,Cropped Mancini Off-White,Off White,38,True,VERÃO 2027,Croppeds,https://www.intibrand.com/produto/cropped-mancini-off-white-4123,https://cdn.vnda.com.br/intibrand/2024/08/15/11_10_51_870_11_8_1_121_cropped20mancini20offwhite202b20short20saia20raff20offwhite20frente20zoom.jpg?v=1723731054,2026-08-24T17:28:30.310313-03:00,,unknown_not_observed_per_size
192,4123,Cropped Mancini Off-White,Cropped Mancini Off-White,Off White,40,True,VERÃO 2027,Croppeds,https://www.intibrand.com/produto/cropped-mancini-off-white-4123,https://cdn.vnda.com.br/intibrand/2024/08/15/11_10_51_870_11_8_1_121_cropped20mancini20offwhite202b20short20saia20raff20offwhite20frente20zoom.jpg?v=1723731054,2026-08-24T17:28:30.310313-03:00,,unknown_not_observed_per_size
192,4123,Cropped Mancini Off-White,Cropped Mancini Off-White,Off White,42,True,VERÃO 2027,Croppeds,https://www.intibrand.com/produto/cropped-mancini-off-white-4123,https://cdn.vnda.com.br/intibrand/2024/08/15/11_10_51_870_11_8_1_121_cropped20mancini20offwhite202b20short20saia20raff20offwhite20frente20zoom.jpg?v=1723731054,2026-08-24T17:28:30.310313-03:00,,unknown_not_observed_per_size
191,4124,Cropped Mancini,Cropped Mancini Preto,Preto,34,True,VERÃO 2027,Croppeds,https://www.intibrand.com/produto/cropped-mancini-preto-4124,https://cdn.vnda.com.br/intibrand/2024/08/15/11_18_04_601_11_8_9_975_cropped20mancini20preto202b20pantalona20savoye20preta20frente20zoom.jpg?v=1723731487,2026-08-24T17:28:30.310313-03:00,,unknown_not_observed_per_size
191,4124,Cropped Mancini,Cropped Mancini Preto,Preto,36,True,VERÃO 2027,Croppeds,https://www.intibrand.com/produto/cropped-mancini-preto-4124,https://cdn.vnda.com.br/intibrand/2024/08/15/11_18_04_601_11_8_9_975_cropped20mancini20preto202b20pantalona20savoye20preta20frente20zoom.jpg?v=1723731487,2026-08-24T17:28:30.310313-03:00,,unknown_not_observed_per_size
191,4124,Cropped Mancini,Cropped Mancini Preto,Preto,38,True,VERÃO 2027,Croppeds,https://www.intibrand.com/produto/cropped-mancini-preto-4124,https://cdn.vnda.com.br/intibrand/2024/08/15/11_18_04_601_11_8_9_975_cropped20mancini20preto202b20pantalona20savoye20preta20frente20zoom.jpg?v=1723731487,2026-08-24T17:28:30.310313-03:00,,unknown_not_observed_per_size
191,4124,Cropped Mancini,Cropped Mancini Preto,Preto,40,True,VERÃO 2027,Croppeds,https://www.intibrand.com/produto/cropped-mancini-preto-4124,https://cdn.vnda.com.br/intibrand/2024/08/15/11_18_04_601_11_8_9_975_cropped20mancini20preto202b20pantalona20savoye20preta20frente20zoom.jpg?v=1723731487,2026-08-24T17:28:30.310313-03:00,,unknown_not_observed_per_size
191,4124,Cropped Mancini,Cropped Mancini Preto,Preto,42,True,VERÃO 2027,Croppeds,https://www.intibrand.com/produto/cropped-mancini-preto-4124,https://cdn.vnda.com.br/intibrand/2024/08/15/11_18_04_601_11_8_9_975_cropped20mancini20preto202b20pantalona20savoye20preta20frente20zoom.jpg?v=1723731487,2026-08-24T17:28:30.310313-03:00,,unknown_not_observed_per_size
191,4125,Cropped Mancini,Cropped Mancini Vermelho,Vermelho,34,True,VERÃO 2027,Croppeds,https://www.intibrand.com/produto/cropped-mancini-vermelho-4125,https://cdn.vnda.com.br/intibrand/2024/10/18/23_24_04_709_23_10_1_147_cropped20mancini20vermelho202b20saia20moretti20vermelha20zoom201201.jpg?v=1729304648,2026-08-24T17:28:30.310313-03:00,,unknown_not_observed_per_size
191,4125,Cropped Mancini,Cropped Mancini Vermelho,Vermelho,36,True,VERÃO 2027,Croppeds,https://www.intibrand.com/produto/cropped-mancini-vermelho-4125,https://cdn.vnda.com.br/intibrand/2024/10/18/23_24_04_709_23_10_1_147_cropped20mancini20vermelho202b20saia20moretti20vermelha20zoom201201.jpg?v=1729304648,2026-08-24T17:28:30.310313-03:00,,unknown_not_observed_per_size
191,4125,Cropped Mancini,Cropped Mancini Vermelho,Vermelho,38,True,VERÃO 2027,Croppeds,https://www.intibrand.com/produto/cropped-mancini-vermelho-4125,https://cdn.vnda.com.br/intibrand/2024/10/18/23_24_04_709_23_10_1_147_cropped20mancini20vermelho202b20saia20moretti20vermelha20zoom201201.jpg?v=1729304648,2026-08-24T17:28:30.310313-03:00,,unknown_not_observed_per_size
191,4125,Cropped Mancini,Cropped Mancini Vermelho,Vermelho,40,True,VERÃO 2027,Croppeds,https://www.intibrand.com/produto/cropped-mancini-vermelho-4125,https://cdn.vnda.com.br/intibrand/2024/10/18/23_24_04_709_23_10_1_147_cropped20mancini20vermelho202b20saia20moretti20vermelha20zoom201201.jpg?v=1729304648,2026-08-24T17:28:30.310313-03:00,,unknown_not_observed_per_size
191,4125,Cropped Mancini,Cropped Mancini Vermelho,Vermelho,42,True,VERÃO 2027,Croppeds,https://www.intibrand.com/produto/cropped-mancini-vermelho-4125,https://cdn.vnda.com.br/intibrand/2024/10/18/23_24_04_709_23_10_1_147_cropped20mancini20vermelho202b20saia20moretti20vermelha20zoom201201.jpg?v=1729304648,2026-08-24T17:28:30.310313-03:00,,unknown_not_observed_per_size
193,3615,Cropped Nahanni,Cropped Nahanni Pink Juice,Pink Juice,PP,True,VERÃO 2027,Croppeds,https://www.intibrand.com/produto/cropped-nahanni-pink-juice-3615,https://cdn.vnda.com.br/intibrand/2022/08/25/13_8_6_649_CROPPEDNAHANNIPINKJUICESAIAZAIREPINKJUICEFRENTE1.jpg?v=1661445201,2026-08-24T17:28:30.310313-03:00,,unknown_not_observed_per_size
193,3615,Cropped Nahanni,Cropped Nahanni Pink Juice,Pink Juice,P,True,VERÃO 2027,Croppeds,https://www.intibrand.com/produto/cropped-nahanni-pink-juice-3615,https://cdn.vnda.com.br/intibrand/2022/08/25/13_8_6_649_CROPPEDNAHANNIPINKJUICESAIAZAIREPINKJUICEFRENTE1.jpg?v=1661445201,2026-08-24T17:28:30.310313-03:00,,unknown_not_observed_per_size
193,3615,Cropped Nahanni,Cropped Nahanni Pink Juice,Pink Juice,M,True,VERÃO 2027,Croppeds,https://www.intibrand.com/produto/cropped-nahanni-pink-juice-3615,https://cdn.vnda.com.br/intibrand/2022/08/25/13_8_6_649_CROPPEDNAHANNIPINKJUICESAIAZAIREPINKJUICEFRENTE1.jpg?v=1661445201,2026-08-24T17:28:30.310313-03:00,,unknown_not_observed_per_size
193,3615,Cropped Nahanni,Cropped Nahanni Pink Juice,Pink Juice,G,True,VERÃO 2027,Croppeds,https://www.intibrand.com/produto/cropped-nahanni-pink-juice-3615,https://cdn.vnda.com.br/intibrand/2022/08/25/13_8_6_649_CROPPEDNAHANNIPINKJUICESAIAZAIREPINKJUICEFRENTE1.jpg?v=1661445201,2026-08-24T17:28:30.310313-03:00,,unknown_not_observed_per_size
195,4480,Cropped Ophelia Off-White,Cropped Ophelia Off-White,Off White,36,True,VERÃO 2027,Croppeds,https://www.intibrand.com/produto/cropped-ophelia-off-white-4480,https://cdn.vnda.com.br/intibrand/2025/02/04/18_28_06_760_18_2_7_704_cropped20ophelia20offwhite202b20pantalona20ozuna20offwhite20zoom201.jpg?v=1738704491,2026-08-24T17:28:30.310313-03:00,,unknown_not_observed_per_size
195,4480,Cropped Ophelia Off-White,Cropped Ophelia Off-White,Off White,38,True,VERÃO 2027,Croppeds,https://www.intibrand.com/produto/cropped-ophelia-off-white-4480,https://cdn.vnda.com.br/intibrand/2025/02/04/18_28_06_760_18_2_7_704_cropped20ophelia20offwhite202b20pantalona20ozuna20offwhite20zoom201.jpg?v=1738704491,2026-08-24T17:28:30.310313-03:00,,unknown_not_observed_per_size
195,4480,Cropped Ophelia Off-White,Cropped Ophelia Off-White,Off White,40,True,VERÃO 2027,Croppeds,https://www.intibrand.com/produto/cropped-ophelia-off-white-4480,https://cdn.vnda.com.br/intibrand/2025/02/04/18_28_06_760_18_2_7_704_cropped20ophelia20offwhite202b20pantalona20ozuna20offwhite20zoom201.jpg?v=1738704491,2026-08-24T17:28:30.310313-03:00,,unknown_not_observed_per_size
195,4480,Cropped Ophelia Off-White,Cropped Ophelia Off-White,Off White,42,True,VERÃO 2027,Croppeds,https://www.intibrand.com/produto/cropped-ophelia-off-white-4480,https://cdn.vnda.com.br/intibrand/2025/02/04/18_28_06_760_18_2_7_704_cropped20ophelia20offwhite202b20pantalona20ozuna20offwhite20zoom201.jpg?v=1738704491,2026-08-24T17:28:30.310313-03:00,,unknown_not_observed_per_size
194,4481,Cropped Ophelia,Cropped Ophelia Preto,Preto,36,True,VERÃO 2027,Croppeds,https://www.intibrand.com/produto/cropped-ophelia-preto-4481,https://cdn.vnda.com.br/intibrand/2025/06/18/17_10_57_866_17_6_5_513_cropped20ophelia20preto202b20pantalona20flare20preta20zoom.jpg?v=1750277460,2026-08-24T17:28:30.310313-03:00,,unknown_not_observed_per_size
194,4481,Cropped Ophelia,Cropped Ophelia Preto,Preto,38,True,VERÃO 2027,Croppeds,https://www.intibrand.com/produto/cropped-ophelia-preto-4481,https://cdn.vnda.com.br/intibrand/2025/06/18/17_10_57_866_17_6_5_513_cropped20ophelia20preto202b20pantalona20flare20preta20zoom.jpg?v=1750277460,2026-08-24T17:28:30.310313-03:00,,unknown_not_observed_per_size
194,4481,Cropped Ophelia,Cropped Ophelia Preto,Preto,40,True,VERÃO 2027,Croppeds,https://www.intibrand.com/produto/cropped-ophelia-preto-4481,https://cdn.vnda.com.br/intibrand/2025/06/18/17_10_57_866_17_6_5_513_cropped20ophelia20preto202b20pantalona20flare20preta20zoom.jpg?v=1750277460,2026-08-24T17:28:30.310313-03:00,,unknown_not_observed_per_size
194,4481,Cropped Ophelia,Cropped Ophelia Preto,Preto,42,True,VERÃO 2027,Croppeds,https://www.intibrand.com/produto/cropped-ophelia-preto-4481,https://cdn.vnda.com.br/intibrand/2025/06/18/17_10_57_866_17_6_5_513_cropped20ophelia20preto202b20pantalona20flare20preta20zoom.jpg?v=1750277460,2026-08-24T17:28:30.310313-03:00,,unknown_not_observed_per_size
197,4379,Cropped Petal Off-White,Cropped Petal Off-White,Off White,36,True,VERÃO 2027,Croppeds,https://www.intibrand.com/produto/cropped-petal-off-white-4379,https://cdn.vnda.com.br/intibrand/2025/01/27/18_08_49_267_18_1_3_307_cropped20petal20offwhite202b20saia20cleon20offwhite20frente202.jpg?v=1750178264,2026-08-24T17:28:30.310313-03:00,,unknown_not_observed_per_size
197,4379,Cropped Petal Off-White,Cropped Petal Off-White,Off White,38,True,VERÃO 2027,Croppeds,https://www.intibrand.com/produto/cropped-petal-off-white-4379,https://cdn.vnda.com.br/intibrand/2025/01/27/18_08_49_267_18_1_3_307_cropped20petal20offwhite202b20saia20cleon20offwhite20frente202.jpg?v=1750178264,2026-08-24T17:28:30.310313-03:00,,unknown_not_observed_per_size
197,4379,Cropped Petal Off-White,Cropped Petal Off-White,Off White,40,True,VERÃO 2027,Croppeds,https://www.intibrand.com/produto/cropped-petal-off-white-4379,https://cdn.vnda.com.br/intibrand/2025/01/27/18_08_49_267_18_1_3_307_cropped20petal20offwhite202b20saia20cleon20offwhite20frente202.jpg?v=1750178264,2026-08-24T17:28:30.310313-03:00,,unknown_not_observed_per_size
197,4379,Cropped Petal Off-White,Cropped Petal Off-White,Off White,42,True,VERÃO 2027,Croppeds,https://www.intibrand.com/produto/cropped-petal-off-white-4379,https://cdn.vnda.com.br/intibrand/2025/01/27/18_08_49_267_18_1_3_307_cropped20petal20offwhite202b20saia20cleon20offwhite20frente202.jpg?v=1750178264,2026-08-24T17:28:30.310313-03:00,,unknown_not_observed_per_size
196,4380,Cropped Petal,Cropped Petal Preto,Preto,36,True,VERÃO 2027,Croppeds,https://www.intibrand.com/produto/cropped-petal-preto-4380,https://cdn.vnda.com.br/intibrand/2025/06/06/17_58_49_850_17_6_9_961_cropped20petal20preto202b20saia20cleon20preta20zoom202.jpg?v=1749243532,2026-08-24T17:28:30.310313-03:00,,unknown_not_observed_per_size
196,4380,Cropped Petal,Cropped Petal Preto,Preto,38,True,VERÃO 2027,Croppeds,https://www.intibrand.com/produto/cropped-petal-preto-4380,https://cdn.vnda.com.br/intibrand/2025/06/06/17_58_49_850_17_6_9_961_cropped20petal20preto202b20saia20cleon20preta20zoom202.jpg?v=1749243532,2026-08-24T17:28:30.310313-03:00,,unknown_not_observed_per_size
196,4380,Cropped Petal,Cropped Petal Preto,Preto,40,True,VERÃO 2027,Croppeds,https://www.intibrand.com/produto/cropped-petal-preto-4380,https://cdn.vnda.com.br/intibrand/2025/06/06/17_58_49_850_17_6_9_961_cropped20petal20preto202b20saia20cleon20preta20zoom202.jpg?v=1749243532,2026-08-24T17:28:30.310313-03:00,,unknown_not_observed_per_size
196,4380,Cropped Petal,Cropped Petal Preto,Preto,42,True,VERÃO 2027,Croppeds,https://www.intibrand.com/produto/cropped-petal-preto-4380,https://cdn.vnda.com.br/intibrand/2025/06/06/17_58_49_850_17_6_9_961_cropped20petal20preto202b20saia20cleon20preta20zoom202.jpg?v=1749243532,2026-08-24T17:28:30.310313-03:00,,unknown_not_observed_per_size
196,4381,Cropped Petal,Cropped Petal Vermelho,Vermelho,36,True,VERÃO 2027,Croppeds,https://www.intibrand.com/produto/cropped-petal-vermelho-4381,https://cdn.vnda.com.br/intibrand/2025/01/27/18_04_56_148_18_1_4_477_cropped20petal20vermelho202b20saia20cleon20vermelha20frente202201.jpg?v=1738011948,2026-08-24T17:28:30.310313-03:00,,unknown_not_observed_per_size
196,4381,Cropped Petal,Cropped Petal Vermelho,Vermelho,38,True,VERÃO 2027,Croppeds,https://www.intibrand.com/produto/cropped-petal-vermelho-4381,https://cdn.vnda.com.br/intibrand/2025/01/27/18_04_56_148_18_1_4_477_cropped20petal20vermelho202b20saia20cleon20vermelha20frente202201.jpg?v=1738011948,2026-08-24T17:28:30.310313-03:00,,unknown_not_observed_per_size
196,4381,Cropped Petal,Cropped Petal Vermelho,Vermelho,40,True,VERÃO 2027,Croppeds,https://www.intibrand.com/produto/cropped-petal-vermelho-4381,https://cdn.vnda.com.br/intibrand/2025/01/27/18_04_56_148_18_1_4_477_cropped20petal20vermelho202b20saia20cleon20vermelha20frente202201.jpg?v=1738011948,2026-08-24T17:28:30.310313-03:00,,unknown_not_observed_per_size
196,4381,Cropped Petal,Cropped Petal Vermelho,Vermelho,42,True,VERÃO 2027,Croppeds,https://www.intibrand.com/produto/cropped-petal-vermelho-4381,https://cdn.vnda.com.br/intibrand/2025/01/27/18_04_56_148_18_1_4_477_cropped20petal20vermelho202b20saia20cleon20vermelha20frente202201.jpg?v=1738011948,2026-08-24T17:28:30.310313-03:00,,unknown_not_observed_per_size
198,3620,Cropped Phuket,Cropped Phuket Pink Juice,Pink Juice,PP,True,VERÃO 2027,Croppeds,https://www.intibrand.com/produto/cropped-phuket-pink-juice-3620,https://cdn.vnda.com.br/intibrand/2022/09/01/15_9_4_466_CROPPEDPHUKETPINKJUICESHORTBORAKAYPINKJUICEFRENTE1.jpg?v=1662058313,2026-08-24T17:28:30.310313-03:00,,unknown_not_observed_per_size
198,3620,Cropped Phuket,Cropped Phuket Pink Juice,Pink Juice,P,True,VERÃO 2027,Croppeds,https://www.intibrand.com/produto/cropped-phuket-pink-juice-3620,https://cdn.vnda.com.br/intibrand/2022/09/01/15_9_4_466_CROPPEDPHUKETPINKJUICESHORTBORAKAYPINKJUICEFRENTE1.jpg?v=1662058313,2026-08-24T17:28:30.310313-03:00,,unknown_not_observed_per_size
198,3620,Cropped Phuket,Cropped Phuket Pink Juice,Pink Juice,M,True,VERÃO 2027,Croppeds,https://www.intibrand.com/produto/cropped-phuket-pink-juice-3620,https://cdn.vnda.com.br/intibrand/2022/09/01/15_9_4_466_CROPPEDPHUKETPINKJUICESHORTBORAKAYPINKJUICEFRENTE1.jpg?v=1662058313,2026-08-24T17:28:30.310313-03:00,,unknown_not_observed_per_size
198,3620,Cropped Phuket,Cropped Phuket Pink Juice,Pink Juice,G,True,VERÃO 2027,Croppeds,https://www.intibrand.com/produto/cropped-phuket-pink-juice-3620,https://cdn.vnda.com.br/intibrand/2022/09/01/15_9_4_466_CROPPEDPHUKETPINKJUICESHORTBORAKAYPINKJUICEFRENTE1.jpg?v=1662058313,2026-08-24T17:28:30.310313-03:00,,unknown_not_observed_per_size
200,3135,Cropped Robie Off-White,Cropped Robie Off-White,Off White,36,True,VERÃO 2027,Croppeds,https://www.intibrand.com/produto/cropped-robie-off-white-3135,https://cdn.vnda.com.br/intibrand/2022/03/18/17_3_1_182_CROPPEDROBIEOFFWHITEPANTALONALAVIEOFFWHITEFRENTE.jpg?v=1748635027,2026-08-24T17:28:30.310313-03:00,,unknown_not_observed_per_size
200,3135,Cropped Robie Off-White,Cropped Robie Off-White,Off White,38,True,VERÃO 2027,Croppeds,https://www.intibrand.com/produto/cropped-robie-off-white-3135,https://cdn.vnda.com.br/intibrand/2022/03/18/17_3_1_182_CROPPEDROBIEOFFWHITEPANTALONALAVIEOFFWHITEFRENTE.jpg?v=1748635027,2026-08-24T17:28:30.310313-03:00,,unknown_not_observed_per_size
200,3135,Cropped Robie Off-White,Cropped Robie Off-White,Off White,40,True,VERÃO 2027,Croppeds,https://www.intibrand.com/produto/cropped-robie-off-white-3135,https://cdn.vnda.com.br/intibrand/2022/03/18/17_3_1_182_CROPPEDROBIEOFFWHITEPANTALONALAVIEOFFWHITEFRENTE.jpg?v=1748635027,2026-08-24T17:28:30.310313-03:00,,unknown_not_observed_per_size
200,3135,Cropped Robie Off-White,Cropped Robie Off-White,Off White,42,True,VERÃO 2027,Croppeds,https://www.intibrand.com/produto/cropped-robie-off-white-3135,https://cdn.vnda.com.br/intibrand/2022/03/18/17_3_1_182_CROPPEDROBIEOFFWHITEPANTALONALAVIEOFFWHITEFRENTE.jpg?v=1748635027,2026-08-24T17:28:30.310313-03:00,,unknown_not_observed_per_size
199,3137,Cropped Robie,Cropped Robie Preto,Preto,36,True,VERÃO 2027,Croppeds,https://www.intibrand.com/produto/cropped-robie-preto-3137,https://cdn.vnda.com.br/intibrand/2022/03/18/17_3_9_979_CROPPEDROBIEPRETOPANTALONAVILLAGEPRETAZOOM2.jpg?v=1647633745,2026-08-24T17:28:30.310313-03:00,,unknown_not_observed_per_size
199,3137,Cropped Robie,Cropped Robie Preto,Preto,38,True,VERÃO 2027,Croppeds,https://www.intibrand.com/produto/cropped-robie-preto-3137,https://cdn.vnda.com.br/intibrand/2022/03/18/17_3_9_979_CROPPEDROBIEPRETOPANTALONAVILLAGEPRETAZOOM2.jpg?v=1647633745,2026-08-24T17:28:30.310313-03:00,,unknown_not_observed_per_size
199,3137,Cropped Robie,Cropped Robie Preto,Preto,40,True,VERÃO 2027,Croppeds,https://www.intibrand.com/produto/cropped-robie-preto-3137,https://cdn.vnda.com.br/intibrand/2022/03/18/17_3_9_979_CROPPEDROBIEPRETOPANTALONAVILLAGEPRETAZOOM2.jpg?v=1647633745,2026-08-24T17:28:30.310313-03:00,,unknown_not_observed_per_size
199,3137,Cropped Robie,Cropped Robie Preto,Preto,42,True,VERÃO 2027,Croppeds,https://www.intibrand.com/produto/cropped-robie-preto-3137,https://cdn.vnda.com.br/intibrand/2022/03/18/17_3_9_979_CROPPEDROBIEPRETOPANTALONAVILLAGEPRETAZOOM2.jpg?v=1647633745,2026-08-24T17:28:30.310313-03:00,,unknown_not_observed_per_size
201,3767,Cropped Saarinen Off-White,Cropped Saarinen Off-White,Off White,PP,True,VERÃO 2027,Croppeds,https://www.intibrand.com/produto/cropped-saarinen-off-white-3767,https://cdn.vnda.com.br/intibrand/2023/04/20/17_4_3_399_CROPPED20SAARINEN20OFFWHITE202B20PANTALONA20LAUTNER20OFFWHITE20FRENTE20ZOOM.png?v=1682022420,2026-08-24T17:28:30.310313-03:00,,unknown_not_observed_per_size
201,3767,Cropped Saarinen Off-White,Cropped Saarinen Off-White,Off White,P,True,VERÃO 2027,Croppeds,https://www.intibrand.com/produto/cropped-saarinen-off-white-3767,https://cdn.vnda.com.br/intibrand/2023/04/20/17_4_3_399_CROPPED20SAARINEN20OFFWHITE202B20PANTALONA20LAUTNER20OFFWHITE20FRENTE20ZOOM.png?v=1682022420,2026-08-24T17:28:30.310313-03:00,,unknown_not_observed_per_size
201,3767,Cropped Saarinen Off-White,Cropped Saarinen Off-White,Off White,M,True,VERÃO 2027,Croppeds,https://www.intibrand.com/produto/cropped-saarinen-off-white-3767,https://cdn.vnda.com.br/intibrand/2023/04/20/17_4_3_399_CROPPED20SAARINEN20OFFWHITE202B20PANTALONA20LAUTNER20OFFWHITE20FRENTE20ZOOM.png?v=1682022420,2026-08-24T17:28:30.310313-03:00,,unknown_not_observed_per_size
201,3767,Cropped Saarinen Off-White,Cropped Saarinen Off-White,Off White,G,True,VERÃO 2027,Croppeds,https://www.intibrand.com/produto/cropped-saarinen-off-white-3767,https://cdn.vnda.com.br/intibrand/2023/04/20/17_4_3_399_CROPPED20SAARINEN20OFFWHITE202B20PANTALONA20LAUTNER20OFFWHITE20FRENTE20ZOOM.png?v=1682022420,2026-08-24T17:28:30.310313-03:00,,unknown_not_observed_per_size
202,4087,Cropped Wiley Off-White,Cropped Wiley Off-White,Off White,36,True,VERÃO 2027,Croppeds,https://www.intibrand.com/produto/cropped-wiley-off-white-4087,https://cdn.vnda.com.br/intibrand/2024/04/30/15_13_44_623_15_4_4_433_cropped20wiley20offwhite202b20pantalona20savoye20offwhite20frente20zoom201.jpg?v=1714500828,2026-08-24T17:28:30.310313-03:00,,unknown_not_observed_per_size
202,4087,Cropped Wiley Off-White,Cropped Wiley Off-White,Off White,38,True,VERÃO 2027,Croppeds,https://www.intibrand.com/produto/cropped-wiley-off-white-4087,https://cdn.vnda.com.br/intibrand/2024/04/30/15_13_44_623_15_4_4_433_cropped20wiley20offwhite202b20pantalona20savoye20offwhite20frente20zoom201.jpg?v=1714500828,2026-08-24T17:28:30.310313-03:00,,unknown_not_observed_per_size
202,4087,Cropped Wiley Off-White,Cropped Wiley Off-White,Off White,40,True,VERÃO 2027,Croppeds,https://www.intibrand.com/produto/cropped-wiley-off-white-4087,https://cdn.vnda.com.br/intibrand/2024/04/30/15_13_44_623_15_4_4_433_cropped20wiley20offwhite202b20pantalona20savoye20offwhite20frente20zoom201.jpg?v=1714500828,2026-08-24T17:28:30.310313-03:00,,unknown_not_observed_per_size
202,4087,Cropped Wiley Off-White,Cropped Wiley Off-White,Off White,42,True,VERÃO 2027,Croppeds,https://www.intibrand.com/produto/cropped-wiley-off-white-4087,https://cdn.vnda.com.br/intibrand/2024/04/30/15_13_44_623_15_4_4_433_cropped20wiley20offwhite202b20pantalona20savoye20offwhite20frente20zoom201.jpg?v=1714500828,2026-08-24T17:28:30.310313-03:00,,unknown_not_observed_per_size
204,4790,Macacão Aaron Off-White,Macacão Aaron Off-White,Off White,34,True,VERÃO 2027,Macacões,https://www.intibrand.com/produto/macacao-aaron-off-white-4790,https://cdn.vnda.com.br/intibrand/2026/02/12/15_54_40_985_macac-c3-83o-20aaron-20off-white-20frente-202-15025990.jpg?v=1770922480,2026-08-24T17:28:30.310313-03:00,,unknown_not_observed_per_size
204,4790,Macacão Aaron Off-White,Macacão Aaron Off-White,Off White,36,True,VERÃO 2027,Macacões,https://www.intibrand.com/produto/macacao-aaron-off-white-4790,https://cdn.vnda.com.br/intibrand/2026/02/12/15_54_40_985_macac-c3-83o-20aaron-20off-white-20frente-202-15025990.jpg?v=1770922480,2026-08-24T17:28:30.310313-03:00,,unknown_not_observed_per_size
204,4790,Macacão Aaron Off-White,Macacão Aaron Off-White,Off White,38,True,VERÃO 2027,Macacões,https://www.intibrand.com/produto/macacao-aaron-off-white-4790,https://cdn.vnda.com.br/intibrand/2026/02/12/15_54_40_985_macac-c3-83o-20aaron-20off-white-20frente-202-15025990.jpg?v=1770922480,2026-08-24T17:28:30.310313-03:00,,unknown_not_observed_per_size
204,4790,Macacão Aaron Off-White,Macacão Aaron Off-White,Off White,40,True,VERÃO 2027,Macacões,https://www.intibrand.com/produto/macacao-aaron-off-white-4790,https://cdn.vnda.com.br/intibrand/2026/02/12/15_54_40_985_macac-c3-83o-20aaron-20off-white-20frente-202-15025990.jpg?v=1770922480,2026-08-24T17:28:30.310313-03:00,,unknown_not_observed_per_size
204,4790,Macacão Aaron Off-White,Macacão Aaron Off-White,Off White,42,True,VERÃO 2027,Macacões,https://www.intibrand.com/produto/macacao-aaron-off-white-4790,https://cdn.vnda.com.br/intibrand/2026/02/12/15_54_40_985_macac-c3-83o-20aaron-20off-white-20frente-202-15025990.jpg?v=1770922480,2026-08-24T17:28:30.310313-03:00,,unknown_not_observed_per_size
203,4791,Macacão Aaron,Macacão Aaron Preto,Preto,34,True,VERÃO 2027,Macacões,https://www.intibrand.com/produto/macacao-aaron-preto-4791,https://cdn.vnda.com.br/intibrand/2026/02/12/15_51_11_404_macac-c3-83o-20aaron-20preto-20frente-20-1-15021810.jpg?v=1770922281,2026-08-24T17:28:30.310313-03:00,,unknown_not_observed_per_size
203,4791,Macacão Aaron,Macacão Aaron Preto,Preto,36,True,VERÃO 2027,Macacões,https://www.intibrand.com/produto/macacao-aaron-preto-4791,https://cdn.vnda.com.br/intibrand/2026/02/12/15_51_11_404_macac-c3-83o-20aaron-20preto-20frente-20-1-15021810.jpg?v=1770922281,2026-08-24T17:28:30.310313-03:00,,unknown_not_observed_per_size
203,4791,Macacão Aaron,Macacão Aaron Preto,Preto,38,True,VERÃO 2027,Macacões,https://www.intibrand.com/produto/macacao-aaron-preto-4791,https://cdn.vnda.com.br/intibrand/2026/02/12/15_51_11_404_macac-c3-83o-20aaron-20preto-20frente-20-1-15021810.jpg?v=1770922281,2026-08-24T17:28:30.310313-03:00,,unknown_not_observed_per_size
203,4791,Macacão Aaron,Macacão Aaron Preto,Preto,40,True,VERÃO 2027,Macacões,https://www.intibrand.com/produto/macacao-aaron-preto-4791,https://cdn.vnda.com.br/intibrand/2026/02/12/15_51_11_404_macac-c3-83o-20aaron-20preto-20frente-20-1-15021810.jpg?v=1770922281,2026-08-24T17:28:30.310313-03:00,,unknown_not_observed_per_size
203,4791,Macacão Aaron,Macacão Aaron Preto,Preto,42,True,VERÃO 2027,Macacões,https://www.intibrand.com/produto/macacao-aaron-preto-4791,https://cdn.vnda.com.br/intibrand/2026/02/12/15_51_11_404_macac-c3-83o-20aaron-20preto-20frente-20-1-15021810.jpg?v=1770922281,2026-08-24T17:28:30.310313-03:00,,unknown_not_observed_per_size
205,3738,Macacão Alberts,Macacão Alberts Bege,Bege,36,True,VERÃO 2027,Macacões,https://www.intibrand.com/produto/macacao-alberts-bege-3738,https://cdn.vnda.com.br/intibrand/2023/04/11/12_4_0_008_MACACC383O20ALBERTS20BEGE20ZOOM.jpg?v=1730970080,2026-08-24T17:28:30.310313-03:00,,unknown_not_observed_per_size
205,3738,Macacão Alberts,Macacão Alberts Bege,Bege,38,True,VERÃO 2027,Macacões,https://www.intibrand.com/produto/macacao-alberts-bege-3738,https://cdn.vnda.com.br/intibrand/2023/04/11/12_4_0_008_MACACC383O20ALBERTS20BEGE20ZOOM.jpg?v=1730970080,2026-08-24T17:28:30.310313-03:00,,unknown_not_observed_per_size
205,3738,Macacão Alberts,Macacão Alberts Bege,Bege,40,True,VERÃO 2027,Macacões,https://www.intibrand.com/produto/macacao-alberts-bege-3738,https://cdn.vnda.com.br/intibrand/2023/04/11/12_4_0_008_MACACC383O20ALBERTS20BEGE20ZOOM.jpg?v=1730970080,2026-08-24T17:28:30.310313-03:00,,unknown_not_observed_per_size
205,3738,Macacão Alberts,Macacão Alberts Bege,Bege,42,True,VERÃO 2027,Macacões,https://www.intibrand.com/produto/macacao-alberts-bege-3738,https://cdn.vnda.com.br/intibrand/2023/04/11/12_4_0_008_MACACC383O20ALBERTS20BEGE20ZOOM.jpg?v=1730970080,2026-08-24T17:28:30.310313-03:00,,unknown_not_observed_per_size
205,3738,Macacão Alberts,Macacão Alberts Bege,Bege,44,True,VERÃO 2027,Macacões,https://www.intibrand.com/produto/macacao-alberts-bege-3738,https://cdn.vnda.com.br/intibrand/2023/04/11/12_4_0_008_MACACC383O20ALBERTS20BEGE20ZOOM.jpg?v=1730970080,2026-08-24T17:28:30.310313-03:00,,unknown_not_observed_per_size
206,3739,Macacão Alberts Off-White,Macacão Alberts Off-White,Off White,34,True,VERÃO 2027,Macacões,https://www.intibrand.com/produto/macacao-alberts-off-white-3739,https://cdn.vnda.com.br/intibrand/2023/04/11/12_4_5_588_MACACC383O20ALBERTS20OFFWHITE20SOLTA.jpg?v=1681225304,2026-08-24T17:28:30.310313-03:00,,unknown_not_observed_per_size
206,3739,Macacão Alberts Off-White,Macacão Alberts Off-White,Off White,36,True,VERÃO 2027,Macacões,https://www.intibrand.com/produto/macacao-alberts-off-white-3739,https://cdn.vnda.com.br/intibrand/2023/04/11/12_4_5_588_MACACC383O20ALBERTS20OFFWHITE20SOLTA.jpg?v=1681225304,2026-08-24T17:28:30.310313-03:00,,unknown_not_observed_per_size
206,3739,Macacão Alberts Off-White,Macacão Alberts Off-White,Off White,38,True,VERÃO 2027,Macacões,https://www.intibrand.com/produto/macacao-alberts-off-white-3739,https://cdn.vnda.com.br/intibrand/2023/04/11/12_4_5_588_MACACC383O20ALBERTS20OFFWHITE20SOLTA.jpg?v=1681225304,2026-08-24T17:28:30.310313-03:00,,unknown_not_observed_per_size
206,3739,Macacão Alberts Off-White,Macacão Alberts Off-White,Off White,40,True,VERÃO 2027,Macacões,https://www.intibrand.com/produto/macacao-alberts-off-white-3739,https://cdn.vnda.com.br/intibrand/2023/04/11/12_4_5_588_MACACC383O20ALBERTS20OFFWHITE20SOLTA.jpg?v=1681225304,2026-08-24T17:28:30.310313-03:00,,unknown_not_observed_per_size
206,3739,Macacão Alberts Off-White,Macacão Alberts Off-White,Off White,42,True,VERÃO 2027,Macacões,https://www.intibrand.com/produto/macacao-alberts-off-white-3739,https://cdn.vnda.com.br/intibrand/2023/04/11/12_4_5_588_MACACC383O20ALBERTS20OFFWHITE20SOLTA.jpg?v=1681225304,2026-08-24T17:28:30.310313-03:00,,unknown_not_observed_per_size
205,3740,Macacão Alberts,Macacão Alberts Preto,Preto,34,True,VERÃO 2027,Macacões,https://www.intibrand.com/produto/macacao-alberts-preto-3740,https://cdn.vnda.com.br/intibrand/2023/11/28/12_07_34_457_12_11_3_343_macacacc83o20alberts20preto20luz201.jpg?v=1743721090,2026-08-24T17:28:30.310313-03:00,,unknown_not_observed_per_size
205,3740,Macacão Alberts,Macacão Alberts Preto,Preto,36,True,VERÃO 2027,Macacões,https://www.intibrand.com/produto/macacao-alberts-preto-3740,https://cdn.vnda.com.br/intibrand/2023/11/28/12_07_34_457_12_11_3_343_macacacc83o20alberts20preto20luz201.jpg?v=1743721090,2026-08-24T17:28:30.310313-03:00,,unknown_not_observed_per_size
205,3740,Macacão Alberts,Macacão Alberts Preto,Preto,38,True,VERÃO 2027,Macacões,https://www.intibrand.com/produto/macacao-alberts-preto-3740,https://cdn.vnda.com.br/intibrand/2023/11/28/12_07_34_457_12_11_3_343_macacacc83o20alberts20preto20luz201.jpg?v=1743721090,2026-08-24T17:28:30.310313-03:00,,unknown_not_observed_per_size
205,3740,Macacão Alberts,Macacão Alberts Preto,Preto,40,True,VERÃO 2027,Macacões,https://www.intibrand.com/produto/macacao-alberts-preto-3740,https://cdn.vnda.com.br/intibrand/2023/11/28/12_07_34_457_12_11_3_343_macacacc83o20alberts20preto20luz201.jpg?v=1743721090,2026-08-24T17:28:30.310313-03:00,,unknown_not_observed_per_size
205,3740,Macacão Alberts,Macacão Alberts Preto,Preto,42,True,VERÃO 2027,Macacões,https://www.intibrand.com/produto/macacao-alberts-preto-3740,https://cdn.vnda.com.br/intibrand/2023/11/28/12_07_34_457_12_11_3_343_macacacc83o20alberts20preto20luz201.jpg?v=1743721090,2026-08-24T17:28:30.310313-03:00,,unknown_not_observed_per_size
208,4853,Macacão Amber Off-White,Macacão Amber Off-White,Off White,34,True,VERÃO 2027,Macacões,https://www.intibrand.com/produto/macacao-amber-off-white-4853,https://cdn.vnda.com.br/intibrand/2026/03/31/16_39_13_207_gaby-20v-c3-8ddeos-20-20-story-20-202026-03-31t163835-104-16032310.jpg?v=1774985956,2026-08-24T17:28:30.310313-03:00,,unknown_not_observed_per_size
208,4853,Macacão Amber Off-White,Macacão Amber Off-White,Off White,36,True,VERÃO 2027,Macacões,https://www.intibrand.com/produto/macacao-amber-off-white-4853,https://cdn.vnda.com.br/intibrand/2026/03/31/16_39_13_207_gaby-20v-c3-8ddeos-20-20-story-20-202026-03-31t163835-104-16032310.jpg?v=1774985956,2026-08-24T17:28:30.310313-03:00,,unknown_not_observed_per_size
208,4853,Macacão Amber Off-White,Macacão Amber Off-White,Off White,38,True,VERÃO 2027,Macacões,https://www.intibrand.com/produto/macacao-amber-off-white-4853,https://cdn.vnda.com.br/intibrand/2026/03/31/16_39_13_207_gaby-20v-c3-8ddeos-20-20-story-20-202026-03-31t163835-104-16032310.jpg?v=1774985956,2026-08-24T17:28:30.310313-03:00,,unknown_not_observed_per_size
208,4853,Macacão Amber Off-White,Macacão Amber Off-White,Off White,40,True,VERÃO 2027,Macacões,https://www.intibrand.com/produto/macacao-amber-off-white-4853,https://cdn.vnda.com.br/intibrand/2026/03/31/16_39_13_207_gaby-20v-c3-8ddeos-20-20-story-20-202026-03-31t163835-104-16032310.jpg?v=1774985956,2026-08-24T17:28:30.310313-03:00,,unknown_not_observed_per_size
208,4853,Macacão Amber Off-White,Macacão Amber Off-White,Off White,42,True,VERÃO 2027,Macacões,https://www.intibrand.com/produto/macacao-amber-off-white-4853,https://cdn.vnda.com.br/intibrand/2026/03/31/16_39_13_207_gaby-20v-c3-8ddeos-20-20-story-20-202026-03-31t163835-104-16032310.jpg?v=1774985956,2026-08-24T17:28:30.310313-03:00,,unknown_not_observed_per_size
208,4853,Macacão Amber Off-White,Macacão Amber Off-White,Off White,44,True,VERÃO 2027,Macacões,https://www.intibrand.com/produto/macacao-amber-off-white-4853,https://cdn.vnda.com.br/intibrand/2026/03/31/16_39_13_207_gaby-20v-c3-8ddeos-20-20-story-20-202026-03-31t163835-104-16032310.jpg?v=1774985956,2026-08-24T17:28:30.310313-03:00,,unknown_not_observed_per_size
207,4854,Macacão Amber,Macacão Amber Preto,Preto,34,True,VERÃO 2027,Macacões,https://www.intibrand.com/produto/macacao-amber-preto-4854,https://cdn.vnda.com.br/intibrand/2026/03/31/16_36_28_797_gaby-20v-c3-8ddeos-20-20-story-20-202026-03-31t163611-769-16034830.jpg?v=1774985794,2026-08-24T17:28:30.310313-03:00,,unknown_not_observed_per_size
207,4854,Macacão Amber,Macacão Amber Preto,Preto,36,True,VERÃO 2027,Macacões,https://www.intibrand.com/produto/macacao-amber-preto-4854,https://cdn.vnda.com.br/intibrand/2026/03/31/16_36_28_797_gaby-20v-c3-8ddeos-20-20-story-20-202026-03-31t163611-769-16034830.jpg?v=1774985794,2026-08-24T17:28:30.310313-03:00,,unknown_not_observed_per_size
207,4854,Macacão Amber,Macacão Amber Preto,Preto,38,True,VERÃO 2027,Macacões,https://www.intibrand.com/produto/macacao-amber-preto-4854,https://cdn.vnda.com.br/intibrand/2026/03/31/16_36_28_797_gaby-20v-c3-8ddeos-20-20-story-20-202026-03-31t163611-769-16034830.jpg?v=1774985794,2026-08-24T17:28:30.310313-03:00,,unknown_not_observed_per_size
207,4854,Macacão Amber,Macacão Amber Preto,Preto,40,True,VERÃO 2027,Macacões,https://www.intibrand.com/produto/macacao-amber-preto-4854,https://cdn.vnda.com.br/intibrand/2026/03/31/16_36_28_797_gaby-20v-c3-8ddeos-20-20-story-20-202026-03-31t163611-769-16034830.jpg?v=1774985794,2026-08-24T17:28:30.310313-03:00,,unknown_not_observed_per_size
207,4854,Macacão Amber,Macacão Amber Preto,Preto,42,True,VERÃO 2027,Macacões,https://www.intibrand.com/produto/macacao-amber-preto-4854,https://cdn.vnda.com.br/intibrand/2026/03/31/16_36_28_797_gaby-20v-c3-8ddeos-20-20-story-20-202026-03-31t163611-769-16034830.jpg?v=1774985794,2026-08-24T17:28:30.310313-03:00,,unknown_not_observed_per_size
207,4854,Macacão Amber,Macacão Amber Preto,Preto,44,True,VERÃO 2027,Macacões,https://www.intibrand.com/produto/macacao-amber-preto-4854,https://cdn.vnda.com.br/intibrand/2026/03/31/16_36_28_797_gaby-20v-c3-8ddeos-20-20-story-20-202026-03-31t163611-769-16034830.jpg?v=1774985794,2026-08-24T17:28:30.310313-03:00,,unknown_not_observed_per_size
207,4855,Macacão Amber,Macacão Amber Vermelho,Vermelho,34,True,VERÃO 2027,Macacões,https://www.intibrand.com/produto/macacao-amber-vermelho-4855,https://cdn.vnda.com.br/intibrand/2026/03/31/16_35_16_658_gaby-20v-c3-8ddeos-20-20-story-20-202026-03-31t163502-965-16034620.jpg?v=1774985716,2026-08-24T17:28:30.310313-03:00,,unknown_not_observed_per_size
207,4855,Macacão Amber,Macacão Amber Vermelho,Vermelho,36,True,VERÃO 2027,Macacões,https://www.intibrand.com/produto/macacao-amber-vermelho-4855,https://cdn.vnda.com.br/intibrand/2026/03/31/16_35_16_658_gaby-20v-c3-8ddeos-20-20-story-20-202026-03-31t163502-965-16034620.jpg?v=1774985716,2026-08-24T17:28:30.310313-03:00,,unknown_not_observed_per_size
207,4855,Macacão Amber,Macacão Amber Vermelho,Vermelho,38,True,VERÃO 2027,Macacões,https://www.intibrand.com/produto/macacao-amber-vermelho-4855,https://cdn.vnda.com.br/intibrand/2026/03/31/16_35_16_658_gaby-20v-c3-8ddeos-20-20-story-20-202026-03-31t163502-965-16034620.jpg?v=1774985716,2026-08-24T17:28:30.310313-03:00,,unknown_not_observed_per_size
207,4855,Macacão Amber,Macacão Amber Vermelho,Vermelho,40,True,VERÃO 2027,Macacões,https://www.intibrand.com/produto/macacao-amber-vermelho-4855,https://cdn.vnda.com.br/intibrand/2026/03/31/16_35_16_658_gaby-20v-c3-8ddeos-20-20-story-20-202026-03-31t163502-965-16034620.jpg?v=1774985716,2026-08-24T17:28:30.310313-03:00,,unknown_not_observed_per_size
207,4855,Macacão Amber,Macacão Amber Vermelho,Vermelho,42,True,VERÃO 2027,Macacões,https://www.intibrand.com/produto/macacao-amber-vermelho-4855,https://cdn.vnda.com.br/intibrand/2026/03/31/16_35_16_658_gaby-20v-c3-8ddeos-20-20-story-20-202026-03-31t163502-965-16034620.jpg?v=1774985716,2026-08-24T17:28:30.310313-03:00,,unknown_not_observed_per_size
207,4855,Macacão Amber,Macacão Amber Vermelho,Vermelho,44,True,VERÃO 2027,Macacões,https://www.intibrand.com/produto/macacao-amber-vermelho-4855,https://cdn.vnda.com.br/intibrand/2026/03/31/16_35_16_658_gaby-20v-c3-8ddeos-20-20-story-20-202026-03-31t163502-965-16034620.jpg?v=1774985716,2026-08-24T17:28:30.310313-03:00,,unknown_not_observed_per_size
209,4647,Macacão Avia Off-White,Macacão Avia Off-White,Off White,36,True,VERÃO 2027,Macacões,https://www.intibrand.com/produto/macacao-avia-off-white-4647,https://cdn.vnda.com.br/intibrand/2025/09/24/14_16_52_565_macac-c3-83o-20avia-20off-white-20frente-20movimento-20-1-14098780.jpg?v=1758734212,2026-08-24T17:28:30.310313-03:00,,unknown_not_observed_per_size
209,4647,Macacão Avia Off-White,Macacão Avia Off-White,Off White,38,True,VERÃO 2027,Macacões,https://www.intibrand.com/produto/macacao-avia-off-white-4647,https://cdn.vnda.com.br/intibrand/2025/09/24/14_16_52_565_macac-c3-83o-20avia-20off-white-20frente-20movimento-20-1-14098780.jpg?v=1758734212,2026-08-24T17:28:30.310313-03:00,,unknown_not_observed_per_size
209,4647,Macacão Avia Off-White,Macacão Avia Off-White,Off White,40,True,VERÃO 2027,Macacões,https://www.intibrand.com/produto/macacao-avia-off-white-4647,https://cdn.vnda.com.br/intibrand/2025/09/24/14_16_52_565_macac-c3-83o-20avia-20off-white-20frente-20movimento-20-1-14098780.jpg?v=1758734212,2026-08-24T17:28:30.310313-03:00,,unknown_not_observed_per_size
209,4647,Macacão Avia Off-White,Macacão Avia Off-White,Off White,42,True,VERÃO 2027,Macacões,https://www.intibrand.com/produto/macacao-avia-off-white-4647,https://cdn.vnda.com.br/intibrand/2025/09/24/14_16_52_565_macac-c3-83o-20avia-20off-white-20frente-20movimento-20-1-14098780.jpg?v=1758734212,2026-08-24T17:28:30.310313-03:00,,unknown_not_observed_per_size
210,4786,Macacão Breddon,Macacão Breddon Marrom,Marrom,34,True,VERÃO 2027,Macacões,https://www.intibrand.com/produto/macacao-breddon-marrom-4786,https://cdn.vnda.com.br/intibrand/2026/02/12/13_27_00_735_macac-c3-83o-20breddon-20marrom-20frente-202-20-1-13020990.jpg?v=1770913627,2026-08-24T17:28:30.310313-03:00,,unknown_not_observed_per_size
210,4786,Macacão Breddon,Macacão Breddon Marrom,Marrom,36,True,VERÃO 2027,Macacões,https://www.intibrand.com/produto/macacao-breddon-marrom-4786,https://cdn.vnda.com.br/intibrand/2026/02/12/13_27_00_735_macac-c3-83o-20breddon-20marrom-20frente-202-20-1-13020990.jpg?v=1770913627,2026-08-24T17:28:30.310313-03:00,,unknown_not_observed_per_size
210,4786,Macacão Breddon,Macacão Breddon Marrom,Marrom,38,True,VERÃO 2027,Macacões,https://www.intibrand.com/produto/macacao-breddon-marrom-4786,https://cdn.vnda.com.br/intibrand/2026/02/12/13_27_00_735_macac-c3-83o-20breddon-20marrom-20frente-202-20-1-13020990.jpg?v=1770913627,2026-08-24T17:28:30.310313-03:00,,unknown_not_observed_per_size
210,4786,Macacão Breddon,Macacão Breddon Marrom,Marrom,40,True,VERÃO 2027,Macacões,https://www.intibrand.com/produto/macacao-breddon-marrom-4786,https://cdn.vnda.com.br/intibrand/2026/02/12/13_27_00_735_macac-c3-83o-20breddon-20marrom-20frente-202-20-1-13020990.jpg?v=1770913627,2026-08-24T17:28:30.310313-03:00,,unknown_not_observed_per_size
210,4786,Macacão Breddon,Macacão Breddon Marrom,Marrom,42,True,VERÃO 2027,Macacões,https://www.intibrand.com/produto/macacao-breddon-marrom-4786,https://cdn.vnda.com.br/intibrand/2026/02/12/13_27_00_735_macac-c3-83o-20breddon-20marrom-20frente-202-20-1-13020990.jpg?v=1770913627,2026-08-24T17:28:30.310313-03:00,,unknown_not_observed_per_size
210,4786,Macacão Breddon,Macacão Breddon Marrom,Marrom,44,True,VERÃO 2027,Macacões,https://www.intibrand.com/produto/macacao-breddon-marrom-4786,https://cdn.vnda.com.br/intibrand/2026/02/12/13_27_00_735_macac-c3-83o-20breddon-20marrom-20frente-202-20-1-13020990.jpg?v=1770913627,2026-08-24T17:28:30.310313-03:00,,unknown_not_observed_per_size
211,4783,Macacão Breddon Off-White,Macacão Breddon Off-White,Off White,34,True,VERÃO 2027,Macacões,https://www.intibrand.com/produto/macacao-breddon-off-white-4783,https://cdn.vnda.com.br/intibrand/2026/03/05/12_04_15_428_macac-c3-83o-20breddon-20off-white-20frente-20-2-12035560.jpg?v=1772723064,2026-08-24T17:28:30.310313-03:00,,unknown_not_observed_per_size
211,4783,Macacão Breddon Off-White,Macacão Breddon Off-White,Off White,36,True,VERÃO 2027,Macacões,https://www.intibrand.com/produto/macacao-breddon-off-white-4783,https://cdn.vnda.com.br/intibrand/2026/03/05/12_04_15_428_macac-c3-83o-20breddon-20off-white-20frente-20-2-12035560.jpg?v=1772723064,2026-08-24T17:28:30.310313-03:00,,unknown_not_observed_per_size
211,4783,Macacão Breddon Off-White,Macacão Breddon Off-White,Off White,38,True,VERÃO 2027,Macacões,https://www.intibrand.com/produto/macacao-breddon-off-white-4783,https://cdn.vnda.com.br/intibrand/2026/03/05/12_04_15_428_macac-c3-83o-20breddon-20off-white-20frente-20-2-12035560.jpg?v=1772723064,2026-08-24T17:28:30.310313-03:00,,unknown_not_observed_per_size
211,4783,Macacão Breddon Off-White,Macacão Breddon Off-White,Off White,40,True,VERÃO 2027,Macacões,https://www.intibrand.com/produto/macacao-breddon-off-white-4783,https://cdn.vnda.com.br/intibrand/2026/03/05/12_04_15_428_macac-c3-83o-20breddon-20off-white-20frente-20-2-12035560.jpg?v=1772723064,2026-08-24T17:28:30.310313-03:00,,unknown_not_observed_per_size
211,4783,Macacão Breddon Off-White,Macacão Breddon Off-White,Off White,42,True,VERÃO 2027,Macacões,https://www.intibrand.com/produto/macacao-breddon-off-white-4783,https://cdn.vnda.com.br/intibrand/2026/03/05/12_04_15_428_macac-c3-83o-20breddon-20off-white-20frente-20-2-12035560.jpg?v=1772723064,2026-08-24T17:28:30.310313-03:00,,unknown_not_observed_per_size
211,4783,Macacão Breddon Off-White,Macacão Breddon Off-White,Off White,44,True,VERÃO 2027,Macacões,https://www.intibrand.com/produto/macacao-breddon-off-white-4783,https://cdn.vnda.com.br/intibrand/2026/03/05/12_04_15_428_macac-c3-83o-20breddon-20off-white-20frente-20-2-12035560.jpg?v=1772723064,2026-08-24T17:28:30.310313-03:00,,unknown_not_observed_per_size
210,4784,Macacão Breddon,Macacão Breddon Preto,Preto,34,True,VERÃO 2027,Macacões,https://www.intibrand.com/produto/macacao-breddon-preto-4784,https://cdn.vnda.com.br/intibrand/2026/02/12/13_16_24_804_macac-c3-83o-20breddon-20preto-20frente-13027790.jpg?v=1770912998,2026-08-24T17:28:30.310313-03:00,,unknown_not_observed_per_size
210,4784,Macacão Breddon,Macacão Breddon Preto,Preto,36,True,VERÃO 2027,Macacões,https://www.intibrand.com/produto/macacao-breddon-preto-4784,https://cdn.vnda.com.br/intibrand/2026/02/12/13_16_24_804_macac-c3-83o-20breddon-20preto-20frente-13027790.jpg?v=1770912998,2026-08-24T17:28:30.310313-03:00,,unknown_not_observed_per_size
210,4784,Macacão Breddon,Macacão Breddon Preto,Preto,38,True,VERÃO 2027,Macacões,https://www.intibrand.com/produto/macacao-breddon-preto-4784,https://cdn.vnda.com.br/intibrand/2026/02/12/13_16_24_804_macac-c3-83o-20breddon-20preto-20frente-13027790.jpg?v=1770912998,2026-08-24T17:28:30.310313-03:00,,unknown_not_observed_per_size
210,4784,Macacão Breddon,Macacão Breddon Preto,Preto,40,True,VERÃO 2027,Macacões,https://www.intibrand.com/produto/macacao-breddon-preto-4784,https://cdn.vnda.com.br/intibrand/2026/02/12/13_16_24_804_macac-c3-83o-20breddon-20preto-20frente-13027790.jpg?v=1770912998,2026-08-24T17:28:30.310313-03:00,,unknown_not_observed_per_size
210,4784,Macacão Breddon,Macacão Breddon Preto,Preto,42,True,VERÃO 2027,Macacões,https://www.intibrand.com/produto/macacao-breddon-preto-4784,https://cdn.vnda.com.br/intibrand/2026/02/12/13_16_24_804_macac-c3-83o-20breddon-20preto-20frente-13027790.jpg?v=1770912998,2026-08-24T17:28:30.310313-03:00,,unknown_not_observed_per_size
210,4784,Macacão Breddon,Macacão Breddon Preto,Preto,44,True,VERÃO 2027,Macacões,https://www.intibrand.com/produto/macacao-breddon-preto-4784,https://cdn.vnda.com.br/intibrand/2026/02/12/13_16_24_804_macac-c3-83o-20breddon-20preto-20frente-13027790.jpg?v=1770912998,2026-08-24T17:28:30.310313-03:00,,unknown_not_observed_per_size
210,4785,Macacão Breddon,Macacão Breddon Vermelho,Vermelho,34,True,VERÃO 2027,Macacões,https://www.intibrand.com/produto/macacao-breddon-vermelho-4785,https://cdn.vnda.com.br/intibrand/2026/02/12/13_28_34_315_macac-c3-83o-20breddon-20vermelho-20frente-20-1-13028010.jpg?v=1770913723,2026-08-24T17:28:30.310313-03:00,,unknown_not_observed_per_size
210,4785,Macacão Breddon,Macacão Breddon Vermelho,Vermelho,36,True,VERÃO 2027,Macacões,https://www.intibrand.com/produto/macacao-breddon-vermelho-4785,https://cdn.vnda.com.br/intibrand/2026/02/12/13_28_34_315_macac-c3-83o-20breddon-20vermelho-20frente-20-1-13028010.jpg?v=1770913723,2026-08-24T17:28:30.310313-03:00,,unknown_not_observed_per_size
210,4785,Macacão Breddon,Macacão Breddon Vermelho,Vermelho,38,True,VERÃO 2027,Macacões,https://www.intibrand.com/produto/macacao-breddon-vermelho-4785,https://cdn.vnda.com.br/intibrand/2026/02/12/13_28_34_315_macac-c3-83o-20breddon-20vermelho-20frente-20-1-13028010.jpg?v=1770913723,2026-08-24T17:28:30.310313-03:00,,unknown_not_observed_per_size
210,4785,Macacão Breddon,Macacão Breddon Vermelho,Vermelho,40,True,VERÃO 2027,Macacões,https://www.intibrand.com/produto/macacao-breddon-vermelho-4785,https://cdn.vnda.com.br/intibrand/2026/02/12/13_28_34_315_macac-c3-83o-20breddon-20vermelho-20frente-20-1-13028010.jpg?v=1770913723,2026-08-24T17:28:30.310313-03:00,,unknown_not_observed_per_size
210,4785,Macacão Breddon,Macacão Breddon Vermelho,Vermelho,42,True,VERÃO 2027,Macacões,https://www.intibrand.com/produto/macacao-breddon-vermelho-4785,https://cdn.vnda.com.br/intibrand/2026/02/12/13_28_34_315_macac-c3-83o-20breddon-20vermelho-20frente-20-1-13028010.jpg?v=1770913723,2026-08-24T17:28:30.310313-03:00,,unknown_not_observed_per_size
210,4785,Macacão Breddon,Macacão Breddon Vermelho,Vermelho,44,True,VERÃO 2027,Macacões,https://www.intibrand.com/produto/macacao-breddon-vermelho-4785,https://cdn.vnda.com.br/intibrand/2026/02/12/13_28_34_315_macac-c3-83o-20breddon-20vermelho-20frente-20-1-13028010.jpg?v=1770913723,2026-08-24T17:28:30.310313-03:00,,unknown_not_observed_per_size
213,4373,Macacão Damian Off-White,Macacão Damian Off-White,Off White,36,True,VERÃO 2027,Macacões,https://www.intibrand.com/produto/macacao-damian-off-white-4373,https://cdn.vnda.com.br/intibrand/2025/01/23/16_47_38_94_16_1_2_235_macacc383o20damian20offwhite20frente204.jpg?v=1737661682,2026-08-24T17:28:30.310313-03:00,,unknown_not_observed_per_size
213,4373,Macacão Damian Off-White,Macacão Damian Off-White,Off White,38,True,VERÃO 2027,Macacões,https://www.intibrand.com/produto/macacao-damian-off-white-4373,https://cdn.vnda.com.br/intibrand/2025/01/23/16_47_38_94_16_1_2_235_macacc383o20damian20offwhite20frente204.jpg?v=1737661682,2026-08-24T17:28:30.310313-03:00,,unknown_not_observed_per_size
213,4373,Macacão Damian Off-White,Macacão Damian Off-White,Off White,40,True,VERÃO 2027,Macacões,https://www.intibrand.com/produto/macacao-damian-off-white-4373,https://cdn.vnda.com.br/intibrand/2025/01/23/16_47_38_94_16_1_2_235_macacc383o20damian20offwhite20frente204.jpg?v=1737661682,2026-08-24T17:28:30.310313-03:00,,unknown_not_observed_per_size
213,4373,Macacão Damian Off-White,Macacão Damian Off-White,Off White,42,True,VERÃO 2027,Macacões,https://www.intibrand.com/produto/macacao-damian-off-white-4373,https://cdn.vnda.com.br/intibrand/2025/01/23/16_47_38_94_16_1_2_235_macacc383o20damian20offwhite20frente204.jpg?v=1737661682,2026-08-24T17:28:30.310313-03:00,,unknown_not_observed_per_size
212,4374,Macacão Damian,Macacão Damian Preto,Preto,36,True,VERÃO 2027,Macacões,https://www.intibrand.com/produto/macacao-damian-preto-4374,https://cdn.vnda.com.br/intibrand/2025/01/23/16_49_16_387_16_1_6_675_macacc383o20damian20preto20frente202.jpg?v=1737661794,2026-08-24T17:28:30.310313-03:00,,unknown_not_observed_per_size
212,4374,Macacão Damian,Macacão Damian Preto,Preto,38,True,VERÃO 2027,Macacões,https://www.intibrand.com/produto/macacao-damian-preto-4374,https://cdn.vnda.com.br/intibrand/2025/01/23/16_49_16_387_16_1_6_675_macacc383o20damian20preto20frente202.jpg?v=1737661794,2026-08-24T17:28:30.310313-03:00,,unknown_not_observed_per_size
212,4374,Macacão Damian,Macacão Damian Preto,Preto,40,True,VERÃO 2027,Macacões,https://www.intibrand.com/produto/macacao-damian-preto-4374,https://cdn.vnda.com.br/intibrand/2025/01/23/16_49_16_387_16_1_6_675_macacc383o20damian20preto20frente202.jpg?v=1737661794,2026-08-24T17:28:30.310313-03:00,,unknown_not_observed_per_size
212,4374,Macacão Damian,Macacão Damian Preto,Preto,42,True,VERÃO 2027,Macacões,https://www.intibrand.com/produto/macacao-damian-preto-4374,https://cdn.vnda.com.br/intibrand/2025/01/23/16_49_16_387_16_1_6_675_macacc383o20damian20preto20frente202.jpg?v=1737661794,2026-08-24T17:28:30.310313-03:00,,unknown_not_observed_per_size
214,4713,Macacão Fiorese Off-White,Macacão Fiorese Off-White,Off White,36,True,VERÃO 2027,Macacões,https://www.intibrand.com/produto/macacao-fiorese-off-white-4713,https://cdn.vnda.com.br/intibrand/2025/11/21/15_47_19_287_macac-c3-83o-20fiorese-20off-white-20frente-15116980.jpg?v=1763750839,2026-08-24T17:28:30.310313-03:00,,unknown_not_observed_per_size
214,4713,Macacão Fiorese Off-White,Macacão Fiorese Off-White,Off White,38,True,VERÃO 2027,Macacões,https://www.intibrand.com/produto/macacao-fiorese-off-white-4713,https://cdn.vnda.com.br/intibrand/2025/11/21/15_47_19_287_macac-c3-83o-20fiorese-20off-white-20frente-15116980.jpg?v=1763750839,2026-08-24T17:28:30.310313-03:00,,unknown_not_observed_per_size
214,4713,Macacão Fiorese Off-White,Macacão Fiorese Off-White,Off White,40,True,VERÃO 2027,Macacões,https://www.intibrand.com/produto/macacao-fiorese-off-white-4713,https://cdn.vnda.com.br/intibrand/2025/11/21/15_47_19_287_macac-c3-83o-20fiorese-20off-white-20frente-15116980.jpg?v=1763750839,2026-08-24T17:28:30.310313-03:00,,unknown_not_observed_per_size
214,4713,Macacão Fiorese Off-White,Macacão Fiorese Off-White,Off White,42,True,VERÃO 2027,Macacões,https://www.intibrand.com/produto/macacao-fiorese-off-white-4713,https://cdn.vnda.com.br/intibrand/2025/11/21/15_47_19_287_macac-c3-83o-20fiorese-20off-white-20frente-15116980.jpg?v=1763750839,2026-08-24T17:28:30.310313-03:00,,unknown_not_observed_per_size
215,4975,Macacão Linho Armand,Macacão Linho Armand Azul,Azul,34,True,VERÃO 2027,Macacões,https://www.intibrand.com/produto/macacao-linho-armand-azul-4975,https://cdn.vnda.com.br/intibrand/2026/08/19/15_51_02_26_macac-c3-83o-20armand-20azul-20lado-20-1-15088760.jpg?v=1787171782,2026-08-24T17:28:30.310313-03:00,,unknown_not_observed_per_size
215,4975,Macacão Linho Armand,Macacão Linho Armand Azul,Azul,36,True,VERÃO 2027,Macacões,https://www.intibrand.com/produto/macacao-linho-armand-azul-4975,https://cdn.vnda.com.br/intibrand/2026/08/19/15_51_02_26_macac-c3-83o-20armand-20azul-20lado-20-1-15088760.jpg?v=1787171782,2026-08-24T17:28:30.310313-03:00,,unknown_not_observed_per_size
215,4975,Macacão Linho Armand,Macacão Linho Armand Azul,Azul,38,True,VERÃO 2027,Macacões,https://www.intibrand.com/produto/macacao-linho-armand-azul-4975,https://cdn.vnda.com.br/intibrand/2026/08/19/15_51_02_26_macac-c3-83o-20armand-20azul-20lado-20-1-15088760.jpg?v=1787171782,2026-08-24T17:28:30.310313-03:00,,unknown_not_observed_per_size
215,4975,Macacão Linho Armand,Macacão Linho Armand Azul,Azul,40,True,VERÃO 2027,Macacões,https://www.intibrand.com/produto/macacao-linho-armand-azul-4975,https://cdn.vnda.com.br/intibrand/2026/08/19/15_51_02_26_macac-c3-83o-20armand-20azul-20lado-20-1-15088760.jpg?v=1787171782,2026-08-24T17:28:30.310313-03:00,,unknown_not_observed_per_size
215,4975,Macacão Linho Armand,Macacão Linho Armand Azul,Azul,42,True,VERÃO 2027,Macacões,https://www.intibrand.com/produto/macacao-linho-armand-azul-4975,https://cdn.vnda.com.br/intibrand/2026/08/19/15_51_02_26_macac-c3-83o-20armand-20azul-20lado-20-1-15088760.jpg?v=1787171782,2026-08-24T17:28:30.310313-03:00,,unknown_not_observed_per_size
215,4975,Macacão Linho Armand,Macacão Linho Armand Azul,Azul,44,True,VERÃO 2027,Macacões,https://www.intibrand.com/produto/macacao-linho-armand-azul-4975,https://cdn.vnda.com.br/intibrand/2026/08/19/15_51_02_26_macac-c3-83o-20armand-20azul-20lado-20-1-15088760.jpg?v=1787171782,2026-08-24T17:28:30.310313-03:00,,unknown_not_observed_per_size
215,4977,Macacão Linho Armand,Macacão Linho Armand Marrom,Marrom,34,True,VERÃO 2027,Macacões,https://www.intibrand.com/produto/macacao-linho-armand-marrom-4977,https://cdn.vnda.com.br/intibrand/2026/08/18/17_38_27_523_macac-c3-83o-20armand-20marrom-20frente-17089520.jpg?v=1787085512,2026-08-24T17:28:30.310313-03:00,,unknown_not_observed_per_size
215,4977,Macacão Linho Armand,Macacão Linho Armand Marrom,Marrom,36,True,VERÃO 2027,Macacões,https://www.intibrand.com/produto/macacao-linho-armand-marrom-4977,https://cdn.vnda.com.br/intibrand/2026/08/18/17_38_27_523_macac-c3-83o-20armand-20marrom-20frente-17089520.jpg?v=1787085512,2026-08-24T17:28:30.310313-03:00,,unknown_not_observed_per_size
215,4977,Macacão Linho Armand,Macacão Linho Armand Marrom,Marrom,38,True,VERÃO 2027,Macacões,https://www.intibrand.com/produto/macacao-linho-armand-marrom-4977,https://cdn.vnda.com.br/intibrand/2026/08/18/17_38_27_523_macac-c3-83o-20armand-20marrom-20frente-17089520.jpg?v=1787085512,2026-08-24T17:28:30.310313-03:00,,unknown_not_observed_per_size
215,4977,Macacão Linho Armand,Macacão Linho Armand Marrom,Marrom,40,True,VERÃO 2027,Macacões,https://www.intibrand.com/produto/macacao-linho-armand-marrom-4977,https://cdn.vnda.com.br/intibrand/2026/08/18/17_38_27_523_macac-c3-83o-20armand-20marrom-20frente-17089520.jpg?v=1787085512,2026-08-24T17:28:30.310313-03:00,,unknown_not_observed_per_size
215,4977,Macacão Linho Armand,Macacão Linho Armand Marrom,Marrom,42,True,VERÃO 2027,Macacões,https://www.intibrand.com/produto/macacao-linho-armand-marrom-4977,https://cdn.vnda.com.br/intibrand/2026/08/18/17_38_27_523_macac-c3-83o-20armand-20marrom-20frente-17089520.jpg?v=1787085512,2026-08-24T17:28:30.310313-03:00,,unknown_not_observed_per_size
215,4977,Macacão Linho Armand,Macacão Linho Armand Marrom,Marrom,44,True,VERÃO 2027,Macacões,https://www.intibrand.com/produto/macacao-linho-armand-marrom-4977,https://cdn.vnda.com.br/intibrand/2026/08/18/17_38_27_523_macac-c3-83o-20armand-20marrom-20frente-17089520.jpg?v=1787085512,2026-08-24T17:28:30.310313-03:00,,unknown_not_observed_per_size
215,4976,Macacão Linho Armand,Macacão Linho Armand Preto,Preto,34,True,VERÃO 2027,Macacões,https://www.intibrand.com/produto/macacao-linho-armand-preto-4976,,2026-08-24T17:28:30.310313-03:00,,unknown_not_observed_per_size
215,4976,Macacão Linho Armand,Macacão Linho Armand Preto,Preto,36,True,VERÃO 2027,Macacões,https://www.intibrand.com/produto/macacao-linho-armand-preto-4976,,2026-08-24T17:28:30.310313-03:00,,unknown_not_observed_per_size
215,4976,Macacão Linho Armand,Macacão Linho Armand Preto,Preto,38,True,VERÃO 2027,Macacões,https://www.intibrand.com/produto/macacao-linho-armand-preto-4976,,2026-08-24T17:28:30.310313-03:00,,unknown_not_observed_per_size
215,4976,Macacão Linho Armand,Macacão Linho Armand Preto,Preto,40,True,VERÃO 2027,Macacões,https://www.intibrand.com/produto/macacao-linho-armand-preto-4976,,2026-08-24T17:28:30.310313-03:00,,unknown_not_observed_per_size
215,4976,Macacão Linho Armand,Macacão Linho Armand Preto,Preto,42,True,VERÃO 2027,Macacões,https://www.intibrand.com/produto/macacao-linho-armand-preto-4976,,2026-08-24T17:28:30.310313-03:00,,unknown_not_observed_per_size
215,4976,Macacão Linho Armand,Macacão Linho Armand Preto,Preto,44,True,VERÃO 2027,Macacões,https://www.intibrand.com/produto/macacao-linho-armand-preto-4976,,2026-08-24T17:28:30.310313-03:00,,unknown_not_observed_per_size
217,4613,Macacão Linho Braid Off-White,Macacão Linho Braid Off-White,Off White,36,True,VERÃO 2027,Macacões,https://www.intibrand.com/produto/macacao-linho-braid-off-white-4613,https://cdn.vnda.com.br/intibrand/2025/09/22/18_05_11_171_macac-c3-83o-20linho-20braid-20off-white-20frente-20-1-20-1-18098650.jpg?v=1758575117,2026-08-24T17:28:30.310313-03:00,,unknown_not_observed_per_size
217,4613,Macacão Linho Braid Off-White,Macacão Linho Braid Off-White,Off White,38,True,VERÃO 2027,Macacões,https://www.intibrand.com/produto/macacao-linho-braid-off-white-4613,https://cdn.vnda.com.br/intibrand/2025/09/22/18_05_11_171_macac-c3-83o-20linho-20braid-20off-white-20frente-20-1-20-1-18098650.jpg?v=1758575117,2026-08-24T17:28:30.310313-03:00,,unknown_not_observed_per_size
217,4613,Macacão Linho Braid Off-White,Macacão Linho Braid Off-White,Off White,40,True,VERÃO 2027,Macacões,https://www.intibrand.com/produto/macacao-linho-braid-off-white-4613,https://cdn.vnda.com.br/intibrand/2025/09/22/18_05_11_171_macac-c3-83o-20linho-20braid-20off-white-20frente-20-1-20-1-18098650.jpg?v=1758575117,2026-08-24T17:28:30.310313-03:00,,unknown_not_observed_per_size
217,4613,Macacão Linho Braid Off-White,Macacão Linho Braid Off-White,Off White,42,True,VERÃO 2027,Macacões,https://www.intibrand.com/produto/macacao-linho-braid-off-white-4613,https://cdn.vnda.com.br/intibrand/2025/09/22/18_05_11_171_macac-c3-83o-20linho-20braid-20off-white-20frente-20-1-20-1-18098650.jpg?v=1758575117,2026-08-24T17:28:30.310313-03:00,,unknown_not_observed_per_size
216,4614,Macacão Linho Braid,Macacão Linho Braid Preto,Preto,36,True,VERÃO 2027,Macacões,https://www.intibrand.com/produto/macacao-linho-braid-preto-4614,https://cdn.vnda.com.br/intibrand/2025/09/22/18_08_18_576_macac-c3-83o-20linho-20braid-20preto-20frente-20-1-20-1-18092390.jpg?v=1758575298,2026-08-24T17:28:30.310313-03:00,,unknown_not_observed_per_size
216,4614,Macacão Linho Braid,Macacão Linho Braid Preto,Preto,38,True,VERÃO 2027,Macacões,https://www.intibrand.com/produto/macacao-linho-braid-preto-4614,https://cdn.vnda.com.br/intibrand/2025/09/22/18_08_18_576_macac-c3-83o-20linho-20braid-20preto-20frente-20-1-20-1-18092390.jpg?v=1758575298,2026-08-24T17:28:30.310313-03:00,,unknown_not_observed_per_size
216,4614,Macacão Linho Braid,Macacão Linho Braid Preto,Preto,40,True,VERÃO 2027,Macacões,https://www.intibrand.com/produto/macacao-linho-braid-preto-4614,https://cdn.vnda.com.br/intibrand/2025/09/22/18_08_18_576_macac-c3-83o-20linho-20braid-20preto-20frente-20-1-20-1-18092390.jpg?v=1758575298,2026-08-24T17:28:30.310313-03:00,,unknown_not_observed_per_size
216,4614,Macacão Linho Braid,Macacão Linho Braid Preto,Preto,42,True,VERÃO 2027,Macacões,https://www.intibrand.com/produto/macacao-linho-braid-preto-4614,https://cdn.vnda.com.br/intibrand/2025/09/22/18_08_18_576_macac-c3-83o-20linho-20braid-20preto-20frente-20-1-20-1-18092390.jpg?v=1758575298,2026-08-24T17:28:30.310313-03:00,,unknown_not_observed_per_size
219,4810,Macacão Megan Off-White,Macacão Megan Off-White,Off White,34,True,VERÃO 2027,Macacões,https://www.intibrand.com/produto/macacao-megan-off-white-4810,https://cdn.vnda.com.br/intibrand/2026/03/11/13_46_44_567_macac-c3-83o-20megan-20off-white-20frente-204-20-1-13036190.jpg?v=1773247634,2026-08-24T17:28:30.310313-03:00,,unknown_not_observed_per_size
219,4810,Macacão Megan Off-White,Macacão Megan Off-White,Off White,36,True,VERÃO 2027,Macacões,https://www.intibrand.com/produto/macacao-megan-off-white-4810,https://cdn.vnda.com.br/intibrand/2026/03/11/13_46_44_567_macac-c3-83o-20megan-20off-white-20frente-204-20-1-13036190.jpg?v=1773247634,2026-08-24T17:28:30.310313-03:00,,unknown_not_observed_per_size
219,4810,Macacão Megan Off-White,Macacão Megan Off-White,Off White,38,True,VERÃO 2027,Macacões,https://www.intibrand.com/produto/macacao-megan-off-white-4810,https://cdn.vnda.com.br/intibrand/2026/03/11/13_46_44_567_macac-c3-83o-20megan-20off-white-20frente-204-20-1-13036190.jpg?v=1773247634,2026-08-24T17:28:30.310313-03:00,,unknown_not_observed_per_size
219,4810,Macacão Megan Off-White,Macacão Megan Off-White,Off White,40,True,VERÃO 2027,Macacões,https://www.intibrand.com/produto/macacao-megan-off-white-4810,https://cdn.vnda.com.br/intibrand/2026/03/11/13_46_44_567_macac-c3-83o-20megan-20off-white-20frente-204-20-1-13036190.jpg?v=1773247634,2026-08-24T17:28:30.310313-03:00,,unknown_not_observed_per_size
219,4810,Macacão Megan Off-White,Macacão Megan Off-White,Off White,42,True,VERÃO 2027,Macacões,https://www.intibrand.com/produto/macacao-megan-off-white-4810,https://cdn.vnda.com.br/intibrand/2026/03/11/13_46_44_567_macac-c3-83o-20megan-20off-white-20frente-204-20-1-13036190.jpg?v=1773247634,2026-08-24T17:28:30.310313-03:00,,unknown_not_observed_per_size
219,4810,Macacão Megan Off-White,Macacão Megan Off-White,Off White,44,True,VERÃO 2027,Macacões,https://www.intibrand.com/produto/macacao-megan-off-white-4810,https://cdn.vnda.com.br/intibrand/2026/03/11/13_46_44_567_macac-c3-83o-20megan-20off-white-20frente-204-20-1-13036190.jpg?v=1773247634,2026-08-24T17:28:30.310313-03:00,,unknown_not_observed_per_size
218,4811,Macacão Megan,Macacão Megan Preto,Preto,34,True,VERÃO 2027,Macacões,https://www.intibrand.com/produto/macacao-megan-preto-4811,https://cdn.vnda.com.br/intibrand/2026/03/09/12_54_44_630_macac-c3-83o-20megan-20preto-20frente-20-1-12039960.jpg?v=1773071684,2026-08-24T17:28:30.310313-03:00,,unknown_not_observed_per_size
218,4811,Macacão Megan,Macacão Megan Preto,Preto,36,True,VERÃO 2027,Macacões,https://www.intibrand.com/produto/macacao-megan-preto-4811,https://cdn.vnda.com.br/intibrand/2026/03/09/12_54_44_630_macac-c3-83o-20megan-20preto-20frente-20-1-12039960.jpg?v=1773071684,2026-08-24T17:28:30.310313-03:00,,unknown_not_observed_per_size
218,4811,Macacão Megan,Macacão Megan Preto,Preto,38,True,VERÃO 2027,Macacões,https://www.intibrand.com/produto/macacao-megan-preto-4811,https://cdn.vnda.com.br/intibrand/2026/03/09/12_54_44_630_macac-c3-83o-20megan-20preto-20frente-20-1-12039960.jpg?v=1773071684,2026-08-24T17:28:30.310313-03:00,,unknown_not_observed_per_size
218,4811,Macacão Megan,Macacão Megan Preto,Preto,40,True,VERÃO 2027,Macacões,https://www.intibrand.com/produto/macacao-megan-preto-4811,https://cdn.vnda.com.br/intibrand/2026/03/09/12_54_44_630_macac-c3-83o-20megan-20preto-20frente-20-1-12039960.jpg?v=1773071684,2026-08-24T17:28:30.310313-03:00,,unknown_not_observed_per_size
218,4811,Macacão Megan,Macacão Megan Preto,Preto,42,True,VERÃO 2027,Macacões,https://www.intibrand.com/produto/macacao-megan-preto-4811,https://cdn.vnda.com.br/intibrand/2026/03/09/12_54_44_630_macac-c3-83o-20megan-20preto-20frente-20-1-12039960.jpg?v=1773071684,2026-08-24T17:28:30.310313-03:00,,unknown_not_observed_per_size
218,4812,Macacão Megan,Macacão Megan Vermelho,Vermelho,34,True,VERÃO 2027,Macacões,https://www.intibrand.com/produto/macacao-megan-vermelho-4812,https://cdn.vnda.com.br/intibrand/2026/03/09/12_53_55_403_macac-c3-83o-20megan-20vermelho-20frente-202-20-1-12034330.jpg?v=1773071646,2026-08-24T17:28:30.310313-03:00,,unknown_not_observed_per_size
218,4812,Macacão Megan,Macacão Megan Vermelho,Vermelho,36,True,VERÃO 2027,Macacões,https://www.intibrand.com/produto/macacao-megan-vermelho-4812,https://cdn.vnda.com.br/intibrand/2026/03/09/12_53_55_403_macac-c3-83o-20megan-20vermelho-20frente-202-20-1-12034330.jpg?v=1773071646,2026-08-24T17:28:30.310313-03:00,,unknown_not_observed_per_size
218,4812,Macacão Megan,Macacão Megan Vermelho,Vermelho,38,True,VERÃO 2027,Macacões,https://www.intibrand.com/produto/macacao-megan-vermelho-4812,https://cdn.vnda.com.br/intibrand/2026/03/09/12_53_55_403_macac-c3-83o-20megan-20vermelho-20frente-202-20-1-12034330.jpg?v=1773071646,2026-08-24T17:28:30.310313-03:00,,unknown_not_observed_per_size
218,4812,Macacão Megan,Macacão Megan Vermelho,Vermelho,40,True,VERÃO 2027,Macacões,https://www.intibrand.com/produto/macacao-megan-vermelho-4812,https://cdn.vnda.com.br/intibrand/2026/03/09/12_53_55_403_macac-c3-83o-20megan-20vermelho-20frente-202-20-1-12034330.jpg?v=1773071646,2026-08-24T17:28:30.310313-03:00,,unknown_not_observed_per_size
218,4812,Macacão Megan,Macacão Megan Vermelho,Vermelho,42,True,VERÃO 2027,Macacões,https://www.intibrand.com/produto/macacao-megan-vermelho-4812,https://cdn.vnda.com.br/intibrand/2026/03/09/12_53_55_403_macac-c3-83o-20megan-20vermelho-20frente-202-20-1-12034330.jpg?v=1773071646,2026-08-24T17:28:30.310313-03:00,,unknown_not_observed_per_size
220,4712,Macacão Mila,Macacão Mila Avelã,Avelã,36,True,VERÃO 2027,Macacões,https://www.intibrand.com/produto/macacao-mila-avela-4712,https://cdn.vnda.com.br/intibrand/2025/11/14/12_59_50_285_macac-c3-83o-20mila-20avel-c3-83-20lado-12119910.jpg?v=1763135994,2026-08-24T17:28:30.310313-03:00,,unknown_not_observed_per_size
220,4712,Macacão Mila,Macacão Mila Avelã,Avelã,38,True,VERÃO 2027,Macacões,https://www.intibrand.com/produto/macacao-mila-avela-4712,https://cdn.vnda.com.br/intibrand/2025/11/14/12_59_50_285_macac-c3-83o-20mila-20avel-c3-83-20lado-12119910.jpg?v=1763135994,2026-08-24T17:28:30.310313-03:00,,unknown_not_observed_per_size
220,4712,Macacão Mila,Macacão Mila Avelã,Avelã,40,True,VERÃO 2027,Macacões,https://www.intibrand.com/produto/macacao-mila-avela-4712,https://cdn.vnda.com.br/intibrand/2025/11/14/12_59_50_285_macac-c3-83o-20mila-20avel-c3-83-20lado-12119910.jpg?v=1763135994,2026-08-24T17:28:30.310313-03:00,,unknown_not_observed_per_size
220,4712,Macacão Mila,Macacão Mila Avelã,Avelã,42,True,VERÃO 2027,Macacões,https://www.intibrand.com/produto/macacao-mila-avela-4712,https://cdn.vnda.com.br/intibrand/2025/11/14/12_59_50_285_macac-c3-83o-20mila-20avel-c3-83-20lado-12119910.jpg?v=1763135994,2026-08-24T17:28:30.310313-03:00,,unknown_not_observed_per_size
221,4710,Macacão Mila Off-White,Macacão Mila Off-White,Off White,36,True,VERÃO 2027,Macacões,https://www.intibrand.com/produto/macacao-mila-off-white-4710,https://cdn.vnda.com.br/intibrand/2025/11/14/12_58_32_314_macac-c3-83o-20mila-20off-white-20frente-12112120.jpg?v=1763135914,2026-08-24T17:28:30.310313-03:00,,unknown_not_observed_per_size
221,4710,Macacão Mila Off-White,Macacão Mila Off-White,Off White,38,True,VERÃO 2027,Macacões,https://www.intibrand.com/produto/macacao-mila-off-white-4710,https://cdn.vnda.com.br/intibrand/2025/11/14/12_58_32_314_macac-c3-83o-20mila-20off-white-20frente-12112120.jpg?v=1763135914,2026-08-24T17:28:30.310313-03:00,,unknown_not_observed_per_size
221,4710,Macacão Mila Off-White,Macacão Mila Off-White,Off White,40,True,VERÃO 2027,Macacões,https://www.intibrand.com/produto/macacao-mila-off-white-4710,https://cdn.vnda.com.br/intibrand/2025/11/14/12_58_32_314_macac-c3-83o-20mila-20off-white-20frente-12112120.jpg?v=1763135914,2026-08-24T17:28:30.310313-03:00,,unknown_not_observed_per_size
221,4710,Macacão Mila Off-White,Macacão Mila Off-White,Off White,42,True,VERÃO 2027,Macacões,https://www.intibrand.com/produto/macacao-mila-off-white-4710,https://cdn.vnda.com.br/intibrand/2025/11/14/12_58_32_314_macac-c3-83o-20mila-20off-white-20frente-12112120.jpg?v=1763135914,2026-08-24T17:28:30.310313-03:00,,unknown_not_observed_per_size
220,4711,Macacão Mila,Macacão Mila Preto,Preto,36,True,VERÃO 2027,Macacões,https://www.intibrand.com/produto/macacao-mila-preto-4711,https://cdn.vnda.com.br/intibrand/2025/11/14/13_01_16_676_macac-c3-83o-20mila-20preto-20frente-13110390.jpg?v=1763136076,2026-08-24T17:28:30.310313-03:00,,unknown_not_observed_per_size
220,4711,Macacão Mila,Macacão Mila Preto,Preto,38,True,VERÃO 2027,Macacões,https://www.intibrand.com/produto/macacao-mila-preto-4711,https://cdn.vnda.com.br/intibrand/2025/11/14/13_01_16_676_macac-c3-83o-20mila-20preto-20frente-13110390.jpg?v=1763136076,2026-08-24T17:28:30.310313-03:00,,unknown_not_observed_per_size
220,4711,Macacão Mila,Macacão Mila Preto,Preto,40,True,VERÃO 2027,Macacões,https://www.intibrand.com/produto/macacao-mila-preto-4711,https://cdn.vnda.com.br/intibrand/2025/11/14/13_01_16_676_macac-c3-83o-20mila-20preto-20frente-13110390.jpg?v=1763136076,2026-08-24T17:28:30.310313-03:00,,unknown_not_observed_per_size
220,4711,Macacão Mila,Macacão Mila Preto,Preto,42,True,VERÃO 2027,Macacões,https://www.intibrand.com/produto/macacao-mila-preto-4711,https://cdn.vnda.com.br/intibrand/2025/11/14/13_01_16_676_macac-c3-83o-20mila-20preto-20frente-13110390.jpg?v=1763136076,2026-08-24T17:28:30.310313-03:00,,unknown_not_observed_per_size
223,4959,Macacão Novari Off-White,Macacão Novari Off-White,Off White,34,True,VERÃO 2027,Macacões,https://www.intibrand.com/produto/macacao-novari-off-white-4959,https://cdn.vnda.com.br/intibrand/2026/08/18/12_44_20_386_gaby-20fotos-20-202026-08-18t124343-995-12088620.jpg?v=1787078381,2026-08-24T17:28:30.310313-03:00,,unknown_not_observed_per_size
223,4959,Macacão Novari Off-White,Macacão Novari Off-White,Off White,36,True,VERÃO 2027,Macacões,https://www.intibrand.com/produto/macacao-novari-off-white-4959,https://cdn.vnda.com.br/intibrand/2026/08/18/12_44_20_386_gaby-20fotos-20-202026-08-18t124343-995-12088620.jpg?v=1787078381,2026-08-24T17:28:30.310313-03:00,,unknown_not_observed_per_size
223,4959,Macacão Novari Off-White,Macacão Novari Off-White,Off White,38,True,VERÃO 2027,Macacões,https://www.intibrand.com/produto/macacao-novari-off-white-4959,https://cdn.vnda.com.br/intibrand/2026/08/18/12_44_20_386_gaby-20fotos-20-202026-08-18t124343-995-12088620.jpg?v=1787078381,2026-08-24T17:28:30.310313-03:00,,unknown_not_observed_per_size
223,4959,Macacão Novari Off-White,Macacão Novari Off-White,Off White,40,True,VERÃO 2027,Macacões,https://www.intibrand.com/produto/macacao-novari-off-white-4959,https://cdn.vnda.com.br/intibrand/2026/08/18/12_44_20_386_gaby-20fotos-20-202026-08-18t124343-995-12088620.jpg?v=1787078381,2026-08-24T17:28:30.310313-03:00,,unknown_not_observed_per_size
223,4959,Macacão Novari Off-White,Macacão Novari Off-White,Off White,42,True,VERÃO 2027,Macacões,https://www.intibrand.com/produto/macacao-novari-off-white-4959,https://cdn.vnda.com.br/intibrand/2026/08/18/12_44_20_386_gaby-20fotos-20-202026-08-18t124343-995-12088620.jpg?v=1787078381,2026-08-24T17:28:30.310313-03:00,,unknown_not_observed_per_size
223,4959,Macacão Novari Off-White,Macacão Novari Off-White,Off White,44,True,VERÃO 2027,Macacões,https://www.intibrand.com/produto/macacao-novari-off-white-4959,https://cdn.vnda.com.br/intibrand/2026/08/18/12_44_20_386_gaby-20fotos-20-202026-08-18t124343-995-12088620.jpg?v=1787078381,2026-08-24T17:28:30.310313-03:00,,unknown_not_observed_per_size
222,4960,Macacão Novari,Macacão Novari Preto,Preto,34,True,VERÃO 2027,Macacões,https://www.intibrand.com/produto/macacao-novari-preto-4960,https://cdn.vnda.com.br/intibrand/2026/08/20/17_22_38_379_macac-c3-83o-20novari-20preto-20frente-201-17082780.jpg?v=1787257382,2026-08-24T17:28:30.310313-03:00,,unknown_not_observed_per_size
222,4960,Macacão Novari,Macacão Novari Preto,Preto,36,True,VERÃO 2027,Macacões,https://www.intibrand.com/produto/macacao-novari-preto-4960,https://cdn.vnda.com.br/intibrand/2026/08/20/17_22_38_379_macac-c3-83o-20novari-20preto-20frente-201-17082780.jpg?v=1787257382,2026-08-24T17:28:30.310313-03:00,,unknown_not_observed_per_size
222,4960,Macacão Novari,Macacão Novari Preto,Preto,38,True,VERÃO 2027,Macacões,https://www.intibrand.com/produto/macacao-novari-preto-4960,https://cdn.vnda.com.br/intibrand/2026/08/20/17_22_38_379_macac-c3-83o-20novari-20preto-20frente-201-17082780.jpg?v=1787257382,2026-08-24T17:28:30.310313-03:00,,unknown_not_observed_per_size
222,4960,Macacão Novari,Macacão Novari Preto,Preto,40,True,VERÃO 2027,Macacões,https://www.intibrand.com/produto/macacao-novari-preto-4960,https://cdn.vnda.com.br/intibrand/2026/08/20/17_22_38_379_macac-c3-83o-20novari-20preto-20frente-201-17082780.jpg?v=1787257382,2026-08-24T17:28:30.310313-03:00,,unknown_not_observed_per_size
222,4960,Macacão Novari,Macacão Novari Preto,Preto,42,True,VERÃO 2027,Macacões,https://www.intibrand.com/produto/macacao-novari-preto-4960,https://cdn.vnda.com.br/intibrand/2026/08/20/17_22_38_379_macac-c3-83o-20novari-20preto-20frente-201-17082780.jpg?v=1787257382,2026-08-24T17:28:30.310313-03:00,,unknown_not_observed_per_size
222,4960,Macacão Novari,Macacão Novari Preto,Preto,44,True,VERÃO 2027,Macacões,https://www.intibrand.com/produto/macacao-novari-preto-4960,https://cdn.vnda.com.br/intibrand/2026/08/20/17_22_38_379_macac-c3-83o-20novari-20preto-20frente-201-17082780.jpg?v=1787257382,2026-08-24T17:28:30.310313-03:00,,unknown_not_observed_per_size
222,4961,Macacão Novari,Macacão Novari Vermelho,Vermelho,34,True,VERÃO 2027,Macacões,https://www.intibrand.com/produto/macacao-novari-vermelho-4961,https://cdn.vnda.com.br/intibrand/2026/08/24/16_47_40_508_macac-c3-83o-20novari-20vermelho-20-20frente-202-20-16084910.jpg?v=1787600860,2026-08-24T17:28:30.310313-03:00,,unknown_not_observed_per_size
222,4961,Macacão Novari,Macacão Novari Vermelho,Vermelho,36,True,VERÃO 2027,Macacões,https://www.intibrand.com/produto/macacao-novari-vermelho-4961,https://cdn.vnda.com.br/intibrand/2026/08/24/16_47_40_508_macac-c3-83o-20novari-20vermelho-20-20frente-202-20-16084910.jpg?v=1787600860,2026-08-24T17:28:30.310313-03:00,,unknown_not_observed_per_size
222,4961,Macacão Novari,Macacão Novari Vermelho,Vermelho,38,True,VERÃO 2027,Macacões,https://www.intibrand.com/produto/macacao-novari-vermelho-4961,https://cdn.vnda.com.br/intibrand/2026/08/24/16_47_40_508_macac-c3-83o-20novari-20vermelho-20-20frente-202-20-16084910.jpg?v=1787600860,2026-08-24T17:28:30.310313-03:00,,unknown_not_observed_per_size
222,4961,Macacão Novari,Macacão Novari Vermelho,Vermelho,40,True,VERÃO 2027,Macacões,https://www.intibrand.com/produto/macacao-novari-vermelho-4961,https://cdn.vnda.com.br/intibrand/2026/08/24/16_47_40_508_macac-c3-83o-20novari-20vermelho-20-20frente-202-20-16084910.jpg?v=1787600860,2026-08-24T17:28:30.310313-03:00,,unknown_not_observed_per_size
222,4961,Macacão Novari,Macacão Novari Vermelho,Vermelho,42,True,VERÃO 2027,Macacões,https://www.intibrand.com/produto/macacao-novari-vermelho-4961,https://cdn.vnda.com.br/intibrand/2026/08/24/16_47_40_508_macac-c3-83o-20novari-20vermelho-20-20frente-202-20-16084910.jpg?v=1787600860,2026-08-24T17:28:30.310313-03:00,,unknown_not_observed_per_size
222,4961,Macacão Novari,Macacão Novari Vermelho,Vermelho,44,True,VERÃO 2027,Macacões,https://www.intibrand.com/produto/macacao-novari-vermelho-4961,https://cdn.vnda.com.br/intibrand/2026/08/24/16_47_40_508_macac-c3-83o-20novari-20vermelho-20-20frente-202-20-16084910.jpg?v=1787600860,2026-08-24T17:28:30.310313-03:00,,unknown_not_observed_per_size
224,4234,Macacão Oliver,Macacão Oliver Framboesa,Framboesa,36,True,VERÃO 2027,Macacões,https://www.intibrand.com/produto/macacao-oliver-framboesa-4234,https://cdn.vnda.com.br/intibrand/2024/10/24/14_15_03_90_14_10_3_327_macacc383o20oliver20framboesa20frente.jpg?v=1729790103,2026-08-24T17:28:30.310313-03:00,,unknown_not_observed_per_size
224,4234,Macacão Oliver,Macacão Oliver Framboesa,Framboesa,38,True,VERÃO 2027,Macacões,https://www.intibrand.com/produto/macacao-oliver-framboesa-4234,https://cdn.vnda.com.br/intibrand/2024/10/24/14_15_03_90_14_10_3_327_macacc383o20oliver20framboesa20frente.jpg?v=1729790103,2026-08-24T17:28:30.310313-03:00,,unknown_not_observed_per_size
224,4234,Macacão Oliver,Macacão Oliver Framboesa,Framboesa,40,True,VERÃO 2027,Macacões,https://www.intibrand.com/produto/macacao-oliver-framboesa-4234,https://cdn.vnda.com.br/intibrand/2024/10/24/14_15_03_90_14_10_3_327_macacc383o20oliver20framboesa20frente.jpg?v=1729790103,2026-08-24T17:28:30.310313-03:00,,unknown_not_observed_per_size
224,4234,Macacão Oliver,Macacão Oliver Framboesa,Framboesa,42,True,VERÃO 2027,Macacões,https://www.intibrand.com/produto/macacao-oliver-framboesa-4234,https://cdn.vnda.com.br/intibrand/2024/10/24/14_15_03_90_14_10_3_327_macacc383o20oliver20framboesa20frente.jpg?v=1729790103,2026-08-24T17:28:30.310313-03:00,,unknown_not_observed_per_size
224,4234,Macacão Oliver,Macacão Oliver Framboesa,Framboesa,44,True,VERÃO 2027,Macacões,https://www.intibrand.com/produto/macacao-oliver-framboesa-4234,https://cdn.vnda.com.br/intibrand/2024/10/24/14_15_03_90_14_10_3_327_macacc383o20oliver20framboesa20frente.jpg?v=1729790103,2026-08-24T17:28:30.310313-03:00,,unknown_not_observed_per_size
225,4231,Macacão Oliver Off-White,Macacão Oliver Off-White,Off White,36,True,VERÃO 2027,Macacões,https://www.intibrand.com/produto/macacao-oliver-off-white-4231,https://cdn.vnda.com.br/intibrand/2024/10/24/14_12_54_610_14_10_5_514_macacc383o20oliver20offwhite20frente.jpg?v=1729789980,2026-08-24T17:28:30.310313-03:00,,unknown_not_observed_per_size
225,4231,Macacão Oliver Off-White,Macacão Oliver Off-White,Off White,38,True,VERÃO 2027,Macacões,https://www.intibrand.com/produto/macacao-oliver-off-white-4231,https://cdn.vnda.com.br/intibrand/2024/10/24/14_12_54_610_14_10_5_514_macacc383o20oliver20offwhite20frente.jpg?v=1729789980,2026-08-24T17:28:30.310313-03:00,,unknown_not_observed_per_size
225,4231,Macacão Oliver Off-White,Macacão Oliver Off-White,Off White,40,True,VERÃO 2027,Macacões,https://www.intibrand.com/produto/macacao-oliver-off-white-4231,https://cdn.vnda.com.br/intibrand/2024/10/24/14_12_54_610_14_10_5_514_macacc383o20oliver20offwhite20frente.jpg?v=1729789980,2026-08-24T17:28:30.310313-03:00,,unknown_not_observed_per_size
225,4231,Macacão Oliver Off-White,Macacão Oliver Off-White,Off White,42,True,VERÃO 2027,Macacões,https://www.intibrand.com/produto/macacao-oliver-off-white-4231,https://cdn.vnda.com.br/intibrand/2024/10/24/14_12_54_610_14_10_5_514_macacc383o20oliver20offwhite20frente.jpg?v=1729789980,2026-08-24T17:28:30.310313-03:00,,unknown_not_observed_per_size
225,4231,Macacão Oliver Off-White,Macacão Oliver Off-White,Off White,44,True,VERÃO 2027,Macacões,https://www.intibrand.com/produto/macacao-oliver-off-white-4231,https://cdn.vnda.com.br/intibrand/2024/10/24/14_12_54_610_14_10_5_514_macacc383o20oliver20offwhite20frente.jpg?v=1729789980,2026-08-24T17:28:30.310313-03:00,,unknown_not_observed_per_size
224,4233,Macacão Oliver,Macacão Oliver Vermelho,Vermelho,36,True,VERÃO 2027,Macacões,https://www.intibrand.com/produto/macacao-oliver-vermelho-4233,https://cdn.vnda.com.br/intibrand/2024/10/24/14_17_44_283_14_10_3_305_macacc383o20oliver20vermelho20frente.jpg?v=1729790266,2026-08-24T17:28:30.310313-03:00,,unknown_not_observed_per_size
224,4233,Macacão Oliver,Macacão Oliver Vermelho,Vermelho,38,True,VERÃO 2027,Macacões,https://www.intibrand.com/produto/macacao-oliver-vermelho-4233,https://cdn.vnda.com.br/intibrand/2024/10/24/14_17_44_283_14_10_3_305_macacc383o20oliver20vermelho20frente.jpg?v=1729790266,2026-08-24T17:28:30.310313-03:00,,unknown_not_observed_per_size
224,4233,Macacão Oliver,Macacão Oliver Vermelho,Vermelho,40,True,VERÃO 2027,Macacões,https://www.intibrand.com/produto/macacao-oliver-vermelho-4233,https://cdn.vnda.com.br/intibrand/2024/10/24/14_17_44_283_14_10_3_305_macacc383o20oliver20vermelho20frente.jpg?v=1729790266,2026-08-24T17:28:30.310313-03:00,,unknown_not_observed_per_size
224,4233,Macacão Oliver,Macacão Oliver Vermelho,Vermelho,42,True,VERÃO 2027,Macacões,https://www.intibrand.com/produto/macacao-oliver-vermelho-4233,https://cdn.vnda.com.br/intibrand/2024/10/24/14_17_44_283_14_10_3_305_macacc383o20oliver20vermelho20frente.jpg?v=1729790266,2026-08-24T17:28:30.310313-03:00,,unknown_not_observed_per_size
224,4233,Macacão Oliver,Macacão Oliver Vermelho,Vermelho,44,True,VERÃO 2027,Macacões,https://www.intibrand.com/produto/macacao-oliver-vermelho-4233,https://cdn.vnda.com.br/intibrand/2024/10/24/14_17_44_283_14_10_3_305_macacc383o20oliver20vermelho20frente.jpg?v=1729790266,2026-08-24T17:28:30.310313-03:00,,unknown_not_observed_per_size
227,4455,Macacão Orpheus Off-White,Macacão Orpheus Off-White,Off White,36,True,VERÃO 2027,Macacões,https://www.intibrand.com/produto/macacao-orpheus-off-white-4455,https://cdn.vnda.com.br/intibrand/2025/02/03/16_15_56_304_16_2_4_414_macacc383o20orpheus20offwhite20frente202201.jpg?v=1738610156,2026-08-24T17:28:30.310313-03:00,,unknown_not_observed_per_size
227,4455,Macacão Orpheus Off-White,Macacão Orpheus Off-White,Off White,38,True,VERÃO 2027,Macacões,https://www.intibrand.com/produto/macacao-orpheus-off-white-4455,https://cdn.vnda.com.br/intibrand/2025/02/03/16_15_56_304_16_2_4_414_macacc383o20orpheus20offwhite20frente202201.jpg?v=1738610156,2026-08-24T17:28:30.310313-03:00,,unknown_not_observed_per_size
227,4455,Macacão Orpheus Off-White,Macacão Orpheus Off-White,Off White,40,True,VERÃO 2027,Macacões,https://www.intibrand.com/produto/macacao-orpheus-off-white-4455,https://cdn.vnda.com.br/intibrand/2025/02/03/16_15_56_304_16_2_4_414_macacc383o20orpheus20offwhite20frente202201.jpg?v=1738610156,2026-08-24T17:28:30.310313-03:00,,unknown_not_observed_per_size
227,4455,Macacão Orpheus Off-White,Macacão Orpheus Off-White,Off White,42,True,VERÃO 2027,Macacões,https://www.intibrand.com/produto/macacao-orpheus-off-white-4455,https://cdn.vnda.com.br/intibrand/2025/02/03/16_15_56_304_16_2_4_414_macacc383o20orpheus20offwhite20frente202201.jpg?v=1738610156,2026-08-24T17:28:30.310313-03:00,,unknown_not_observed_per_size
226,4457,Macacão Orpheus,Macacão Orpheus Vermelho,Vermelho,36,True,VERÃO 2027,Macacões,https://www.intibrand.com/produto/macacao-orpheus-vermelho-4457,https://cdn.vnda.com.br/intibrand/2025/02/03/16_14_33_304_16_2_6_684_macacc383o20orpheus2020vermelho20frente201.jpg?v=1738610073,2026-08-24T17:28:30.310313-03:00,,unknown_not_observed_per_size
226,4457,Macacão Orpheus,Macacão Orpheus Vermelho,Vermelho,38,True,VERÃO 2027,Macacões,https://www.intibrand.com/produto/macacao-orpheus-vermelho-4457,https://cdn.vnda.com.br/intibrand/2025/02/03/16_14_33_304_16_2_6_684_macacc383o20orpheus2020vermelho20frente201.jpg?v=1738610073,2026-08-24T17:28:30.310313-03:00,,unknown_not_observed_per_size
226,4457,Macacão Orpheus,Macacão Orpheus Vermelho,Vermelho,40,True,VERÃO 2027,Macacões,https://www.intibrand.com/produto/macacao-orpheus-vermelho-4457,https://cdn.vnda.com.br/intibrand/2025/02/03/16_14_33_304_16_2_6_684_macacc383o20orpheus2020vermelho20frente201.jpg?v=1738610073,2026-08-24T17:28:30.310313-03:00,,unknown_not_observed_per_size
226,4457,Macacão Orpheus,Macacão Orpheus Vermelho,Vermelho,42,True,VERÃO 2027,Macacões,https://www.intibrand.com/produto/macacao-orpheus-vermelho-4457,https://cdn.vnda.com.br/intibrand/2025/02/03/16_14_33_304_16_2_6_684_macacc383o20orpheus2020vermelho20frente201.jpg?v=1738610073,2026-08-24T17:28:30.310313-03:00,,unknown_not_observed_per_size
228,4646,Macacão Rith,Macacão Rith Avelã,Avelã,36,True,VERÃO 2027,Macacões,https://www.intibrand.com/produto/macacao-rith-avela-4646,https://cdn.vnda.com.br/intibrand/2025/09/24/14_04_05_918_macac-c3-83o-20rith-20avel-c3-83-20frente-14090770.jpg?v=1758733453,2026-08-24T17:28:30.310313-03:00,,unknown_not_observed_per_size
228,4646,Macacão Rith,Macacão Rith Avelã,Avelã,38,True,VERÃO 2027,Macacões,https://www.intibrand.com/produto/macacao-rith-avela-4646,https://cdn.vnda.com.br/intibrand/2025/09/24/14_04_05_918_macac-c3-83o-20rith-20avel-c3-83-20frente-14090770.jpg?v=1758733453,2026-08-24T17:28:30.310313-03:00,,unknown_not_observed_per_size
228,4646,Macacão Rith,Macacão Rith Avelã,Avelã,40,True,VERÃO 2027,Macacões,https://www.intibrand.com/produto/macacao-rith-avela-4646,https://cdn.vnda.com.br/intibrand/2025/09/24/14_04_05_918_macac-c3-83o-20rith-20avel-c3-83-20frente-14090770.jpg?v=1758733453,2026-08-24T17:28:30.310313-03:00,,unknown_not_observed_per_size
228,4646,Macacão Rith,Macacão Rith Avelã,Avelã,42,True,VERÃO 2027,Macacões,https://www.intibrand.com/produto/macacao-rith-avela-4646,https://cdn.vnda.com.br/intibrand/2025/09/24/14_04_05_918_macac-c3-83o-20rith-20avel-c3-83-20frente-14090770.jpg?v=1758733453,2026-08-24T17:28:30.310313-03:00,,unknown_not_observed_per_size
229,4644,Macacão Rith Off-White,Macacão Rith Off-White,Off White,36,True,VERÃO 2027,Macacões,https://www.intibrand.com/produto/macacao-rith-off-white-4644,https://cdn.vnda.com.br/intibrand/2025/09/24/14_05_47_95_macac-c3-83o-20rith-20off-white-20zoom-20frente-14093080.jpg?v=1758733547,2026-08-24T17:28:30.310313-03:00,,unknown_not_observed_per_size
229,4644,Macacão Rith Off-White,Macacão Rith Off-White,Off White,38,True,VERÃO 2027,Macacões,https://www.intibrand.com/produto/macacao-rith-off-white-4644,https://cdn.vnda.com.br/intibrand/2025/09/24/14_05_47_95_macac-c3-83o-20rith-20off-white-20zoom-20frente-14093080.jpg?v=1758733547,2026-08-24T17:28:30.310313-03:00,,unknown_not_observed_per_size
229,4644,Macacão Rith Off-White,Macacão Rith Off-White,Off White,40,True,VERÃO 2027,Macacões,https://www.intibrand.com/produto/macacao-rith-off-white-4644,https://cdn.vnda.com.br/intibrand/2025/09/24/14_05_47_95_macac-c3-83o-20rith-20off-white-20zoom-20frente-14093080.jpg?v=1758733547,2026-08-24T17:28:30.310313-03:00,,unknown_not_observed_per_size
229,4644,Macacão Rith Off-White,Macacão Rith Off-White,Off White,42,True,VERÃO 2027,Macacões,https://www.intibrand.com/produto/macacao-rith-off-white-4644,https://cdn.vnda.com.br/intibrand/2025/09/24/14_05_47_95_macac-c3-83o-20rith-20off-white-20zoom-20frente-14093080.jpg?v=1758733547,2026-08-24T17:28:30.310313-03:00,,unknown_not_observed_per_size
228,4645,Macacão Rith,Macacão Rith Preto,Preto,36,True,VERÃO 2027,Macacões,https://www.intibrand.com/produto/macacao-rith-preto-4645,https://cdn.vnda.com.br/intibrand/2025/12/10/16_56_31_178_macac-c3-83o-20rith-20preto-20frent-16121720.jpg?v=1765396593,2026-08-24T17:28:30.310313-03:00,,unknown_not_observed_per_size
228,4645,Macacão Rith,Macacão Rith Preto,Preto,38,True,VERÃO 2027,Macacões,https://www.intibrand.com/produto/macacao-rith-preto-4645,https://cdn.vnda.com.br/intibrand/2025/12/10/16_56_31_178_macac-c3-83o-20rith-20preto-20frent-16121720.jpg?v=1765396593,2026-08-24T17:28:30.310313-03:00,,unknown_not_observed_per_size
228,4645,Macacão Rith,Macacão Rith Preto,Preto,40,True,VERÃO 2027,Macacões,https://www.intibrand.com/produto/macacao-rith-preto-4645,https://cdn.vnda.com.br/intibrand/2025/12/10/16_56_31_178_macac-c3-83o-20rith-20preto-20frent-16121720.jpg?v=1765396593,2026-08-24T17:28:30.310313-03:00,,unknown_not_observed_per_size
228,4645,Macacão Rith,Macacão Rith Preto,Preto,42,True,VERÃO 2027,Macacões,https://www.intibrand.com/produto/macacao-rith-preto-4645,https://cdn.vnda.com.br/intibrand/2025/12/10/16_56_31_178_macac-c3-83o-20rith-20preto-20frent-16121720.jpg?v=1765396593,2026-08-24T17:28:30.310313-03:00,,unknown_not_observed_per_size
231,4564,Macacão Sleuk Off-White,Macacão Sleuk Off-White,Off White,34,True,VERÃO 2027,Macacões,https://www.intibrand.com/produto/macacao-sleuk-off-white-4564,https://cdn.vnda.com.br/intibrand/2025/08/21/15_39_10_809_macac-c3-83o-20sleuk-20off-white-20frente-15081420.jpg?v=1755801575,2026-08-24T17:28:30.310313-03:00,,unknown_not_observed_per_size
231,4564,Macacão Sleuk Off-White,Macacão Sleuk Off-White,Off White,36,True,VERÃO 2027,Macacões,https://www.intibrand.com/produto/macacao-sleuk-off-white-4564,https://cdn.vnda.com.br/intibrand/2025/08/21/15_39_10_809_macac-c3-83o-20sleuk-20off-white-20frente-15081420.jpg?v=1755801575,2026-08-24T17:28:30.310313-03:00,,unknown_not_observed_per_size
231,4564,Macacão Sleuk Off-White,Macacão Sleuk Off-White,Off White,38,True,VERÃO 2027,Macacões,https://www.intibrand.com/produto/macacao-sleuk-off-white-4564,https://cdn.vnda.com.br/intibrand/2025/08/21/15_39_10_809_macac-c3-83o-20sleuk-20off-white-20frente-15081420.jpg?v=1755801575,2026-08-24T17:28:30.310313-03:00,,unknown_not_observed_per_size
231,4564,Macacão Sleuk Off-White,Macacão Sleuk Off-White,Off White,40,True,VERÃO 2027,Macacões,https://www.intibrand.com/produto/macacao-sleuk-off-white-4564,https://cdn.vnda.com.br/intibrand/2025/08/21/15_39_10_809_macac-c3-83o-20sleuk-20off-white-20frente-15081420.jpg?v=1755801575,2026-08-24T17:28:30.310313-03:00,,unknown_not_observed_per_size
231,4564,Macacão Sleuk Off-White,Macacão Sleuk Off-White,Off White,42,True,VERÃO 2027,Macacões,https://www.intibrand.com/produto/macacao-sleuk-off-white-4564,https://cdn.vnda.com.br/intibrand/2025/08/21/15_39_10_809_macac-c3-83o-20sleuk-20off-white-20frente-15081420.jpg?v=1755801575,2026-08-24T17:28:30.310313-03:00,,unknown_not_observed_per_size
230,4565,Macacão Sleuk,Macacão Sleuk Preto,Preto,34,True,VERÃO 2027,Macacões,https://www.intibrand.com/produto/macacao-sleuk-preto-4565,https://cdn.vnda.com.br/intibrand/2025/08/18/17_11_58_130_macac-c3-83o-20sleuk-20preto-20frente-20-1-17084240.jpg?v=1755547918,2026-08-24T17:28:30.310313-03:00,,unknown_not_observed_per_size
230,4565,Macacão Sleuk,Macacão Sleuk Preto,Preto,36,True,VERÃO 2027,Macacões,https://www.intibrand.com/produto/macacao-sleuk-preto-4565,https://cdn.vnda.com.br/intibrand/2025/08/18/17_11_58_130_macac-c3-83o-20sleuk-20preto-20frente-20-1-17084240.jpg?v=1755547918,2026-08-24T17:28:30.310313-03:00,,unknown_not_observed_per_size
230,4565,Macacão Sleuk,Macacão Sleuk Preto,Preto,38,True,VERÃO 2027,Macacões,https://www.intibrand.com/produto/macacao-sleuk-preto-4565,https://cdn.vnda.com.br/intibrand/2025/08/18/17_11_58_130_macac-c3-83o-20sleuk-20preto-20frente-20-1-17084240.jpg?v=1755547918,2026-08-24T17:28:30.310313-03:00,,unknown_not_observed_per_size
230,4565,Macacão Sleuk,Macacão Sleuk Preto,Preto,40,True,VERÃO 2027,Macacões,https://www.intibrand.com/produto/macacao-sleuk-preto-4565,https://cdn.vnda.com.br/intibrand/2025/08/18/17_11_58_130_macac-c3-83o-20sleuk-20preto-20frente-20-1-17084240.jpg?v=1755547918,2026-08-24T17:28:30.310313-03:00,,unknown_not_observed_per_size
230,4565,Macacão Sleuk,Macacão Sleuk Preto,Preto,42,True,VERÃO 2027,Macacões,https://www.intibrand.com/produto/macacao-sleuk-preto-4565,https://cdn.vnda.com.br/intibrand/2025/08/18/17_11_58_130_macac-c3-83o-20sleuk-20preto-20frente-20-1-17084240.jpg?v=1755547918,2026-08-24T17:28:30.310313-03:00,,unknown_not_observed_per_size
230,4566,Macacão Sleuk,Macacão Sleuk Vermelho,Vermelho,34,True,VERÃO 2027,Macacões,https://www.intibrand.com/produto/macacao-sleuk-vermelho-4566,https://cdn.vnda.com.br/intibrand/2025/08/18/17_14_13_946_macac-c3-83o-20sleuk-20vermelho-20frente-202-20-1-20-1-17083780.jpg?v=1757093135,2026-08-24T17:28:30.310313-03:00,,unknown_not_observed_per_size
230,4566,Macacão Sleuk,Macacão Sleuk Vermelho,Vermelho,36,True,VERÃO 2027,Macacões,https://www.intibrand.com/produto/macacao-sleuk-vermelho-4566,https://cdn.vnda.com.br/intibrand/2025/08/18/17_14_13_946_macac-c3-83o-20sleuk-20vermelho-20frente-202-20-1-20-1-17083780.jpg?v=1757093135,2026-08-24T17:28:30.310313-03:00,,unknown_not_observed_per_size
230,4566,Macacão Sleuk,Macacão Sleuk Vermelho,Vermelho,38,True,VERÃO 2027,Macacões,https://www.intibrand.com/produto/macacao-sleuk-vermelho-4566,https://cdn.vnda.com.br/intibrand/2025/08/18/17_14_13_946_macac-c3-83o-20sleuk-20vermelho-20frente-202-20-1-20-1-17083780.jpg?v=1757093135,2026-08-24T17:28:30.310313-03:00,,unknown_not_observed_per_size
230,4566,Macacão Sleuk,Macacão Sleuk Vermelho,Vermelho,40,True,VERÃO 2027,Macacões,https://www.intibrand.com/produto/macacao-sleuk-vermelho-4566,https://cdn.vnda.com.br/intibrand/2025/08/18/17_14_13_946_macac-c3-83o-20sleuk-20vermelho-20frente-202-20-1-20-1-17083780.jpg?v=1757093135,2026-08-24T17:28:30.310313-03:00,,unknown_not_observed_per_size
230,4566,Macacão Sleuk,Macacão Sleuk Vermelho,Vermelho,42,True,VERÃO 2027,Macacões,https://www.intibrand.com/produto/macacao-sleuk-vermelho-4566,https://cdn.vnda.com.br/intibrand/2025/08/18/17_14_13_946_macac-c3-83o-20sleuk-20vermelho-20frente-202-20-1-20-1-17083780.jpg?v=1757093135,2026-08-24T17:28:30.310313-03:00,,unknown_not_observed_per_size
232,4367,Macacão Zander Off-White,Macacão Zander Off-White,Off White,34,True,VERÃO 2027,Macacões,https://www.intibrand.com/produto/macacao-zander-off-white-4367,https://cdn.vnda.com.br/intibrand/2025/01/23/14_52_44_452_14_1_6_648_macacc383o20zander20offwhite20frente203.jpg?v=1737654776,2026-08-24T17:28:30.310313-03:00,,unknown_not_observed_per_size
232,4367,Macacão Zander Off-White,Macacão Zander Off-White,Off White,36,True,VERÃO 2027,Macacões,https://www.intibrand.com/produto/macacao-zander-off-white-4367,https://cdn.vnda.com.br/intibrand/2025/01/23/14_52_44_452_14_1_6_648_macacc383o20zander20offwhite20frente203.jpg?v=1737654776,2026-08-24T17:28:30.310313-03:00,,unknown_not_observed_per_size
232,4367,Macacão Zander Off-White,Macacão Zander Off-White,Off White,38,True,VERÃO 2027,Macacões,https://www.intibrand.com/produto/macacao-zander-off-white-4367,https://cdn.vnda.com.br/intibrand/2025/01/23/14_52_44_452_14_1_6_648_macacc383o20zander20offwhite20frente203.jpg?v=1737654776,2026-08-24T17:28:30.310313-03:00,,unknown_not_observed_per_size
232,4367,Macacão Zander Off-White,Macacão Zander Off-White,Off White,40,True,VERÃO 2027,Macacões,https://www.intibrand.com/produto/macacao-zander-off-white-4367,https://cdn.vnda.com.br/intibrand/2025/01/23/14_52_44_452_14_1_6_648_macacc383o20zander20offwhite20frente203.jpg?v=1737654776,2026-08-24T17:28:30.310313-03:00,,unknown_not_observed_per_size
232,4367,Macacão Zander Off-White,Macacão Zander Off-White,Off White,42,True,VERÃO 2027,Macacões,https://www.intibrand.com/produto/macacao-zander-off-white-4367,https://cdn.vnda.com.br/intibrand/2025/01/23/14_52_44_452_14_1_6_648_macacc383o20zander20offwhite20frente203.jpg?v=1737654776,2026-08-24T17:28:30.310313-03:00,,unknown_not_observed_per_size
233,4652,Macaquinho Evans,Macaquinho Evans Bege,Bege,36,True,VERÃO 2027,,https://www.intibrand.com/produto/macaquinho-evans-bege-4652,https://cdn.vnda.com.br/intibrand/2025/09/24/14_47_38_579_macaquinho-20evans-20bege-20frente-20-1-14098000.jpg?v=1758736058,2026-08-24T17:28:30.310313-03:00,,unknown_not_observed_per_size
233,4652,Macaquinho Evans,Macaquinho Evans Bege,Bege,38,True,VERÃO 2027,,https://www.intibrand.com/produto/macaquinho-evans-bege-4652,https://cdn.vnda.com.br/intibrand/2025/09/24/14_47_38_579_macaquinho-20evans-20bege-20frente-20-1-14098000.jpg?v=1758736058,2026-08-24T17:28:30.310313-03:00,,unknown_not_observed_per_size
233,4652,Macaquinho Evans,Macaquinho Evans Bege,Bege,40,True,VERÃO 2027,,https://www.intibrand.com/produto/macaquinho-evans-bege-4652,https://cdn.vnda.com.br/intibrand/2025/09/24/14_47_38_579_macaquinho-20evans-20bege-20frente-20-1-14098000.jpg?v=1758736058,2026-08-24T17:28:30.310313-03:00,,unknown_not_observed_per_size
233,4652,Macaquinho Evans,Macaquinho Evans Bege,Bege,42,True,VERÃO 2027,,https://www.intibrand.com/produto/macaquinho-evans-bege-4652,https://cdn.vnda.com.br/intibrand/2025/09/24/14_47_38_579_macaquinho-20evans-20bege-20frente-20-1-14098000.jpg?v=1758736058,2026-08-24T17:28:30.310313-03:00,,unknown_not_observed_per_size
233,4651,Macaquinho Evans,Macaquinho Evans Preto,Preto,36,True,VERÃO 2027,,https://www.intibrand.com/produto/macaquinho-evans-preto-4651,https://cdn.vnda.com.br/intibrand/2025/09/24/14_48_55_479_macaquinho-20evans-20preto-20frente-202-20-1-14096170.jpg?v=1758736144,2026-08-24T17:28:30.310313-03:00,,unknown_not_observed_per_size
233,4651,Macaquinho Evans,Macaquinho Evans Preto,Preto,38,True,VERÃO 2027,,https://www.intibrand.com/produto/macaquinho-evans-preto-4651,https://cdn.vnda.com.br/intibrand/2025/09/24/14_48_55_479_macaquinho-20evans-20preto-20frente-202-20-1-14096170.jpg?v=1758736144,2026-08-24T17:28:30.310313-03:00,,unknown_not_observed_per_size
233,4651,Macaquinho Evans,Macaquinho Evans Preto,Preto,40,True,VERÃO 2027,,https://www.intibrand.com/produto/macaquinho-evans-preto-4651,https://cdn.vnda.com.br/intibrand/2025/09/24/14_48_55_479_macaquinho-20evans-20preto-20frente-202-20-1-14096170.jpg?v=1758736144,2026-08-24T17:28:30.310313-03:00,,unknown_not_observed_per_size
233,4651,Macaquinho Evans,Macaquinho Evans Preto,Preto,42,True,VERÃO 2027,,https://www.intibrand.com/produto/macaquinho-evans-preto-4651,https://cdn.vnda.com.br/intibrand/2025/09/24/14_48_55_479_macaquinho-20evans-20preto-20frente-202-20-1-14096170.jpg?v=1758736144,2026-08-24T17:28:30.310313-03:00,,unknown_not_observed_per_size
234,4580,Macaquinho Linho Tau,Macaquinho Linho Tau Bege,Bege,36,True,VERÃO 2027,,https://www.intibrand.com/produto/macaquinho-linho-tau-bege-4580,https://cdn.vnda.com.br/intibrand/2025/08/21/19_00_38_959_macaquinho-20tau-20bege-20zoom-20medio-20-1-20-1-19081390.jpg?v=1755813669,2026-08-24T17:28:30.310313-03:00,,unknown_not_observed_per_size
234,4580,Macaquinho Linho Tau,Macaquinho Linho Tau Bege,Bege,38,True,VERÃO 2027,,https://www.intibrand.com/produto/macaquinho-linho-tau-bege-4580,https://cdn.vnda.com.br/intibrand/2025/08/21/19_00_38_959_macaquinho-20tau-20bege-20zoom-20medio-20-1-20-1-19081390.jpg?v=1755813669,2026-08-24T17:28:30.310313-03:00,,unknown_not_observed_per_size
234,4580,Macaquinho Linho Tau,Macaquinho Linho Tau Bege,Bege,40,True,VERÃO 2027,,https://www.intibrand.com/produto/macaquinho-linho-tau-bege-4580,https://cdn.vnda.com.br/intibrand/2025/08/21/19_00_38_959_macaquinho-20tau-20bege-20zoom-20medio-20-1-20-1-19081390.jpg?v=1755813669,2026-08-24T17:28:30.310313-03:00,,unknown_not_observed_per_size
234,4580,Macaquinho Linho Tau,Macaquinho Linho Tau Bege,Bege,42,True,VERÃO 2027,,https://www.intibrand.com/produto/macaquinho-linho-tau-bege-4580,https://cdn.vnda.com.br/intibrand/2025/08/21/19_00_38_959_macaquinho-20tau-20bege-20zoom-20medio-20-1-20-1-19081390.jpg?v=1755813669,2026-08-24T17:28:30.310313-03:00,,unknown_not_observed_per_size
235,4578,Macaquinho Linho Tau Off-White,Macaquinho Linho Tau Off-White,Off White,36,True,VERÃO 2027,,https://www.intibrand.com/produto/macaquinho-linho-tau-off-white-4578,https://cdn.vnda.com.br/intibrand/2025/08/21/19_04_38_757_macaquinho-20tau-20off-white-20frente-201-20-1-20-1-19083300.jpg?v=1755813878,2026-08-24T17:28:30.310313-03:00,,unknown_not_observed_per_size
235,4578,Macaquinho Linho Tau Off-White,Macaquinho Linho Tau Off-White,Off White,38,True,VERÃO 2027,,https://www.intibrand.com/produto/macaquinho-linho-tau-off-white-4578,https://cdn.vnda.com.br/intibrand/2025/08/21/19_04_38_757_macaquinho-20tau-20off-white-20frente-201-20-1-20-1-19083300.jpg?v=1755813878,2026-08-24T17:28:30.310313-03:00,,unknown_not_observed_per_size
235,4578,Macaquinho Linho Tau Off-White,Macaquinho Linho Tau Off-White,Off White,40,True,VERÃO 2027,,https://www.intibrand.com/produto/macaquinho-linho-tau-off-white-4578,https://cdn.vnda.com.br/intibrand/2025/08/21/19_04_38_757_macaquinho-20tau-20off-white-20frente-201-20-1-20-1-19083300.jpg?v=1755813878,2026-08-24T17:28:30.310313-03:00,,unknown_not_observed_per_size
235,4578,Macaquinho Linho Tau Off-White,Macaquinho Linho Tau Off-White,Off White,42,True,VERÃO 2027,,https://www.intibrand.com/produto/macaquinho-linho-tau-off-white-4578,https://cdn.vnda.com.br/intibrand/2025/08/21/19_04_38_757_macaquinho-20tau-20off-white-20frente-201-20-1-20-1-19083300.jpg?v=1755813878,2026-08-24T17:28:30.310313-03:00,,unknown_not_observed_per_size
234,4579,Macaquinho Linho Tau,Macaquinho Linho Tau Preto,Preto,36,True,VERÃO 2027,,https://www.intibrand.com/produto/macaquinho-linho-tau-preto-4579,https://cdn.vnda.com.br/intibrand/2025/08/21/19_02_43_307_macaquinho-20linho-20tau-20preto-20zoom-20medio-20-1-20-1-19087140.jpg?v=1755813769,2026-08-24T17:28:30.310313-03:00,,unknown_not_observed_per_size
234,4579,Macaquinho Linho Tau,Macaquinho Linho Tau Preto,Preto,38,True,VERÃO 2027,,https://www.intibrand.com/produto/macaquinho-linho-tau-preto-4579,https://cdn.vnda.com.br/intibrand/2025/08/21/19_02_43_307_macaquinho-20linho-20tau-20preto-20zoom-20medio-20-1-20-1-19087140.jpg?v=1755813769,2026-08-24T17:28:30.310313-03:00,,unknown_not_observed_per_size
234,4579,Macaquinho Linho Tau,Macaquinho Linho Tau Preto,Preto,40,True,VERÃO 2027,,https://www.intibrand.com/produto/macaquinho-linho-tau-preto-4579,https://cdn.vnda.com.br/intibrand/2025/08/21/19_02_43_307_macaquinho-20linho-20tau-20preto-20zoom-20medio-20-1-20-1-19087140.jpg?v=1755813769,2026-08-24T17:28:30.310313-03:00,,unknown_not_observed_per_size
234,4579,Macaquinho Linho Tau,Macaquinho Linho Tau Preto,Preto,42,True,VERÃO 2027,,https://www.intibrand.com/produto/macaquinho-linho-tau-preto-4579,https://cdn.vnda.com.br/intibrand/2025/08/21/19_02_43_307_macaquinho-20linho-20tau-20preto-20zoom-20medio-20-1-20-1-19087140.jpg?v=1755813769,2026-08-24T17:28:30.310313-03:00,,unknown_not_observed_per_size
236,4567,Macaquinho Martin Off-White,Macaquinho Martin Off-White,Off White,36,True,VERÃO 2027,,https://www.intibrand.com/produto/macaquinho-martin-off-white-4567,https://cdn.vnda.com.br/intibrand/2025/09/26/12_02_54_263_macaquinho-20martin-20off-white-20lado-20-2-12098270.jpg?v=1758898982,2026-08-24T17:28:30.310313-03:00,,unknown_not_observed_per_size
236,4567,Macaquinho Martin Off-White,Macaquinho Martin Off-White,Off White,38,True,VERÃO 2027,,https://www.intibrand.com/produto/macaquinho-martin-off-white-4567,https://cdn.vnda.com.br/intibrand/2025/09/26/12_02_54_263_macaquinho-20martin-20off-white-20lado-20-2-12098270.jpg?v=1758898982,2026-08-24T17:28:30.310313-03:00,,unknown_not_observed_per_size
236,4567,Macaquinho Martin Off-White,Macaquinho Martin Off-White,Off White,40,True,VERÃO 2027,,https://www.intibrand.com/produto/macaquinho-martin-off-white-4567,https://cdn.vnda.com.br/intibrand/2025/09/26/12_02_54_263_macaquinho-20martin-20off-white-20lado-20-2-12098270.jpg?v=1758898982,2026-08-24T17:28:30.310313-03:00,,unknown_not_observed_per_size
236,4567,Macaquinho Martin Off-White,Macaquinho Martin Off-White,Off White,42,True,VERÃO 2027,,https://www.intibrand.com/produto/macaquinho-martin-off-white-4567,https://cdn.vnda.com.br/intibrand/2025/09/26/12_02_54_263_macaquinho-20martin-20off-white-20lado-20-2-12098270.jpg?v=1758898982,2026-08-24T17:28:30.310313-03:00,,unknown_not_observed_per_size
237,4479,Macaquinho Neil,Macaquinho Neil Preto,Preto,34,True,VERÃO 2027,,https://www.intibrand.com/produto/macaquinho-neil-preto-4479,https://cdn.vnda.com.br/intibrand/2025/02/04/18_09_09_408_18_2_6_670_macaquinho20neil20preto20zoom20aw25202.jpg?v=1738703355,2026-08-24T17:28:30.310313-03:00,,unknown_not_observed_per_size
237,4479,Macaquinho Neil,Macaquinho Neil Preto,Preto,36,True,VERÃO 2027,,https://www.intibrand.com/produto/macaquinho-neil-preto-4479,https://cdn.vnda.com.br/intibrand/2025/02/04/18_09_09_408_18_2_6_670_macaquinho20neil20preto20zoom20aw25202.jpg?v=1738703355,2026-08-24T17:28:30.310313-03:00,,unknown_not_observed_per_size
237,4479,Macaquinho Neil,Macaquinho Neil Preto,Preto,38,True,VERÃO 2027,,https://www.intibrand.com/produto/macaquinho-neil-preto-4479,https://cdn.vnda.com.br/intibrand/2025/02/04/18_09_09_408_18_2_6_670_macaquinho20neil20preto20zoom20aw25202.jpg?v=1738703355,2026-08-24T17:28:30.310313-03:00,,unknown_not_observed_per_size
237,4479,Macaquinho Neil,Macaquinho Neil Preto,Preto,40,True,VERÃO 2027,,https://www.intibrand.com/produto/macaquinho-neil-preto-4479,https://cdn.vnda.com.br/intibrand/2025/02/04/18_09_09_408_18_2_6_670_macaquinho20neil20preto20zoom20aw25202.jpg?v=1738703355,2026-08-24T17:28:30.310313-03:00,,unknown_not_observed_per_size
237,4479,Macaquinho Neil,Macaquinho Neil Preto,Preto,42,True,VERÃO 2027,,https://www.intibrand.com/produto/macaquinho-neil-preto-4479,https://cdn.vnda.com.br/intibrand/2025/02/04/18_09_09_408_18_2_6_670_macaquinho20neil20preto20zoom20aw25202.jpg?v=1738703355,2026-08-24T17:28:30.310313-03:00,,unknown_not_observed_per_size
237,4479,Macaquinho Neil,Macaquinho Neil Preto,Preto,44,True,VERÃO 2027,,https://www.intibrand.com/produto/macaquinho-neil-preto-4479,https://cdn.vnda.com.br/intibrand/2025/02/04/18_09_09_408_18_2_6_670_macaquinho20neil20preto20zoom20aw25202.jpg?v=1738703355,2026-08-24T17:28:30.310313-03:00,,unknown_not_observed_per_size
239,4801,Pantalona Braxton Off-White,Pantalona Braxton Off-White,Off White,34,True,VERÃO 2027,Calças,https://www.intibrand.com/produto/pantalona-braxton-off-white-4801,https://cdn.vnda.com.br/intibrand/2026/03/04/16_40_49_969_body-20emma-20off-white-20-2b-20pantalona-20braxton-20off-white-20frente-201-16036670.jpg?v=1772653254,2026-08-24T17:28:30.310313-03:00,,unknown_not_observed_per_size
239,4801,Pantalona Braxton Off-White,Pantalona Braxton Off-White,Off White,36,True,VERÃO 2027,Calças,https://www.intibrand.com/produto/pantalona-braxton-off-white-4801,https://cdn.vnda.com.br/intibrand/2026/03/04/16_40_49_969_body-20emma-20off-white-20-2b-20pantalona-20braxton-20off-white-20frente-201-16036670.jpg?v=1772653254,2026-08-24T17:28:30.310313-03:00,,unknown_not_observed_per_size
239,4801,Pantalona Braxton Off-White,Pantalona Braxton Off-White,Off White,38,True,VERÃO 2027,Calças,https://www.intibrand.com/produto/pantalona-braxton-off-white-4801,https://cdn.vnda.com.br/intibrand/2026/03/04/16_40_49_969_body-20emma-20off-white-20-2b-20pantalona-20braxton-20off-white-20frente-201-16036670.jpg?v=1772653254,2026-08-24T17:28:30.310313-03:00,,unknown_not_observed_per_size
239,4801,Pantalona Braxton Off-White,Pantalona Braxton Off-White,Off White,40,True,VERÃO 2027,Calças,https://www.intibrand.com/produto/pantalona-braxton-off-white-4801,https://cdn.vnda.com.br/intibrand/2026/03/04/16_40_49_969_body-20emma-20off-white-20-2b-20pantalona-20braxton-20off-white-20frente-201-16036670.jpg?v=1772653254,2026-08-24T17:28:30.310313-03:00,,unknown_not_observed_per_size
239,4801,Pantalona Braxton Off-White,Pantalona Braxton Off-White,Off White,42,True,VERÃO 2027,Calças,https://www.intibrand.com/produto/pantalona-braxton-off-white-4801,https://cdn.vnda.com.br/intibrand/2026/03/04/16_40_49_969_body-20emma-20off-white-20-2b-20pantalona-20braxton-20off-white-20frente-201-16036670.jpg?v=1772653254,2026-08-24T17:28:30.310313-03:00,,unknown_not_observed_per_size
238,4802,Pantalona Braxton,Pantalona Braxton Preto,Preto,34,True,VERÃO 2027,Calças,https://www.intibrand.com/produto/pantalona-braxton-preto-4802,https://cdn.vnda.com.br/intibrand/2026/03/09/13_43_11_757_body-20emma-20preto-20-2b-20pantalona-20braxton-20preta-20frente-20-3-13036300.jpg?v=1773074602,2026-08-24T17:28:30.310313-03:00,,unknown_not_observed_per_size
238,4802,Pantalona Braxton,Pantalona Braxton Preto,Preto,36,True,VERÃO 2027,Calças,https://www.intibrand.com/produto/pantalona-braxton-preto-4802,https://cdn.vnda.com.br/intibrand/2026/03/09/13_43_11_757_body-20emma-20preto-20-2b-20pantalona-20braxton-20preta-20frente-20-3-13036300.jpg?v=1773074602,2026-08-24T17:28:30.310313-03:00,,unknown_not_observed_per_size
238,4802,Pantalona Braxton,Pantalona Braxton Preto,Preto,38,True,VERÃO 2027,Calças,https://www.intibrand.com/produto/pantalona-braxton-preto-4802,https://cdn.vnda.com.br/intibrand/2026/03/09/13_43_11_757_body-20emma-20preto-20-2b-20pantalona-20braxton-20preta-20frente-20-3-13036300.jpg?v=1773074602,2026-08-24T17:28:30.310313-03:00,,unknown_not_observed_per_size
238,4802,Pantalona Braxton,Pantalona Braxton Preto,Preto,40,True,VERÃO 2027,Calças,https://www.intibrand.com/produto/pantalona-braxton-preto-4802,https://cdn.vnda.com.br/intibrand/2026/03/09/13_43_11_757_body-20emma-20preto-20-2b-20pantalona-20braxton-20preta-20frente-20-3-13036300.jpg?v=1773074602,2026-08-24T17:28:30.310313-03:00,,unknown_not_observed_per_size
238,4802,Pantalona Braxton,Pantalona Braxton Preto,Preto,42,True,VERÃO 2027,Calças,https://www.intibrand.com/produto/pantalona-braxton-preto-4802,https://cdn.vnda.com.br/intibrand/2026/03/09/13_43_11_757_body-20emma-20preto-20-2b-20pantalona-20braxton-20preta-20frente-20-3-13036300.jpg?v=1773074602,2026-08-24T17:28:30.310313-03:00,,unknown_not_observed_per_size
240,2095,Pantalona Flare Off-White,Pantalona Flare Off-White,Off White,34,True,VERÃO 2027,Calças,https://www.intibrand.com/produto/pantalona-flare-off-white-2095,https://cdn.vnda.com.br/intibrand/2026/08/19/15_57_39_88_body-20manon-20off-white-20-2b-20pantalona-20flare-20off-white-20zoom-202-20-15087340.jpg?v=1787165864,2026-08-24T17:28:30.310313-03:00,,unknown_not_observed_per_size
240,2095,Pantalona Flare Off-White,Pantalona Flare Off-White,Off White,36,True,VERÃO 2027,Calças,https://www.intibrand.com/produto/pantalona-flare-off-white-2095,https://cdn.vnda.com.br/intibrand/2026/08/19/15_57_39_88_body-20manon-20off-white-20-2b-20pantalona-20flare-20off-white-20zoom-202-20-15087340.jpg?v=1787165864,2026-08-24T17:28:30.310313-03:00,,unknown_not_observed_per_size
240,2095,Pantalona Flare Off-White,Pantalona Flare Off-White,Off White,38,True,VERÃO 2027,Calças,https://www.intibrand.com/produto/pantalona-flare-off-white-2095,https://cdn.vnda.com.br/intibrand/2026/08/19/15_57_39_88_body-20manon-20off-white-20-2b-20pantalona-20flare-20off-white-20zoom-202-20-15087340.jpg?v=1787165864,2026-08-24T17:28:30.310313-03:00,,unknown_not_observed_per_size
240,2095,Pantalona Flare Off-White,Pantalona Flare Off-White,Off White,40,True,VERÃO 2027,Calças,https://www.intibrand.com/produto/pantalona-flare-off-white-2095,https://cdn.vnda.com.br/intibrand/2026/08/19/15_57_39_88_body-20manon-20off-white-20-2b-20pantalona-20flare-20off-white-20zoom-202-20-15087340.jpg?v=1787165864,2026-08-24T17:28:30.310313-03:00,,unknown_not_observed_per_size
240,2095,Pantalona Flare Off-White,Pantalona Flare Off-White,Off White,42,True,VERÃO 2027,Calças,https://www.intibrand.com/produto/pantalona-flare-off-white-2095,https://cdn.vnda.com.br/intibrand/2026/08/19/15_57_39_88_body-20manon-20off-white-20-2b-20pantalona-20flare-20off-white-20zoom-202-20-15087340.jpg?v=1787165864,2026-08-24T17:28:30.310313-03:00,,unknown_not_observed_per_size
240,2095,Pantalona Flare Off-White,Pantalona Flare Off-White,Off White,44,True,VERÃO 2027,Calças,https://www.intibrand.com/produto/pantalona-flare-off-white-2095,https://cdn.vnda.com.br/intibrand/2026/08/19/15_57_39_88_body-20manon-20off-white-20-2b-20pantalona-20flare-20off-white-20zoom-202-20-15087340.jpg?v=1787165864,2026-08-24T17:28:30.310313-03:00,,unknown_not_observed_per_size
241,2094,Pantalona Flare Preta,Pantalona Flare Preta,,34,True,VERÃO 2027,Calças,https://www.intibrand.com/produto/pantalona-flare-preta-2094,https://cdn.vnda.com.br/intibrand/2026/08/19/17_34_08_436_hf_20260819_203103_297d8b28-616c-449c-b773-e8a0f5e51919_easy-resize-com-17086040.jpg?v=1787171659,2026-08-24T17:28:30.310313-03:00,,unknown_not_observed_per_size
241,2094,Pantalona Flare Preta,Pantalona Flare Preta,,36,True,VERÃO 2027,Calças,https://www.intibrand.com/produto/pantalona-flare-preta-2094,https://cdn.vnda.com.br/intibrand/2026/08/19/17_34_08_436_hf_20260819_203103_297d8b28-616c-449c-b773-e8a0f5e51919_easy-resize-com-17086040.jpg?v=1787171659,2026-08-24T17:28:30.310313-03:00,,unknown_not_observed_per_size
241,2094,Pantalona Flare Preta,Pantalona Flare Preta,,38,True,VERÃO 2027,Calças,https://www.intibrand.com/produto/pantalona-flare-preta-2094,https://cdn.vnda.com.br/intibrand/2026/08/19/17_34_08_436_hf_20260819_203103_297d8b28-616c-449c-b773-e8a0f5e51919_easy-resize-com-17086040.jpg?v=1787171659,2026-08-24T17:28:30.310313-03:00,,unknown_not_observed_per_size
241,2094,Pantalona Flare Preta,Pantalona Flare Preta,,40,True,VERÃO 2027,Calças,https://www.intibrand.com/produto/pantalona-flare-preta-2094,https://cdn.vnda.com.br/intibrand/2026/08/19/17_34_08_436_hf_20260819_203103_297d8b28-616c-449c-b773-e8a0f5e51919_easy-resize-com-17086040.jpg?v=1787171659,2026-08-24T17:28:30.310313-03:00,,unknown_not_observed_per_size
241,2094,Pantalona Flare Preta,Pantalona Flare Preta,,42,True,VERÃO 2027,Calças,https://www.intibrand.com/produto/pantalona-flare-preta-2094,https://cdn.vnda.com.br/intibrand/2026/08/19/17_34_08_436_hf_20260819_203103_297d8b28-616c-449c-b773-e8a0f5e51919_easy-resize-com-17086040.jpg?v=1787171659,2026-08-24T17:28:30.310313-03:00,,unknown_not_observed_per_size
241,2094,Pantalona Flare Preta,Pantalona Flare Preta,,44,True,VERÃO 2027,Calças,https://www.intibrand.com/produto/pantalona-flare-preta-2094,https://cdn.vnda.com.br/intibrand/2026/08/19/17_34_08_436_hf_20260819_203103_297d8b28-616c-449c-b773-e8a0f5e51919_easy-resize-com-17086040.jpg?v=1787171659,2026-08-24T17:28:30.310313-03:00,,unknown_not_observed_per_size
242,4609,Pantalona Linho Abbie,Pantalona Linho Abbie Caramelo,Caramelo,36,True,VERÃO 2027,Calças,https://www.intibrand.com/produto/pantalona-linho-abbie-caramelo-4609,https://cdn.vnda.com.br/intibrand/2025/09/19/13_02_37_251_cropped-20linho-20brett-20caramelo-20-2b-20pantalona-20linho-20abbie-20caramelo-20frente-20-2-20-1-13098290.jpg?v=1758297757,2026-08-24T17:28:30.310313-03:00,,unknown_not_observed_per_size
242,4609,Pantalona Linho Abbie,Pantalona Linho Abbie Caramelo,Caramelo,38,True,VERÃO 2027,Calças,https://www.intibrand.com/produto/pantalona-linho-abbie-caramelo-4609,https://cdn.vnda.com.br/intibrand/2025/09/19/13_02_37_251_cropped-20linho-20brett-20caramelo-20-2b-20pantalona-20linho-20abbie-20caramelo-20frente-20-2-20-1-13098290.jpg?v=1758297757,2026-08-24T17:28:30.310313-03:00,,unknown_not_observed_per_size
242,4609,Pantalona Linho Abbie,Pantalona Linho Abbie Caramelo,Caramelo,40,True,VERÃO 2027,Calças,https://www.intibrand.com/produto/pantalona-linho-abbie-caramelo-4609,https://cdn.vnda.com.br/intibrand/2025/09/19/13_02_37_251_cropped-20linho-20brett-20caramelo-20-2b-20pantalona-20linho-20abbie-20caramelo-20frente-20-2-20-1-13098290.jpg?v=1758297757,2026-08-24T17:28:30.310313-03:00,,unknown_not_observed_per_size
242,4609,Pantalona Linho Abbie,Pantalona Linho Abbie Caramelo,Caramelo,42,True,VERÃO 2027,Calças,https://www.intibrand.com/produto/pantalona-linho-abbie-caramelo-4609,https://cdn.vnda.com.br/intibrand/2025/09/19/13_02_37_251_cropped-20linho-20brett-20caramelo-20-2b-20pantalona-20linho-20abbie-20caramelo-20frente-20-2-20-1-13098290.jpg?v=1758297757,2026-08-24T17:28:30.310313-03:00,,unknown_not_observed_per_size
243,4607,Pantalona Linho Abbie Off-White,Pantalona Linho Abbie Off-White,Off White,36,True,VERÃO 2027,Calças,https://www.intibrand.com/produto/pantalona-linho-abbie-off-white-4607,https://cdn.vnda.com.br/intibrand/2025/10/24/17_01_04_6_body-20heydar-20off-white-20-2b-20pantalona-20linho-20abbie-20off-white-20frente-20reedit-17103570.jpg?v=1761336067,2026-08-24T17:28:30.310313-03:00,,unknown_not_observed_per_size
243,4607,Pantalona Linho Abbie Off-White,Pantalona Linho Abbie Off-White,Off White,38,True,VERÃO 2027,Calças,https://www.intibrand.com/produto/pantalona-linho-abbie-off-white-4607,https://cdn.vnda.com.br/intibrand/2025/10/24/17_01_04_6_body-20heydar-20off-white-20-2b-20pantalona-20linho-20abbie-20off-white-20frente-20reedit-17103570.jpg?v=1761336067,2026-08-24T17:28:30.310313-03:00,,unknown_not_observed_per_size
243,4607,Pantalona Linho Abbie Off-White,Pantalona Linho Abbie Off-White,Off White,40,True,VERÃO 2027,Calças,https://www.intibrand.com/produto/pantalona-linho-abbie-off-white-4607,https://cdn.vnda.com.br/intibrand/2025/10/24/17_01_04_6_body-20heydar-20off-white-20-2b-20pantalona-20linho-20abbie-20off-white-20frente-20reedit-17103570.jpg?v=1761336067,2026-08-24T17:28:30.310313-03:00,,unknown_not_observed_per_size
243,4607,Pantalona Linho Abbie Off-White,Pantalona Linho Abbie Off-White,Off White,42,True,VERÃO 2027,Calças,https://www.intibrand.com/produto/pantalona-linho-abbie-off-white-4607,https://cdn.vnda.com.br/intibrand/2025/10/24/17_01_04_6_body-20heydar-20off-white-20-2b-20pantalona-20linho-20abbie-20off-white-20frente-20reedit-17103570.jpg?v=1761336067,2026-08-24T17:28:30.310313-03:00,,unknown_not_observed_per_size
242,4608,Pantalona Linho Abbie,Pantalona Linho Abbie Preto,Preto,36,True,VERÃO 2027,Calças,https://www.intibrand.com/produto/pantalona-linho-abbie-preto-4608,https://cdn.vnda.com.br/intibrand/2025/09/19/13_04_30_380_cropped-20linho-20brett-20preto-20-2b-20pantalona-20linho-20abbie-20preta-20frente-20-2-13095870.jpg?v=1758297876,2026-08-24T17:28:30.310313-03:00,,unknown_not_observed_per_size
242,4608,Pantalona Linho Abbie,Pantalona Linho Abbie Preto,Preto,38,True,VERÃO 2027,Calças,https://www.intibrand.com/produto/pantalona-linho-abbie-preto-4608,https://cdn.vnda.com.br/intibrand/2025/09/19/13_04_30_380_cropped-20linho-20brett-20preto-20-2b-20pantalona-20linho-20abbie-20preta-20frente-20-2-13095870.jpg?v=1758297876,2026-08-24T17:28:30.310313-03:00,,unknown_not_observed_per_size
242,4608,Pantalona Linho Abbie,Pantalona Linho Abbie Preto,Preto,40,True,VERÃO 2027,Calças,https://www.intibrand.com/produto/pantalona-linho-abbie-preto-4608,https://cdn.vnda.com.br/intibrand/2025/09/19/13_04_30_380_cropped-20linho-20brett-20preto-20-2b-20pantalona-20linho-20abbie-20preta-20frente-20-2-13095870.jpg?v=1758297876,2026-08-24T17:28:30.310313-03:00,,unknown_not_observed_per_size
242,4608,Pantalona Linho Abbie,Pantalona Linho Abbie Preto,Preto,42,True,VERÃO 2027,Calças,https://www.intibrand.com/produto/pantalona-linho-abbie-preto-4608,https://cdn.vnda.com.br/intibrand/2025/09/19/13_04_30_380_cropped-20linho-20brett-20preto-20-2b-20pantalona-20linho-20abbie-20preta-20frente-20-2-13095870.jpg?v=1758297876,2026-08-24T17:28:30.310313-03:00,,unknown_not_observed_per_size
244,4436,Pantalona Ozuna,Pantalona Ozuna Avelã,Avelã,36,True,VERÃO 2027,Calças,https://www.intibrand.com/produto/pantalona-ozuna-avela-4436,https://cdn.vnda.com.br/intibrand/2025/06/11/17_54_14_35_17_6_9_982_cropped20ophelia20avelc383202b20pantalona20ozuna20avelc3832020frente202.jpg?v=1749675273,2026-08-24T17:28:30.310313-03:00,,unknown_not_observed_per_size
244,4436,Pantalona Ozuna,Pantalona Ozuna Avelã,Avelã,38,True,VERÃO 2027,Calças,https://www.intibrand.com/produto/pantalona-ozuna-avela-4436,https://cdn.vnda.com.br/intibrand/2025/06/11/17_54_14_35_17_6_9_982_cropped20ophelia20avelc383202b20pantalona20ozuna20avelc3832020frente202.jpg?v=1749675273,2026-08-24T17:28:30.310313-03:00,,unknown_not_observed_per_size
244,4436,Pantalona Ozuna,Pantalona Ozuna Avelã,Avelã,40,True,VERÃO 2027,Calças,https://www.intibrand.com/produto/pantalona-ozuna-avela-4436,https://cdn.vnda.com.br/intibrand/2025/06/11/17_54_14_35_17_6_9_982_cropped20ophelia20avelc383202b20pantalona20ozuna20avelc3832020frente202.jpg?v=1749675273,2026-08-24T17:28:30.310313-03:00,,unknown_not_observed_per_size
244,4436,Pantalona Ozuna,Pantalona Ozuna Avelã,Avelã,42,True,VERÃO 2027,Calças,https://www.intibrand.com/produto/pantalona-ozuna-avela-4436,https://cdn.vnda.com.br/intibrand/2025/06/11/17_54_14_35_17_6_9_982_cropped20ophelia20avelc383202b20pantalona20ozuna20avelc3832020frente202.jpg?v=1749675273,2026-08-24T17:28:30.310313-03:00,,unknown_not_observed_per_size
245,4434,Pantalona Ozuna Off-White,Pantalona Ozuna Off-White,Off White,36,True,VERÃO 2027,Calças,https://www.intibrand.com/produto/pantalona-ozuna-off-white-4434,https://cdn.vnda.com.br/intibrand/2025/01/31/14_47_26_797_14_1_8_807_cropped20ophelia20offwhite202b20pantalona20ozuna20offwhite20frentpg.jpg?v=1738345660,2026-08-24T17:28:30.310313-03:00,,unknown_not_observed_per_size
245,4434,Pantalona Ozuna Off-White,Pantalona Ozuna Off-White,Off White,38,True,VERÃO 2027,Calças,https://www.intibrand.com/produto/pantalona-ozuna-off-white-4434,https://cdn.vnda.com.br/intibrand/2025/01/31/14_47_26_797_14_1_8_807_cropped20ophelia20offwhite202b20pantalona20ozuna20offwhite20frentpg.jpg?v=1738345660,2026-08-24T17:28:30.310313-03:00,,unknown_not_observed_per_size
245,4434,Pantalona Ozuna Off-White,Pantalona Ozuna Off-White,Off White,40,True,VERÃO 2027,Calças,https://www.intibrand.com/produto/pantalona-ozuna-off-white-4434,https://cdn.vnda.com.br/intibrand/2025/01/31/14_47_26_797_14_1_8_807_cropped20ophelia20offwhite202b20pantalona20ozuna20offwhite20frentpg.jpg?v=1738345660,2026-08-24T17:28:30.310313-03:00,,unknown_not_observed_per_size
245,4434,Pantalona Ozuna Off-White,Pantalona Ozuna Off-White,Off White,42,True,VERÃO 2027,Calças,https://www.intibrand.com/produto/pantalona-ozuna-off-white-4434,https://cdn.vnda.com.br/intibrand/2025/01/31/14_47_26_797_14_1_8_807_cropped20ophelia20offwhite202b20pantalona20ozuna20offwhite20frentpg.jpg?v=1738345660,2026-08-24T17:28:30.310313-03:00,,unknown_not_observed_per_size
244,4435,Pantalona Ozuna,Pantalona Ozuna Preto,Preto,36,True,VERÃO 2027,Calças,https://www.intibrand.com/produto/pantalona-ozuna-preto-4435,https://cdn.vnda.com.br/intibrand/2025/06/11/17_55_08_924_17_6_5_562_cropped20ophelia20preto202b20pantalona20ozuna20preta20frente.jpg?v=1749675313,2026-08-24T17:28:30.310313-03:00,,unknown_not_observed_per_size
244,4435,Pantalona Ozuna,Pantalona Ozuna Preto,Preto,38,True,VERÃO 2027,Calças,https://www.intibrand.com/produto/pantalona-ozuna-preto-4435,https://cdn.vnda.com.br/intibrand/2025/06/11/17_55_08_924_17_6_5_562_cropped20ophelia20preto202b20pantalona20ozuna20preta20frente.jpg?v=1749675313,2026-08-24T17:28:30.310313-03:00,,unknown_not_observed_per_size
244,4435,Pantalona Ozuna,Pantalona Ozuna Preto,Preto,40,True,VERÃO 2027,Calças,https://www.intibrand.com/produto/pantalona-ozuna-preto-4435,https://cdn.vnda.com.br/intibrand/2025/06/11/17_55_08_924_17_6_5_562_cropped20ophelia20preto202b20pantalona20ozuna20preta20frente.jpg?v=1749675313,2026-08-24T17:28:30.310313-03:00,,unknown_not_observed_per_size
244,4435,Pantalona Ozuna,Pantalona Ozuna Preto,Preto,42,True,VERÃO 2027,Calças,https://www.intibrand.com/produto/pantalona-ozuna-preto-4435,https://cdn.vnda.com.br/intibrand/2025/06/11/17_55_08_924_17_6_5_562_cropped20ophelia20preto202b20pantalona20ozuna20preta20frente.jpg?v=1749675313,2026-08-24T17:28:30.310313-03:00,,unknown_not_observed_per_size
246,3721,Pantalona Savoye,Pantalona Savoye Areia,Areia,36,True,VERÃO 2027,Calças,https://www.intibrand.com/produto/pantalona-savoye-areia-3721,https://cdn.vnda.com.br/intibrand/2023/04/11/10_4_3_365_BODY20CLAUDE20VERMELHO202B20PANTALONA20SAVOYE20AREIA20FRENTE.jpg?v=1681220859,2026-08-24T17:28:30.310313-03:00,,unknown_not_observed_per_size
246,3721,Pantalona Savoye,Pantalona Savoye Areia,Areia,38,True,VERÃO 2027,Calças,https://www.intibrand.com/produto/pantalona-savoye-areia-3721,https://cdn.vnda.com.br/intibrand/2023/04/11/10_4_3_365_BODY20CLAUDE20VERMELHO202B20PANTALONA20SAVOYE20AREIA20FRENTE.jpg?v=1681220859,2026-08-24T17:28:30.310313-03:00,,unknown_not_observed_per_size
246,3721,Pantalona Savoye,Pantalona Savoye Areia,Areia,40,True,VERÃO 2027,Calças,https://www.intibrand.com/produto/pantalona-savoye-areia-3721,https://cdn.vnda.com.br/intibrand/2023/04/11/10_4_3_365_BODY20CLAUDE20VERMELHO202B20PANTALONA20SAVOYE20AREIA20FRENTE.jpg?v=1681220859,2026-08-24T17:28:30.310313-03:00,,unknown_not_observed_per_size
246,3721,Pantalona Savoye,Pantalona Savoye Areia,Areia,42,True,VERÃO 2027,Calças,https://www.intibrand.com/produto/pantalona-savoye-areia-3721,https://cdn.vnda.com.br/intibrand/2023/04/11/10_4_3_365_BODY20CLAUDE20VERMELHO202B20PANTALONA20SAVOYE20AREIA20FRENTE.jpg?v=1681220859,2026-08-24T17:28:30.310313-03:00,,unknown_not_observed_per_size
246,3721,Pantalona Savoye,Pantalona Savoye Areia,Areia,44,True,VERÃO 2027,Calças,https://www.intibrand.com/produto/pantalona-savoye-areia-3721,https://cdn.vnda.com.br/intibrand/2023/04/11/10_4_3_365_BODY20CLAUDE20VERMELHO202B20PANTALONA20SAVOYE20AREIA20FRENTE.jpg?v=1681220859,2026-08-24T17:28:30.310313-03:00,,unknown_not_observed_per_size
246,4536,Pantalona Savoye,Pantalona Savoye Avelã,Avelã,36,True,VERÃO 2027,Calças,https://www.intibrand.com/produto/pantalona-savoye-avela-4536,https://cdn.vnda.com.br/intibrand/2025/07/11/11_02_13_579_11_7_7_764_cropped20ophelia20avelc383202b20pantalona20savoye20avelc38320frente.jpg?v=1752242541,2026-08-24T17:28:30.310313-03:00,,unknown_not_observed_per_size
246,4536,Pantalona Savoye,Pantalona Savoye Avelã,Avelã,38,True,VERÃO 2027,Calças,https://www.intibrand.com/produto/pantalona-savoye-avela-4536,https://cdn.vnda.com.br/intibrand/2025/07/11/11_02_13_579_11_7_7_764_cropped20ophelia20avelc383202b20pantalona20savoye20avelc38320frente.jpg?v=1752242541,2026-08-24T17:28:30.310313-03:00,,unknown_not_observed_per_size
246,4536,Pantalona Savoye,Pantalona Savoye Avelã,Avelã,40,True,VERÃO 2027,Calças,https://www.intibrand.com/produto/pantalona-savoye-avela-4536,https://cdn.vnda.com.br/intibrand/2025/07/11/11_02_13_579_11_7_7_764_cropped20ophelia20avelc383202b20pantalona20savoye20avelc38320frente.jpg?v=1752242541,2026-08-24T17:28:30.310313-03:00,,unknown_not_observed_per_size
246,4536,Pantalona Savoye,Pantalona Savoye Avelã,Avelã,42,True,VERÃO 2027,Calças,https://www.intibrand.com/produto/pantalona-savoye-avela-4536,https://cdn.vnda.com.br/intibrand/2025/07/11/11_02_13_579_11_7_7_764_cropped20ophelia20avelc383202b20pantalona20savoye20avelc38320frente.jpg?v=1752242541,2026-08-24T17:28:30.310313-03:00,,unknown_not_observed_per_size
247,2777,Pantalona Savoye Off-White,Pantalona Savoye Off-White,Off White,34,True,VERÃO 2027,Calças,https://www.intibrand.com/produto/pantalona-savoye-off-white-2777,https://cdn.vnda.com.br/intibrand/2026/08/19/12_00_51_583_cropped-20vegga-20off-white-20-2b-20pantalona-20savoye-20off-white-20-20c-20al-c3-87a-20-20s-20al-c3-87a-20-20frente-202-12083540.jpg?v=1787151740,2026-08-24T17:28:30.310313-03:00,,unknown_not_observed_per_size
247,2777,Pantalona Savoye Off-White,Pantalona Savoye Off-White,Off White,36,True,VERÃO 2027,Calças,https://www.intibrand.com/produto/pantalona-savoye-off-white-2777,https://cdn.vnda.com.br/intibrand/2026/08/19/12_00_51_583_cropped-20vegga-20off-white-20-2b-20pantalona-20savoye-20off-white-20-20c-20al-c3-87a-20-20s-20al-c3-87a-20-20frente-202-12083540.jpg?v=1787151740,2026-08-24T17:28:30.310313-03:00,,unknown_not_observed_per_size
247,2777,Pantalona Savoye Off-White,Pantalona Savoye Off-White,Off White,38,True,VERÃO 2027,Calças,https://www.intibrand.com/produto/pantalona-savoye-off-white-2777,https://cdn.vnda.com.br/intibrand/2026/08/19/12_00_51_583_cropped-20vegga-20off-white-20-2b-20pantalona-20savoye-20off-white-20-20c-20al-c3-87a-20-20s-20al-c3-87a-20-20frente-202-12083540.jpg?v=1787151740,2026-08-24T17:28:30.310313-03:00,,unknown_not_observed_per_size
247,2777,Pantalona Savoye Off-White,Pantalona Savoye Off-White,Off White,40,True,VERÃO 2027,Calças,https://www.intibrand.com/produto/pantalona-savoye-off-white-2777,https://cdn.vnda.com.br/intibrand/2026/08/19/12_00_51_583_cropped-20vegga-20off-white-20-2b-20pantalona-20savoye-20off-white-20-20c-20al-c3-87a-20-20s-20al-c3-87a-20-20frente-202-12083540.jpg?v=1787151740,2026-08-24T17:28:30.310313-03:00,,unknown_not_observed_per_size
247,2777,Pantalona Savoye Off-White,Pantalona Savoye Off-White,Off White,42,True,VERÃO 2027,Calças,https://www.intibrand.com/produto/pantalona-savoye-off-white-2777,https://cdn.vnda.com.br/intibrand/2026/08/19/12_00_51_583_cropped-20vegga-20off-white-20-2b-20pantalona-20savoye-20off-white-20-20c-20al-c3-87a-20-20s-20al-c3-87a-20-20frente-202-12083540.jpg?v=1787151740,2026-08-24T17:28:30.310313-03:00,,unknown_not_observed_per_size
247,2777,Pantalona Savoye Off-White,Pantalona Savoye Off-White,Off White,44,True,VERÃO 2027,Calças,https://www.intibrand.com/produto/pantalona-savoye-off-white-2777,https://cdn.vnda.com.br/intibrand/2026/08/19/12_00_51_583_cropped-20vegga-20off-white-20-2b-20pantalona-20savoye-20off-white-20-20c-20al-c3-87a-20-20s-20al-c3-87a-20-20frente-202-12083540.jpg?v=1787151740,2026-08-24T17:28:30.310313-03:00,,unknown_not_observed_per_size
248,2778,Pantalona Savoye Preta,Pantalona Savoye Preta,,34,True,VERÃO 2027,Calças,https://www.intibrand.com/produto/pantalona-savoye-preta-2778,https://cdn.vnda.com.br/intibrand/2026/08/19/12_21_57_325_gaby-20fotos-20-202026-08-19t122131-801-12085670.jpg?v=1787152921,2026-08-24T17:28:30.310313-03:00,,unknown_not_observed_per_size
248,2778,Pantalona Savoye Preta,Pantalona Savoye Preta,,36,True,VERÃO 2027,Calças,https://www.intibrand.com/produto/pantalona-savoye-preta-2778,https://cdn.vnda.com.br/intibrand/2026/08/19/12_21_57_325_gaby-20fotos-20-202026-08-19t122131-801-12085670.jpg?v=1787152921,2026-08-24T17:28:30.310313-03:00,,unknown_not_observed_per_size
248,2778,Pantalona Savoye Preta,Pantalona Savoye Preta,,38,True,VERÃO 2027,Calças,https://www.intibrand.com/produto/pantalona-savoye-preta-2778,https://cdn.vnda.com.br/intibrand/2026/08/19/12_21_57_325_gaby-20fotos-20-202026-08-19t122131-801-12085670.jpg?v=1787152921,2026-08-24T17:28:30.310313-03:00,,unknown_not_observed_per_size
248,2778,Pantalona Savoye Preta,Pantalona Savoye Preta,,40,True,VERÃO 2027,Calças,https://www.intibrand.com/produto/pantalona-savoye-preta-2778,https://cdn.vnda.com.br/intibrand/2026/08/19/12_21_57_325_gaby-20fotos-20-202026-08-19t122131-801-12085670.jpg?v=1787152921,2026-08-24T17:28:30.310313-03:00,,unknown_not_observed_per_size
248,2778,Pantalona Savoye Preta,Pantalona Savoye Preta,,42,True,VERÃO 2027,Calças,https://www.intibrand.com/produto/pantalona-savoye-preta-2778,https://cdn.vnda.com.br/intibrand/2026/08/19/12_21_57_325_gaby-20fotos-20-202026-08-19t122131-801-12085670.jpg?v=1787152921,2026-08-24T17:28:30.310313-03:00,,unknown_not_observed_per_size
248,2778,Pantalona Savoye Preta,Pantalona Savoye Preta,,44,True,VERÃO 2027,Calças,https://www.intibrand.com/produto/pantalona-savoye-preta-2778,https://cdn.vnda.com.br/intibrand/2026/08/19/12_21_57_325_gaby-20fotos-20-202026-08-19t122131-801-12085670.jpg?v=1787152921,2026-08-24T17:28:30.310313-03:00,,unknown_not_observed_per_size
249,3635,Pantalona Suytun Preta,Pantalona Suytun Preta,,36,True,VERÃO 2027,Calças,https://www.intibrand.com/produto/pantalona-suytun-preta-3635,https://cdn.vnda.com.br/intibrand/2025/03/19/14_33_46_939_14_3_3_372_corselet20cretan20preto202b20pantalona20suytun20preta20frente202.jpg?v=1742405630,2026-08-24T17:28:30.310313-03:00,,unknown_not_observed_per_size
249,3635,Pantalona Suytun Preta,Pantalona Suytun Preta,,38,True,VERÃO 2027,Calças,https://www.intibrand.com/produto/pantalona-suytun-preta-3635,https://cdn.vnda.com.br/intibrand/2025/03/19/14_33_46_939_14_3_3_372_corselet20cretan20preto202b20pantalona20suytun20preta20frente202.jpg?v=1742405630,2026-08-24T17:28:30.310313-03:00,,unknown_not_observed_per_size
249,3635,Pantalona Suytun Preta,Pantalona Suytun Preta,,40,True,VERÃO 2027,Calças,https://www.intibrand.com/produto/pantalona-suytun-preta-3635,https://cdn.vnda.com.br/intibrand/2025/03/19/14_33_46_939_14_3_3_372_corselet20cretan20preto202b20pantalona20suytun20preta20frente202.jpg?v=1742405630,2026-08-24T17:28:30.310313-03:00,,unknown_not_observed_per_size
249,3635,Pantalona Suytun Preta,Pantalona Suytun Preta,,42,True,VERÃO 2027,Calças,https://www.intibrand.com/produto/pantalona-suytun-preta-3635,https://cdn.vnda.com.br/intibrand/2025/03/19/14_33_46_939_14_3_3_372_corselet20cretan20preto202b20pantalona20suytun20preta20frente202.jpg?v=1742405630,2026-08-24T17:28:30.310313-03:00,,unknown_not_observed_per_size
249,3635,Pantalona Suytun Preta,Pantalona Suytun Preta,,44,True,VERÃO 2027,Calças,https://www.intibrand.com/produto/pantalona-suytun-preta-3635,https://cdn.vnda.com.br/intibrand/2025/03/19/14_33_46_939_14_3_3_372_corselet20cretan20preto202b20pantalona20suytun20preta20frente202.jpg?v=1742405630,2026-08-24T17:28:30.310313-03:00,,unknown_not_observed_per_size
250,4563,Pantalona Touret,Pantalona Touret Avelã,Avelã,36,True,VERÃO 2027,Calças,https://www.intibrand.com/produto/pantalona-touret-avela-4563,https://cdn.vnda.com.br/intibrand/2025/08/05/13_26_30_855_body-20otto-20off-white-20-2b-20pantalona-20touret-20avel-c3-83-20frente-20-2-20-1-13083040.jpg?v=1754411195,2026-08-24T17:28:30.310313-03:00,,unknown_not_observed_per_size
250,4563,Pantalona Touret,Pantalona Touret Avelã,Avelã,38,True,VERÃO 2027,Calças,https://www.intibrand.com/produto/pantalona-touret-avela-4563,https://cdn.vnda.com.br/intibrand/2025/08/05/13_26_30_855_body-20otto-20off-white-20-2b-20pantalona-20touret-20avel-c3-83-20frente-20-2-20-1-13083040.jpg?v=1754411195,2026-08-24T17:28:30.310313-03:00,,unknown_not_observed_per_size
250,4563,Pantalona Touret,Pantalona Touret Avelã,Avelã,40,True,VERÃO 2027,Calças,https://www.intibrand.com/produto/pantalona-touret-avela-4563,https://cdn.vnda.com.br/intibrand/2025/08/05/13_26_30_855_body-20otto-20off-white-20-2b-20pantalona-20touret-20avel-c3-83-20frente-20-2-20-1-13083040.jpg?v=1754411195,2026-08-24T17:28:30.310313-03:00,,unknown_not_observed_per_size
250,4563,Pantalona Touret,Pantalona Touret Avelã,Avelã,42,True,VERÃO 2027,Calças,https://www.intibrand.com/produto/pantalona-touret-avela-4563,https://cdn.vnda.com.br/intibrand/2025/08/05/13_26_30_855_body-20otto-20off-white-20-2b-20pantalona-20touret-20avel-c3-83-20frente-20-2-20-1-13083040.jpg?v=1754411195,2026-08-24T17:28:30.310313-03:00,,unknown_not_observed_per_size
251,4561,Pantalona Touret Off-White,Pantalona Touret Off-White,Off White,36,True,VERÃO 2027,Calças,https://www.intibrand.com/produto/pantalona-touret-off-white-4561,https://cdn.vnda.com.br/intibrand/2026/02/03/11_00_55_812_body-20eli-20off-white-20-2b-20pantalona-20touret-20off-white-20frente-20reedit-11028870.jpg?v=1770127258,2026-08-24T17:28:30.310313-03:00,,unknown_not_observed_per_size
251,4561,Pantalona Touret Off-White,Pantalona Touret Off-White,Off White,38,True,VERÃO 2027,Calças,https://www.intibrand.com/produto/pantalona-touret-off-white-4561,https://cdn.vnda.com.br/intibrand/2026/02/03/11_00_55_812_body-20eli-20off-white-20-2b-20pantalona-20touret-20off-white-20frente-20reedit-11028870.jpg?v=1770127258,2026-08-24T17:28:30.310313-03:00,,unknown_not_observed_per_size
251,4561,Pantalona Touret Off-White,Pantalona Touret Off-White,Off White,40,True,VERÃO 2027,Calças,https://www.intibrand.com/produto/pantalona-touret-off-white-4561,https://cdn.vnda.com.br/intibrand/2026/02/03/11_00_55_812_body-20eli-20off-white-20-2b-20pantalona-20touret-20off-white-20frente-20reedit-11028870.jpg?v=1770127258,2026-08-24T17:28:30.310313-03:00,,unknown_not_observed_per_size
251,4561,Pantalona Touret Off-White,Pantalona Touret Off-White,Off White,42,True,VERÃO 2027,Calças,https://www.intibrand.com/produto/pantalona-touret-off-white-4561,https://cdn.vnda.com.br/intibrand/2026/02/03/11_00_55_812_body-20eli-20off-white-20-2b-20pantalona-20touret-20off-white-20frente-20reedit-11028870.jpg?v=1770127258,2026-08-24T17:28:30.310313-03:00,,unknown_not_observed_per_size
250,4562,Pantalona Touret,Pantalona Touret Preto,Preto,36,True,VERÃO 2027,Calças,https://www.intibrand.com/produto/pantalona-touret-preto-4562,https://cdn.vnda.com.br/intibrand/2026/02/02/12_39_21_607_body-20eli-20preto-20-2b-20pantalona-20touret-20preta-20frente-203-20reeditada-12026330.jpg?v=1770046879,2026-08-24T17:28:30.310313-03:00,,unknown_not_observed_per_size
250,4562,Pantalona Touret,Pantalona Touret Preto,Preto,38,True,VERÃO 2027,Calças,https://www.intibrand.com/produto/pantalona-touret-preto-4562,https://cdn.vnda.com.br/intibrand/2026/02/02/12_39_21_607_body-20eli-20preto-20-2b-20pantalona-20touret-20preta-20frente-203-20reeditada-12026330.jpg?v=1770046879,2026-08-24T17:28:30.310313-03:00,,unknown_not_observed_per_size
250,4562,Pantalona Touret,Pantalona Touret Preto,Preto,40,True,VERÃO 2027,Calças,https://www.intibrand.com/produto/pantalona-touret-preto-4562,https://cdn.vnda.com.br/intibrand/2026/02/02/12_39_21_607_body-20eli-20preto-20-2b-20pantalona-20touret-20preta-20frente-203-20reeditada-12026330.jpg?v=1770046879,2026-08-24T17:28:30.310313-03:00,,unknown_not_observed_per_size
250,4562,Pantalona Touret,Pantalona Touret Preto,Preto,42,True,VERÃO 2027,Calças,https://www.intibrand.com/produto/pantalona-touret-preto-4562,https://cdn.vnda.com.br/intibrand/2026/02/02/12_39_21_607_body-20eli-20preto-20-2b-20pantalona-20touret-20preta-20frente-203-20reeditada-12026330.jpg?v=1770046879,2026-08-24T17:28:30.310313-03:00,,unknown_not_observed_per_size
252,3715,Pareô,Pareô Azul,Azul,U,True,VERÃO 2027,Pareôs,https://www.intibrand.com/produto/pareo-azul-3715,https://cdn.vnda.com.br/intibrand/2024/08/19/19_12_08_322_19_8_2_253_biquc38dni20duncan20azul202b20parec39420azul20frente201.jpg?v=1724105576,2026-08-24T17:28:30.310313-03:00,,unknown_not_observed_per_size
252,2774,Pareô,Pareô Azul Marinho,Azul Marinho,U,True,VERÃO 2027,Pareôs,https://www.intibrand.com/produto/pareo-azul-marinho-2774,https://cdn.vnda.com.br/intibrand/2026/03/05/12_26_22_662_biqu-c3-8dni-20vitto-20azul-20marinho-20-2b-20pare-c3-94-20azul-20marinho-20frente-20-2-12030740.jpg?v=1772724387,2026-08-24T17:28:30.310313-03:00,,unknown_not_observed_per_size
253,4859,Pareô Grazia,Pareô Grazia Marrom,Marrom,PP,True,VERÃO 2027,Pareôs,https://www.intibrand.com/produto/pareo-grazia-marrom-4859,https://cdn.vnda.com.br/intibrand/2026/04/01/18_23_21_539_gaby-20v-c3-8ddeos-20-20-story-20-202026-04-01t182151-108-18047970.jpg?v=1775078619,2026-08-24T17:28:30.310313-03:00,,unknown_not_observed_per_size
253,4859,Pareô Grazia,Pareô Grazia Marrom,Marrom,P,True,VERÃO 2027,Pareôs,https://www.intibrand.com/produto/pareo-grazia-marrom-4859,https://cdn.vnda.com.br/intibrand/2026/04/01/18_23_21_539_gaby-20v-c3-8ddeos-20-20-story-20-202026-04-01t182151-108-18047970.jpg?v=1775078619,2026-08-24T17:28:30.310313-03:00,,unknown_not_observed_per_size
253,4859,Pareô Grazia,Pareô Grazia Marrom,Marrom,M,True,VERÃO 2027,Pareôs,https://www.intibrand.com/produto/pareo-grazia-marrom-4859,https://cdn.vnda.com.br/intibrand/2026/04/01/18_23_21_539_gaby-20v-c3-8ddeos-20-20-story-20-202026-04-01t182151-108-18047970.jpg?v=1775078619,2026-08-24T17:28:30.310313-03:00,,unknown_not_observed_per_size
253,4859,Pareô Grazia,Pareô Grazia Marrom,Marrom,G,True,VERÃO 2027,Pareôs,https://www.intibrand.com/produto/pareo-grazia-marrom-4859,https://cdn.vnda.com.br/intibrand/2026/04/01/18_23_21_539_gaby-20v-c3-8ddeos-20-20-story-20-202026-04-01t182151-108-18047970.jpg?v=1775078619,2026-08-24T17:28:30.310313-03:00,,unknown_not_observed_per_size
253,4857,Pareô Grazia,Pareô Grazia Pérola,Pérola,PP,True,VERÃO 2027,Pareôs,https://www.intibrand.com/produto/pareo-grazia-perola-4857,https://cdn.vnda.com.br/intibrand/2026/04/01/18_26_59_548_gaby-20v-c3-8ddeos-20-20-story-20-202026-04-01t182640-304-18043250.jpg?v=1775078819,2026-08-24T17:28:30.310313-03:00,,unknown_not_observed_per_size
253,4857,Pareô Grazia,Pareô Grazia Pérola,Pérola,P,True,VERÃO 2027,Pareôs,https://www.intibrand.com/produto/pareo-grazia-perola-4857,https://cdn.vnda.com.br/intibrand/2026/04/01/18_26_59_548_gaby-20v-c3-8ddeos-20-20-story-20-202026-04-01t182640-304-18043250.jpg?v=1775078819,2026-08-24T17:28:30.310313-03:00,,unknown_not_observed_per_size
253,4857,Pareô Grazia,Pareô Grazia Pérola,Pérola,M,True,VERÃO 2027,Pareôs,https://www.intibrand.com/produto/pareo-grazia-perola-4857,https://cdn.vnda.com.br/intibrand/2026/04/01/18_26_59_548_gaby-20v-c3-8ddeos-20-20-story-20-202026-04-01t182640-304-18043250.jpg?v=1775078819,2026-08-24T17:28:30.310313-03:00,,unknown_not_observed_per_size
253,4857,Pareô Grazia,Pareô Grazia Pérola,Pérola,G,True,VERÃO 2027,Pareôs,https://www.intibrand.com/produto/pareo-grazia-perola-4857,https://cdn.vnda.com.br/intibrand/2026/04/01/18_26_59_548_gaby-20v-c3-8ddeos-20-20-story-20-202026-04-01t182640-304-18043250.jpg?v=1775078819,2026-08-24T17:28:30.310313-03:00,,unknown_not_observed_per_size
253,4858,Pareô Grazia,Pareô Grazia Preto,Preto,PP,True,VERÃO 2027,Pareôs,https://www.intibrand.com/produto/pareo-grazia-preto-4858,https://cdn.vnda.com.br/intibrand/2026/04/01/18_25_08_914_gaby-20v-c3-8ddeos-20-20-story-20-202026-04-01t182416-431-18049380.jpg?v=1775078714,2026-08-24T17:28:30.310313-03:00,,unknown_not_observed_per_size
253,4858,Pareô Grazia,Pareô Grazia Preto,Preto,P,True,VERÃO 2027,Pareôs,https://www.intibrand.com/produto/pareo-grazia-preto-4858,https://cdn.vnda.com.br/intibrand/2026/04/01/18_25_08_914_gaby-20v-c3-8ddeos-20-20-story-20-202026-04-01t182416-431-18049380.jpg?v=1775078714,2026-08-24T17:28:30.310313-03:00,,unknown_not_observed_per_size
253,4858,Pareô Grazia,Pareô Grazia Preto,Preto,M,True,VERÃO 2027,Pareôs,https://www.intibrand.com/produto/pareo-grazia-preto-4858,https://cdn.vnda.com.br/intibrand/2026/04/01/18_25_08_914_gaby-20v-c3-8ddeos-20-20-story-20-202026-04-01t182416-431-18049380.jpg?v=1775078714,2026-08-24T17:28:30.310313-03:00,,unknown_not_observed_per_size
253,4858,Pareô Grazia,Pareô Grazia Preto,Preto,G,True,VERÃO 2027,Pareôs,https://www.intibrand.com/produto/pareo-grazia-preto-4858,https://cdn.vnda.com.br/intibrand/2026/04/01/18_25_08_914_gaby-20v-c3-8ddeos-20-20-story-20-202026-04-01t182416-431-18049380.jpg?v=1775078714,2026-08-24T17:28:30.310313-03:00,,unknown_not_observed_per_size
254,4683,Pareô Heidi,Pareô Heidi Cobre,Cobre,PP,True,VERÃO 2027,Pareôs,https://www.intibrand.com/produto/pareo-heidi-cobre-4683,https://cdn.vnda.com.br/intibrand/2025/09/26/16_29_19_559_biqu-c3-8dni-20capanema-20cobre-20-2b-20pare-c3-94-20heidi-20cobre-20frente-16092370.jpg?v=1758914967,2026-08-24T17:28:30.310313-03:00,,unknown_not_observed_per_size
254,4683,Pareô Heidi,Pareô Heidi Cobre,Cobre,P,True,VERÃO 2027,Pareôs,https://www.intibrand.com/produto/pareo-heidi-cobre-4683,https://cdn.vnda.com.br/intibrand/2025/09/26/16_29_19_559_biqu-c3-8dni-20capanema-20cobre-20-2b-20pare-c3-94-20heidi-20cobre-20frente-16092370.jpg?v=1758914967,2026-08-24T17:28:30.310313-03:00,,unknown_not_observed_per_size
254,4683,Pareô Heidi,Pareô Heidi Cobre,Cobre,M,True,VERÃO 2027,Pareôs,https://www.intibrand.com/produto/pareo-heidi-cobre-4683,https://cdn.vnda.com.br/intibrand/2025/09/26/16_29_19_559_biqu-c3-8dni-20capanema-20cobre-20-2b-20pare-c3-94-20heidi-20cobre-20frente-16092370.jpg?v=1758914967,2026-08-24T17:28:30.310313-03:00,,unknown_not_observed_per_size
254,4683,Pareô Heidi,Pareô Heidi Cobre,Cobre,G,True,VERÃO 2027,Pareôs,https://www.intibrand.com/produto/pareo-heidi-cobre-4683,https://cdn.vnda.com.br/intibrand/2025/09/26/16_29_19_559_biqu-c3-8dni-20capanema-20cobre-20-2b-20pare-c3-94-20heidi-20cobre-20frente-16092370.jpg?v=1758914967,2026-08-24T17:28:30.310313-03:00,,unknown_not_observed_per_size
254,4684,Pareô Heidi,Pareô Heidi Vermelho,Vermelho,PP,True,VERÃO 2027,Pareôs,https://www.intibrand.com/produto/pareo-heidi-vermelho-4684,https://cdn.vnda.com.br/intibrand/2025/09/26/16_27_38_844_biqu-c3-8dni-20finca-20vermelho-20-2b-20pare-c3-94-20heidi-20vermelho-20frente-16090180.jpg?v=1758914858,2026-08-24T17:28:30.310313-03:00,,unknown_not_observed_per_size
254,4684,Pareô Heidi,Pareô Heidi Vermelho,Vermelho,P,True,VERÃO 2027,Pareôs,https://www.intibrand.com/produto/pareo-heidi-vermelho-4684,https://cdn.vnda.com.br/intibrand/2025/09/26/16_27_38_844_biqu-c3-8dni-20finca-20vermelho-20-2b-20pare-c3-94-20heidi-20vermelho-20frente-16090180.jpg?v=1758914858,2026-08-24T17:28:30.310313-03:00,,unknown_not_observed_per_size
254,4684,Pareô Heidi,Pareô Heidi Vermelho,Vermelho,M,True,VERÃO 2027,Pareôs,https://www.intibrand.com/produto/pareo-heidi-vermelho-4684,https://cdn.vnda.com.br/intibrand/2025/09/26/16_27_38_844_biqu-c3-8dni-20finca-20vermelho-20-2b-20pare-c3-94-20heidi-20vermelho-20frente-16090180.jpg?v=1758914858,2026-08-24T17:28:30.310313-03:00,,unknown_not_observed_per_size
254,4684,Pareô Heidi,Pareô Heidi Vermelho,Vermelho,G,True,VERÃO 2027,Pareôs,https://www.intibrand.com/produto/pareo-heidi-vermelho-4684,https://cdn.vnda.com.br/intibrand/2025/09/26/16_27_38_844_biqu-c3-8dni-20finca-20vermelho-20-2b-20pare-c3-94-20heidi-20vermelho-20frente-16090180.jpg?v=1758914858,2026-08-24T17:28:30.310313-03:00,,unknown_not_observed_per_size
255,4590,Pareô Leanni,Pareô Leanni Cobre,Cobre,PP,True,VERÃO 2027,Pareôs,https://www.intibrand.com/produto/pareo-leanni-cobre-4590,https://cdn.vnda.com.br/intibrand/2025/09/08/12_50_00_558_biqu-c3-8dni-20eaton-20cobre-20-2b-20pare-c3-94-20leanni-20cobre-20frente-202-20-1-12097530.jpg?v=1757346600,2026-08-24T17:28:30.310313-03:00,,unknown_not_observed_per_size
255,4590,Pareô Leanni,Pareô Leanni Cobre,Cobre,P,True,VERÃO 2027,Pareôs,https://www.intibrand.com/produto/pareo-leanni-cobre-4590,https://cdn.vnda.com.br/intibrand/2025/09/08/12_50_00_558_biqu-c3-8dni-20eaton-20cobre-20-2b-20pare-c3-94-20leanni-20cobre-20frente-202-20-1-12097530.jpg?v=1757346600,2026-08-24T17:28:30.310313-03:00,,unknown_not_observed_per_size
255,4590,Pareô Leanni,Pareô Leanni Cobre,Cobre,M,True,VERÃO 2027,Pareôs,https://www.intibrand.com/produto/pareo-leanni-cobre-4590,https://cdn.vnda.com.br/intibrand/2025/09/08/12_50_00_558_biqu-c3-8dni-20eaton-20cobre-20-2b-20pare-c3-94-20leanni-20cobre-20frente-202-20-1-12097530.jpg?v=1757346600,2026-08-24T17:28:30.310313-03:00,,unknown_not_observed_per_size
255,4590,Pareô Leanni,Pareô Leanni Cobre,Cobre,G,True,VERÃO 2027,Pareôs,https://www.intibrand.com/produto/pareo-leanni-cobre-4590,https://cdn.vnda.com.br/intibrand/2025/09/08/12_50_00_558_biqu-c3-8dni-20eaton-20cobre-20-2b-20pare-c3-94-20leanni-20cobre-20frente-202-20-1-12097530.jpg?v=1757346600,2026-08-24T17:28:30.310313-03:00,,unknown_not_observed_per_size
255,4588,Pareô Leanni,Pareô Leanni Pérola,Pérola,PP,True,VERÃO 2027,Pareôs,https://www.intibrand.com/produto/pareo-leanni-perola-4588,https://cdn.vnda.com.br/intibrand/2025/09/08/12_49_25_811_biqu-c3-8dni-20finca-20p-c3-89rola-20-2b-20pare-c3-94-20leanni-20p-c3-89rola-20frente-20-1-12093990.jpg?v=1757346569,2026-08-24T17:28:30.310313-03:00,,unknown_not_observed_per_size
255,4588,Pareô Leanni,Pareô Leanni Pérola,Pérola,P,True,VERÃO 2027,Pareôs,https://www.intibrand.com/produto/pareo-leanni-perola-4588,https://cdn.vnda.com.br/intibrand/2025/09/08/12_49_25_811_biqu-c3-8dni-20finca-20p-c3-89rola-20-2b-20pare-c3-94-20leanni-20p-c3-89rola-20frente-20-1-12093990.jpg?v=1757346569,2026-08-24T17:28:30.310313-03:00,,unknown_not_observed_per_size
255,4588,Pareô Leanni,Pareô Leanni Pérola,Pérola,M,True,VERÃO 2027,Pareôs,https://www.intibrand.com/produto/pareo-leanni-perola-4588,https://cdn.vnda.com.br/intibrand/2025/09/08/12_49_25_811_biqu-c3-8dni-20finca-20p-c3-89rola-20-2b-20pare-c3-94-20leanni-20p-c3-89rola-20frente-20-1-12093990.jpg?v=1757346569,2026-08-24T17:28:30.310313-03:00,,unknown_not_observed_per_size
255,4588,Pareô Leanni,Pareô Leanni Pérola,Pérola,G,True,VERÃO 2027,Pareôs,https://www.intibrand.com/produto/pareo-leanni-perola-4588,https://cdn.vnda.com.br/intibrand/2025/09/08/12_49_25_811_biqu-c3-8dni-20finca-20p-c3-89rola-20-2b-20pare-c3-94-20leanni-20p-c3-89rola-20frente-20-1-12093990.jpg?v=1757346569,2026-08-24T17:28:30.310313-03:00,,unknown_not_observed_per_size
255,4589,Pareô Leanni,Pareô Leanni Preto,Preto,PP,True,VERÃO 2027,Pareôs,https://www.intibrand.com/produto/pareo-leanni-preto-4589,https://cdn.vnda.com.br/intibrand/2025/09/08/12_47_09_704_biqu-c3-8dni-20eaton-20preto-20-2b-20pare-c3-94-20leanni-20preto-20frente-12090840.jpg?v=1757346433,2026-08-24T17:28:30.310313-03:00,,unknown_not_observed_per_size
255,4589,Pareô Leanni,Pareô Leanni Preto,Preto,P,True,VERÃO 2027,Pareôs,https://www.intibrand.com/produto/pareo-leanni-preto-4589,https://cdn.vnda.com.br/intibrand/2025/09/08/12_47_09_704_biqu-c3-8dni-20eaton-20preto-20-2b-20pare-c3-94-20leanni-20preto-20frente-12090840.jpg?v=1757346433,2026-08-24T17:28:30.310313-03:00,,unknown_not_observed_per_size
255,4589,Pareô Leanni,Pareô Leanni Preto,Preto,M,True,VERÃO 2027,Pareôs,https://www.intibrand.com/produto/pareo-leanni-preto-4589,https://cdn.vnda.com.br/intibrand/2025/09/08/12_47_09_704_biqu-c3-8dni-20eaton-20preto-20-2b-20pare-c3-94-20leanni-20preto-20frente-12090840.jpg?v=1757346433,2026-08-24T17:28:30.310313-03:00,,unknown_not_observed_per_size
255,4589,Pareô Leanni,Pareô Leanni Preto,Preto,G,True,VERÃO 2027,Pareôs,https://www.intibrand.com/produto/pareo-leanni-preto-4589,https://cdn.vnda.com.br/intibrand/2025/09/08/12_47_09_704_biqu-c3-8dni-20eaton-20preto-20-2b-20pare-c3-94-20leanni-20preto-20frente-12090840.jpg?v=1757346433,2026-08-24T17:28:30.310313-03:00,,unknown_not_observed_per_size
256,4734,Pareô Lenk,Pareô Lenk Cobre,Cobre,U,True,VERÃO 2027,Pareôs,https://www.intibrand.com/produto/pareo-lenk-cobre-4734,https://cdn.vnda.com.br/intibrand/2025/11/28/18_40_14_60_biqu-c3-8dni-20harper-20cobre-20-2b-20pare-c3-94-20lenk-20cobre-20frente-18115930.jpg?v=1764366014,2026-08-24T17:28:30.310313-03:00,,unknown_not_observed_per_size
256,4732,Pareô Lenk,Pareô Lenk Pérola,Pérola,U,True,VERÃO 2027,Pareôs,https://www.intibrand.com/produto/pareo-lenk-perola-4732,https://cdn.vnda.com.br/intibrand/2025/11/28/18_39_04_458_biqu-c3-8dni-20trycia-20p-c3-89rola-20-2b-20pare-c3-94-20lenk-20p-c3-89rola-20frente-18118140.jpg?v=1764365960,2026-08-24T17:28:30.310313-03:00,,unknown_not_observed_per_size
256,4733,Pareô Lenk,Pareô Lenk Preto,Preto,U,True,VERÃO 2027,Pareôs,https://www.intibrand.com/produto/pareo-lenk-preto-4733,https://cdn.vnda.com.br/intibrand/2025/11/28/18_40_50_821_biqu-c3-8dni-20trycia-20preto-20-2b-20pare-c3-94-20lenk-20preto-20frente-202-18118210.jpg?v=1766426718,2026-08-24T17:28:30.310313-03:00,,unknown_not_observed_per_size
252,4856,Pareô,Pareô Marrom,Marrom,U,True,VERÃO 2027,Pareôs,https://www.intibrand.com/produto/pareo-marrom-4856,https://cdn.vnda.com.br/intibrand/2026/03/31/16_14_46_773_gaby-20v-c3-8ddeos-20-20-story-20-202026-03-31t161402-145-16033330.jpg?v=1774984486,2026-08-24T17:28:30.310313-03:00,,unknown_not_observed_per_size
257,3718,Pareô Maya,Pareô Maya Azul,Azul,PP,True,VERÃO 2027,Pareôs,https://www.intibrand.com/produto/pareo-maya-azul-3718,https://cdn.vnda.com.br/intibrand/2024/09/05/13_46_19_683_13_9_6_671_biquc38dni20kobe20azul202b20parec39420maya20azul20frente.jpg?v=1725554787,2026-08-24T17:28:30.310313-03:00,,unknown_not_observed_per_size
257,3718,Pareô Maya,Pareô Maya Azul,Azul,P,True,VERÃO 2027,Pareôs,https://www.intibrand.com/produto/pareo-maya-azul-3718,https://cdn.vnda.com.br/intibrand/2024/09/05/13_46_19_683_13_9_6_671_biquc38dni20kobe20azul202b20parec39420maya20azul20frente.jpg?v=1725554787,2026-08-24T17:28:30.310313-03:00,,unknown_not_observed_per_size
257,3718,Pareô Maya,Pareô Maya Azul,Azul,M,True,VERÃO 2027,Pareôs,https://www.intibrand.com/produto/pareo-maya-azul-3718,https://cdn.vnda.com.br/intibrand/2024/09/05/13_46_19_683_13_9_6_671_biquc38dni20kobe20azul202b20parec39420maya20azul20frente.jpg?v=1725554787,2026-08-24T17:28:30.310313-03:00,,unknown_not_observed_per_size
257,3718,Pareô Maya,Pareô Maya Azul,Azul,G,True,VERÃO 2027,Pareôs,https://www.intibrand.com/produto/pareo-maya-azul-3718,https://cdn.vnda.com.br/intibrand/2024/09/05/13_46_19_683_13_9_6_671_biquc38dni20kobe20azul202b20parec39420maya20azul20frente.jpg?v=1725554787,2026-08-24T17:28:30.310313-03:00,,unknown_not_observed_per_size
257,4223,Pareô Maya,Pareô Maya Azul Índigo,Azul Índigo,PP,True,VERÃO 2027,Pareôs,https://www.intibrand.com/produto/pareo-maya-azul-indigo-4223,https://cdn.vnda.com.br/intibrand/2024/10/17/14_46_15_970_14_10_8_835_biquc38dni20conti20azul20c38dndigo202b20parec39420maya20azul20c38dndigo20frente.jpg?v=1729187180,2026-08-24T17:28:30.310313-03:00,,unknown_not_observed_per_size
257,4223,Pareô Maya,Pareô Maya Azul Índigo,Azul Índigo,P,True,VERÃO 2027,Pareôs,https://www.intibrand.com/produto/pareo-maya-azul-indigo-4223,https://cdn.vnda.com.br/intibrand/2024/10/17/14_46_15_970_14_10_8_835_biquc38dni20conti20azul20c38dndigo202b20parec39420maya20azul20c38dndigo20frente.jpg?v=1729187180,2026-08-24T17:28:30.310313-03:00,,unknown_not_observed_per_size
257,4223,Pareô Maya,Pareô Maya Azul Índigo,Azul Índigo,M,True,VERÃO 2027,Pareôs,https://www.intibrand.com/produto/pareo-maya-azul-indigo-4223,https://cdn.vnda.com.br/intibrand/2024/10/17/14_46_15_970_14_10_8_835_biquc38dni20conti20azul20c38dndigo202b20parec39420maya20azul20c38dndigo20frente.jpg?v=1729187180,2026-08-24T17:28:30.310313-03:00,,unknown_not_observed_per_size
257,4223,Pareô Maya,Pareô Maya Azul Índigo,Azul Índigo,G,True,VERÃO 2027,Pareôs,https://www.intibrand.com/produto/pareo-maya-azul-indigo-4223,https://cdn.vnda.com.br/intibrand/2024/10/17/14_46_15_970_14_10_8_835_biquc38dni20conti20azul20c38dndigo202b20parec39420maya20azul20c38dndigo20frente.jpg?v=1729187180,2026-08-24T17:28:30.310313-03:00,,unknown_not_observed_per_size
257,3636,Pareô Maya,Pareô Maya Azul Marinho,Azul Marinho,PP,True,VERÃO 2027,Pareôs,https://www.intibrand.com/produto/pareo-maya-azul-marinho-3636,https://cdn.vnda.com.br/intibrand/2023/10/19/18_24_00_501_18_10_2_298_biquc38dni20pierce20azul20marinho202b20parec39420maya20azul20marinho20frente.jpg?v=1697750649,2026-08-24T17:28:30.310313-03:00,,unknown_not_observed_per_size
257,3636,Pareô Maya,Pareô Maya Azul Marinho,Azul Marinho,P,True,VERÃO 2027,Pareôs,https://www.intibrand.com/produto/pareo-maya-azul-marinho-3636,https://cdn.vnda.com.br/intibrand/2023/10/19/18_24_00_501_18_10_2_298_biquc38dni20pierce20azul20marinho202b20parec39420maya20azul20marinho20frente.jpg?v=1697750649,2026-08-24T17:28:30.310313-03:00,,unknown_not_observed_per_size
257,3636,Pareô Maya,Pareô Maya Azul Marinho,Azul Marinho,M,True,VERÃO 2027,Pareôs,https://www.intibrand.com/produto/pareo-maya-azul-marinho-3636,https://cdn.vnda.com.br/intibrand/2023/10/19/18_24_00_501_18_10_2_298_biquc38dni20pierce20azul20marinho202b20parec39420maya20azul20marinho20frente.jpg?v=1697750649,2026-08-24T17:28:30.310313-03:00,,unknown_not_observed_per_size
257,3636,Pareô Maya,Pareô Maya Azul Marinho,Azul Marinho,G,True,VERÃO 2027,Pareôs,https://www.intibrand.com/produto/pareo-maya-azul-marinho-3636,https://cdn.vnda.com.br/intibrand/2023/10/19/18_24_00_501_18_10_2_298_biquc38dni20pierce20azul20marinho202b20parec39420maya20azul20marinho20frente.jpg?v=1697750649,2026-08-24T17:28:30.310313-03:00,,unknown_not_observed_per_size
257,3964,Pareô Maya,Pareô Maya Pérola,Pérola,PP,True,VERÃO 2027,Pareôs,https://www.intibrand.com/produto/pareo-maya-perola-3964,https://cdn.vnda.com.br/intibrand/2025/03/11/11_07_31_435_11_3_7_700_biquc38dni20riva20pc389rola202b2020parec39420maya20pc389rola20frente201.jpg?v=1743674294,2026-08-24T17:28:30.310313-03:00,,unknown_not_observed_per_size
257,3964,Pareô Maya,Pareô Maya Pérola,Pérola,P,True,VERÃO 2027,Pareôs,https://www.intibrand.com/produto/pareo-maya-perola-3964,https://cdn.vnda.com.br/intibrand/2025/03/11/11_07_31_435_11_3_7_700_biquc38dni20riva20pc389rola202b2020parec39420maya20pc389rola20frente201.jpg?v=1743674294,2026-08-24T17:28:30.310313-03:00,,unknown_not_observed_per_size
257,3964,Pareô Maya,Pareô Maya Pérola,Pérola,M,True,VERÃO 2027,Pareôs,https://www.intibrand.com/produto/pareo-maya-perola-3964,https://cdn.vnda.com.br/intibrand/2025/03/11/11_07_31_435_11_3_7_700_biquc38dni20riva20pc389rola202b2020parec39420maya20pc389rola20frente201.jpg?v=1743674294,2026-08-24T17:28:30.310313-03:00,,unknown_not_observed_per_size
257,3964,Pareô Maya,Pareô Maya Pérola,Pérola,G,True,VERÃO 2027,Pareôs,https://www.intibrand.com/produto/pareo-maya-perola-3964,https://cdn.vnda.com.br/intibrand/2025/03/11/11_07_31_435_11_3_7_700_biquc38dni20riva20pc389rola202b2020parec39420maya20pc389rola20frente201.jpg?v=1743674294,2026-08-24T17:28:30.310313-03:00,,unknown_not_observed_per_size
257,3640,Pareô Maya,Pareô Maya Preto,Preto,PP,True,VERÃO 2027,Pareôs,https://www.intibrand.com/produto/pareo-maya-preto-3640,https://cdn.vnda.com.br/intibrand/2025/03/11/11_06_27_209_11_3_1_129_biquc38dni20riva20preto202b20parec39420maya20preto20frente201.jpg?v=1741701990,2026-08-24T17:28:30.310313-03:00,,unknown_not_observed_per_size
257,3640,Pareô Maya,Pareô Maya Preto,Preto,P,True,VERÃO 2027,Pareôs,https://www.intibrand.com/produto/pareo-maya-preto-3640,https://cdn.vnda.com.br/intibrand/2025/03/11/11_06_27_209_11_3_1_129_biquc38dni20riva20preto202b20parec39420maya20preto20frente201.jpg?v=1741701990,2026-08-24T17:28:30.310313-03:00,,unknown_not_observed_per_size
257,3640,Pareô Maya,Pareô Maya Preto,Preto,M,True,VERÃO 2027,Pareôs,https://www.intibrand.com/produto/pareo-maya-preto-3640,https://cdn.vnda.com.br/intibrand/2025/03/11/11_06_27_209_11_3_1_129_biquc38dni20riva20preto202b20parec39420maya20preto20frente201.jpg?v=1741701990,2026-08-24T17:28:30.310313-03:00,,unknown_not_observed_per_size
257,3640,Pareô Maya,Pareô Maya Preto,Preto,G,True,VERÃO 2027,Pareôs,https://www.intibrand.com/produto/pareo-maya-preto-3640,https://cdn.vnda.com.br/intibrand/2025/03/11/11_06_27_209_11_3_1_129_biquc38dni20riva20preto202b20parec39420maya20preto20frente201.jpg?v=1741701990,2026-08-24T17:28:30.310313-03:00,,unknown_not_observed_per_size
258,2117,Pareô Off-White,Pareô Off-White,Off White,U,True,VERÃO 2027,Pareôs,https://www.intibrand.com/produto/pareo-off-white-2117,https://cdn.vnda.com.br/intibrand/2026/08/21/17_34_42_101_biqu-c3-8dni-20lorian-20off-white-20-2b-20pare-c3-94-20off-white-20frente-20-1-17086400.jpg?v=1787344489,2026-08-24T17:28:30.310313-03:00,,unknown_not_observed_per_size
252,2116,Pareô,Pareô Preto,Preto,U,True,VERÃO 2027,Pareôs,https://www.intibrand.com/produto/pareo-preto-2116,https://cdn.vnda.com.br/intibrand/2026/08/21/17_33_44_412_biqu-c3-8dni-20lorian-20preto-20-2b-20pare-c3-94-20preto-20frente-20-1-17089130.jpg?v=1787344428,2026-08-24T17:28:30.310313-03:00,,unknown_not_observed_per_size
252,3153,Pareô,Pareô Terracota,Terracota,U,True,VERÃO 2027,Pareôs,https://www.intibrand.com/produto/pareo-terracota-3153,https://cdn.vnda.com.br/intibrand/2026/08/21/17_37_20_928_biqu-c3-8dni-20castillo-20terracota-20-2b-20pare-c3-94-20terracota-20frente-20-1-17080400.jpg?v=1787344646,2026-08-24T17:28:30.310313-03:00,,unknown_not_observed_per_size
252,2672,Pareô,Pareô Vermelho,Vermelho,U,True,VERÃO 2027,Pareôs,https://www.intibrand.com/produto/pareo-vermelho-2672,https://cdn.vnda.com.br/intibrand/2025/09/17/12_51_56_854_biqu-c3-8dni-20finca-20vermelho-20-2b-20pare-c3-94-20vermelho-20frente-20-1-12096550.jpg?v=1758124320,2026-08-24T17:28:30.310313-03:00,,unknown_not_observed_per_size
259,4687,Saia Bitar,Saia Bitar Cobre,Cobre,P,True,VERÃO 2027,Saias,https://www.intibrand.com/produto/saia-bitar-cobre-4687,https://cdn.vnda.com.br/intibrand/2025/09/26/16_53_30_241_biqu-c3-8dni-20capanema-20cobre-20-2b-20saia-20bitar-20cobre-20ss26-20-1-16090160.jpg?v=1758916439,2026-08-24T17:28:30.310313-03:00,,unknown_not_observed_per_size
259,4687,Saia Bitar,Saia Bitar Cobre,Cobre,M,True,VERÃO 2027,Saias,https://www.intibrand.com/produto/saia-bitar-cobre-4687,https://cdn.vnda.com.br/intibrand/2025/09/26/16_53_30_241_biqu-c3-8dni-20capanema-20cobre-20-2b-20saia-20bitar-20cobre-20ss26-20-1-16090160.jpg?v=1758916439,2026-08-24T17:28:30.310313-03:00,,unknown_not_observed_per_size
259,4687,Saia Bitar,Saia Bitar Cobre,Cobre,G,True,VERÃO 2027,Saias,https://www.intibrand.com/produto/saia-bitar-cobre-4687,https://cdn.vnda.com.br/intibrand/2025/09/26/16_53_30_241_biqu-c3-8dni-20capanema-20cobre-20-2b-20saia-20bitar-20cobre-20ss26-20-1-16090160.jpg?v=1758916439,2026-08-24T17:28:30.310313-03:00,,unknown_not_observed_per_size
259,4685,Saia Bitar,Saia Bitar Pérola,Pérola,P,True,VERÃO 2027,Saias,https://www.intibrand.com/produto/saia-bitar-perola-4685,https://cdn.vnda.com.br/intibrand/2025/09/26/16_56_00_836_biqu-c3-8dni-20finca-20p-c3-89rola-20-2b-20saia-20bitar-20p-c3-89rola-20frente-20-1-16092160.jpg?v=1758916560,2026-08-24T17:28:30.310313-03:00,,unknown_not_observed_per_size
259,4685,Saia Bitar,Saia Bitar Pérola,Pérola,M,True,VERÃO 2027,Saias,https://www.intibrand.com/produto/saia-bitar-perola-4685,https://cdn.vnda.com.br/intibrand/2025/09/26/16_56_00_836_biqu-c3-8dni-20finca-20p-c3-89rola-20-2b-20saia-20bitar-20p-c3-89rola-20frente-20-1-16092160.jpg?v=1758916560,2026-08-24T17:28:30.310313-03:00,,unknown_not_observed_per_size
259,4685,Saia Bitar,Saia Bitar Pérola,Pérola,G,True,VERÃO 2027,Saias,https://www.intibrand.com/produto/saia-bitar-perola-4685,https://cdn.vnda.com.br/intibrand/2025/09/26/16_56_00_836_biqu-c3-8dni-20finca-20p-c3-89rola-20-2b-20saia-20bitar-20p-c3-89rola-20frente-20-1-16092160.jpg?v=1758916560,2026-08-24T17:28:30.310313-03:00,,unknown_not_observed_per_size
259,4686,Saia Bitar,Saia Bitar Preto,Preto,P,True,VERÃO 2027,Saias,https://www.intibrand.com/produto/saia-bitar-preto-4686,https://cdn.vnda.com.br/intibrand/2025/09/26/16_54_32_798_biqu-c3-8dni-20finca-20preto-20-2b-20saia-20bitar-20preto-20frente-20-2-16099650.jpg?v=1758916486,2026-08-24T17:28:30.310313-03:00,,unknown_not_observed_per_size
259,4686,Saia Bitar,Saia Bitar Preto,Preto,M,True,VERÃO 2027,Saias,https://www.intibrand.com/produto/saia-bitar-preto-4686,https://cdn.vnda.com.br/intibrand/2025/09/26/16_54_32_798_biqu-c3-8dni-20finca-20preto-20-2b-20saia-20bitar-20preto-20frente-20-2-16099650.jpg?v=1758916486,2026-08-24T17:28:30.310313-03:00,,unknown_not_observed_per_size
259,4686,Saia Bitar,Saia Bitar Preto,Preto,G,True,VERÃO 2027,Saias,https://www.intibrand.com/produto/saia-bitar-preto-4686,https://cdn.vnda.com.br/intibrand/2025/09/26/16_54_32_798_biqu-c3-8dni-20finca-20preto-20-2b-20saia-20bitar-20preto-20frente-20-2-16099650.jpg?v=1758916486,2026-08-24T17:28:30.310313-03:00,,unknown_not_observed_per_size
259,4688,Saia Bitar,Saia Bitar Vermelho,Vermelho,P,True,VERÃO 2027,Saias,https://www.intibrand.com/produto/saia-bitar-vermelho-4688,https://cdn.vnda.com.br/intibrand/2025/09/26/16_50_39_439_biqu-c3-8dni-20finca-20vermelho-20-2b-20saia-20bitar-20vermelho-20zoom-20frente-20-2-16097620.jpg?v=1758916239,2026-08-24T17:28:30.310313-03:00,,unknown_not_observed_per_size
259,4688,Saia Bitar,Saia Bitar Vermelho,Vermelho,M,True,VERÃO 2027,Saias,https://www.intibrand.com/produto/saia-bitar-vermelho-4688,https://cdn.vnda.com.br/intibrand/2025/09/26/16_50_39_439_biqu-c3-8dni-20finca-20vermelho-20-2b-20saia-20bitar-20vermelho-20zoom-20frente-20-2-16097620.jpg?v=1758916239,2026-08-24T17:28:30.310313-03:00,,unknown_not_observed_per_size
259,4688,Saia Bitar,Saia Bitar Vermelho,Vermelho,G,True,VERÃO 2027,Saias,https://www.intibrand.com/produto/saia-bitar-vermelho-4688,https://cdn.vnda.com.br/intibrand/2025/09/26/16_50_39_439_biqu-c3-8dni-20finca-20vermelho-20-2b-20saia-20bitar-20vermelho-20zoom-20frente-20-2-16097620.jpg?v=1758916239,2026-08-24T17:28:30.310313-03:00,,unknown_not_observed_per_size
261,4523,Saia Dorian Off-White,Saia Dorian Off-White,Off White,36,True,VERÃO 2027,Saias,https://www.intibrand.com/produto/saia-dorian-off-white-4523,https://cdn.vnda.com.br/intibrand/2025/03/19/14_40_56_327_14_3_7_709_cropped20callie20offwhite202b20saia20dorian20offwhite20frente202203.jpg?v=1742406059,2026-08-24T17:28:30.310313-03:00,,unknown_not_observed_per_size
261,4523,Saia Dorian Off-White,Saia Dorian Off-White,Off White,38,True,VERÃO 2027,Saias,https://www.intibrand.com/produto/saia-dorian-off-white-4523,https://cdn.vnda.com.br/intibrand/2025/03/19/14_40_56_327_14_3_7_709_cropped20callie20offwhite202b20saia20dorian20offwhite20frente202203.jpg?v=1742406059,2026-08-24T17:28:30.310313-03:00,,unknown_not_observed_per_size
261,4523,Saia Dorian Off-White,Saia Dorian Off-White,Off White,40,True,VERÃO 2027,Saias,https://www.intibrand.com/produto/saia-dorian-off-white-4523,https://cdn.vnda.com.br/intibrand/2025/03/19/14_40_56_327_14_3_7_709_cropped20callie20offwhite202b20saia20dorian20offwhite20frente202203.jpg?v=1742406059,2026-08-24T17:28:30.310313-03:00,,unknown_not_observed_per_size
261,4523,Saia Dorian Off-White,Saia Dorian Off-White,Off White,42,True,VERÃO 2027,Saias,https://www.intibrand.com/produto/saia-dorian-off-white-4523,https://cdn.vnda.com.br/intibrand/2025/03/19/14_40_56_327_14_3_7_709_cropped20callie20offwhite202b20saia20dorian20offwhite20frente202203.jpg?v=1742406059,2026-08-24T17:28:30.310313-03:00,,unknown_not_observed_per_size
260,4524,Saia Dorian,Saia Dorian Preto,Preto,36,True,VERÃO 2027,Saias,https://www.intibrand.com/produto/saia-dorian-preto-4524,https://cdn.vnda.com.br/intibrand/2025/03/19/14_39_48_996_14_3_2_217_cropped20callie20preto202b20saia20dorian20preta20frente203.jpg?v=1742406009,2026-08-24T17:28:30.310313-03:00,,unknown_not_observed_per_size
260,4524,Saia Dorian,Saia Dorian Preto,Preto,38,True,VERÃO 2027,Saias,https://www.intibrand.com/produto/saia-dorian-preto-4524,https://cdn.vnda.com.br/intibrand/2025/03/19/14_39_48_996_14_3_2_217_cropped20callie20preto202b20saia20dorian20preta20frente203.jpg?v=1742406009,2026-08-24T17:28:30.310313-03:00,,unknown_not_observed_per_size
260,4524,Saia Dorian,Saia Dorian Preto,Preto,40,True,VERÃO 2027,Saias,https://www.intibrand.com/produto/saia-dorian-preto-4524,https://cdn.vnda.com.br/intibrand/2025/03/19/14_39_48_996_14_3_2_217_cropped20callie20preto202b20saia20dorian20preta20frente203.jpg?v=1742406009,2026-08-24T17:28:30.310313-03:00,,unknown_not_observed_per_size
260,4524,Saia Dorian,Saia Dorian Preto,Preto,42,True,VERÃO 2027,Saias,https://www.intibrand.com/produto/saia-dorian-preto-4524,https://cdn.vnda.com.br/intibrand/2025/03/19/14_39_48_996_14_3_2_217_cropped20callie20preto202b20saia20dorian20preta20frente203.jpg?v=1742406009,2026-08-24T17:28:30.310313-03:00,,unknown_not_observed_per_size
262,4194,Saia Gianni Preta,Saia Gianni Preta,,36,True,VERÃO 2027,Saias,https://www.intibrand.com/produto/saia-gianni-preta-4194,https://cdn.vnda.com.br/intibrand/2024/10/16/11_40_21_509_11_10_6_601_cropped20rodger20preto202b20saia20gianni20preta20frente.jpg?v=1729089625,2026-08-24T17:28:30.310313-03:00,,unknown_not_observed_per_size
262,4194,Saia Gianni Preta,Saia Gianni Preta,,38,True,VERÃO 2027,Saias,https://www.intibrand.com/produto/saia-gianni-preta-4194,https://cdn.vnda.com.br/intibrand/2024/10/16/11_40_21_509_11_10_6_601_cropped20rodger20preto202b20saia20gianni20preta20frente.jpg?v=1729089625,2026-08-24T17:28:30.310313-03:00,,unknown_not_observed_per_size
262,4194,Saia Gianni Preta,Saia Gianni Preta,,40,True,VERÃO 2027,Saias,https://www.intibrand.com/produto/saia-gianni-preta-4194,https://cdn.vnda.com.br/intibrand/2024/10/16/11_40_21_509_11_10_6_601_cropped20rodger20preto202b20saia20gianni20preta20frente.jpg?v=1729089625,2026-08-24T17:28:30.310313-03:00,,unknown_not_observed_per_size
262,4194,Saia Gianni Preta,Saia Gianni Preta,,42,True,VERÃO 2027,Saias,https://www.intibrand.com/produto/saia-gianni-preta-4194,https://cdn.vnda.com.br/intibrand/2024/10/16/11_40_21_509_11_10_6_601_cropped20rodger20preto202b20saia20gianni20preta20frente.jpg?v=1729089625,2026-08-24T17:28:30.310313-03:00,,unknown_not_observed_per_size
263,4572,Saia Hazel Off-White,Saia Hazel Off-White,Off White,36,True,VERÃO 2027,Saias,https://www.intibrand.com/produto/saia-hazel-off-white-4572,https://cdn.vnda.com.br/intibrand/2026/02/02/12_43_01_602_body-20eli-20off-white-20-2b-20saia-20hazel-20off-white-20frente-20-5-12026400.jpg?v=1770046981,2026-08-24T17:28:30.310313-03:00,,unknown_not_observed_per_size
263,4572,Saia Hazel Off-White,Saia Hazel Off-White,Off White,38,True,VERÃO 2027,Saias,https://www.intibrand.com/produto/saia-hazel-off-white-4572,https://cdn.vnda.com.br/intibrand/2026/02/02/12_43_01_602_body-20eli-20off-white-20-2b-20saia-20hazel-20off-white-20frente-20-5-12026400.jpg?v=1770046981,2026-08-24T17:28:30.310313-03:00,,unknown_not_observed_per_size
263,4572,Saia Hazel Off-White,Saia Hazel Off-White,Off White,40,True,VERÃO 2027,Saias,https://www.intibrand.com/produto/saia-hazel-off-white-4572,https://cdn.vnda.com.br/intibrand/2026/02/02/12_43_01_602_body-20eli-20off-white-20-2b-20saia-20hazel-20off-white-20frente-20-5-12026400.jpg?v=1770046981,2026-08-24T17:28:30.310313-03:00,,unknown_not_observed_per_size
263,4572,Saia Hazel Off-White,Saia Hazel Off-White,Off White,42,True,VERÃO 2027,Saias,https://www.intibrand.com/produto/saia-hazel-off-white-4572,https://cdn.vnda.com.br/intibrand/2026/02/02/12_43_01_602_body-20eli-20off-white-20-2b-20saia-20hazel-20off-white-20frente-20-5-12026400.jpg?v=1770046981,2026-08-24T17:28:30.310313-03:00,,unknown_not_observed_per_size
264,3878,Saia Hill,Saia Hill Pink,Pink,34,True,VERÃO 2027,Saias,https://www.intibrand.com/produto/saia-hill-pink-3878,https://cdn.vnda.com.br/intibrand/2023/11/14/12_35_27_809_12_11_7_798_cropped20brooks20pink202b20saia20hill20pink20frente.jpg?v=1701710533,2026-08-24T17:28:30.310313-03:00,,unknown_not_observed_per_size
264,3878,Saia Hill,Saia Hill Pink,Pink,36,True,VERÃO 2027,Saias,https://www.intibrand.com/produto/saia-hill-pink-3878,https://cdn.vnda.com.br/intibrand/2023/11/14/12_35_27_809_12_11_7_798_cropped20brooks20pink202b20saia20hill20pink20frente.jpg?v=1701710533,2026-08-24T17:28:30.310313-03:00,,unknown_not_observed_per_size
264,3878,Saia Hill,Saia Hill Pink,Pink,38,True,VERÃO 2027,Saias,https://www.intibrand.com/produto/saia-hill-pink-3878,https://cdn.vnda.com.br/intibrand/2023/11/14/12_35_27_809_12_11_7_798_cropped20brooks20pink202b20saia20hill20pink20frente.jpg?v=1701710533,2026-08-24T17:28:30.310313-03:00,,unknown_not_observed_per_size
264,3878,Saia Hill,Saia Hill Pink,Pink,40,True,VERÃO 2027,Saias,https://www.intibrand.com/produto/saia-hill-pink-3878,https://cdn.vnda.com.br/intibrand/2023/11/14/12_35_27_809_12_11_7_798_cropped20brooks20pink202b20saia20hill20pink20frente.jpg?v=1701710533,2026-08-24T17:28:30.310313-03:00,,unknown_not_observed_per_size
264,3878,Saia Hill,Saia Hill Pink,Pink,42,True,VERÃO 2027,Saias,https://www.intibrand.com/produto/saia-hill-pink-3878,https://cdn.vnda.com.br/intibrand/2023/11/14/12_35_27_809_12_11_7_798_cropped20brooks20pink202b20saia20hill20pink20frente.jpg?v=1701710533,2026-08-24T17:28:30.310313-03:00,,unknown_not_observed_per_size
265,4036,Saia Keith Off-White,Saia Keith Off-White,Off White,36,True,VERÃO 2027,Saias,https://www.intibrand.com/produto/saia-keith-off-white-4036,https://cdn.vnda.com.br/intibrand/2024/03/19/13_38_41_201_13_3_4_437_cropped20harold20offwhite202b20saia20keith2020offwhite20frente202b20acessorio.jpg?v=1710866324,2026-08-24T17:28:30.310313-03:00,,unknown_not_observed_per_size
265,4036,Saia Keith Off-White,Saia Keith Off-White,Off White,38,True,VERÃO 2027,Saias,https://www.intibrand.com/produto/saia-keith-off-white-4036,https://cdn.vnda.com.br/intibrand/2024/03/19/13_38_41_201_13_3_4_437_cropped20harold20offwhite202b20saia20keith2020offwhite20frente202b20acessorio.jpg?v=1710866324,2026-08-24T17:28:30.310313-03:00,,unknown_not_observed_per_size
265,4036,Saia Keith Off-White,Saia Keith Off-White,Off White,40,True,VERÃO 2027,Saias,https://www.intibrand.com/produto/saia-keith-off-white-4036,https://cdn.vnda.com.br/intibrand/2024/03/19/13_38_41_201_13_3_4_437_cropped20harold20offwhite202b20saia20keith2020offwhite20frente202b20acessorio.jpg?v=1710866324,2026-08-24T17:28:30.310313-03:00,,unknown_not_observed_per_size
265,4036,Saia Keith Off-White,Saia Keith Off-White,Off White,42,True,VERÃO 2027,Saias,https://www.intibrand.com/produto/saia-keith-off-white-4036,https://cdn.vnda.com.br/intibrand/2024/03/19/13_38_41_201_13_3_4_437_cropped20harold20offwhite202b20saia20keith2020offwhite20frente202b20acessorio.jpg?v=1710866324,2026-08-24T17:28:30.310313-03:00,,unknown_not_observed_per_size
267,4676,Saia Lisse Off-White,Saia Lisse Off-White,Off White,36,True,VERÃO 2027,Saias,https://www.intibrand.com/produto/saia-lisse-off-white-4676,https://cdn.vnda.com.br/intibrand/2025/09/26/14_10_54_482_cropped-20lelac-20off-white-20-2b-20saia-20lisse-20off-white-20lado-202-20-3-14096120.jpg?v=1758906657,2026-08-24T17:28:30.310313-03:00,,unknown_not_observed_per_size
267,4676,Saia Lisse Off-White,Saia Lisse Off-White,Off White,38,True,VERÃO 2027,Saias,https://www.intibrand.com/produto/saia-lisse-off-white-4676,https://cdn.vnda.com.br/intibrand/2025/09/26/14_10_54_482_cropped-20lelac-20off-white-20-2b-20saia-20lisse-20off-white-20lado-202-20-3-14096120.jpg?v=1758906657,2026-08-24T17:28:30.310313-03:00,,unknown_not_observed_per_size
267,4676,Saia Lisse Off-White,Saia Lisse Off-White,Off White,40,True,VERÃO 2027,Saias,https://www.intibrand.com/produto/saia-lisse-off-white-4676,https://cdn.vnda.com.br/intibrand/2025/09/26/14_10_54_482_cropped-20lelac-20off-white-20-2b-20saia-20lisse-20off-white-20lado-202-20-3-14096120.jpg?v=1758906657,2026-08-24T17:28:30.310313-03:00,,unknown_not_observed_per_size
267,4676,Saia Lisse Off-White,Saia Lisse Off-White,Off White,42,True,VERÃO 2027,Saias,https://www.intibrand.com/produto/saia-lisse-off-white-4676,https://cdn.vnda.com.br/intibrand/2025/09/26/14_10_54_482_cropped-20lelac-20off-white-20-2b-20saia-20lisse-20off-white-20lado-202-20-3-14096120.jpg?v=1758906657,2026-08-24T17:28:30.310313-03:00,,unknown_not_observed_per_size
266,4677,Saia Lisse,Saia Lisse Preto,Preto,36,True,VERÃO 2027,Saias,https://www.intibrand.com/produto/saia-lisse-preto-4677,https://cdn.vnda.com.br/intibrand/2025/09/26/14_11_27_526_cropped-20lelac-20preto-20-2b-20saia-20lisse-20preto-20lado-202-20-3-14098730.jpg?v=1758906722,2026-08-24T17:28:30.310313-03:00,,unknown_not_observed_per_size
266,4677,Saia Lisse,Saia Lisse Preto,Preto,38,True,VERÃO 2027,Saias,https://www.intibrand.com/produto/saia-lisse-preto-4677,https://cdn.vnda.com.br/intibrand/2025/09/26/14_11_27_526_cropped-20lelac-20preto-20-2b-20saia-20lisse-20preto-20lado-202-20-3-14098730.jpg?v=1758906722,2026-08-24T17:28:30.310313-03:00,,unknown_not_observed_per_size
266,4677,Saia Lisse,Saia Lisse Preto,Preto,40,True,VERÃO 2027,Saias,https://www.intibrand.com/produto/saia-lisse-preto-4677,https://cdn.vnda.com.br/intibrand/2025/09/26/14_11_27_526_cropped-20lelac-20preto-20-2b-20saia-20lisse-20preto-20lado-202-20-3-14098730.jpg?v=1758906722,2026-08-24T17:28:30.310313-03:00,,unknown_not_observed_per_size
266,4677,Saia Lisse,Saia Lisse Preto,Preto,42,True,VERÃO 2027,Saias,https://www.intibrand.com/produto/saia-lisse-preto-4677,https://cdn.vnda.com.br/intibrand/2025/09/26/14_11_27_526_cropped-20lelac-20preto-20-2b-20saia-20lisse-20preto-20lado-202-20-3-14098730.jpg?v=1758906722,2026-08-24T17:28:30.310313-03:00,,unknown_not_observed_per_size
268,4162,Saia Moretti,Saia Moretti Vermelho,Vermelho,36,True,VERÃO 2027,Saias,https://www.intibrand.com/produto/saia-moretti-vermelho-4162,https://cdn.vnda.com.br/intibrand/2024/08/08/12_13_26_41_12_8_0_067_cropped20mancini20vermelho202b20saia20moretti20vermelha20zoom.jpg?v=1727357247,2026-08-24T17:28:30.310313-03:00,,unknown_not_observed_per_size
268,4162,Saia Moretti,Saia Moretti Vermelho,Vermelho,38,True,VERÃO 2027,Saias,https://www.intibrand.com/produto/saia-moretti-vermelho-4162,https://cdn.vnda.com.br/intibrand/2024/08/08/12_13_26_41_12_8_0_067_cropped20mancini20vermelho202b20saia20moretti20vermelha20zoom.jpg?v=1727357247,2026-08-24T17:28:30.310313-03:00,,unknown_not_observed_per_size
268,4162,Saia Moretti,Saia Moretti Vermelho,Vermelho,40,True,VERÃO 2027,Saias,https://www.intibrand.com/produto/saia-moretti-vermelho-4162,https://cdn.vnda.com.br/intibrand/2024/08/08/12_13_26_41_12_8_0_067_cropped20mancini20vermelho202b20saia20moretti20vermelha20zoom.jpg?v=1727357247,2026-08-24T17:28:30.310313-03:00,,unknown_not_observed_per_size
268,4162,Saia Moretti,Saia Moretti Vermelho,Vermelho,42,True,VERÃO 2027,Saias,https://www.intibrand.com/produto/saia-moretti-vermelho-4162,https://cdn.vnda.com.br/intibrand/2024/08/08/12_13_26_41_12_8_0_067_cropped20mancini20vermelho202b20saia20moretti20vermelha20zoom.jpg?v=1727357247,2026-08-24T17:28:30.310313-03:00,,unknown_not_observed_per_size
268,4162,Saia Moretti,Saia Moretti Vermelho,Vermelho,44,True,VERÃO 2027,Saias,https://www.intibrand.com/produto/saia-moretti-vermelho-4162,https://cdn.vnda.com.br/intibrand/2024/08/08/12_13_26_41_12_8_0_067_cropped20mancini20vermelho202b20saia20moretti20vermelha20zoom.jpg?v=1727357247,2026-08-24T17:28:30.310313-03:00,,unknown_not_observed_per_size
269,4806,Saia Remmy,Saia Remmy Marrom,Marrom,34,True,VERÃO 2027,Saias,https://www.intibrand.com/produto/saia-remmy-marrom-4806,https://cdn.vnda.com.br/intibrand/2026/03/16/15_46_55_737_corselet-20steven-20marrom-20-2b-20saia-20remmy-20marrom-20frente-20edit-15036490.jpg?v=1773686818,2026-08-24T17:28:30.310313-03:00,,unknown_not_observed_per_size
269,4806,Saia Remmy,Saia Remmy Marrom,Marrom,36,True,VERÃO 2027,Saias,https://www.intibrand.com/produto/saia-remmy-marrom-4806,https://cdn.vnda.com.br/intibrand/2026/03/16/15_46_55_737_corselet-20steven-20marrom-20-2b-20saia-20remmy-20marrom-20frente-20edit-15036490.jpg?v=1773686818,2026-08-24T17:28:30.310313-03:00,,unknown_not_observed_per_size
269,4806,Saia Remmy,Saia Remmy Marrom,Marrom,38,True,VERÃO 2027,Saias,https://www.intibrand.com/produto/saia-remmy-marrom-4806,https://cdn.vnda.com.br/intibrand/2026/03/16/15_46_55_737_corselet-20steven-20marrom-20-2b-20saia-20remmy-20marrom-20frente-20edit-15036490.jpg?v=1773686818,2026-08-24T17:28:30.310313-03:00,,unknown_not_observed_per_size
269,4806,Saia Remmy,Saia Remmy Marrom,Marrom,40,True,VERÃO 2027,Saias,https://www.intibrand.com/produto/saia-remmy-marrom-4806,https://cdn.vnda.com.br/intibrand/2026/03/16/15_46_55_737_corselet-20steven-20marrom-20-2b-20saia-20remmy-20marrom-20frente-20edit-15036490.jpg?v=1773686818,2026-08-24T17:28:30.310313-03:00,,unknown_not_observed_per_size
269,4806,Saia Remmy,Saia Remmy Marrom,Marrom,42,True,VERÃO 2027,Saias,https://www.intibrand.com/produto/saia-remmy-marrom-4806,https://cdn.vnda.com.br/intibrand/2026/03/16/15_46_55_737_corselet-20steven-20marrom-20-2b-20saia-20remmy-20marrom-20frente-20edit-15036490.jpg?v=1773686818,2026-08-24T17:28:30.310313-03:00,,unknown_not_observed_per_size
269,4805,Saia Remmy,Saia Remmy Preto,Preto,34,True,VERÃO 2027,Saias,https://www.intibrand.com/produto/saia-remmy-preto-4805,https://cdn.vnda.com.br/intibrand/2026/03/05/12_50_52_173_body-20chiara-20preto-20-2b-20saia-20remmy-20preta-20frente-205-12031060.jpg?v=1772726674,2026-08-24T17:28:30.310313-03:00,,unknown_not_observed_per_size
269,4805,Saia Remmy,Saia Remmy Preto,Preto,36,True,VERÃO 2027,Saias,https://www.intibrand.com/produto/saia-remmy-preto-4805,https://cdn.vnda.com.br/intibrand/2026/03/05/12_50_52_173_body-20chiara-20preto-20-2b-20saia-20remmy-20preta-20frente-205-12031060.jpg?v=1772726674,2026-08-24T17:28:30.310313-03:00,,unknown_not_observed_per_size
269,4805,Saia Remmy,Saia Remmy Preto,Preto,38,True,VERÃO 2027,Saias,https://www.intibrand.com/produto/saia-remmy-preto-4805,https://cdn.vnda.com.br/intibrand/2026/03/05/12_50_52_173_body-20chiara-20preto-20-2b-20saia-20remmy-20preta-20frente-205-12031060.jpg?v=1772726674,2026-08-24T17:28:30.310313-03:00,,unknown_not_observed_per_size
269,4805,Saia Remmy,Saia Remmy Preto,Preto,40,True,VERÃO 2027,Saias,https://www.intibrand.com/produto/saia-remmy-preto-4805,https://cdn.vnda.com.br/intibrand/2026/03/05/12_50_52_173_body-20chiara-20preto-20-2b-20saia-20remmy-20preta-20frente-205-12031060.jpg?v=1772726674,2026-08-24T17:28:30.310313-03:00,,unknown_not_observed_per_size
269,4805,Saia Remmy,Saia Remmy Preto,Preto,42,True,VERÃO 2027,Saias,https://www.intibrand.com/produto/saia-remmy-preto-4805,https://cdn.vnda.com.br/intibrand/2026/03/05/12_50_52_173_body-20chiara-20preto-20-2b-20saia-20remmy-20preta-20frente-205-12031060.jpg?v=1772726674,2026-08-24T17:28:30.310313-03:00,,unknown_not_observed_per_size
271,4860,Saia Riley Off-White,Saia Riley Off-White,Off White,34,True,VERÃO 2027,Saias,https://www.intibrand.com/produto/saia-riley-off-white-4860,https://cdn.vnda.com.br/intibrand/2026/04/01/18_18_07_673_gaby-20v-c3-8ddeos-20-20-story-20-202026-04-01t181744-416-18043610.jpg?v=1775078309,2026-08-24T17:28:30.310313-03:00,,unknown_not_observed_per_size
271,4860,Saia Riley Off-White,Saia Riley Off-White,Off White,36,True,VERÃO 2027,Saias,https://www.intibrand.com/produto/saia-riley-off-white-4860,https://cdn.vnda.com.br/intibrand/2026/04/01/18_18_07_673_gaby-20v-c3-8ddeos-20-20-story-20-202026-04-01t181744-416-18043610.jpg?v=1775078309,2026-08-24T17:28:30.310313-03:00,,unknown_not_observed_per_size
271,4860,Saia Riley Off-White,Saia Riley Off-White,Off White,38,True,VERÃO 2027,Saias,https://www.intibrand.com/produto/saia-riley-off-white-4860,https://cdn.vnda.com.br/intibrand/2026/04/01/18_18_07_673_gaby-20v-c3-8ddeos-20-20-story-20-202026-04-01t181744-416-18043610.jpg?v=1775078309,2026-08-24T17:28:30.310313-03:00,,unknown_not_observed_per_size
271,4860,Saia Riley Off-White,Saia Riley Off-White,Off White,40,True,VERÃO 2027,Saias,https://www.intibrand.com/produto/saia-riley-off-white-4860,https://cdn.vnda.com.br/intibrand/2026/04/01/18_18_07_673_gaby-20v-c3-8ddeos-20-20-story-20-202026-04-01t181744-416-18043610.jpg?v=1775078309,2026-08-24T17:28:30.310313-03:00,,unknown_not_observed_per_size
271,4860,Saia Riley Off-White,Saia Riley Off-White,Off White,42,True,VERÃO 2027,Saias,https://www.intibrand.com/produto/saia-riley-off-white-4860,https://cdn.vnda.com.br/intibrand/2026/04/01/18_18_07_673_gaby-20v-c3-8ddeos-20-20-story-20-202026-04-01t181744-416-18043610.jpg?v=1775078309,2026-08-24T17:28:30.310313-03:00,,unknown_not_observed_per_size
271,4860,Saia Riley Off-White,Saia Riley Off-White,Off White,44,True,VERÃO 2027,Saias,https://www.intibrand.com/produto/saia-riley-off-white-4860,https://cdn.vnda.com.br/intibrand/2026/04/01/18_18_07_673_gaby-20v-c3-8ddeos-20-20-story-20-202026-04-01t181744-416-18043610.jpg?v=1775078309,2026-08-24T17:28:30.310313-03:00,,unknown_not_observed_per_size
270,4861,Saia Riley,Saia Riley Preto,Preto,34,True,VERÃO 2027,Saias,https://www.intibrand.com/produto/saia-riley-preto-4861,https://cdn.vnda.com.br/intibrand/2026/04/01/18_16_20_480_gaby-20v-c3-8ddeos-20-20-story-20-202026-04-01t181539-265-18040050.jpg?v=1775078194,2026-08-24T17:28:30.310313-03:00,,unknown_not_observed_per_size
270,4861,Saia Riley,Saia Riley Preto,Preto,36,True,VERÃO 2027,Saias,https://www.intibrand.com/produto/saia-riley-preto-4861,https://cdn.vnda.com.br/intibrand/2026/04/01/18_16_20_480_gaby-20v-c3-8ddeos-20-20-story-20-202026-04-01t181539-265-18040050.jpg?v=1775078194,2026-08-24T17:28:30.310313-03:00,,unknown_not_observed_per_size
270,4861,Saia Riley,Saia Riley Preto,Preto,38,True,VERÃO 2027,Saias,https://www.intibrand.com/produto/saia-riley-preto-4861,https://cdn.vnda.com.br/intibrand/2026/04/01/18_16_20_480_gaby-20v-c3-8ddeos-20-20-story-20-202026-04-01t181539-265-18040050.jpg?v=1775078194,2026-08-24T17:28:30.310313-03:00,,unknown_not_observed_per_size
270,4861,Saia Riley,Saia Riley Preto,Preto,40,True,VERÃO 2027,Saias,https://www.intibrand.com/produto/saia-riley-preto-4861,https://cdn.vnda.com.br/intibrand/2026/04/01/18_16_20_480_gaby-20v-c3-8ddeos-20-20-story-20-202026-04-01t181539-265-18040050.jpg?v=1775078194,2026-08-24T17:28:30.310313-03:00,,unknown_not_observed_per_size
270,4861,Saia Riley,Saia Riley Preto,Preto,42,True,VERÃO 2027,Saias,https://www.intibrand.com/produto/saia-riley-preto-4861,https://cdn.vnda.com.br/intibrand/2026/04/01/18_16_20_480_gaby-20v-c3-8ddeos-20-20-story-20-202026-04-01t181539-265-18040050.jpg?v=1775078194,2026-08-24T17:28:30.310313-03:00,,unknown_not_observed_per_size
270,4861,Saia Riley,Saia Riley Preto,Preto,44,True,VERÃO 2027,Saias,https://www.intibrand.com/produto/saia-riley-preto-4861,https://cdn.vnda.com.br/intibrand/2026/04/01/18_16_20_480_gaby-20v-c3-8ddeos-20-20-story-20-202026-04-01t181539-265-18040050.jpg?v=1775078194,2026-08-24T17:28:30.310313-03:00,,unknown_not_observed_per_size
272,4151,Saia Smith Preta,Saia Smith Preta,,34,True,VERÃO 2027,Saias,https://www.intibrand.com/produto/saia-smith-preta-4151,https://cdn.vnda.com.br/intibrand/2024/07/30/13_09_53_23_13_7_1_193_cropped20fiore20preto202b20saia20smith20preta20frente.jpg?v=1722355804,2026-08-24T17:28:30.310313-03:00,,unknown_not_observed_per_size
272,4151,Saia Smith Preta,Saia Smith Preta,,36,True,VERÃO 2027,Saias,https://www.intibrand.com/produto/saia-smith-preta-4151,https://cdn.vnda.com.br/intibrand/2024/07/30/13_09_53_23_13_7_1_193_cropped20fiore20preto202b20saia20smith20preta20frente.jpg?v=1722355804,2026-08-24T17:28:30.310313-03:00,,unknown_not_observed_per_size
272,4151,Saia Smith Preta,Saia Smith Preta,,38,True,VERÃO 2027,Saias,https://www.intibrand.com/produto/saia-smith-preta-4151,https://cdn.vnda.com.br/intibrand/2024/07/30/13_09_53_23_13_7_1_193_cropped20fiore20preto202b20saia20smith20preta20frente.jpg?v=1722355804,2026-08-24T17:28:30.310313-03:00,,unknown_not_observed_per_size
272,4151,Saia Smith Preta,Saia Smith Preta,,40,True,VERÃO 2027,Saias,https://www.intibrand.com/produto/saia-smith-preta-4151,https://cdn.vnda.com.br/intibrand/2024/07/30/13_09_53_23_13_7_1_193_cropped20fiore20preto202b20saia20smith20preta20frente.jpg?v=1722355804,2026-08-24T17:28:30.310313-03:00,,unknown_not_observed_per_size
272,4151,Saia Smith Preta,Saia Smith Preta,,42,True,VERÃO 2027,Saias,https://www.intibrand.com/produto/saia-smith-preta-4151,https://cdn.vnda.com.br/intibrand/2024/07/30/13_09_53_23_13_7_1_193_cropped20fiore20preto202b20saia20smith20preta20frente.jpg?v=1722355804,2026-08-24T17:28:30.310313-03:00,,unknown_not_observed_per_size
273,3948,Saída Bennett,Saída Bennett Pérola,Pérola,PP,True,VERÃO 2027,Saídas,https://www.intibrand.com/produto/saida-bennett-perola-3948,https://cdn.vnda.com.br/intibrand/2025/11/14/11_59_40_866_sa-c3-8dda-20bennett-20p-c3-89rola-20zoom-20-3-11113600.jpg?v=1763132385,2026-08-24T17:28:30.310313-03:00,,unknown_not_observed_per_size
273,3948,Saída Bennett,Saída Bennett Pérola,Pérola,P,True,VERÃO 2027,Saídas,https://www.intibrand.com/produto/saida-bennett-perola-3948,https://cdn.vnda.com.br/intibrand/2025/11/14/11_59_40_866_sa-c3-8dda-20bennett-20p-c3-89rola-20zoom-20-3-11113600.jpg?v=1763132385,2026-08-24T17:28:30.310313-03:00,,unknown_not_observed_per_size
273,3948,Saída Bennett,Saída Bennett Pérola,Pérola,M,True,VERÃO 2027,Saídas,https://www.intibrand.com/produto/saida-bennett-perola-3948,https://cdn.vnda.com.br/intibrand/2025/11/14/11_59_40_866_sa-c3-8dda-20bennett-20p-c3-89rola-20zoom-20-3-11113600.jpg?v=1763132385,2026-08-24T17:28:30.310313-03:00,,unknown_not_observed_per_size
273,3948,Saída Bennett,Saída Bennett Pérola,Pérola,G,True,VERÃO 2027,Saídas,https://www.intibrand.com/produto/saida-bennett-perola-3948,https://cdn.vnda.com.br/intibrand/2025/11/14/11_59_40_866_sa-c3-8dda-20bennett-20p-c3-89rola-20zoom-20-3-11113600.jpg?v=1763132385,2026-08-24T17:28:30.310313-03:00,,unknown_not_observed_per_size
274,3949,Saída Bennett Preta,Saída Bennett Preta,,PP,True,VERÃO 2027,Saídas,https://www.intibrand.com/produto/saida-bennett-preta-3949,https://cdn.vnda.com.br/intibrand/2025/11/14/12_00_29_343_sa-c3-8dda-20bennett-20preta-20frente-20-3-12112990.jpg?v=1763132435,2026-08-24T17:28:30.310313-03:00,,unknown_not_observed_per_size
274,3949,Saída Bennett Preta,Saída Bennett Preta,,P,True,VERÃO 2027,Saídas,https://www.intibrand.com/produto/saida-bennett-preta-3949,https://cdn.vnda.com.br/intibrand/2025/11/14/12_00_29_343_sa-c3-8dda-20bennett-20preta-20frente-20-3-12112990.jpg?v=1763132435,2026-08-24T17:28:30.310313-03:00,,unknown_not_observed_per_size
274,3949,Saída Bennett Preta,Saída Bennett Preta,,M,True,VERÃO 2027,Saídas,https://www.intibrand.com/produto/saida-bennett-preta-3949,https://cdn.vnda.com.br/intibrand/2025/11/14/12_00_29_343_sa-c3-8dda-20bennett-20preta-20frente-20-3-12112990.jpg?v=1763132435,2026-08-24T17:28:30.310313-03:00,,unknown_not_observed_per_size
274,3949,Saída Bennett Preta,Saída Bennett Preta,,G,True,VERÃO 2027,Saídas,https://www.intibrand.com/produto/saida-bennett-preta-3949,https://cdn.vnda.com.br/intibrand/2025/11/14/12_00_29_343_sa-c3-8dda-20bennett-20preta-20frente-20-3-12112990.jpg?v=1763132435,2026-08-24T17:28:30.310313-03:00,,unknown_not_observed_per_size
275,4584,Saída Clarke,Saída Clarke Cobre,Cobre,PP,True,VERÃO 2027,Saídas,https://www.intibrand.com/produto/saida-clarke-cobre-4584,https://cdn.vnda.com.br/intibrand/2025/08/29/13_40_17_413_sa-c3-8dda-20clarke-20cobre-20frente-13087530.jpg?v=1756485628,2026-08-24T17:28:30.310313-03:00,,unknown_not_observed_per_size
275,4584,Saída Clarke,Saída Clarke Cobre,Cobre,P,True,VERÃO 2027,Saídas,https://www.intibrand.com/produto/saida-clarke-cobre-4584,https://cdn.vnda.com.br/intibrand/2025/08/29/13_40_17_413_sa-c3-8dda-20clarke-20cobre-20frente-13087530.jpg?v=1756485628,2026-08-24T17:28:30.310313-03:00,,unknown_not_observed_per_size
275,4584,Saída Clarke,Saída Clarke Cobre,Cobre,M,True,VERÃO 2027,Saídas,https://www.intibrand.com/produto/saida-clarke-cobre-4584,https://cdn.vnda.com.br/intibrand/2025/08/29/13_40_17_413_sa-c3-8dda-20clarke-20cobre-20frente-13087530.jpg?v=1756485628,2026-08-24T17:28:30.310313-03:00,,unknown_not_observed_per_size
275,4584,Saída Clarke,Saída Clarke Cobre,Cobre,G,True,VERÃO 2027,Saídas,https://www.intibrand.com/produto/saida-clarke-cobre-4584,https://cdn.vnda.com.br/intibrand/2025/08/29/13_40_17_413_sa-c3-8dda-20clarke-20cobre-20frente-13087530.jpg?v=1756485628,2026-08-24T17:28:30.310313-03:00,,unknown_not_observed_per_size
275,4581,Saída Clarke,Saída Clarke Pérola,Pérola,PP,True,VERÃO 2027,Saídas,https://www.intibrand.com/produto/saida-clarke-perola-4581,https://cdn.vnda.com.br/intibrand/2025/08/22/12_14_32_939_sa-c3-8dda-20clarke-20p-c3-89rola-20frente-12085960.jpg?v=1755876164,2026-08-24T17:28:30.310313-03:00,,unknown_not_observed_per_size
275,4581,Saída Clarke,Saída Clarke Pérola,Pérola,P,True,VERÃO 2027,Saídas,https://www.intibrand.com/produto/saida-clarke-perola-4581,https://cdn.vnda.com.br/intibrand/2025/08/22/12_14_32_939_sa-c3-8dda-20clarke-20p-c3-89rola-20frente-12085960.jpg?v=1755876164,2026-08-24T17:28:30.310313-03:00,,unknown_not_observed_per_size
275,4581,Saída Clarke,Saída Clarke Pérola,Pérola,M,True,VERÃO 2027,Saídas,https://www.intibrand.com/produto/saida-clarke-perola-4581,https://cdn.vnda.com.br/intibrand/2025/08/22/12_14_32_939_sa-c3-8dda-20clarke-20p-c3-89rola-20frente-12085960.jpg?v=1755876164,2026-08-24T17:28:30.310313-03:00,,unknown_not_observed_per_size
275,4581,Saída Clarke,Saída Clarke Pérola,Pérola,G,True,VERÃO 2027,Saídas,https://www.intibrand.com/produto/saida-clarke-perola-4581,https://cdn.vnda.com.br/intibrand/2025/08/22/12_14_32_939_sa-c3-8dda-20clarke-20p-c3-89rola-20frente-12085960.jpg?v=1755876164,2026-08-24T17:28:30.310313-03:00,,unknown_not_observed_per_size
275,4582,Saída Clarke,Saída Clarke Preto,Preto,PP,True,VERÃO 2027,Saídas,https://www.intibrand.com/produto/saida-clarke-preto-4582,https://cdn.vnda.com.br/intibrand/2025/08/22/12_15_17_677_sa-c3-8dda-20clarke-20preta-20frente-12088150.jpg?v=1755875717,2026-08-24T17:28:30.310313-03:00,,unknown_not_observed_per_size
275,4582,Saída Clarke,Saída Clarke Preto,Preto,P,True,VERÃO 2027,Saídas,https://www.intibrand.com/produto/saida-clarke-preto-4582,https://cdn.vnda.com.br/intibrand/2025/08/22/12_15_17_677_sa-c3-8dda-20clarke-20preta-20frente-12088150.jpg?v=1755875717,2026-08-24T17:28:30.310313-03:00,,unknown_not_observed_per_size
275,4582,Saída Clarke,Saída Clarke Preto,Preto,M,True,VERÃO 2027,Saídas,https://www.intibrand.com/produto/saida-clarke-preto-4582,https://cdn.vnda.com.br/intibrand/2025/08/22/12_15_17_677_sa-c3-8dda-20clarke-20preta-20frente-12088150.jpg?v=1755875717,2026-08-24T17:28:30.310313-03:00,,unknown_not_observed_per_size
275,4582,Saída Clarke,Saída Clarke Preto,Preto,G,True,VERÃO 2027,Saídas,https://www.intibrand.com/produto/saida-clarke-preto-4582,https://cdn.vnda.com.br/intibrand/2025/08/22/12_15_17_677_sa-c3-8dda-20clarke-20preta-20frente-12088150.jpg?v=1755875717,2026-08-24T17:28:30.310313-03:00,,unknown_not_observed_per_size
275,4583,Saída Clarke,Saída Clarke Vermelho,Vermelho,PP,True,VERÃO 2027,Saídas,https://www.intibrand.com/produto/saida-clarke-vermelho-4583,https://cdn.vnda.com.br/intibrand/2025/08/29/13_41_15_147_sa-c3-8dda-20clarke-20vermelha-20frente-13089890.jpg?v=1756485684,2026-08-24T17:28:30.310313-03:00,,unknown_not_observed_per_size
275,4583,Saída Clarke,Saída Clarke Vermelho,Vermelho,P,True,VERÃO 2027,Saídas,https://www.intibrand.com/produto/saida-clarke-vermelho-4583,https://cdn.vnda.com.br/intibrand/2025/08/29/13_41_15_147_sa-c3-8dda-20clarke-20vermelha-20frente-13089890.jpg?v=1756485684,2026-08-24T17:28:30.310313-03:00,,unknown_not_observed_per_size
275,4583,Saída Clarke,Saída Clarke Vermelho,Vermelho,M,True,VERÃO 2027,Saídas,https://www.intibrand.com/produto/saida-clarke-vermelho-4583,https://cdn.vnda.com.br/intibrand/2025/08/29/13_41_15_147_sa-c3-8dda-20clarke-20vermelha-20frente-13089890.jpg?v=1756485684,2026-08-24T17:28:30.310313-03:00,,unknown_not_observed_per_size
275,4583,Saída Clarke,Saída Clarke Vermelho,Vermelho,G,True,VERÃO 2027,Saídas,https://www.intibrand.com/produto/saida-clarke-vermelho-4583,https://cdn.vnda.com.br/intibrand/2025/08/29/13_41_15_147_sa-c3-8dda-20clarke-20vermelha-20frente-13089890.jpg?v=1756485684,2026-08-24T17:28:30.310313-03:00,,unknown_not_observed_per_size
276,4450,Saída Topaz,Saída Topaz Pérola,Pérola,P,True,VERÃO 2027,Saídas,https://www.intibrand.com/produto/saida-topaz-perola-4450,https://cdn.vnda.com.br/intibrand/2025/02/03/15_44_00_366_15_2_6_622_sac38dda20topaz20offwhite20frente202.jpg?v=1749084103,2026-08-24T17:28:30.310313-03:00,,unknown_not_observed_per_size
276,4450,Saída Topaz,Saída Topaz Pérola,Pérola,M,True,VERÃO 2027,Saídas,https://www.intibrand.com/produto/saida-topaz-perola-4450,https://cdn.vnda.com.br/intibrand/2025/02/03/15_44_00_366_15_2_6_622_sac38dda20topaz20offwhite20frente202.jpg?v=1749084103,2026-08-24T17:28:30.310313-03:00,,unknown_not_observed_per_size
276,4450,Saída Topaz,Saída Topaz Pérola,Pérola,G,True,VERÃO 2027,Saídas,https://www.intibrand.com/produto/saida-topaz-perola-4450,https://cdn.vnda.com.br/intibrand/2025/02/03/15_44_00_366_15_2_6_622_sac38dda20topaz20offwhite20frente202.jpg?v=1749084103,2026-08-24T17:28:30.310313-03:00,,unknown_not_observed_per_size
276,4451,Saída Topaz,Saída Topaz Preto,Preto,P,True,VERÃO 2027,Saídas,https://www.intibrand.com/produto/saida-topaz-preto-4451,https://cdn.vnda.com.br/intibrand/2025/09/11/13_45_20_89_sa-c3-8dda-20topaz-20preta-20frente-202-2c-2c-2c-13091500.jpg?v=1757609127,2026-08-24T17:28:30.310313-03:00,,unknown_not_observed_per_size
276,4451,Saída Topaz,Saída Topaz Preto,Preto,M,True,VERÃO 2027,Saídas,https://www.intibrand.com/produto/saida-topaz-preto-4451,https://cdn.vnda.com.br/intibrand/2025/09/11/13_45_20_89_sa-c3-8dda-20topaz-20preta-20frente-202-2c-2c-2c-13091500.jpg?v=1757609127,2026-08-24T17:28:30.310313-03:00,,unknown_not_observed_per_size
276,4451,Saída Topaz,Saída Topaz Preto,Preto,G,True,VERÃO 2027,Saídas,https://www.intibrand.com/produto/saida-topaz-preto-4451,https://cdn.vnda.com.br/intibrand/2025/09/11/13_45_20_89_sa-c3-8dda-20topaz-20preta-20frente-202-2c-2c-2c-13091500.jpg?v=1757609127,2026-08-24T17:28:30.310313-03:00,,unknown_not_observed_per_size
277,4533,Short Adonis,Short Adonis Preto,Preto,36,True,VERÃO 2027,Shorts,https://www.intibrand.com/produto/short-adonis-preto-4533,https://cdn.vnda.com.br/intibrand/2025/03/31/18_12_07_322_18_3_3_348_conjunto20adonis20preto20frente20zoom202.jpg?v=1743455532,2026-08-24T17:28:30.310313-03:00,,unknown_not_observed_per_size
277,4533,Short Adonis,Short Adonis Preto,Preto,38,True,VERÃO 2027,Shorts,https://www.intibrand.com/produto/short-adonis-preto-4533,https://cdn.vnda.com.br/intibrand/2025/03/31/18_12_07_322_18_3_3_348_conjunto20adonis20preto20frente20zoom202.jpg?v=1743455532,2026-08-24T17:28:30.310313-03:00,,unknown_not_observed_per_size
277,4533,Short Adonis,Short Adonis Preto,Preto,40,True,VERÃO 2027,Shorts,https://www.intibrand.com/produto/short-adonis-preto-4533,https://cdn.vnda.com.br/intibrand/2025/03/31/18_12_07_322_18_3_3_348_conjunto20adonis20preto20frente20zoom202.jpg?v=1743455532,2026-08-24T17:28:30.310313-03:00,,unknown_not_observed_per_size
277,4533,Short Adonis,Short Adonis Preto,Preto,42,True,VERÃO 2027,Shorts,https://www.intibrand.com/produto/short-adonis-preto-4533,https://cdn.vnda.com.br/intibrand/2025/03/31/18_12_07_322_18_3_3_348_conjunto20adonis20preto20frente20zoom202.jpg?v=1743455532,2026-08-24T17:28:30.310313-03:00,,unknown_not_observed_per_size
279,4901,Short Caleb Off-White,Short Caleb Off-White,Off White,34,True,VERÃO 2027,Shorts,https://www.intibrand.com/produto/short-caleb-off-white-4901,https://cdn.vnda.com.br/intibrand/2026/04/29/15_41_53_648_gaby-20v-c3-8ddeos-20-20-3740-20x-204987-20px-20-2-15044520.jpg?v=1777488121,2026-08-24T17:28:30.310313-03:00,,unknown_not_observed_per_size
279,4901,Short Caleb Off-White,Short Caleb Off-White,Off White,36,True,VERÃO 2027,Shorts,https://www.intibrand.com/produto/short-caleb-off-white-4901,https://cdn.vnda.com.br/intibrand/2026/04/29/15_41_53_648_gaby-20v-c3-8ddeos-20-20-3740-20x-204987-20px-20-2-15044520.jpg?v=1777488121,2026-08-24T17:28:30.310313-03:00,,unknown_not_observed_per_size
279,4901,Short Caleb Off-White,Short Caleb Off-White,Off White,38,True,VERÃO 2027,Shorts,https://www.intibrand.com/produto/short-caleb-off-white-4901,https://cdn.vnda.com.br/intibrand/2026/04/29/15_41_53_648_gaby-20v-c3-8ddeos-20-20-3740-20x-204987-20px-20-2-15044520.jpg?v=1777488121,2026-08-24T17:28:30.310313-03:00,,unknown_not_observed_per_size
279,4901,Short Caleb Off-White,Short Caleb Off-White,Off White,40,True,VERÃO 2027,Shorts,https://www.intibrand.com/produto/short-caleb-off-white-4901,https://cdn.vnda.com.br/intibrand/2026/04/29/15_41_53_648_gaby-20v-c3-8ddeos-20-20-3740-20x-204987-20px-20-2-15044520.jpg?v=1777488121,2026-08-24T17:28:30.310313-03:00,,unknown_not_observed_per_size
279,4901,Short Caleb Off-White,Short Caleb Off-White,Off White,42,True,VERÃO 2027,Shorts,https://www.intibrand.com/produto/short-caleb-off-white-4901,https://cdn.vnda.com.br/intibrand/2026/04/29/15_41_53_648_gaby-20v-c3-8ddeos-20-20-3740-20x-204987-20px-20-2-15044520.jpg?v=1777488121,2026-08-24T17:28:30.310313-03:00,,unknown_not_observed_per_size
279,4901,Short Caleb Off-White,Short Caleb Off-White,Off White,44,True,VERÃO 2027,Shorts,https://www.intibrand.com/produto/short-caleb-off-white-4901,https://cdn.vnda.com.br/intibrand/2026/04/29/15_41_53_648_gaby-20v-c3-8ddeos-20-20-3740-20x-204987-20px-20-2-15044520.jpg?v=1777488121,2026-08-24T17:28:30.310313-03:00,,unknown_not_observed_per_size
278,4902,Short Caleb,Short Caleb Preto,Preto,34,True,VERÃO 2027,Shorts,https://www.intibrand.com/produto/short-caleb-preto-4902,https://cdn.vnda.com.br/intibrand/2026/04/29/15_35_53_415_gaby-20v-c3-8ddeos-20-20-3740-20x-204987-20px-20-1-15043480.jpg?v=1777487953,2026-08-24T17:28:30.310313-03:00,,unknown_not_observed_per_size
278,4902,Short Caleb,Short Caleb Preto,Preto,36,True,VERÃO 2027,Shorts,https://www.intibrand.com/produto/short-caleb-preto-4902,https://cdn.vnda.com.br/intibrand/2026/04/29/15_35_53_415_gaby-20v-c3-8ddeos-20-20-3740-20x-204987-20px-20-1-15043480.jpg?v=1777487953,2026-08-24T17:28:30.310313-03:00,,unknown_not_observed_per_size
278,4902,Short Caleb,Short Caleb Preto,Preto,38,True,VERÃO 2027,Shorts,https://www.intibrand.com/produto/short-caleb-preto-4902,https://cdn.vnda.com.br/intibrand/2026/04/29/15_35_53_415_gaby-20v-c3-8ddeos-20-20-3740-20x-204987-20px-20-1-15043480.jpg?v=1777487953,2026-08-24T17:28:30.310313-03:00,,unknown_not_observed_per_size
278,4902,Short Caleb,Short Caleb Preto,Preto,40,True,VERÃO 2027,Shorts,https://www.intibrand.com/produto/short-caleb-preto-4902,https://cdn.vnda.com.br/intibrand/2026/04/29/15_35_53_415_gaby-20v-c3-8ddeos-20-20-3740-20x-204987-20px-20-1-15043480.jpg?v=1777487953,2026-08-24T17:28:30.310313-03:00,,unknown_not_observed_per_size
278,4902,Short Caleb,Short Caleb Preto,Preto,42,True,VERÃO 2027,Shorts,https://www.intibrand.com/produto/short-caleb-preto-4902,https://cdn.vnda.com.br/intibrand/2026/04/29/15_35_53_415_gaby-20v-c3-8ddeos-20-20-3740-20x-204987-20px-20-1-15043480.jpg?v=1777487953,2026-08-24T17:28:30.310313-03:00,,unknown_not_observed_per_size
278,4902,Short Caleb,Short Caleb Preto,Preto,44,True,VERÃO 2027,Shorts,https://www.intibrand.com/produto/short-caleb-preto-4902,https://cdn.vnda.com.br/intibrand/2026/04/29/15_35_53_415_gaby-20v-c3-8ddeos-20-20-3740-20x-204987-20px-20-1-15043480.jpg?v=1777487953,2026-08-24T17:28:30.310313-03:00,,unknown_not_observed_per_size
280,4598,Short Linho Strauss,Short Linho Strauss Caramelo,Caramelo,36,True,VERÃO 2027,Shorts,https://www.intibrand.com/produto/short-linho-strauss-caramelo-4598,https://cdn.vnda.com.br/intibrand/2025/09/11/17_04_52_663_cropped-20linho-20brett-20caramelo-20-2b-20short-20linho-20strauss-20caramelo-20frente-20-1-20-1-17095810.jpg?v=1757621209,2026-08-24T17:28:30.310313-03:00,,unknown_not_observed_per_size
280,4598,Short Linho Strauss,Short Linho Strauss Caramelo,Caramelo,38,True,VERÃO 2027,Shorts,https://www.intibrand.com/produto/short-linho-strauss-caramelo-4598,https://cdn.vnda.com.br/intibrand/2025/09/11/17_04_52_663_cropped-20linho-20brett-20caramelo-20-2b-20short-20linho-20strauss-20caramelo-20frente-20-1-20-1-17095810.jpg?v=1757621209,2026-08-24T17:28:30.310313-03:00,,unknown_not_observed_per_size
280,4598,Short Linho Strauss,Short Linho Strauss Caramelo,Caramelo,40,True,VERÃO 2027,Shorts,https://www.intibrand.com/produto/short-linho-strauss-caramelo-4598,https://cdn.vnda.com.br/intibrand/2025/09/11/17_04_52_663_cropped-20linho-20brett-20caramelo-20-2b-20short-20linho-20strauss-20caramelo-20frente-20-1-20-1-17095810.jpg?v=1757621209,2026-08-24T17:28:30.310313-03:00,,unknown_not_observed_per_size
280,4598,Short Linho Strauss,Short Linho Strauss Caramelo,Caramelo,42,True,VERÃO 2027,Shorts,https://www.intibrand.com/produto/short-linho-strauss-caramelo-4598,https://cdn.vnda.com.br/intibrand/2025/09/11/17_04_52_663_cropped-20linho-20brett-20caramelo-20-2b-20short-20linho-20strauss-20caramelo-20frente-20-1-20-1-17095810.jpg?v=1757621209,2026-08-24T17:28:30.310313-03:00,,unknown_not_observed_per_size
280,4597,Short Linho Strauss,Short Linho Strauss Preto,Preto,36,True,VERÃO 2027,Shorts,https://www.intibrand.com/produto/short-linho-strauss-preto-4597,https://cdn.vnda.com.br/intibrand/2025/09/11/17_12_00_627_cropped-20linho-20brett-20preto-20-2b-20short-20linho-20straus-20preto-20-20frente-20-2-20-1-17098930.jpg?v=1757621522,2026-08-24T17:28:30.310313-03:00,,unknown_not_observed_per_size
280,4597,Short Linho Strauss,Short Linho Strauss Preto,Preto,38,True,VERÃO 2027,Shorts,https://www.intibrand.com/produto/short-linho-strauss-preto-4597,https://cdn.vnda.com.br/intibrand/2025/09/11/17_12_00_627_cropped-20linho-20brett-20preto-20-2b-20short-20linho-20straus-20preto-20-20frente-20-2-20-1-17098930.jpg?v=1757621522,2026-08-24T17:28:30.310313-03:00,,unknown_not_observed_per_size
280,4597,Short Linho Strauss,Short Linho Strauss Preto,Preto,40,True,VERÃO 2027,Shorts,https://www.intibrand.com/produto/short-linho-strauss-preto-4597,https://cdn.vnda.com.br/intibrand/2025/09/11/17_12_00_627_cropped-20linho-20brett-20preto-20-2b-20short-20linho-20straus-20preto-20-20frente-20-2-20-1-17098930.jpg?v=1757621522,2026-08-24T17:28:30.310313-03:00,,unknown_not_observed_per_size
280,4597,Short Linho Strauss,Short Linho Strauss Preto,Preto,42,True,VERÃO 2027,Shorts,https://www.intibrand.com/produto/short-linho-strauss-preto-4597,https://cdn.vnda.com.br/intibrand/2025/09/11/17_12_00_627_cropped-20linho-20brett-20preto-20-2b-20short-20linho-20straus-20preto-20-20frente-20-2-20-1-17098930.jpg?v=1757621522,2026-08-24T17:28:30.310313-03:00,,unknown_not_observed_per_size
281,4520,Short Saia Donati,Short Saia Donati Preto,Preto,36,True,VERÃO 2027,Shorts,https://www.intibrand.com/produto/short-saia-donati-preto-4520,https://cdn.vnda.com.br/intibrand/2025/03/11/11_55_18_803_11_3_8_833_cropped20rhea20preto202b20short20saia20donati20preto20frente202.jpg?v=1741704926,2026-08-24T17:28:30.310313-03:00,,unknown_not_observed_per_size
281,4520,Short Saia Donati,Short Saia Donati Preto,Preto,38,True,VERÃO 2027,Shorts,https://www.intibrand.com/produto/short-saia-donati-preto-4520,https://cdn.vnda.com.br/intibrand/2025/03/11/11_55_18_803_11_3_8_833_cropped20rhea20preto202b20short20saia20donati20preto20frente202.jpg?v=1741704926,2026-08-24T17:28:30.310313-03:00,,unknown_not_observed_per_size
281,4520,Short Saia Donati,Short Saia Donati Preto,Preto,40,True,VERÃO 2027,Shorts,https://www.intibrand.com/produto/short-saia-donati-preto-4520,https://cdn.vnda.com.br/intibrand/2025/03/11/11_55_18_803_11_3_8_833_cropped20rhea20preto202b20short20saia20donati20preto20frente202.jpg?v=1741704926,2026-08-24T17:28:30.310313-03:00,,unknown_not_observed_per_size
281,4520,Short Saia Donati,Short Saia Donati Preto,Preto,42,True,VERÃO 2027,Shorts,https://www.intibrand.com/produto/short-saia-donati-preto-4520,https://cdn.vnda.com.br/intibrand/2025/03/11/11_55_18_803_11_3_8_833_cropped20rhea20preto202b20short20saia20donati20preto20frente202.jpg?v=1741704926,2026-08-24T17:28:30.310313-03:00,,unknown_not_observed_per_size
283,4673,Short Saia Kahn Off-White,Short Saia Kahn Off-White,Off White,36,True,VERÃO 2027,Shorts,https://www.intibrand.com/produto/short-saia-kahn-off-white-4673,https://cdn.vnda.com.br/intibrand/2025/09/26/12_54_27_319_cropped-20lelac-20off-white-20-2b-20short-20saia-20kahn-20off-white-20frente-20-3-12098340.jpg?v=1758902075,2026-08-24T17:28:30.310313-03:00,,unknown_not_observed_per_size
283,4673,Short Saia Kahn Off-White,Short Saia Kahn Off-White,Off White,38,True,VERÃO 2027,Shorts,https://www.intibrand.com/produto/short-saia-kahn-off-white-4673,https://cdn.vnda.com.br/intibrand/2025/09/26/12_54_27_319_cropped-20lelac-20off-white-20-2b-20short-20saia-20kahn-20off-white-20frente-20-3-12098340.jpg?v=1758902075,2026-08-24T17:28:30.310313-03:00,,unknown_not_observed_per_size
283,4673,Short Saia Kahn Off-White,Short Saia Kahn Off-White,Off White,40,True,VERÃO 2027,Shorts,https://www.intibrand.com/produto/short-saia-kahn-off-white-4673,https://cdn.vnda.com.br/intibrand/2025/09/26/12_54_27_319_cropped-20lelac-20off-white-20-2b-20short-20saia-20kahn-20off-white-20frente-20-3-12098340.jpg?v=1758902075,2026-08-24T17:28:30.310313-03:00,,unknown_not_observed_per_size
283,4673,Short Saia Kahn Off-White,Short Saia Kahn Off-White,Off White,42,True,VERÃO 2027,Shorts,https://www.intibrand.com/produto/short-saia-kahn-off-white-4673,https://cdn.vnda.com.br/intibrand/2025/09/26/12_54_27_319_cropped-20lelac-20off-white-20-2b-20short-20saia-20kahn-20off-white-20frente-20-3-12098340.jpg?v=1758902075,2026-08-24T17:28:30.310313-03:00,,unknown_not_observed_per_size
282,4674,Short Saia Kahn,Short Saia Kahn Preto,Preto,36,True,VERÃO 2027,Shorts,https://www.intibrand.com/produto/short-saia-kahn-preto-4674,https://cdn.vnda.com.br/intibrand/2025/09/26/12_57_34_424_cropped-20lelac-20preto-20-2b-20short-20saia-20kahn-20preto-20frente-20-3-12098040.jpg?v=1758902254,2026-08-24T17:28:30.310313-03:00,,unknown_not_observed_per_size
282,4674,Short Saia Kahn,Short Saia Kahn Preto,Preto,38,True,VERÃO 2027,Shorts,https://www.intibrand.com/produto/short-saia-kahn-preto-4674,https://cdn.vnda.com.br/intibrand/2025/09/26/12_57_34_424_cropped-20lelac-20preto-20-2b-20short-20saia-20kahn-20preto-20frente-20-3-12098040.jpg?v=1758902254,2026-08-24T17:28:30.310313-03:00,,unknown_not_observed_per_size
282,4674,Short Saia Kahn,Short Saia Kahn Preto,Preto,40,True,VERÃO 2027,Shorts,https://www.intibrand.com/produto/short-saia-kahn-preto-4674,https://cdn.vnda.com.br/intibrand/2025/09/26/12_57_34_424_cropped-20lelac-20preto-20-2b-20short-20saia-20kahn-20preto-20frente-20-3-12098040.jpg?v=1758902254,2026-08-24T17:28:30.310313-03:00,,unknown_not_observed_per_size
282,4674,Short Saia Kahn,Short Saia Kahn Preto,Preto,42,True,VERÃO 2027,Shorts,https://www.intibrand.com/produto/short-saia-kahn-preto-4674,https://cdn.vnda.com.br/intibrand/2025/09/26/12_57_34_424_cropped-20lelac-20preto-20-2b-20short-20saia-20kahn-20preto-20frente-20-3-12098040.jpg?v=1758902254,2026-08-24T17:28:30.310313-03:00,,unknown_not_observed_per_size
284,4140,Short Saia Raff,Short Saia Raff Azul Marinho,Azul Marinho,34,True,VERÃO 2027,Shorts,https://www.intibrand.com/produto/short-saia-raff-azul-marinho-4140,https://cdn.vnda.com.br/intibrand/2024/07/29/10_38_24_235_10_7_5_534_cropped20mancini20azul20marinho202b20short20saia20raff20azul20marinho20frente201.jpg?v=1722260306,2026-08-24T17:28:30.310313-03:00,,unknown_not_observed_per_size
284,4140,Short Saia Raff,Short Saia Raff Azul Marinho,Azul Marinho,36,True,VERÃO 2027,Shorts,https://www.intibrand.com/produto/short-saia-raff-azul-marinho-4140,https://cdn.vnda.com.br/intibrand/2024/07/29/10_38_24_235_10_7_5_534_cropped20mancini20azul20marinho202b20short20saia20raff20azul20marinho20frente201.jpg?v=1722260306,2026-08-24T17:28:30.310313-03:00,,unknown_not_observed_per_size
284,4140,Short Saia Raff,Short Saia Raff Azul Marinho,Azul Marinho,38,True,VERÃO 2027,Shorts,https://www.intibrand.com/produto/short-saia-raff-azul-marinho-4140,https://cdn.vnda.com.br/intibrand/2024/07/29/10_38_24_235_10_7_5_534_cropped20mancini20azul20marinho202b20short20saia20raff20azul20marinho20frente201.jpg?v=1722260306,2026-08-24T17:28:30.310313-03:00,,unknown_not_observed_per_size
284,4140,Short Saia Raff,Short Saia Raff Azul Marinho,Azul Marinho,40,True,VERÃO 2027,Shorts,https://www.intibrand.com/produto/short-saia-raff-azul-marinho-4140,https://cdn.vnda.com.br/intibrand/2024/07/29/10_38_24_235_10_7_5_534_cropped20mancini20azul20marinho202b20short20saia20raff20azul20marinho20frente201.jpg?v=1722260306,2026-08-24T17:28:30.310313-03:00,,unknown_not_observed_per_size
284,4140,Short Saia Raff,Short Saia Raff Azul Marinho,Azul Marinho,42,True,VERÃO 2027,Shorts,https://www.intibrand.com/produto/short-saia-raff-azul-marinho-4140,https://cdn.vnda.com.br/intibrand/2024/07/29/10_38_24_235_10_7_5_534_cropped20mancini20azul20marinho202b20short20saia20raff20azul20marinho20frente201.jpg?v=1722260306,2026-08-24T17:28:30.310313-03:00,,unknown_not_observed_per_size
285,4678,Short Vesu Off-White,Short Vesu Off-White,Off White,36,True,VERÃO 2027,Shorts,https://www.intibrand.com/produto/short-vesu-off-white-4678,https://cdn.vnda.com.br/intibrand/2025/09/26/14_25_33_570_blusa-20moonsoon-20off-white-20-2b-20short-20vesu-20off-white-20frente-203-20-3-14099540.jpg?v=1758907539,2026-08-24T17:28:30.310313-03:00,,unknown_not_observed_per_size
285,4678,Short Vesu Off-White,Short Vesu Off-White,Off White,38,True,VERÃO 2027,Shorts,https://www.intibrand.com/produto/short-vesu-off-white-4678,https://cdn.vnda.com.br/intibrand/2025/09/26/14_25_33_570_blusa-20moonsoon-20off-white-20-2b-20short-20vesu-20off-white-20frente-203-20-3-14099540.jpg?v=1758907539,2026-08-24T17:28:30.310313-03:00,,unknown_not_observed_per_size
285,4678,Short Vesu Off-White,Short Vesu Off-White,Off White,40,True,VERÃO 2027,Shorts,https://www.intibrand.com/produto/short-vesu-off-white-4678,https://cdn.vnda.com.br/intibrand/2025/09/26/14_25_33_570_blusa-20moonsoon-20off-white-20-2b-20short-20vesu-20off-white-20frente-203-20-3-14099540.jpg?v=1758907539,2026-08-24T17:28:30.310313-03:00,,unknown_not_observed_per_size
285,4678,Short Vesu Off-White,Short Vesu Off-White,Off White,42,True,VERÃO 2027,Shorts,https://www.intibrand.com/produto/short-vesu-off-white-4678,https://cdn.vnda.com.br/intibrand/2025/09/26/14_25_33_570_blusa-20moonsoon-20off-white-20-2b-20short-20vesu-20off-white-20frente-203-20-3-14099540.jpg?v=1758907539,2026-08-24T17:28:30.310313-03:00,,unknown_not_observed_per_size
286,4437,Sobretudo Ferraro Off-White,Sobretudo Ferraro Off-White,Off White,36,True,VERÃO 2027,Sobretudos,https://www.intibrand.com/produto/sobretudo-ferraro-off-white-4437,https://cdn.vnda.com.br/intibrand/2025/01/31/17_21_59_50_17_1_7_787_sobretudo20ferraro20offwhite20frente.jpg?v=1738354956,2026-08-24T17:28:30.310313-03:00,,unknown_not_observed_per_size
286,4437,Sobretudo Ferraro Off-White,Sobretudo Ferraro Off-White,Off White,38,True,VERÃO 2027,Sobretudos,https://www.intibrand.com/produto/sobretudo-ferraro-off-white-4437,https://cdn.vnda.com.br/intibrand/2025/01/31/17_21_59_50_17_1_7_787_sobretudo20ferraro20offwhite20frente.jpg?v=1738354956,2026-08-24T17:28:30.310313-03:00,,unknown_not_observed_per_size
286,4437,Sobretudo Ferraro Off-White,Sobretudo Ferraro Off-White,Off White,40,True,VERÃO 2027,Sobretudos,https://www.intibrand.com/produto/sobretudo-ferraro-off-white-4437,https://cdn.vnda.com.br/intibrand/2025/01/31/17_21_59_50_17_1_7_787_sobretudo20ferraro20offwhite20frente.jpg?v=1738354956,2026-08-24T17:28:30.310313-03:00,,unknown_not_observed_per_size
286,4437,Sobretudo Ferraro Off-White,Sobretudo Ferraro Off-White,Off White,42,True,VERÃO 2027,Sobretudos,https://www.intibrand.com/produto/sobretudo-ferraro-off-white-4437,https://cdn.vnda.com.br/intibrand/2025/01/31/17_21_59_50_17_1_7_787_sobretudo20ferraro20offwhite20frente.jpg?v=1738354956,2026-08-24T17:28:30.310313-03:00,,unknown_not_observed_per_size
287,2333,Top Orion Branco | Orion Top White,Top Orion Branco | Orion Top White,Branco,P,True,VERÃO 2027,Croppeds,https://www.intibrand.com/produto/top-orion-branco-2333,https://cdn.vnda.com.br/intibrand/2020/03/27/18_3_9_986_oriontopwhite1.jpg?v=1585343098,2026-08-24T17:28:30.310313-03:00,,unknown_not_observed_per_size
287,2333,Top Orion Branco | Orion Top White,Top Orion Branco | Orion Top White,Branco,M,True,VERÃO 2027,Croppeds,https://www.intibrand.com/produto/top-orion-branco-2333,https://cdn.vnda.com.br/intibrand/2020/03/27/18_3_9_986_oriontopwhite1.jpg?v=1585343098,2026-08-24T17:28:30.310313-03:00,,unknown_not_observed_per_size
287,2333,Top Orion Branco | Orion Top White,Top Orion Branco | Orion Top White,Branco,G,True,VERÃO 2027,Croppeds,https://www.intibrand.com/produto/top-orion-branco-2333,https://cdn.vnda.com.br/intibrand/2020/03/27/18_3_9_986_oriontopwhite1.jpg?v=1585343098,2026-08-24T17:28:30.310313-03:00,,unknown_not_observed_per_size
287,2333,Top Orion Branco | Orion Top White,Top Orion Branco | Orion Top White,Branco,GG,True,VERÃO 2027,Croppeds,https://www.intibrand.com/produto/top-orion-branco-2333,https://cdn.vnda.com.br/intibrand/2020/03/27/18_3_9_986_oriontopwhite1.jpg?v=1585343098,2026-08-24T17:28:30.310313-03:00,,unknown_not_observed_per_size
289,4385,Vestido Acacius Off-White,Vestido Acacius Off-White,Off White,34,True,VERÃO 2027,Vestidos,https://www.intibrand.com/produto/vestido-acacius-off-white-4385,https://cdn.vnda.com.br/intibrand/2025/01/28/12_12_04_462_12_1_3_384_vestido20acacius20offwhite20frente201.jpg?v=1738077129,2026-08-24T17:28:30.310313-03:00,,unknown_not_observed_per_size
289,4385,Vestido Acacius Off-White,Vestido Acacius Off-White,Off White,36,True,VERÃO 2027,Vestidos,https://www.intibrand.com/produto/vestido-acacius-off-white-4385,https://cdn.vnda.com.br/intibrand/2025/01/28/12_12_04_462_12_1_3_384_vestido20acacius20offwhite20frente201.jpg?v=1738077129,2026-08-24T17:28:30.310313-03:00,,unknown_not_observed_per_size
289,4385,Vestido Acacius Off-White,Vestido Acacius Off-White,Off White,38,True,VERÃO 2027,Vestidos,https://www.intibrand.com/produto/vestido-acacius-off-white-4385,https://cdn.vnda.com.br/intibrand/2025/01/28/12_12_04_462_12_1_3_384_vestido20acacius20offwhite20frente201.jpg?v=1738077129,2026-08-24T17:28:30.310313-03:00,,unknown_not_observed_per_size
289,4385,Vestido Acacius Off-White,Vestido Acacius Off-White,Off White,40,True,VERÃO 2027,Vestidos,https://www.intibrand.com/produto/vestido-acacius-off-white-4385,https://cdn.vnda.com.br/intibrand/2025/01/28/12_12_04_462_12_1_3_384_vestido20acacius20offwhite20frente201.jpg?v=1738077129,2026-08-24T17:28:30.310313-03:00,,unknown_not_observed_per_size
289,4385,Vestido Acacius Off-White,Vestido Acacius Off-White,Off White,42,True,VERÃO 2027,Vestidos,https://www.intibrand.com/produto/vestido-acacius-off-white-4385,https://cdn.vnda.com.br/intibrand/2025/01/28/12_12_04_462_12_1_3_384_vestido20acacius20offwhite20frente201.jpg?v=1738077129,2026-08-24T17:28:30.310313-03:00,,unknown_not_observed_per_size
289,4385,Vestido Acacius Off-White,Vestido Acacius Off-White,Off White,44,True,VERÃO 2027,Vestidos,https://www.intibrand.com/produto/vestido-acacius-off-white-4385,https://cdn.vnda.com.br/intibrand/2025/01/28/12_12_04_462_12_1_3_384_vestido20acacius20offwhite20frente201.jpg?v=1738077129,2026-08-24T17:28:30.310313-03:00,,unknown_not_observed_per_size
288,4386,Vestido Acacius,Vestido Acacius Preto,Preto,34,True,VERÃO 2027,Vestidos,https://www.intibrand.com/produto/vestido-acacius-preto-4386,https://cdn.vnda.com.br/intibrand/2025/01/28/12_10_30_201_12_1_4_498_vestido20acacius20preto20zoom201.jpg?v=1747732091,2026-08-24T17:28:30.310313-03:00,,unknown_not_observed_per_size
288,4386,Vestido Acacius,Vestido Acacius Preto,Preto,36,True,VERÃO 2027,Vestidos,https://www.intibrand.com/produto/vestido-acacius-preto-4386,https://cdn.vnda.com.br/intibrand/2025/01/28/12_10_30_201_12_1_4_498_vestido20acacius20preto20zoom201.jpg?v=1747732091,2026-08-24T17:28:30.310313-03:00,,unknown_not_observed_per_size
288,4386,Vestido Acacius,Vestido Acacius Preto,Preto,38,True,VERÃO 2027,Vestidos,https://www.intibrand.com/produto/vestido-acacius-preto-4386,https://cdn.vnda.com.br/intibrand/2025/01/28/12_10_30_201_12_1_4_498_vestido20acacius20preto20zoom201.jpg?v=1747732091,2026-08-24T17:28:30.310313-03:00,,unknown_not_observed_per_size
288,4386,Vestido Acacius,Vestido Acacius Preto,Preto,40,True,VERÃO 2027,Vestidos,https://www.intibrand.com/produto/vestido-acacius-preto-4386,https://cdn.vnda.com.br/intibrand/2025/01/28/12_10_30_201_12_1_4_498_vestido20acacius20preto20zoom201.jpg?v=1747732091,2026-08-24T17:28:30.310313-03:00,,unknown_not_observed_per_size
288,4386,Vestido Acacius,Vestido Acacius Preto,Preto,42,True,VERÃO 2027,Vestidos,https://www.intibrand.com/produto/vestido-acacius-preto-4386,https://cdn.vnda.com.br/intibrand/2025/01/28/12_10_30_201_12_1_4_498_vestido20acacius20preto20zoom201.jpg?v=1747732091,2026-08-24T17:28:30.310313-03:00,,unknown_not_observed_per_size
288,4386,Vestido Acacius,Vestido Acacius Preto,Preto,44,True,VERÃO 2027,Vestidos,https://www.intibrand.com/produto/vestido-acacius-preto-4386,https://cdn.vnda.com.br/intibrand/2025/01/28/12_10_30_201_12_1_4_498_vestido20acacius20preto20zoom201.jpg?v=1747732091,2026-08-24T17:28:30.310313-03:00,,unknown_not_observed_per_size
288,4387,Vestido Acacius,Vestido Acacius Vermelho,Vermelho,34,True,VERÃO 2027,Vestidos,https://www.intibrand.com/produto/vestido-acacius-vermelho-4387,https://cdn.vnda.com.br/intibrand/2026/02/25/14_14_49_199_vestido-20acacius-20vermelho-20frente-20-3-14027850.jpg?v=1772039693,2026-08-24T17:28:30.310313-03:00,,unknown_not_observed_per_size
288,4387,Vestido Acacius,Vestido Acacius Vermelho,Vermelho,36,True,VERÃO 2027,Vestidos,https://www.intibrand.com/produto/vestido-acacius-vermelho-4387,https://cdn.vnda.com.br/intibrand/2026/02/25/14_14_49_199_vestido-20acacius-20vermelho-20frente-20-3-14027850.jpg?v=1772039693,2026-08-24T17:28:30.310313-03:00,,unknown_not_observed_per_size
288,4387,Vestido Acacius,Vestido Acacius Vermelho,Vermelho,38,True,VERÃO 2027,Vestidos,https://www.intibrand.com/produto/vestido-acacius-vermelho-4387,https://cdn.vnda.com.br/intibrand/2026/02/25/14_14_49_199_vestido-20acacius-20vermelho-20frente-20-3-14027850.jpg?v=1772039693,2026-08-24T17:28:30.310313-03:00,,unknown_not_observed_per_size
288,4387,Vestido Acacius,Vestido Acacius Vermelho,Vermelho,40,True,VERÃO 2027,Vestidos,https://www.intibrand.com/produto/vestido-acacius-vermelho-4387,https://cdn.vnda.com.br/intibrand/2026/02/25/14_14_49_199_vestido-20acacius-20vermelho-20frente-20-3-14027850.jpg?v=1772039693,2026-08-24T17:28:30.310313-03:00,,unknown_not_observed_per_size
288,4387,Vestido Acacius,Vestido Acacius Vermelho,Vermelho,42,True,VERÃO 2027,Vestidos,https://www.intibrand.com/produto/vestido-acacius-vermelho-4387,https://cdn.vnda.com.br/intibrand/2026/02/25/14_14_49_199_vestido-20acacius-20vermelho-20frente-20-3-14027850.jpg?v=1772039693,2026-08-24T17:28:30.310313-03:00,,unknown_not_observed_per_size
288,4387,Vestido Acacius,Vestido Acacius Vermelho,Vermelho,44,True,VERÃO 2027,Vestidos,https://www.intibrand.com/produto/vestido-acacius-vermelho-4387,https://cdn.vnda.com.br/intibrand/2026/02/25/14_14_49_199_vestido-20acacius-20vermelho-20frente-20-3-14027850.jpg?v=1772039693,2026-08-24T17:28:30.310313-03:00,,unknown_not_observed_per_size
291,4703,Vestido Alvorada Off-White,Vestido Alvorada Off-White,Off White,34,True,VERÃO 2027,Vestidos,https://www.intibrand.com/produto/vestido-alvorada-off-white-4703,https://cdn.vnda.com.br/intibrand/2025/11/19/19_23_00_3_alvorada-20-1-19118050.jpg?v=1763591011,2026-08-24T17:28:30.310313-03:00,,unknown_not_observed_per_size
291,4703,Vestido Alvorada Off-White,Vestido Alvorada Off-White,Off White,36,True,VERÃO 2027,Vestidos,https://www.intibrand.com/produto/vestido-alvorada-off-white-4703,https://cdn.vnda.com.br/intibrand/2025/11/19/19_23_00_3_alvorada-20-1-19118050.jpg?v=1763591011,2026-08-24T17:28:30.310313-03:00,,unknown_not_observed_per_size
291,4703,Vestido Alvorada Off-White,Vestido Alvorada Off-White,Off White,38,True,VERÃO 2027,Vestidos,https://www.intibrand.com/produto/vestido-alvorada-off-white-4703,https://cdn.vnda.com.br/intibrand/2025/11/19/19_23_00_3_alvorada-20-1-19118050.jpg?v=1763591011,2026-08-24T17:28:30.310313-03:00,,unknown_not_observed_per_size
291,4703,Vestido Alvorada Off-White,Vestido Alvorada Off-White,Off White,40,True,VERÃO 2027,Vestidos,https://www.intibrand.com/produto/vestido-alvorada-off-white-4703,https://cdn.vnda.com.br/intibrand/2025/11/19/19_23_00_3_alvorada-20-1-19118050.jpg?v=1763591011,2026-08-24T17:28:30.310313-03:00,,unknown_not_observed_per_size
291,4703,Vestido Alvorada Off-White,Vestido Alvorada Off-White,Off White,42,True,VERÃO 2027,Vestidos,https://www.intibrand.com/produto/vestido-alvorada-off-white-4703,https://cdn.vnda.com.br/intibrand/2025/11/19/19_23_00_3_alvorada-20-1-19118050.jpg?v=1763591011,2026-08-24T17:28:30.310313-03:00,,unknown_not_observed_per_size
290,4704,Vestido Alvorada,Vestido Alvorada Preto,Preto,34,True,VERÃO 2027,Vestidos,https://www.intibrand.com/produto/vestido-alvorada-preto-4704,https://cdn.vnda.com.br/intibrand/2025/11/19/19_23_24_412_alvorada-20-2-19115400.jpg?v=1763591083,2026-08-24T17:28:30.310313-03:00,,unknown_not_observed_per_size
290,4704,Vestido Alvorada,Vestido Alvorada Preto,Preto,36,True,VERÃO 2027,Vestidos,https://www.intibrand.com/produto/vestido-alvorada-preto-4704,https://cdn.vnda.com.br/intibrand/2025/11/19/19_23_24_412_alvorada-20-2-19115400.jpg?v=1763591083,2026-08-24T17:28:30.310313-03:00,,unknown_not_observed_per_size
290,4704,Vestido Alvorada,Vestido Alvorada Preto,Preto,38,True,VERÃO 2027,Vestidos,https://www.intibrand.com/produto/vestido-alvorada-preto-4704,https://cdn.vnda.com.br/intibrand/2025/11/19/19_23_24_412_alvorada-20-2-19115400.jpg?v=1763591083,2026-08-24T17:28:30.310313-03:00,,unknown_not_observed_per_size
290,4704,Vestido Alvorada,Vestido Alvorada Preto,Preto,40,True,VERÃO 2027,Vestidos,https://www.intibrand.com/produto/vestido-alvorada-preto-4704,https://cdn.vnda.com.br/intibrand/2025/11/19/19_23_24_412_alvorada-20-2-19115400.jpg?v=1763591083,2026-08-24T17:28:30.310313-03:00,,unknown_not_observed_per_size
290,4704,Vestido Alvorada,Vestido Alvorada Preto,Preto,42,True,VERÃO 2027,Vestidos,https://www.intibrand.com/produto/vestido-alvorada-preto-4704,https://cdn.vnda.com.br/intibrand/2025/11/19/19_23_24_412_alvorada-20-2-19115400.jpg?v=1763591083,2026-08-24T17:28:30.310313-03:00,,unknown_not_observed_per_size
290,4705,Vestido Alvorada,Vestido Alvorada Vermelho,Vermelho,34,True,VERÃO 2027,Vestidos,https://www.intibrand.com/produto/vestido-alvorada-vermelho-4705,https://cdn.vnda.com.br/intibrand/2025/11/19/19_25_30_884_alvorada-20-3-19117890.jpg?v=1778004852,2026-08-24T17:28:30.310313-03:00,,unknown_not_observed_per_size
290,4705,Vestido Alvorada,Vestido Alvorada Vermelho,Vermelho,36,True,VERÃO 2027,Vestidos,https://www.intibrand.com/produto/vestido-alvorada-vermelho-4705,https://cdn.vnda.com.br/intibrand/2025/11/19/19_25_30_884_alvorada-20-3-19117890.jpg?v=1778004852,2026-08-24T17:28:30.310313-03:00,,unknown_not_observed_per_size
290,4705,Vestido Alvorada,Vestido Alvorada Vermelho,Vermelho,38,True,VERÃO 2027,Vestidos,https://www.intibrand.com/produto/vestido-alvorada-vermelho-4705,https://cdn.vnda.com.br/intibrand/2025/11/19/19_25_30_884_alvorada-20-3-19117890.jpg?v=1778004852,2026-08-24T17:28:30.310313-03:00,,unknown_not_observed_per_size
290,4705,Vestido Alvorada,Vestido Alvorada Vermelho,Vermelho,40,True,VERÃO 2027,Vestidos,https://www.intibrand.com/produto/vestido-alvorada-vermelho-4705,https://cdn.vnda.com.br/intibrand/2025/11/19/19_25_30_884_alvorada-20-3-19117890.jpg?v=1778004852,2026-08-24T17:28:30.310313-03:00,,unknown_not_observed_per_size
290,4705,Vestido Alvorada,Vestido Alvorada Vermelho,Vermelho,42,True,VERÃO 2027,Vestidos,https://www.intibrand.com/produto/vestido-alvorada-vermelho-4705,https://cdn.vnda.com.br/intibrand/2025/11/19/19_25_30_884_alvorada-20-3-19117890.jpg?v=1778004852,2026-08-24T17:28:30.310313-03:00,,unknown_not_observed_per_size
292,4544,Vestido Amida Off-White,Vestido Amida Off-White,Off White,36,True,VERÃO 2027,Vestidos,https://www.intibrand.com/produto/vestido-amida-off-white-4544,https://cdn.vnda.com.br/intibrand/2025/07/25/16_05_07_812_16_7_4_478_vestido20amida20offwhite20lado.jpg?v=1753470323,2026-08-24T17:28:30.310313-03:00,,unknown_not_observed_per_size
292,4544,Vestido Amida Off-White,Vestido Amida Off-White,Off White,38,True,VERÃO 2027,Vestidos,https://www.intibrand.com/produto/vestido-amida-off-white-4544,https://cdn.vnda.com.br/intibrand/2025/07/25/16_05_07_812_16_7_4_478_vestido20amida20offwhite20lado.jpg?v=1753470323,2026-08-24T17:28:30.310313-03:00,,unknown_not_observed_per_size
292,4544,Vestido Amida Off-White,Vestido Amida Off-White,Off White,40,True,VERÃO 2027,Vestidos,https://www.intibrand.com/produto/vestido-amida-off-white-4544,https://cdn.vnda.com.br/intibrand/2025/07/25/16_05_07_812_16_7_4_478_vestido20amida20offwhite20lado.jpg?v=1753470323,2026-08-24T17:28:30.310313-03:00,,unknown_not_observed_per_size
292,4544,Vestido Amida Off-White,Vestido Amida Off-White,Off White,42,True,VERÃO 2027,Vestidos,https://www.intibrand.com/produto/vestido-amida-off-white-4544,https://cdn.vnda.com.br/intibrand/2025/07/25/16_05_07_812_16_7_4_478_vestido20amida20offwhite20lado.jpg?v=1753470323,2026-08-24T17:28:30.310313-03:00,,unknown_not_observed_per_size
294,4301,Vestido Archie Off-White,Vestido Archie Off-White,Off White,36,True,VERÃO 2027,Vestidos,https://www.intibrand.com/produto/vestido-archie-off-white-4301,https://cdn.vnda.com.br/intibrand/2024/11/28/11_00_53_212_11_11_6_603_vestido20archie20offwhite20frente.jpg?v=1732802456,2026-08-24T17:28:30.310313-03:00,,unknown_not_observed_per_size
294,4301,Vestido Archie Off-White,Vestido Archie Off-White,Off White,38,True,VERÃO 2027,Vestidos,https://www.intibrand.com/produto/vestido-archie-off-white-4301,https://cdn.vnda.com.br/intibrand/2024/11/28/11_00_53_212_11_11_6_603_vestido20archie20offwhite20frente.jpg?v=1732802456,2026-08-24T17:28:30.310313-03:00,,unknown_not_observed_per_size
294,4301,Vestido Archie Off-White,Vestido Archie Off-White,Off White,40,True,VERÃO 2027,Vestidos,https://www.intibrand.com/produto/vestido-archie-off-white-4301,https://cdn.vnda.com.br/intibrand/2024/11/28/11_00_53_212_11_11_6_603_vestido20archie20offwhite20frente.jpg?v=1732802456,2026-08-24T17:28:30.310313-03:00,,unknown_not_observed_per_size
294,4301,Vestido Archie Off-White,Vestido Archie Off-White,Off White,42,True,VERÃO 2027,Vestidos,https://www.intibrand.com/produto/vestido-archie-off-white-4301,https://cdn.vnda.com.br/intibrand/2024/11/28/11_00_53_212_11_11_6_603_vestido20archie20offwhite20frente.jpg?v=1732802456,2026-08-24T17:28:30.310313-03:00,,unknown_not_observed_per_size
293,4303,Vestido Archie,Vestido Archie Preto,Preto,36,True,VERÃO 2027,Vestidos,https://www.intibrand.com/produto/vestido-archie-preto-4303,https://cdn.vnda.com.br/intibrand/2024/11/28/10_48_22_83_10_11_1_115_vestido20archie20preto20frente.jpg?v=1733493890,2026-08-24T17:28:30.310313-03:00,,unknown_not_observed_per_size
293,4303,Vestido Archie,Vestido Archie Preto,Preto,38,True,VERÃO 2027,Vestidos,https://www.intibrand.com/produto/vestido-archie-preto-4303,https://cdn.vnda.com.br/intibrand/2024/11/28/10_48_22_83_10_11_1_115_vestido20archie20preto20frente.jpg?v=1733493890,2026-08-24T17:28:30.310313-03:00,,unknown_not_observed_per_size
293,4303,Vestido Archie,Vestido Archie Preto,Preto,40,True,VERÃO 2027,Vestidos,https://www.intibrand.com/produto/vestido-archie-preto-4303,https://cdn.vnda.com.br/intibrand/2024/11/28/10_48_22_83_10_11_1_115_vestido20archie20preto20frente.jpg?v=1733493890,2026-08-24T17:28:30.310313-03:00,,unknown_not_observed_per_size
293,4303,Vestido Archie,Vestido Archie Preto,Preto,42,True,VERÃO 2027,Vestidos,https://www.intibrand.com/produto/vestido-archie-preto-4303,https://cdn.vnda.com.br/intibrand/2024/11/28/10_48_22_83_10_11_1_115_vestido20archie20preto20frente.jpg?v=1733493890,2026-08-24T17:28:30.310313-03:00,,unknown_not_observed_per_size
293,4304,Vestido Archie,Vestido Archie Vermelho,Vermelho,36,True,VERÃO 2027,Vestidos,https://www.intibrand.com/produto/vestido-archie-vermelho-4304,https://cdn.vnda.com.br/intibrand/2024/11/28/11_00_16_866_11_11_1_117_vestido20archie20vermelho20frente.jpg?v=1732802420,2026-08-24T17:28:30.310313-03:00,,unknown_not_observed_per_size
293,4304,Vestido Archie,Vestido Archie Vermelho,Vermelho,38,True,VERÃO 2027,Vestidos,https://www.intibrand.com/produto/vestido-archie-vermelho-4304,https://cdn.vnda.com.br/intibrand/2024/11/28/11_00_16_866_11_11_1_117_vestido20archie20vermelho20frente.jpg?v=1732802420,2026-08-24T17:28:30.310313-03:00,,unknown_not_observed_per_size
293,4304,Vestido Archie,Vestido Archie Vermelho,Vermelho,40,True,VERÃO 2027,Vestidos,https://www.intibrand.com/produto/vestido-archie-vermelho-4304,https://cdn.vnda.com.br/intibrand/2024/11/28/11_00_16_866_11_11_1_117_vestido20archie20vermelho20frente.jpg?v=1732802420,2026-08-24T17:28:30.310313-03:00,,unknown_not_observed_per_size
293,4304,Vestido Archie,Vestido Archie Vermelho,Vermelho,42,True,VERÃO 2027,Vestidos,https://www.intibrand.com/produto/vestido-archie-vermelho-4304,https://cdn.vnda.com.br/intibrand/2024/11/28/11_00_16_866_11_11_1_117_vestido20archie20vermelho20frente.jpg?v=1732802420,2026-08-24T17:28:30.310313-03:00,,unknown_not_observed_per_size
296,4364,Vestido Asther Off-White,Vestido Asther Off-White,Off White,36,True,VERÃO 2027,Vestidos,https://www.intibrand.com/produto/vestido-asther-off-white-4364,https://cdn.vnda.com.br/intibrand/2025/01/23/14_05_10_764_14_1_7_775_vestido20asther20offwhite20frente201.jpg?v=1737651922,2026-08-24T17:28:30.310313-03:00,,unknown_not_observed_per_size
296,4364,Vestido Asther Off-White,Vestido Asther Off-White,Off White,38,True,VERÃO 2027,Vestidos,https://www.intibrand.com/produto/vestido-asther-off-white-4364,https://cdn.vnda.com.br/intibrand/2025/01/23/14_05_10_764_14_1_7_775_vestido20asther20offwhite20frente201.jpg?v=1737651922,2026-08-24T17:28:30.310313-03:00,,unknown_not_observed_per_size
296,4364,Vestido Asther Off-White,Vestido Asther Off-White,Off White,40,True,VERÃO 2027,Vestidos,https://www.intibrand.com/produto/vestido-asther-off-white-4364,https://cdn.vnda.com.br/intibrand/2025/01/23/14_05_10_764_14_1_7_775_vestido20asther20offwhite20frente201.jpg?v=1737651922,2026-08-24T17:28:30.310313-03:00,,unknown_not_observed_per_size
296,4364,Vestido Asther Off-White,Vestido Asther Off-White,Off White,42,True,VERÃO 2027,Vestidos,https://www.intibrand.com/produto/vestido-asther-off-white-4364,https://cdn.vnda.com.br/intibrand/2025/01/23/14_05_10_764_14_1_7_775_vestido20asther20offwhite20frente201.jpg?v=1737651922,2026-08-24T17:28:30.310313-03:00,,unknown_not_observed_per_size
295,4366,Vestido Asther,Vestido Asther Vermelho,Vermelho,36,True,VERÃO 2027,Vestidos,https://www.intibrand.com/produto/vestido-asther-vermelho-4366,https://cdn.vnda.com.br/intibrand/2025/01/23/14_03_13_195_14_1_7_719_vestido20asther20vermelho20zoom20frente202201.jpg?v=1737651797,2026-08-24T17:28:30.310313-03:00,,unknown_not_observed_per_size
295,4366,Vestido Asther,Vestido Asther Vermelho,Vermelho,38,True,VERÃO 2027,Vestidos,https://www.intibrand.com/produto/vestido-asther-vermelho-4366,https://cdn.vnda.com.br/intibrand/2025/01/23/14_03_13_195_14_1_7_719_vestido20asther20vermelho20zoom20frente202201.jpg?v=1737651797,2026-08-24T17:28:30.310313-03:00,,unknown_not_observed_per_size
295,4366,Vestido Asther,Vestido Asther Vermelho,Vermelho,40,True,VERÃO 2027,Vestidos,https://www.intibrand.com/produto/vestido-asther-vermelho-4366,https://cdn.vnda.com.br/intibrand/2025/01/23/14_03_13_195_14_1_7_719_vestido20asther20vermelho20zoom20frente202201.jpg?v=1737651797,2026-08-24T17:28:30.310313-03:00,,unknown_not_observed_per_size
295,4366,Vestido Asther,Vestido Asther Vermelho,Vermelho,42,True,VERÃO 2027,Vestidos,https://www.intibrand.com/produto/vestido-asther-vermelho-4366,https://cdn.vnda.com.br/intibrand/2025/01/23/14_03_13_195_14_1_7_719_vestido20asther20vermelho20zoom20frente202201.jpg?v=1737651797,2026-08-24T17:28:30.310313-03:00,,unknown_not_observed_per_size
298,4489,Vestido Atlas Off-White,Vestido Atlas Off-White,Off White,36,True,VERÃO 2027,Vestidos,https://www.intibrand.com/produto/vestido-atlas-off-white-4489,https://cdn.vnda.com.br/intibrand/2025/02/05/13_08_33_928_13_2_4_486_vestido20atlas20offwhite20zoom20frente201.jpg?v=1738771734,2026-08-24T17:28:30.310313-03:00,,unknown_not_observed_per_size
298,4489,Vestido Atlas Off-White,Vestido Atlas Off-White,Off White,38,True,VERÃO 2027,Vestidos,https://www.intibrand.com/produto/vestido-atlas-off-white-4489,https://cdn.vnda.com.br/intibrand/2025/02/05/13_08_33_928_13_2_4_486_vestido20atlas20offwhite20zoom20frente201.jpg?v=1738771734,2026-08-24T17:28:30.310313-03:00,,unknown_not_observed_per_size
298,4489,Vestido Atlas Off-White,Vestido Atlas Off-White,Off White,40,True,VERÃO 2027,Vestidos,https://www.intibrand.com/produto/vestido-atlas-off-white-4489,https://cdn.vnda.com.br/intibrand/2025/02/05/13_08_33_928_13_2_4_486_vestido20atlas20offwhite20zoom20frente201.jpg?v=1738771734,2026-08-24T17:28:30.310313-03:00,,unknown_not_observed_per_size
298,4489,Vestido Atlas Off-White,Vestido Atlas Off-White,Off White,42,True,VERÃO 2027,Vestidos,https://www.intibrand.com/produto/vestido-atlas-off-white-4489,https://cdn.vnda.com.br/intibrand/2025/02/05/13_08_33_928_13_2_4_486_vestido20atlas20offwhite20zoom20frente201.jpg?v=1738771734,2026-08-24T17:28:30.310313-03:00,,unknown_not_observed_per_size
297,4490,Vestido Atlas,Vestido Atlas Preto,Preto,36,True,VERÃO 2027,Vestidos,https://www.intibrand.com/produto/vestido-atlas-preto-4490,https://cdn.vnda.com.br/intibrand/2025/02/05/13_14_07_136_13_2_3_377_vestido20atlas20preto20frente201.jpg?v=1738772055,2026-08-24T17:28:30.310313-03:00,,unknown_not_observed_per_size
297,4490,Vestido Atlas,Vestido Atlas Preto,Preto,38,True,VERÃO 2027,Vestidos,https://www.intibrand.com/produto/vestido-atlas-preto-4490,https://cdn.vnda.com.br/intibrand/2025/02/05/13_14_07_136_13_2_3_377_vestido20atlas20preto20frente201.jpg?v=1738772055,2026-08-24T17:28:30.310313-03:00,,unknown_not_observed_per_size
297,4490,Vestido Atlas,Vestido Atlas Preto,Preto,40,True,VERÃO 2027,Vestidos,https://www.intibrand.com/produto/vestido-atlas-preto-4490,https://cdn.vnda.com.br/intibrand/2025/02/05/13_14_07_136_13_2_3_377_vestido20atlas20preto20frente201.jpg?v=1738772055,2026-08-24T17:28:30.310313-03:00,,unknown_not_observed_per_size
297,4490,Vestido Atlas,Vestido Atlas Preto,Preto,42,True,VERÃO 2027,Vestidos,https://www.intibrand.com/produto/vestido-atlas-preto-4490,https://cdn.vnda.com.br/intibrand/2025/02/05/13_14_07_136_13_2_3_377_vestido20atlas20preto20frente201.jpg?v=1738772055,2026-08-24T17:28:30.310313-03:00,,unknown_not_observed_per_size
297,4491,Vestido Atlas,Vestido Atlas Vermelho,Vermelho,36,True,VERÃO 2027,Vestidos,https://www.intibrand.com/produto/vestido-atlas-vermelho-4491,https://cdn.vnda.com.br/intibrand/2025/02/05/13_09_44_970_13_2_9_998_vestido20atlas20vermelho20frente202201.jpg?v=1738772072,2026-08-24T17:28:30.310313-03:00,,unknown_not_observed_per_size
297,4491,Vestido Atlas,Vestido Atlas Vermelho,Vermelho,38,True,VERÃO 2027,Vestidos,https://www.intibrand.com/produto/vestido-atlas-vermelho-4491,https://cdn.vnda.com.br/intibrand/2025/02/05/13_09_44_970_13_2_9_998_vestido20atlas20vermelho20frente202201.jpg?v=1738772072,2026-08-24T17:28:30.310313-03:00,,unknown_not_observed_per_size
297,4491,Vestido Atlas,Vestido Atlas Vermelho,Vermelho,40,True,VERÃO 2027,Vestidos,https://www.intibrand.com/produto/vestido-atlas-vermelho-4491,https://cdn.vnda.com.br/intibrand/2025/02/05/13_09_44_970_13_2_9_998_vestido20atlas20vermelho20frente202201.jpg?v=1738772072,2026-08-24T17:28:30.310313-03:00,,unknown_not_observed_per_size
297,4491,Vestido Atlas,Vestido Atlas Vermelho,Vermelho,42,True,VERÃO 2027,Vestidos,https://www.intibrand.com/produto/vestido-atlas-vermelho-4491,https://cdn.vnda.com.br/intibrand/2025/02/05/13_09_44_970_13_2_9_998_vestido20atlas20vermelho20frente202201.jpg?v=1738772072,2026-08-24T17:28:30.310313-03:00,,unknown_not_observed_per_size
299,4341,Vestido Axel,Vestido Axel Preto,Preto,34,True,VERÃO 2027,Vestidos,https://www.intibrand.com/produto/vestido-axel-preto-4341,https://cdn.vnda.com.br/intibrand/2025/01/08/12_15_27_833_12_1_7_762_vestido20axel20preto20frente.jpg?v=1736349331,2026-08-24T17:28:30.310313-03:00,,unknown_not_observed_per_size
299,4341,Vestido Axel,Vestido Axel Preto,Preto,36,True,VERÃO 2027,Vestidos,https://www.intibrand.com/produto/vestido-axel-preto-4341,https://cdn.vnda.com.br/intibrand/2025/01/08/12_15_27_833_12_1_7_762_vestido20axel20preto20frente.jpg?v=1736349331,2026-08-24T17:28:30.310313-03:00,,unknown_not_observed_per_size
299,4341,Vestido Axel,Vestido Axel Preto,Preto,38,True,VERÃO 2027,Vestidos,https://www.intibrand.com/produto/vestido-axel-preto-4341,https://cdn.vnda.com.br/intibrand/2025/01/08/12_15_27_833_12_1_7_762_vestido20axel20preto20frente.jpg?v=1736349331,2026-08-24T17:28:30.310313-03:00,,unknown_not_observed_per_size
299,4341,Vestido Axel,Vestido Axel Preto,Preto,40,True,VERÃO 2027,Vestidos,https://www.intibrand.com/produto/vestido-axel-preto-4341,https://cdn.vnda.com.br/intibrand/2025/01/08/12_15_27_833_12_1_7_762_vestido20axel20preto20frente.jpg?v=1736349331,2026-08-24T17:28:30.310313-03:00,,unknown_not_observed_per_size
299,4341,Vestido Axel,Vestido Axel Preto,Preto,42,True,VERÃO 2027,Vestidos,https://www.intibrand.com/produto/vestido-axel-preto-4341,https://cdn.vnda.com.br/intibrand/2025/01/08/12_15_27_833_12_1_7_762_vestido20axel20preto20frente.jpg?v=1736349331,2026-08-24T17:28:30.310313-03:00,,unknown_not_observed_per_size
299,4342,Vestido Axel,Vestido Axel Vermelho,Vermelho,34,True,VERÃO 2027,Vestidos,https://www.intibrand.com/produto/vestido-axel-vermelho-4342,https://cdn.vnda.com.br/intibrand/2025/01/08/12_16_07_365_12_1_3_342_vestido20axel20vermelho20frente.jpg?v=1736349399,2026-08-24T17:28:30.310313-03:00,,unknown_not_observed_per_size
299,4342,Vestido Axel,Vestido Axel Vermelho,Vermelho,36,True,VERÃO 2027,Vestidos,https://www.intibrand.com/produto/vestido-axel-vermelho-4342,https://cdn.vnda.com.br/intibrand/2025/01/08/12_16_07_365_12_1_3_342_vestido20axel20vermelho20frente.jpg?v=1736349399,2026-08-24T17:28:30.310313-03:00,,unknown_not_observed_per_size
299,4342,Vestido Axel,Vestido Axel Vermelho,Vermelho,38,True,VERÃO 2027,Vestidos,https://www.intibrand.com/produto/vestido-axel-vermelho-4342,https://cdn.vnda.com.br/intibrand/2025/01/08/12_16_07_365_12_1_3_342_vestido20axel20vermelho20frente.jpg?v=1736349399,2026-08-24T17:28:30.310313-03:00,,unknown_not_observed_per_size
299,4342,Vestido Axel,Vestido Axel Vermelho,Vermelho,40,True,VERÃO 2027,Vestidos,https://www.intibrand.com/produto/vestido-axel-vermelho-4342,https://cdn.vnda.com.br/intibrand/2025/01/08/12_16_07_365_12_1_3_342_vestido20axel20vermelho20frente.jpg?v=1736349399,2026-08-24T17:28:30.310313-03:00,,unknown_not_observed_per_size
299,4342,Vestido Axel,Vestido Axel Vermelho,Vermelho,42,True,VERÃO 2027,Vestidos,https://www.intibrand.com/produto/vestido-axel-vermelho-4342,https://cdn.vnda.com.br/intibrand/2025/01/08/12_16_07_365_12_1_3_342_vestido20axel20vermelho20frente.jpg?v=1736349399,2026-08-24T17:28:30.310313-03:00,,unknown_not_observed_per_size
301,4358,Vestido Azarius Off-White,Vestido Azarius Off-White,Off White,36,True,VERÃO 2027,Vestidos,https://www.intibrand.com/produto/vestido-azarius-off-white-4358,https://cdn.vnda.com.br/intibrand/2025/05/14/16_29_43_356_16_5_0_041_vestido20azarius20offwhite20frente20reeditado.jpg?v=1747250985,2026-08-24T17:28:30.310313-03:00,,unknown_not_observed_per_size
301,4358,Vestido Azarius Off-White,Vestido Azarius Off-White,Off White,38,True,VERÃO 2027,Vestidos,https://www.intibrand.com/produto/vestido-azarius-off-white-4358,https://cdn.vnda.com.br/intibrand/2025/05/14/16_29_43_356_16_5_0_041_vestido20azarius20offwhite20frente20reeditado.jpg?v=1747250985,2026-08-24T17:28:30.310313-03:00,,unknown_not_observed_per_size
301,4358,Vestido Azarius Off-White,Vestido Azarius Off-White,Off White,40,True,VERÃO 2027,Vestidos,https://www.intibrand.com/produto/vestido-azarius-off-white-4358,https://cdn.vnda.com.br/intibrand/2025/05/14/16_29_43_356_16_5_0_041_vestido20azarius20offwhite20frente20reeditado.jpg?v=1747250985,2026-08-24T17:28:30.310313-03:00,,unknown_not_observed_per_size
301,4358,Vestido Azarius Off-White,Vestido Azarius Off-White,Off White,42,True,VERÃO 2027,Vestidos,https://www.intibrand.com/produto/vestido-azarius-off-white-4358,https://cdn.vnda.com.br/intibrand/2025/05/14/16_29_43_356_16_5_0_041_vestido20azarius20offwhite20frente20reeditado.jpg?v=1747250985,2026-08-24T17:28:30.310313-03:00,,unknown_not_observed_per_size
300,4359,Vestido Azarius,Vestido Azarius Preto,Preto,36,True,VERÃO 2027,Vestidos,https://www.intibrand.com/produto/vestido-azarius-preto-4359,https://cdn.vnda.com.br/intibrand/2025/05/14/17_42_30_177_17_5_3_349_vestido20azarius20preto20frente20120reeditado.jpg?v=1747255358,2026-08-24T17:28:30.310313-03:00,,unknown_not_observed_per_size
300,4359,Vestido Azarius,Vestido Azarius Preto,Preto,38,True,VERÃO 2027,Vestidos,https://www.intibrand.com/produto/vestido-azarius-preto-4359,https://cdn.vnda.com.br/intibrand/2025/05/14/17_42_30_177_17_5_3_349_vestido20azarius20preto20frente20120reeditado.jpg?v=1747255358,2026-08-24T17:28:30.310313-03:00,,unknown_not_observed_per_size
300,4359,Vestido Azarius,Vestido Azarius Preto,Preto,40,True,VERÃO 2027,Vestidos,https://www.intibrand.com/produto/vestido-azarius-preto-4359,https://cdn.vnda.com.br/intibrand/2025/05/14/17_42_30_177_17_5_3_349_vestido20azarius20preto20frente20120reeditado.jpg?v=1747255358,2026-08-24T17:28:30.310313-03:00,,unknown_not_observed_per_size
300,4359,Vestido Azarius,Vestido Azarius Preto,Preto,42,True,VERÃO 2027,Vestidos,https://www.intibrand.com/produto/vestido-azarius-preto-4359,https://cdn.vnda.com.br/intibrand/2025/05/14/17_42_30_177_17_5_3_349_vestido20azarius20preto20frente20120reeditado.jpg?v=1747255358,2026-08-24T17:28:30.310313-03:00,,unknown_not_observed_per_size
300,4360,Vestido Azarius,Vestido Azarius Vermelho,Vermelho,36,True,VERÃO 2027,Vestidos,https://www.intibrand.com/produto/vestido-azarius-vermelho-4360,https://cdn.vnda.com.br/intibrand/2025/05/14/17_43_41_936_17_5_2_231_vestido20azarius20vermelho20zoom20220reeditado.jpg?v=1747255424,2026-08-24T17:28:30.310313-03:00,,unknown_not_observed_per_size
300,4360,Vestido Azarius,Vestido Azarius Vermelho,Vermelho,38,True,VERÃO 2027,Vestidos,https://www.intibrand.com/produto/vestido-azarius-vermelho-4360,https://cdn.vnda.com.br/intibrand/2025/05/14/17_43_41_936_17_5_2_231_vestido20azarius20vermelho20zoom20220reeditado.jpg?v=1747255424,2026-08-24T17:28:30.310313-03:00,,unknown_not_observed_per_size
300,4360,Vestido Azarius,Vestido Azarius Vermelho,Vermelho,40,True,VERÃO 2027,Vestidos,https://www.intibrand.com/produto/vestido-azarius-vermelho-4360,https://cdn.vnda.com.br/intibrand/2025/05/14/17_43_41_936_17_5_2_231_vestido20azarius20vermelho20zoom20220reeditado.jpg?v=1747255424,2026-08-24T17:28:30.310313-03:00,,unknown_not_observed_per_size
300,4360,Vestido Azarius,Vestido Azarius Vermelho,Vermelho,42,True,VERÃO 2027,Vestidos,https://www.intibrand.com/produto/vestido-azarius-vermelho-4360,https://cdn.vnda.com.br/intibrand/2025/05/14/17_43_41_936_17_5_2_231_vestido20azarius20vermelho20zoom20220reeditado.jpg?v=1747255424,2026-08-24T17:28:30.310313-03:00,,unknown_not_observed_per_size
303,4462,Vestido Barlett Off-White,Vestido Barlett Off-White,Off White,36,True,VERÃO 2027,Vestidos,https://www.intibrand.com/produto/vestido-barlett-off-white-4462,https://cdn.vnda.com.br/intibrand/2025/02/03/17_09_34_694_17_2_9_991_vestido20barlett20offwhite20zoom20frente201.jpg?v=1753723618,2026-08-24T17:28:30.310313-03:00,,unknown_not_observed_per_size
303,4462,Vestido Barlett Off-White,Vestido Barlett Off-White,Off White,38,True,VERÃO 2027,Vestidos,https://www.intibrand.com/produto/vestido-barlett-off-white-4462,https://cdn.vnda.com.br/intibrand/2025/02/03/17_09_34_694_17_2_9_991_vestido20barlett20offwhite20zoom20frente201.jpg?v=1753723618,2026-08-24T17:28:30.310313-03:00,,unknown_not_observed_per_size
303,4462,Vestido Barlett Off-White,Vestido Barlett Off-White,Off White,40,True,VERÃO 2027,Vestidos,https://www.intibrand.com/produto/vestido-barlett-off-white-4462,https://cdn.vnda.com.br/intibrand/2025/02/03/17_09_34_694_17_2_9_991_vestido20barlett20offwhite20zoom20frente201.jpg?v=1753723618,2026-08-24T17:28:30.310313-03:00,,unknown_not_observed_per_size
303,4462,Vestido Barlett Off-White,Vestido Barlett Off-White,Off White,42,True,VERÃO 2027,Vestidos,https://www.intibrand.com/produto/vestido-barlett-off-white-4462,https://cdn.vnda.com.br/intibrand/2025/02/03/17_09_34_694_17_2_9_991_vestido20barlett20offwhite20zoom20frente201.jpg?v=1753723618,2026-08-24T17:28:30.310313-03:00,,unknown_not_observed_per_size
302,4463,Vestido Barlett,Vestido Barlett Preto,Preto,36,True,VERÃO 2027,Vestidos,https://www.intibrand.com/produto/vestido-barlett-preto-4463,https://cdn.vnda.com.br/intibrand/2025/02/03/17_08_47_954_17_2_0_037_vestido20barlett20preto20frente201.jpg?v=1738613331,2026-08-24T17:28:30.310313-03:00,,unknown_not_observed_per_size
302,4463,Vestido Barlett,Vestido Barlett Preto,Preto,38,True,VERÃO 2027,Vestidos,https://www.intibrand.com/produto/vestido-barlett-preto-4463,https://cdn.vnda.com.br/intibrand/2025/02/03/17_08_47_954_17_2_0_037_vestido20barlett20preto20frente201.jpg?v=1738613331,2026-08-24T17:28:30.310313-03:00,,unknown_not_observed_per_size
302,4463,Vestido Barlett,Vestido Barlett Preto,Preto,40,True,VERÃO 2027,Vestidos,https://www.intibrand.com/produto/vestido-barlett-preto-4463,https://cdn.vnda.com.br/intibrand/2025/02/03/17_08_47_954_17_2_0_037_vestido20barlett20preto20frente201.jpg?v=1738613331,2026-08-24T17:28:30.310313-03:00,,unknown_not_observed_per_size
302,4463,Vestido Barlett,Vestido Barlett Preto,Preto,42,True,VERÃO 2027,Vestidos,https://www.intibrand.com/produto/vestido-barlett-preto-4463,https://cdn.vnda.com.br/intibrand/2025/02/03/17_08_47_954_17_2_0_037_vestido20barlett20preto20frente201.jpg?v=1738613331,2026-08-24T17:28:30.310313-03:00,,unknown_not_observed_per_size
302,4464,Vestido Barlett,Vestido Barlett Vermelho,Vermelho,36,True,VERÃO 2027,Vestidos,https://www.intibrand.com/produto/vestido-barlett-vermelho-4464,https://cdn.vnda.com.br/intibrand/2025/02/03/17_08_05_853_17_2_3_321_vestido20barlett20vermelho20frente.jpg?v=1738613285,2026-08-24T17:28:30.310313-03:00,,unknown_not_observed_per_size
302,4464,Vestido Barlett,Vestido Barlett Vermelho,Vermelho,38,True,VERÃO 2027,Vestidos,https://www.intibrand.com/produto/vestido-barlett-vermelho-4464,https://cdn.vnda.com.br/intibrand/2025/02/03/17_08_05_853_17_2_3_321_vestido20barlett20vermelho20frente.jpg?v=1738613285,2026-08-24T17:28:30.310313-03:00,,unknown_not_observed_per_size
302,4464,Vestido Barlett,Vestido Barlett Vermelho,Vermelho,40,True,VERÃO 2027,Vestidos,https://www.intibrand.com/produto/vestido-barlett-vermelho-4464,https://cdn.vnda.com.br/intibrand/2025/02/03/17_08_05_853_17_2_3_321_vestido20barlett20vermelho20frente.jpg?v=1738613285,2026-08-24T17:28:30.310313-03:00,,unknown_not_observed_per_size
302,4464,Vestido Barlett,Vestido Barlett Vermelho,Vermelho,42,True,VERÃO 2027,Vestidos,https://www.intibrand.com/produto/vestido-barlett-vermelho-4464,https://cdn.vnda.com.br/intibrand/2025/02/03/17_08_05_853_17_2_3_321_vestido20barlett20vermelho20frente.jpg?v=1738613285,2026-08-24T17:28:30.310313-03:00,,unknown_not_observed_per_size
304,4749,Vestido Bauhaus,Vestido Bauhaus Preto,Preto,34,True,VERÃO 2027,Vestidos,https://www.intibrand.com/produto/vestido-bauhaus-preto-4749,https://cdn.vnda.com.br/intibrand/2025/12/08/16_14_19_891_vestido-20bauhaus-20preto-20frente-20-1-16121970.jpg?v=1765221268,2026-08-24T17:28:30.310313-03:00,,unknown_not_observed_per_size
304,4749,Vestido Bauhaus,Vestido Bauhaus Preto,Preto,36,True,VERÃO 2027,Vestidos,https://www.intibrand.com/produto/vestido-bauhaus-preto-4749,https://cdn.vnda.com.br/intibrand/2025/12/08/16_14_19_891_vestido-20bauhaus-20preto-20frente-20-1-16121970.jpg?v=1765221268,2026-08-24T17:28:30.310313-03:00,,unknown_not_observed_per_size
304,4749,Vestido Bauhaus,Vestido Bauhaus Preto,Preto,38,True,VERÃO 2027,Vestidos,https://www.intibrand.com/produto/vestido-bauhaus-preto-4749,https://cdn.vnda.com.br/intibrand/2025/12/08/16_14_19_891_vestido-20bauhaus-20preto-20frente-20-1-16121970.jpg?v=1765221268,2026-08-24T17:28:30.310313-03:00,,unknown_not_observed_per_size
304,4749,Vestido Bauhaus,Vestido Bauhaus Preto,Preto,40,True,VERÃO 2027,Vestidos,https://www.intibrand.com/produto/vestido-bauhaus-preto-4749,https://cdn.vnda.com.br/intibrand/2025/12/08/16_14_19_891_vestido-20bauhaus-20preto-20frente-20-1-16121970.jpg?v=1765221268,2026-08-24T17:28:30.310313-03:00,,unknown_not_observed_per_size
304,4749,Vestido Bauhaus,Vestido Bauhaus Preto,Preto,42,True,VERÃO 2027,Vestidos,https://www.intibrand.com/produto/vestido-bauhaus-preto-4749,https://cdn.vnda.com.br/intibrand/2025/12/08/16_14_19_891_vestido-20bauhaus-20preto-20frente-20-1-16121970.jpg?v=1765221268,2026-08-24T17:28:30.310313-03:00,,unknown_not_observed_per_size
304,4750,Vestido Bauhaus,Vestido Bauhaus Vermelho,Vermelho,34,True,VERÃO 2027,Vestidos,https://www.intibrand.com/produto/vestido-bauhaus-vermelho-4750,https://cdn.vnda.com.br/intibrand/2025/12/08/16_06_55_341_vestido-20bauhaus-20vermelho-20frente-20-1-16124280.jpg?v=1765220815,2026-08-24T17:28:30.310313-03:00,,unknown_not_observed_per_size
304,4750,Vestido Bauhaus,Vestido Bauhaus Vermelho,Vermelho,36,True,VERÃO 2027,Vestidos,https://www.intibrand.com/produto/vestido-bauhaus-vermelho-4750,https://cdn.vnda.com.br/intibrand/2025/12/08/16_06_55_341_vestido-20bauhaus-20vermelho-20frente-20-1-16124280.jpg?v=1765220815,2026-08-24T17:28:30.310313-03:00,,unknown_not_observed_per_size
304,4750,Vestido Bauhaus,Vestido Bauhaus Vermelho,Vermelho,38,True,VERÃO 2027,Vestidos,https://www.intibrand.com/produto/vestido-bauhaus-vermelho-4750,https://cdn.vnda.com.br/intibrand/2025/12/08/16_06_55_341_vestido-20bauhaus-20vermelho-20frente-20-1-16124280.jpg?v=1765220815,2026-08-24T17:28:30.310313-03:00,,unknown_not_observed_per_size
304,4750,Vestido Bauhaus,Vestido Bauhaus Vermelho,Vermelho,40,True,VERÃO 2027,Vestidos,https://www.intibrand.com/produto/vestido-bauhaus-vermelho-4750,https://cdn.vnda.com.br/intibrand/2025/12/08/16_06_55_341_vestido-20bauhaus-20vermelho-20frente-20-1-16124280.jpg?v=1765220815,2026-08-24T17:28:30.310313-03:00,,unknown_not_observed_per_size
304,4750,Vestido Bauhaus,Vestido Bauhaus Vermelho,Vermelho,42,True,VERÃO 2027,Vestidos,https://www.intibrand.com/produto/vestido-bauhaus-vermelho-4750,https://cdn.vnda.com.br/intibrand/2025/12/08/16_06_55_341_vestido-20bauhaus-20vermelho-20frente-20-1-16124280.jpg?v=1765220815,2026-08-24T17:28:30.310313-03:00,,unknown_not_observed_per_size
305,4989,Vestido Bianchi,Vestido Bianchi Marrom,Marrom,34,True,VERÃO 2027,Vestidos,https://www.intibrand.com/produto/vestido-bianchi-marrom-4989,,2026-08-24T17:28:30.310313-03:00,,unknown_not_observed_per_size
305,4989,Vestido Bianchi,Vestido Bianchi Marrom,Marrom,36,True,VERÃO 2027,Vestidos,https://www.intibrand.com/produto/vestido-bianchi-marrom-4989,,2026-08-24T17:28:30.310313-03:00,,unknown_not_observed_per_size
305,4989,Vestido Bianchi,Vestido Bianchi Marrom,Marrom,38,True,VERÃO 2027,Vestidos,https://www.intibrand.com/produto/vestido-bianchi-marrom-4989,,2026-08-24T17:28:30.310313-03:00,,unknown_not_observed_per_size
305,4989,Vestido Bianchi,Vestido Bianchi Marrom,Marrom,40,True,VERÃO 2027,Vestidos,https://www.intibrand.com/produto/vestido-bianchi-marrom-4989,,2026-08-24T17:28:30.310313-03:00,,unknown_not_observed_per_size
305,4989,Vestido Bianchi,Vestido Bianchi Marrom,Marrom,42,True,VERÃO 2027,Vestidos,https://www.intibrand.com/produto/vestido-bianchi-marrom-4989,,2026-08-24T17:28:30.310313-03:00,,unknown_not_observed_per_size
305,4989,Vestido Bianchi,Vestido Bianchi Marrom,Marrom,44,True,VERÃO 2027,Vestidos,https://www.intibrand.com/produto/vestido-bianchi-marrom-4989,,2026-08-24T17:28:30.310313-03:00,,unknown_not_observed_per_size
306,4986,Vestido Bianchi Off-White,Vestido Bianchi Off-White,Off White,34,True,VERÃO 2027,Vestidos,https://www.intibrand.com/produto/vestido-bianchi-off-white-4986,,2026-08-24T17:28:30.310313-03:00,,unknown_not_observed_per_size
306,4986,Vestido Bianchi Off-White,Vestido Bianchi Off-White,Off White,36,True,VERÃO 2027,Vestidos,https://www.intibrand.com/produto/vestido-bianchi-off-white-4986,,2026-08-24T17:28:30.310313-03:00,,unknown_not_observed_per_size
306,4986,Vestido Bianchi Off-White,Vestido Bianchi Off-White,Off White,38,True,VERÃO 2027,Vestidos,https://www.intibrand.com/produto/vestido-bianchi-off-white-4986,,2026-08-24T17:28:30.310313-03:00,,unknown_not_observed_per_size
306,4986,Vestido Bianchi Off-White,Vestido Bianchi Off-White,Off White,40,True,VERÃO 2027,Vestidos,https://www.intibrand.com/produto/vestido-bianchi-off-white-4986,,2026-08-24T17:28:30.310313-03:00,,unknown_not_observed_per_size
306,4986,Vestido Bianchi Off-White,Vestido Bianchi Off-White,Off White,42,True,VERÃO 2027,Vestidos,https://www.intibrand.com/produto/vestido-bianchi-off-white-4986,,2026-08-24T17:28:30.310313-03:00,,unknown_not_observed_per_size
306,4986,Vestido Bianchi Off-White,Vestido Bianchi Off-White,Off White,44,True,VERÃO 2027,Vestidos,https://www.intibrand.com/produto/vestido-bianchi-off-white-4986,,2026-08-24T17:28:30.310313-03:00,,unknown_not_observed_per_size
305,4987,Vestido Bianchi,Vestido Bianchi Preto,Preto,34,True,VERÃO 2027,Vestidos,https://www.intibrand.com/produto/vestido-bianchi-preto-4987,,2026-08-24T17:28:30.310313-03:00,,unknown_not_observed_per_size
305,4987,Vestido Bianchi,Vestido Bianchi Preto,Preto,36,True,VERÃO 2027,Vestidos,https://www.intibrand.com/produto/vestido-bianchi-preto-4987,,2026-08-24T17:28:30.310313-03:00,,unknown_not_observed_per_size
305,4987,Vestido Bianchi,Vestido Bianchi Preto,Preto,38,True,VERÃO 2027,Vestidos,https://www.intibrand.com/produto/vestido-bianchi-preto-4987,,2026-08-24T17:28:30.310313-03:00,,unknown_not_observed_per_size
305,4987,Vestido Bianchi,Vestido Bianchi Preto,Preto,40,True,VERÃO 2027,Vestidos,https://www.intibrand.com/produto/vestido-bianchi-preto-4987,,2026-08-24T17:28:30.310313-03:00,,unknown_not_observed_per_size
305,4987,Vestido Bianchi,Vestido Bianchi Preto,Preto,42,True,VERÃO 2027,Vestidos,https://www.intibrand.com/produto/vestido-bianchi-preto-4987,,2026-08-24T17:28:30.310313-03:00,,unknown_not_observed_per_size
305,4987,Vestido Bianchi,Vestido Bianchi Preto,Preto,44,True,VERÃO 2027,Vestidos,https://www.intibrand.com/produto/vestido-bianchi-preto-4987,,2026-08-24T17:28:30.310313-03:00,,unknown_not_observed_per_size
305,4988,Vestido Bianchi,Vestido Bianchi Vermelho,Vermelho,34,True,VERÃO 2027,Vestidos,https://www.intibrand.com/produto/vestido-bianchi-vermelho-4988,,2026-08-24T17:28:30.310313-03:00,,unknown_not_observed_per_size
305,4988,Vestido Bianchi,Vestido Bianchi Vermelho,Vermelho,36,True,VERÃO 2027,Vestidos,https://www.intibrand.com/produto/vestido-bianchi-vermelho-4988,,2026-08-24T17:28:30.310313-03:00,,unknown_not_observed_per_size
305,4988,Vestido Bianchi,Vestido Bianchi Vermelho,Vermelho,38,True,VERÃO 2027,Vestidos,https://www.intibrand.com/produto/vestido-bianchi-vermelho-4988,,2026-08-24T17:28:30.310313-03:00,,unknown_not_observed_per_size
305,4988,Vestido Bianchi,Vestido Bianchi Vermelho,Vermelho,40,True,VERÃO 2027,Vestidos,https://www.intibrand.com/produto/vestido-bianchi-vermelho-4988,,2026-08-24T17:28:30.310313-03:00,,unknown_not_observed_per_size
305,4988,Vestido Bianchi,Vestido Bianchi Vermelho,Vermelho,42,True,VERÃO 2027,Vestidos,https://www.intibrand.com/produto/vestido-bianchi-vermelho-4988,,2026-08-24T17:28:30.310313-03:00,,unknown_not_observed_per_size
305,4988,Vestido Bianchi,Vestido Bianchi Vermelho,Vermelho,44,True,VERÃO 2027,Vestidos,https://www.intibrand.com/produto/vestido-bianchi-vermelho-4988,,2026-08-24T17:28:30.310313-03:00,,unknown_not_observed_per_size
308,3891,Vestido Bonet Off-White,Vestido Bonet Off-White,Off White,36,True,VERÃO 2027,Vestidos,https://www.intibrand.com/produto/vestido-bonet-off-white-3891,https://cdn.vnda.com.br/intibrand/2023/11/28/16_54_06_326_16_11_3_357_vestido20bonet20offwhite20frente202.jpg?v=1701201246,2026-08-24T17:28:30.310313-03:00,,unknown_not_observed_per_size
308,3891,Vestido Bonet Off-White,Vestido Bonet Off-White,Off White,38,True,VERÃO 2027,Vestidos,https://www.intibrand.com/produto/vestido-bonet-off-white-3891,https://cdn.vnda.com.br/intibrand/2023/11/28/16_54_06_326_16_11_3_357_vestido20bonet20offwhite20frente202.jpg?v=1701201246,2026-08-24T17:28:30.310313-03:00,,unknown_not_observed_per_size
308,3891,Vestido Bonet Off-White,Vestido Bonet Off-White,Off White,40,True,VERÃO 2027,Vestidos,https://www.intibrand.com/produto/vestido-bonet-off-white-3891,https://cdn.vnda.com.br/intibrand/2023/11/28/16_54_06_326_16_11_3_357_vestido20bonet20offwhite20frente202.jpg?v=1701201246,2026-08-24T17:28:30.310313-03:00,,unknown_not_observed_per_size
308,3891,Vestido Bonet Off-White,Vestido Bonet Off-White,Off White,42,True,VERÃO 2027,Vestidos,https://www.intibrand.com/produto/vestido-bonet-off-white-3891,https://cdn.vnda.com.br/intibrand/2023/11/28/16_54_06_326_16_11_3_357_vestido20bonet20offwhite20frente202.jpg?v=1701201246,2026-08-24T17:28:30.310313-03:00,,unknown_not_observed_per_size
308,3891,Vestido Bonet Off-White,Vestido Bonet Off-White,Off White,44,True,VERÃO 2027,Vestidos,https://www.intibrand.com/produto/vestido-bonet-off-white-3891,https://cdn.vnda.com.br/intibrand/2023/11/28/16_54_06_326_16_11_3_357_vestido20bonet20offwhite20frente202.jpg?v=1701201246,2026-08-24T17:28:30.310313-03:00,,unknown_not_observed_per_size
307,3889,Vestido Bonet,Vestido Bonet Rosê,Rosê,36,True,VERÃO 2027,Vestidos,https://www.intibrand.com/produto/vestido-bonet-rose-3889,https://cdn.vnda.com.br/intibrand/2023/11/28/16_50_21_112_16_11_4_448_vestido20bonet20rosc38a20frente202.jpg?v=1728927560,2026-08-24T17:28:30.310313-03:00,,unknown_not_observed_per_size
307,3889,Vestido Bonet,Vestido Bonet Rosê,Rosê,38,True,VERÃO 2027,Vestidos,https://www.intibrand.com/produto/vestido-bonet-rose-3889,https://cdn.vnda.com.br/intibrand/2023/11/28/16_50_21_112_16_11_4_448_vestido20bonet20rosc38a20frente202.jpg?v=1728927560,2026-08-24T17:28:30.310313-03:00,,unknown_not_observed_per_size
307,3889,Vestido Bonet,Vestido Bonet Rosê,Rosê,40,True,VERÃO 2027,Vestidos,https://www.intibrand.com/produto/vestido-bonet-rose-3889,https://cdn.vnda.com.br/intibrand/2023/11/28/16_50_21_112_16_11_4_448_vestido20bonet20rosc38a20frente202.jpg?v=1728927560,2026-08-24T17:28:30.310313-03:00,,unknown_not_observed_per_size
307,3889,Vestido Bonet,Vestido Bonet Rosê,Rosê,42,True,VERÃO 2027,Vestidos,https://www.intibrand.com/produto/vestido-bonet-rose-3889,https://cdn.vnda.com.br/intibrand/2023/11/28/16_50_21_112_16_11_4_448_vestido20bonet20rosc38a20frente202.jpg?v=1728927560,2026-08-24T17:28:30.310313-03:00,,unknown_not_observed_per_size
307,3889,Vestido Bonet,Vestido Bonet Rosê,Rosê,44,True,VERÃO 2027,Vestidos,https://www.intibrand.com/produto/vestido-bonet-rose-3889,https://cdn.vnda.com.br/intibrand/2023/11/28/16_50_21_112_16_11_4_448_vestido20bonet20rosc38a20frente202.jpg?v=1728927560,2026-08-24T17:28:30.310313-03:00,,unknown_not_observed_per_size
309,4952,Vestido Brent,Vestido Brent Marrom,Marrom,34,True,VERÃO 2027,Vestidos,https://www.intibrand.com/produto/vestido-brent-marrom-4952,https://cdn.vnda.com.br/intibrand/2026/06/11/13_02_23_319_gaby-20fotos-20-32-13061490.jpg?v=1781193777,2026-08-24T17:28:30.310313-03:00,,unknown_not_observed_per_size
309,4952,Vestido Brent,Vestido Brent Marrom,Marrom,36,True,VERÃO 2027,Vestidos,https://www.intibrand.com/produto/vestido-brent-marrom-4952,https://cdn.vnda.com.br/intibrand/2026/06/11/13_02_23_319_gaby-20fotos-20-32-13061490.jpg?v=1781193777,2026-08-24T17:28:30.310313-03:00,,unknown_not_observed_per_size
309,4952,Vestido Brent,Vestido Brent Marrom,Marrom,38,True,VERÃO 2027,Vestidos,https://www.intibrand.com/produto/vestido-brent-marrom-4952,https://cdn.vnda.com.br/intibrand/2026/06/11/13_02_23_319_gaby-20fotos-20-32-13061490.jpg?v=1781193777,2026-08-24T17:28:30.310313-03:00,,unknown_not_observed_per_size
309,4952,Vestido Brent,Vestido Brent Marrom,Marrom,40,True,VERÃO 2027,Vestidos,https://www.intibrand.com/produto/vestido-brent-marrom-4952,https://cdn.vnda.com.br/intibrand/2026/06/11/13_02_23_319_gaby-20fotos-20-32-13061490.jpg?v=1781193777,2026-08-24T17:28:30.310313-03:00,,unknown_not_observed_per_size
309,4952,Vestido Brent,Vestido Brent Marrom,Marrom,42,True,VERÃO 2027,Vestidos,https://www.intibrand.com/produto/vestido-brent-marrom-4952,https://cdn.vnda.com.br/intibrand/2026/06/11/13_02_23_319_gaby-20fotos-20-32-13061490.jpg?v=1781193777,2026-08-24T17:28:30.310313-03:00,,unknown_not_observed_per_size
309,4952,Vestido Brent,Vestido Brent Marrom,Marrom,44,True,VERÃO 2027,Vestidos,https://www.intibrand.com/produto/vestido-brent-marrom-4952,https://cdn.vnda.com.br/intibrand/2026/06/11/13_02_23_319_gaby-20fotos-20-32-13061490.jpg?v=1781193777,2026-08-24T17:28:30.310313-03:00,,unknown_not_observed_per_size
310,4950,Vestido Brent Off-White,Vestido Brent Off-White,Off White,34,True,VERÃO 2027,Vestidos,https://www.intibrand.com/produto/vestido-brent-off-white-4950,https://cdn.vnda.com.br/intibrand/2026/06/11/13_10_40_341_gaby-20fotos-20-47-13063480.jpg?v=1781194245,2026-08-24T17:28:30.310313-03:00,,unknown_not_observed_per_size
310,4950,Vestido Brent Off-White,Vestido Brent Off-White,Off White,36,True,VERÃO 2027,Vestidos,https://www.intibrand.com/produto/vestido-brent-off-white-4950,https://cdn.vnda.com.br/intibrand/2026/06/11/13_10_40_341_gaby-20fotos-20-47-13063480.jpg?v=1781194245,2026-08-24T17:28:30.310313-03:00,,unknown_not_observed_per_size
310,4950,Vestido Brent Off-White,Vestido Brent Off-White,Off White,38,True,VERÃO 2027,Vestidos,https://www.intibrand.com/produto/vestido-brent-off-white-4950,https://cdn.vnda.com.br/intibrand/2026/06/11/13_10_40_341_gaby-20fotos-20-47-13063480.jpg?v=1781194245,2026-08-24T17:28:30.310313-03:00,,unknown_not_observed_per_size
310,4950,Vestido Brent Off-White,Vestido Brent Off-White,Off White,40,True,VERÃO 2027,Vestidos,https://www.intibrand.com/produto/vestido-brent-off-white-4950,https://cdn.vnda.com.br/intibrand/2026/06/11/13_10_40_341_gaby-20fotos-20-47-13063480.jpg?v=1781194245,2026-08-24T17:28:30.310313-03:00,,unknown_not_observed_per_size
310,4950,Vestido Brent Off-White,Vestido Brent Off-White,Off White,42,True,VERÃO 2027,Vestidos,https://www.intibrand.com/produto/vestido-brent-off-white-4950,https://cdn.vnda.com.br/intibrand/2026/06/11/13_10_40_341_gaby-20fotos-20-47-13063480.jpg?v=1781194245,2026-08-24T17:28:30.310313-03:00,,unknown_not_observed_per_size
310,4950,Vestido Brent Off-White,Vestido Brent Off-White,Off White,44,True,VERÃO 2027,Vestidos,https://www.intibrand.com/produto/vestido-brent-off-white-4950,https://cdn.vnda.com.br/intibrand/2026/06/11/13_10_40_341_gaby-20fotos-20-47-13063480.jpg?v=1781194245,2026-08-24T17:28:30.310313-03:00,,unknown_not_observed_per_size
309,4951,Vestido Brent,Vestido Brent Preto,Preto,34,True,VERÃO 2027,Vestidos,https://www.intibrand.com/produto/vestido-brent-preto-4951,https://cdn.vnda.com.br/intibrand/2026/06/11/13_07_20_437_gaby-20fotos-20-42-13063640.jpg?v=1781194046,2026-08-24T17:28:30.310313-03:00,,unknown_not_observed_per_size
309,4951,Vestido Brent,Vestido Brent Preto,Preto,36,True,VERÃO 2027,Vestidos,https://www.intibrand.com/produto/vestido-brent-preto-4951,https://cdn.vnda.com.br/intibrand/2026/06/11/13_07_20_437_gaby-20fotos-20-42-13063640.jpg?v=1781194046,2026-08-24T17:28:30.310313-03:00,,unknown_not_observed_per_size
309,4951,Vestido Brent,Vestido Brent Preto,Preto,38,True,VERÃO 2027,Vestidos,https://www.intibrand.com/produto/vestido-brent-preto-4951,https://cdn.vnda.com.br/intibrand/2026/06/11/13_07_20_437_gaby-20fotos-20-42-13063640.jpg?v=1781194046,2026-08-24T17:28:30.310313-03:00,,unknown_not_observed_per_size
309,4951,Vestido Brent,Vestido Brent Preto,Preto,40,True,VERÃO 2027,Vestidos,https://www.intibrand.com/produto/vestido-brent-preto-4951,https://cdn.vnda.com.br/intibrand/2026/06/11/13_07_20_437_gaby-20fotos-20-42-13063640.jpg?v=1781194046,2026-08-24T17:28:30.310313-03:00,,unknown_not_observed_per_size
309,4951,Vestido Brent,Vestido Brent Preto,Preto,42,True,VERÃO 2027,Vestidos,https://www.intibrand.com/produto/vestido-brent-preto-4951,https://cdn.vnda.com.br/intibrand/2026/06/11/13_07_20_437_gaby-20fotos-20-42-13063640.jpg?v=1781194046,2026-08-24T17:28:30.310313-03:00,,unknown_not_observed_per_size
309,4951,Vestido Brent,Vestido Brent Preto,Preto,44,True,VERÃO 2027,Vestidos,https://www.intibrand.com/produto/vestido-brent-preto-4951,https://cdn.vnda.com.br/intibrand/2026/06/11/13_07_20_437_gaby-20fotos-20-42-13063640.jpg?v=1781194046,2026-08-24T17:28:30.310313-03:00,,unknown_not_observed_per_size
311,4300,Vestido Brice,Vestido Brice Preto,Preto,34,True,VERÃO 2027,Vestidos,https://www.intibrand.com/produto/vestido-brice-preto-4300,https://cdn.vnda.com.br/intibrand/2024/11/25/18_05_23_129_18_11_5_509_vestido20brice20preto20frente.jpg?v=1732568726,2026-08-24T17:28:30.310313-03:00,,unknown_not_observed_per_size
311,4300,Vestido Brice,Vestido Brice Preto,Preto,36,True,VERÃO 2027,Vestidos,https://www.intibrand.com/produto/vestido-brice-preto-4300,https://cdn.vnda.com.br/intibrand/2024/11/25/18_05_23_129_18_11_5_509_vestido20brice20preto20frente.jpg?v=1732568726,2026-08-24T17:28:30.310313-03:00,,unknown_not_observed_per_size
311,4300,Vestido Brice,Vestido Brice Preto,Preto,38,True,VERÃO 2027,Vestidos,https://www.intibrand.com/produto/vestido-brice-preto-4300,https://cdn.vnda.com.br/intibrand/2024/11/25/18_05_23_129_18_11_5_509_vestido20brice20preto20frente.jpg?v=1732568726,2026-08-24T17:28:30.310313-03:00,,unknown_not_observed_per_size
311,4300,Vestido Brice,Vestido Brice Preto,Preto,40,True,VERÃO 2027,Vestidos,https://www.intibrand.com/produto/vestido-brice-preto-4300,https://cdn.vnda.com.br/intibrand/2024/11/25/18_05_23_129_18_11_5_509_vestido20brice20preto20frente.jpg?v=1732568726,2026-08-24T17:28:30.310313-03:00,,unknown_not_observed_per_size
311,4300,Vestido Brice,Vestido Brice Preto,Preto,42,True,VERÃO 2027,Vestidos,https://www.intibrand.com/produto/vestido-brice-preto-4300,https://cdn.vnda.com.br/intibrand/2024/11/25/18_05_23_129_18_11_5_509_vestido20brice20preto20frente.jpg?v=1732568726,2026-08-24T17:28:30.310313-03:00,,unknown_not_observed_per_size
311,4343,Vestido Brice,Vestido Brice Vermelho,Vermelho,34,True,VERÃO 2027,Vestidos,https://www.intibrand.com/produto/vestido-brice-vermelho-4343,https://cdn.vnda.com.br/intibrand/2025/01/08/12_27_33_56_12_1_4_447_vestido20brice20vermelho20frente201.jpg?v=1744416899,2026-08-24T17:28:30.310313-03:00,,unknown_not_observed_per_size
311,4343,Vestido Brice,Vestido Brice Vermelho,Vermelho,36,True,VERÃO 2027,Vestidos,https://www.intibrand.com/produto/vestido-brice-vermelho-4343,https://cdn.vnda.com.br/intibrand/2025/01/08/12_27_33_56_12_1_4_447_vestido20brice20vermelho20frente201.jpg?v=1744416899,2026-08-24T17:28:30.310313-03:00,,unknown_not_observed_per_size
311,4343,Vestido Brice,Vestido Brice Vermelho,Vermelho,38,True,VERÃO 2027,Vestidos,https://www.intibrand.com/produto/vestido-brice-vermelho-4343,https://cdn.vnda.com.br/intibrand/2025/01/08/12_27_33_56_12_1_4_447_vestido20brice20vermelho20frente201.jpg?v=1744416899,2026-08-24T17:28:30.310313-03:00,,unknown_not_observed_per_size
311,4343,Vestido Brice,Vestido Brice Vermelho,Vermelho,40,True,VERÃO 2027,Vestidos,https://www.intibrand.com/produto/vestido-brice-vermelho-4343,https://cdn.vnda.com.br/intibrand/2025/01/08/12_27_33_56_12_1_4_447_vestido20brice20vermelho20frente201.jpg?v=1744416899,2026-08-24T17:28:30.310313-03:00,,unknown_not_observed_per_size
311,4343,Vestido Brice,Vestido Brice Vermelho,Vermelho,42,True,VERÃO 2027,Vestidos,https://www.intibrand.com/produto/vestido-brice-vermelho-4343,https://cdn.vnda.com.br/intibrand/2025/01/08/12_27_33_56_12_1_4_447_vestido20brice20vermelho20frente201.jpg?v=1744416899,2026-08-24T17:28:30.310313-03:00,,unknown_not_observed_per_size
312,4145,Vestido Bridget,Vestido Bridget Vermelho,Vermelho,34,True,VERÃO 2027,Vestidos,https://www.intibrand.com/produto/vestido-bridget-vermelho-4145,https://cdn.vnda.com.br/intibrand/2024/07/30/11_38_10_287_11_7_3_383_vestido20bridget20vermelho20frente.jpg?v=1722350301,2026-08-24T17:28:30.310313-03:00,,unknown_not_observed_per_size
312,4145,Vestido Bridget,Vestido Bridget Vermelho,Vermelho,36,True,VERÃO 2027,Vestidos,https://www.intibrand.com/produto/vestido-bridget-vermelho-4145,https://cdn.vnda.com.br/intibrand/2024/07/30/11_38_10_287_11_7_3_383_vestido20bridget20vermelho20frente.jpg?v=1722350301,2026-08-24T17:28:30.310313-03:00,,unknown_not_observed_per_size
312,4145,Vestido Bridget,Vestido Bridget Vermelho,Vermelho,38,True,VERÃO 2027,Vestidos,https://www.intibrand.com/produto/vestido-bridget-vermelho-4145,https://cdn.vnda.com.br/intibrand/2024/07/30/11_38_10_287_11_7_3_383_vestido20bridget20vermelho20frente.jpg?v=1722350301,2026-08-24T17:28:30.310313-03:00,,unknown_not_observed_per_size
312,4145,Vestido Bridget,Vestido Bridget Vermelho,Vermelho,40,True,VERÃO 2027,Vestidos,https://www.intibrand.com/produto/vestido-bridget-vermelho-4145,https://cdn.vnda.com.br/intibrand/2024/07/30/11_38_10_287_11_7_3_383_vestido20bridget20vermelho20frente.jpg?v=1722350301,2026-08-24T17:28:30.310313-03:00,,unknown_not_observed_per_size
312,4145,Vestido Bridget,Vestido Bridget Vermelho,Vermelho,42,True,VERÃO 2027,Vestidos,https://www.intibrand.com/produto/vestido-bridget-vermelho-4145,https://cdn.vnda.com.br/intibrand/2024/07/30/11_38_10_287_11_7_3_383_vestido20bridget20vermelho20frente.jpg?v=1722350301,2026-08-24T17:28:30.310313-03:00,,unknown_not_observed_per_size
312,4145,Vestido Bridget,Vestido Bridget Vermelho,Vermelho,44,True,VERÃO 2027,Vestidos,https://www.intibrand.com/produto/vestido-bridget-vermelho-4145,https://cdn.vnda.com.br/intibrand/2024/07/30/11_38_10_287_11_7_3_383_vestido20bridget20vermelho20frente.jpg?v=1722350301,2026-08-24T17:28:30.310313-03:00,,unknown_not_observed_per_size
314,4440,Vestido Calla Off-White,Vestido Calla Off-White,Off White,36,True,VERÃO 2027,Vestidos,https://www.intibrand.com/produto/vestido-calla-off-white-4440,https://cdn.vnda.com.br/intibrand/2025/02/03/11_00_09_541_11_2_2_220_vestido20calla20offwhite20zoom20frente201.jpg?v=1738591228,2026-08-24T17:28:30.310313-03:00,,unknown_not_observed_per_size
314,4440,Vestido Calla Off-White,Vestido Calla Off-White,Off White,38,True,VERÃO 2027,Vestidos,https://www.intibrand.com/produto/vestido-calla-off-white-4440,https://cdn.vnda.com.br/intibrand/2025/02/03/11_00_09_541_11_2_2_220_vestido20calla20offwhite20zoom20frente201.jpg?v=1738591228,2026-08-24T17:28:30.310313-03:00,,unknown_not_observed_per_size
314,4440,Vestido Calla Off-White,Vestido Calla Off-White,Off White,40,True,VERÃO 2027,Vestidos,https://www.intibrand.com/produto/vestido-calla-off-white-4440,https://cdn.vnda.com.br/intibrand/2025/02/03/11_00_09_541_11_2_2_220_vestido20calla20offwhite20zoom20frente201.jpg?v=1738591228,2026-08-24T17:28:30.310313-03:00,,unknown_not_observed_per_size
314,4440,Vestido Calla Off-White,Vestido Calla Off-White,Off White,42,True,VERÃO 2027,Vestidos,https://www.intibrand.com/produto/vestido-calla-off-white-4440,https://cdn.vnda.com.br/intibrand/2025/02/03/11_00_09_541_11_2_2_220_vestido20calla20offwhite20zoom20frente201.jpg?v=1738591228,2026-08-24T17:28:30.310313-03:00,,unknown_not_observed_per_size
313,4441,Vestido Calla,Vestido Calla Preto,Preto,36,True,VERÃO 2027,Vestidos,https://www.intibrand.com/produto/vestido-calla-preto-4441,https://cdn.vnda.com.br/intibrand/2025/02/03/11_01_43_468_11_2_5_571_vestido20calla20preto20frente20zoom.jpg?v=1738591312,2026-08-24T17:28:30.310313-03:00,,unknown_not_observed_per_size
313,4441,Vestido Calla,Vestido Calla Preto,Preto,38,True,VERÃO 2027,Vestidos,https://www.intibrand.com/produto/vestido-calla-preto-4441,https://cdn.vnda.com.br/intibrand/2025/02/03/11_01_43_468_11_2_5_571_vestido20calla20preto20frente20zoom.jpg?v=1738591312,2026-08-24T17:28:30.310313-03:00,,unknown_not_observed_per_size
313,4441,Vestido Calla,Vestido Calla Preto,Preto,40,True,VERÃO 2027,Vestidos,https://www.intibrand.com/produto/vestido-calla-preto-4441,https://cdn.vnda.com.br/intibrand/2025/02/03/11_01_43_468_11_2_5_571_vestido20calla20preto20frente20zoom.jpg?v=1738591312,2026-08-24T17:28:30.310313-03:00,,unknown_not_observed_per_size
313,4441,Vestido Calla,Vestido Calla Preto,Preto,42,True,VERÃO 2027,Vestidos,https://www.intibrand.com/produto/vestido-calla-preto-4441,https://cdn.vnda.com.br/intibrand/2025/02/03/11_01_43_468_11_2_5_571_vestido20calla20preto20frente20zoom.jpg?v=1738591312,2026-08-24T17:28:30.310313-03:00,,unknown_not_observed_per_size
313,4442,Vestido Calla,Vestido Calla Vanilla,Vanilla,36,True,VERÃO 2027,Vestidos,https://www.intibrand.com/produto/vestido-calla-vanilla-4442,https://cdn.vnda.com.br/intibrand/2025/02/03/11_01_05_140_11_2_9_945_vestido20calla20vanilla20frente201.jpg?v=1738591267,2026-08-24T17:28:30.310313-03:00,,unknown_not_observed_per_size
313,4442,Vestido Calla,Vestido Calla Vanilla,Vanilla,38,True,VERÃO 2027,Vestidos,https://www.intibrand.com/produto/vestido-calla-vanilla-4442,https://cdn.vnda.com.br/intibrand/2025/02/03/11_01_05_140_11_2_9_945_vestido20calla20vanilla20frente201.jpg?v=1738591267,2026-08-24T17:28:30.310313-03:00,,unknown_not_observed_per_size
313,4442,Vestido Calla,Vestido Calla Vanilla,Vanilla,40,True,VERÃO 2027,Vestidos,https://www.intibrand.com/produto/vestido-calla-vanilla-4442,https://cdn.vnda.com.br/intibrand/2025/02/03/11_01_05_140_11_2_9_945_vestido20calla20vanilla20frente201.jpg?v=1738591267,2026-08-24T17:28:30.310313-03:00,,unknown_not_observed_per_size
313,4442,Vestido Calla,Vestido Calla Vanilla,Vanilla,42,True,VERÃO 2027,Vestidos,https://www.intibrand.com/produto/vestido-calla-vanilla-4442,https://cdn.vnda.com.br/intibrand/2025/02/03/11_01_05_140_11_2_9_945_vestido20calla20vanilla20frente201.jpg?v=1738591267,2026-08-24T17:28:30.310313-03:00,,unknown_not_observed_per_size
315,4800,Vestido Cameron,Vestido Cameron Azul,Azul,34,True,VERÃO 2027,Vestidos,https://www.intibrand.com/produto/vestido-cameron-azul-4800,https://cdn.vnda.com.br/intibrand/2026/03/04/17_43_54_568_vestido-20cameron-20azul-20frente-20-1-17033090.jpg?v=1772657044,2026-08-24T17:28:30.310313-03:00,,unknown_not_observed_per_size
315,4800,Vestido Cameron,Vestido Cameron Azul,Azul,36,True,VERÃO 2027,Vestidos,https://www.intibrand.com/produto/vestido-cameron-azul-4800,https://cdn.vnda.com.br/intibrand/2026/03/04/17_43_54_568_vestido-20cameron-20azul-20frente-20-1-17033090.jpg?v=1772657044,2026-08-24T17:28:30.310313-03:00,,unknown_not_observed_per_size
315,4800,Vestido Cameron,Vestido Cameron Azul,Azul,38,True,VERÃO 2027,Vestidos,https://www.intibrand.com/produto/vestido-cameron-azul-4800,https://cdn.vnda.com.br/intibrand/2026/03/04/17_43_54_568_vestido-20cameron-20azul-20frente-20-1-17033090.jpg?v=1772657044,2026-08-24T17:28:30.310313-03:00,,unknown_not_observed_per_size
315,4800,Vestido Cameron,Vestido Cameron Azul,Azul,40,True,VERÃO 2027,Vestidos,https://www.intibrand.com/produto/vestido-cameron-azul-4800,https://cdn.vnda.com.br/intibrand/2026/03/04/17_43_54_568_vestido-20cameron-20azul-20frente-20-1-17033090.jpg?v=1772657044,2026-08-24T17:28:30.310313-03:00,,unknown_not_observed_per_size
315,4800,Vestido Cameron,Vestido Cameron Azul,Azul,42,True,VERÃO 2027,Vestidos,https://www.intibrand.com/produto/vestido-cameron-azul-4800,https://cdn.vnda.com.br/intibrand/2026/03/04/17_43_54_568_vestido-20cameron-20azul-20frente-20-1-17033090.jpg?v=1772657044,2026-08-24T17:28:30.310313-03:00,,unknown_not_observed_per_size
315,4800,Vestido Cameron,Vestido Cameron Azul,Azul,44,True,VERÃO 2027,Vestidos,https://www.intibrand.com/produto/vestido-cameron-azul-4800,https://cdn.vnda.com.br/intibrand/2026/03/04/17_43_54_568_vestido-20cameron-20azul-20frente-20-1-17033090.jpg?v=1772657044,2026-08-24T17:28:30.310313-03:00,,unknown_not_observed_per_size
315,4799,Vestido Cameron,Vestido Cameron Fúcsia,Fúcsia,34,True,VERÃO 2027,Vestidos,https://www.intibrand.com/produto/vestido-cameron-fucsia-4799,https://cdn.vnda.com.br/intibrand/2026/05/12/13_09_01_636_vestido-20cameron-20f-c3-9acsia-20frente-20reedit-13051140.jpg?v=1778602146,2026-08-24T17:28:30.310313-03:00,,unknown_not_observed_per_size
315,4799,Vestido Cameron,Vestido Cameron Fúcsia,Fúcsia,36,True,VERÃO 2027,Vestidos,https://www.intibrand.com/produto/vestido-cameron-fucsia-4799,https://cdn.vnda.com.br/intibrand/2026/05/12/13_09_01_636_vestido-20cameron-20f-c3-9acsia-20frente-20reedit-13051140.jpg?v=1778602146,2026-08-24T17:28:30.310313-03:00,,unknown_not_observed_per_size
315,4799,Vestido Cameron,Vestido Cameron Fúcsia,Fúcsia,38,True,VERÃO 2027,Vestidos,https://www.intibrand.com/produto/vestido-cameron-fucsia-4799,https://cdn.vnda.com.br/intibrand/2026/05/12/13_09_01_636_vestido-20cameron-20f-c3-9acsia-20frente-20reedit-13051140.jpg?v=1778602146,2026-08-24T17:28:30.310313-03:00,,unknown_not_observed_per_size
315,4799,Vestido Cameron,Vestido Cameron Fúcsia,Fúcsia,40,True,VERÃO 2027,Vestidos,https://www.intibrand.com/produto/vestido-cameron-fucsia-4799,https://cdn.vnda.com.br/intibrand/2026/05/12/13_09_01_636_vestido-20cameron-20f-c3-9acsia-20frente-20reedit-13051140.jpg?v=1778602146,2026-08-24T17:28:30.310313-03:00,,unknown_not_observed_per_size
315,4799,Vestido Cameron,Vestido Cameron Fúcsia,Fúcsia,42,True,VERÃO 2027,Vestidos,https://www.intibrand.com/produto/vestido-cameron-fucsia-4799,https://cdn.vnda.com.br/intibrand/2026/05/12/13_09_01_636_vestido-20cameron-20f-c3-9acsia-20frente-20reedit-13051140.jpg?v=1778602146,2026-08-24T17:28:30.310313-03:00,,unknown_not_observed_per_size
315,4799,Vestido Cameron,Vestido Cameron Fúcsia,Fúcsia,44,True,VERÃO 2027,Vestidos,https://www.intibrand.com/produto/vestido-cameron-fucsia-4799,https://cdn.vnda.com.br/intibrand/2026/05/12/13_09_01_636_vestido-20cameron-20f-c3-9acsia-20frente-20reedit-13051140.jpg?v=1778602146,2026-08-24T17:28:30.310313-03:00,,unknown_not_observed_per_size
316,4797,Vestido Cameron Off-White,Vestido Cameron Off-White,Off White,34,True,VERÃO 2027,Vestidos,https://www.intibrand.com/produto/vestido-cameron-off-white-4797,https://cdn.vnda.com.br/intibrand/2026/03/04/12_27_05_26_vestido-20cameron-20off-white-20lado-201-20-1-12034770.jpg?v=1772638086,2026-08-24T17:28:30.310313-03:00,,unknown_not_observed_per_size
316,4797,Vestido Cameron Off-White,Vestido Cameron Off-White,Off White,36,True,VERÃO 2027,Vestidos,https://www.intibrand.com/produto/vestido-cameron-off-white-4797,https://cdn.vnda.com.br/intibrand/2026/03/04/12_27_05_26_vestido-20cameron-20off-white-20lado-201-20-1-12034770.jpg?v=1772638086,2026-08-24T17:28:30.310313-03:00,,unknown_not_observed_per_size
316,4797,Vestido Cameron Off-White,Vestido Cameron Off-White,Off White,38,True,VERÃO 2027,Vestidos,https://www.intibrand.com/produto/vestido-cameron-off-white-4797,https://cdn.vnda.com.br/intibrand/2026/03/04/12_27_05_26_vestido-20cameron-20off-white-20lado-201-20-1-12034770.jpg?v=1772638086,2026-08-24T17:28:30.310313-03:00,,unknown_not_observed_per_size
316,4797,Vestido Cameron Off-White,Vestido Cameron Off-White,Off White,40,True,VERÃO 2027,Vestidos,https://www.intibrand.com/produto/vestido-cameron-off-white-4797,https://cdn.vnda.com.br/intibrand/2026/03/04/12_27_05_26_vestido-20cameron-20off-white-20lado-201-20-1-12034770.jpg?v=1772638086,2026-08-24T17:28:30.310313-03:00,,unknown_not_observed_per_size
316,4797,Vestido Cameron Off-White,Vestido Cameron Off-White,Off White,42,True,VERÃO 2027,Vestidos,https://www.intibrand.com/produto/vestido-cameron-off-white-4797,https://cdn.vnda.com.br/intibrand/2026/03/04/12_27_05_26_vestido-20cameron-20off-white-20lado-201-20-1-12034770.jpg?v=1772638086,2026-08-24T17:28:30.310313-03:00,,unknown_not_observed_per_size
316,4797,Vestido Cameron Off-White,Vestido Cameron Off-White,Off White,44,True,VERÃO 2027,Vestidos,https://www.intibrand.com/produto/vestido-cameron-off-white-4797,https://cdn.vnda.com.br/intibrand/2026/03/04/12_27_05_26_vestido-20cameron-20off-white-20lado-201-20-1-12034770.jpg?v=1772638086,2026-08-24T17:28:30.310313-03:00,,unknown_not_observed_per_size
315,4798,Vestido Cameron,Vestido Cameron Preto,Preto,34,True,VERÃO 2027,Vestidos,https://www.intibrand.com/produto/vestido-cameron-preto-4798,https://cdn.vnda.com.br/intibrand/2026/04/29/13_23_31_680_vestido-20cameron-20preto-13049730.jpg?v=1777479841,2026-08-24T17:28:30.310313-03:00,,unknown_not_observed_per_size
315,4798,Vestido Cameron,Vestido Cameron Preto,Preto,36,True,VERÃO 2027,Vestidos,https://www.intibrand.com/produto/vestido-cameron-preto-4798,https://cdn.vnda.com.br/intibrand/2026/04/29/13_23_31_680_vestido-20cameron-20preto-13049730.jpg?v=1777479841,2026-08-24T17:28:30.310313-03:00,,unknown_not_observed_per_size
315,4798,Vestido Cameron,Vestido Cameron Preto,Preto,38,True,VERÃO 2027,Vestidos,https://www.intibrand.com/produto/vestido-cameron-preto-4798,https://cdn.vnda.com.br/intibrand/2026/04/29/13_23_31_680_vestido-20cameron-20preto-13049730.jpg?v=1777479841,2026-08-24T17:28:30.310313-03:00,,unknown_not_observed_per_size
315,4798,Vestido Cameron,Vestido Cameron Preto,Preto,40,True,VERÃO 2027,Vestidos,https://www.intibrand.com/produto/vestido-cameron-preto-4798,https://cdn.vnda.com.br/intibrand/2026/04/29/13_23_31_680_vestido-20cameron-20preto-13049730.jpg?v=1777479841,2026-08-24T17:28:30.310313-03:00,,unknown_not_observed_per_size
315,4798,Vestido Cameron,Vestido Cameron Preto,Preto,42,True,VERÃO 2027,Vestidos,https://www.intibrand.com/produto/vestido-cameron-preto-4798,https://cdn.vnda.com.br/intibrand/2026/04/29/13_23_31_680_vestido-20cameron-20preto-13049730.jpg?v=1777479841,2026-08-24T17:28:30.310313-03:00,,unknown_not_observed_per_size
315,4798,Vestido Cameron,Vestido Cameron Preto,Preto,44,True,VERÃO 2027,Vestidos,https://www.intibrand.com/produto/vestido-cameron-preto-4798,https://cdn.vnda.com.br/intibrand/2026/04/29/13_23_31_680_vestido-20cameron-20preto-13049730.jpg?v=1777479841,2026-08-24T17:28:30.310313-03:00,,unknown_not_observed_per_size
317,4026,Vestido Catton Off-White,Vestido Catton Off-White,Off White,34,True,VERÃO 2027,Vestidos,https://www.intibrand.com/produto/vestido-catton-off-white-4026,https://cdn.vnda.com.br/intibrand/2024/07/12/12_57_18_446_12_7_2_257_vestido20catton20offwhite20zoom20reeditado.jpg?v=1720799845,2026-08-24T17:28:30.310313-03:00,,unknown_not_observed_per_size
317,4026,Vestido Catton Off-White,Vestido Catton Off-White,Off White,36,True,VERÃO 2027,Vestidos,https://www.intibrand.com/produto/vestido-catton-off-white-4026,https://cdn.vnda.com.br/intibrand/2024/07/12/12_57_18_446_12_7_2_257_vestido20catton20offwhite20zoom20reeditado.jpg?v=1720799845,2026-08-24T17:28:30.310313-03:00,,unknown_not_observed_per_size
317,4026,Vestido Catton Off-White,Vestido Catton Off-White,Off White,38,True,VERÃO 2027,Vestidos,https://www.intibrand.com/produto/vestido-catton-off-white-4026,https://cdn.vnda.com.br/intibrand/2024/07/12/12_57_18_446_12_7_2_257_vestido20catton20offwhite20zoom20reeditado.jpg?v=1720799845,2026-08-24T17:28:30.310313-03:00,,unknown_not_observed_per_size
317,4026,Vestido Catton Off-White,Vestido Catton Off-White,Off White,40,True,VERÃO 2027,Vestidos,https://www.intibrand.com/produto/vestido-catton-off-white-4026,https://cdn.vnda.com.br/intibrand/2024/07/12/12_57_18_446_12_7_2_257_vestido20catton20offwhite20zoom20reeditado.jpg?v=1720799845,2026-08-24T17:28:30.310313-03:00,,unknown_not_observed_per_size
317,4026,Vestido Catton Off-White,Vestido Catton Off-White,Off White,42,True,VERÃO 2027,Vestidos,https://www.intibrand.com/produto/vestido-catton-off-white-4026,https://cdn.vnda.com.br/intibrand/2024/07/12/12_57_18_446_12_7_2_257_vestido20catton20offwhite20zoom20reeditado.jpg?v=1720799845,2026-08-24T17:28:30.310313-03:00,,unknown_not_observed_per_size
318,4498,Vestido Collins,Vestido Collins Vermelho,Vermelho,36,True,VERÃO 2027,Vestidos,https://www.intibrand.com/produto/vestido-collins-vermelho-4498,https://cdn.vnda.com.br/intibrand/2025/06/04/17_35_58_867_17_6_8_803_vestido20collins20vermelho20frente20sem20pc389.jpg?v=1749069361,2026-08-24T17:28:30.310313-03:00,,unknown_not_observed_per_size
318,4498,Vestido Collins,Vestido Collins Vermelho,Vermelho,38,True,VERÃO 2027,Vestidos,https://www.intibrand.com/produto/vestido-collins-vermelho-4498,https://cdn.vnda.com.br/intibrand/2025/06/04/17_35_58_867_17_6_8_803_vestido20collins20vermelho20frente20sem20pc389.jpg?v=1749069361,2026-08-24T17:28:30.310313-03:00,,unknown_not_observed_per_size
318,4498,Vestido Collins,Vestido Collins Vermelho,Vermelho,40,True,VERÃO 2027,Vestidos,https://www.intibrand.com/produto/vestido-collins-vermelho-4498,https://cdn.vnda.com.br/intibrand/2025/06/04/17_35_58_867_17_6_8_803_vestido20collins20vermelho20frente20sem20pc389.jpg?v=1749069361,2026-08-24T17:28:30.310313-03:00,,unknown_not_observed_per_size
318,4498,Vestido Collins,Vestido Collins Vermelho,Vermelho,42,True,VERÃO 2027,Vestidos,https://www.intibrand.com/produto/vestido-collins-vermelho-4498,https://cdn.vnda.com.br/intibrand/2025/06/04/17_35_58_867_17_6_8_803_vestido20collins20vermelho20frente20sem20pc389.jpg?v=1749069361,2026-08-24T17:28:30.310313-03:00,,unknown_not_observed_per_size
320,4764,Vestido Copan Off-White,Vestido Copan Off-White,Off White,34,True,VERÃO 2027,Vestidos,https://www.intibrand.com/produto/vestido-copan-off-white-4764,https://cdn.vnda.com.br/intibrand/2025/12/18/17_29_34_581_vestido-20copan-20off-white-20frente-17128810.jpg?v=1766089787,2026-08-24T17:28:30.310313-03:00,,unknown_not_observed_per_size
320,4764,Vestido Copan Off-White,Vestido Copan Off-White,Off White,36,True,VERÃO 2027,Vestidos,https://www.intibrand.com/produto/vestido-copan-off-white-4764,https://cdn.vnda.com.br/intibrand/2025/12/18/17_29_34_581_vestido-20copan-20off-white-20frente-17128810.jpg?v=1766089787,2026-08-24T17:28:30.310313-03:00,,unknown_not_observed_per_size
320,4764,Vestido Copan Off-White,Vestido Copan Off-White,Off White,38,True,VERÃO 2027,Vestidos,https://www.intibrand.com/produto/vestido-copan-off-white-4764,https://cdn.vnda.com.br/intibrand/2025/12/18/17_29_34_581_vestido-20copan-20off-white-20frente-17128810.jpg?v=1766089787,2026-08-24T17:28:30.310313-03:00,,unknown_not_observed_per_size
320,4764,Vestido Copan Off-White,Vestido Copan Off-White,Off White,40,True,VERÃO 2027,Vestidos,https://www.intibrand.com/produto/vestido-copan-off-white-4764,https://cdn.vnda.com.br/intibrand/2025/12/18/17_29_34_581_vestido-20copan-20off-white-20frente-17128810.jpg?v=1766089787,2026-08-24T17:28:30.310313-03:00,,unknown_not_observed_per_size
320,4764,Vestido Copan Off-White,Vestido Copan Off-White,Off White,42,True,VERÃO 2027,Vestidos,https://www.intibrand.com/produto/vestido-copan-off-white-4764,https://cdn.vnda.com.br/intibrand/2025/12/18/17_29_34_581_vestido-20copan-20off-white-20frente-17128810.jpg?v=1766089787,2026-08-24T17:28:30.310313-03:00,,unknown_not_observed_per_size
319,4766,Vestido Copan,Vestido Copan Vermelho,Vermelho,34,True,VERÃO 2027,Vestidos,https://www.intibrand.com/produto/vestido-copan-vermelho-4766,https://cdn.vnda.com.br/intibrand/2025/12/18/17_30_32_992_vestido-20copan-20vermelho-20lado-17121280.jpg?v=1766089860,2026-08-24T17:28:30.310313-03:00,,unknown_not_observed_per_size
319,4766,Vestido Copan,Vestido Copan Vermelho,Vermelho,36,True,VERÃO 2027,Vestidos,https://www.intibrand.com/produto/vestido-copan-vermelho-4766,https://cdn.vnda.com.br/intibrand/2025/12/18/17_30_32_992_vestido-20copan-20vermelho-20lado-17121280.jpg?v=1766089860,2026-08-24T17:28:30.310313-03:00,,unknown_not_observed_per_size
319,4766,Vestido Copan,Vestido Copan Vermelho,Vermelho,38,True,VERÃO 2027,Vestidos,https://www.intibrand.com/produto/vestido-copan-vermelho-4766,https://cdn.vnda.com.br/intibrand/2025/12/18/17_30_32_992_vestido-20copan-20vermelho-20lado-17121280.jpg?v=1766089860,2026-08-24T17:28:30.310313-03:00,,unknown_not_observed_per_size
319,4766,Vestido Copan,Vestido Copan Vermelho,Vermelho,40,True,VERÃO 2027,Vestidos,https://www.intibrand.com/produto/vestido-copan-vermelho-4766,https://cdn.vnda.com.br/intibrand/2025/12/18/17_30_32_992_vestido-20copan-20vermelho-20lado-17121280.jpg?v=1766089860,2026-08-24T17:28:30.310313-03:00,,unknown_not_observed_per_size
319,4766,Vestido Copan,Vestido Copan Vermelho,Vermelho,42,True,VERÃO 2027,Vestidos,https://www.intibrand.com/produto/vestido-copan-vermelho-4766,https://cdn.vnda.com.br/intibrand/2025/12/18/17_30_32_992_vestido-20copan-20vermelho-20lado-17121280.jpg?v=1766089860,2026-08-24T17:28:30.310313-03:00,,unknown_not_observed_per_size
322,4787,Vestido Cowden Off-White,Vestido Cowden Off-White,Off White,34,True,VERÃO 2027,Vestidos,https://www.intibrand.com/produto/vestido-cowden-off-white-4787,https://cdn.vnda.com.br/intibrand/2026/03/05/12_02_05_896_vestido-20cowden-20off-white-20-20frente-20-2-12032720.jpg?v=1772722928,2026-08-24T17:28:30.310313-03:00,,unknown_not_observed_per_size
322,4787,Vestido Cowden Off-White,Vestido Cowden Off-White,Off White,36,True,VERÃO 2027,Vestidos,https://www.intibrand.com/produto/vestido-cowden-off-white-4787,https://cdn.vnda.com.br/intibrand/2026/03/05/12_02_05_896_vestido-20cowden-20off-white-20-20frente-20-2-12032720.jpg?v=1772722928,2026-08-24T17:28:30.310313-03:00,,unknown_not_observed_per_size
322,4787,Vestido Cowden Off-White,Vestido Cowden Off-White,Off White,38,True,VERÃO 2027,Vestidos,https://www.intibrand.com/produto/vestido-cowden-off-white-4787,https://cdn.vnda.com.br/intibrand/2026/03/05/12_02_05_896_vestido-20cowden-20off-white-20-20frente-20-2-12032720.jpg?v=1772722928,2026-08-24T17:28:30.310313-03:00,,unknown_not_observed_per_size
322,4787,Vestido Cowden Off-White,Vestido Cowden Off-White,Off White,40,True,VERÃO 2027,Vestidos,https://www.intibrand.com/produto/vestido-cowden-off-white-4787,https://cdn.vnda.com.br/intibrand/2026/03/05/12_02_05_896_vestido-20cowden-20off-white-20-20frente-20-2-12032720.jpg?v=1772722928,2026-08-24T17:28:30.310313-03:00,,unknown_not_observed_per_size
322,4787,Vestido Cowden Off-White,Vestido Cowden Off-White,Off White,42,True,VERÃO 2027,Vestidos,https://www.intibrand.com/produto/vestido-cowden-off-white-4787,https://cdn.vnda.com.br/intibrand/2026/03/05/12_02_05_896_vestido-20cowden-20off-white-20-20frente-20-2-12032720.jpg?v=1772722928,2026-08-24T17:28:30.310313-03:00,,unknown_not_observed_per_size
321,4788,Vestido Cowden,Vestido Cowden Preto,Preto,34,True,VERÃO 2027,Vestidos,https://www.intibrand.com/produto/vestido-cowden-preto-4788,https://cdn.vnda.com.br/intibrand/2026/02/12/15_31_07_346_vestido-20cowden-20preto-20frente-20-1-15029890.jpg?v=1770921067,2026-08-24T17:28:30.310313-03:00,,unknown_not_observed_per_size
321,4788,Vestido Cowden,Vestido Cowden Preto,Preto,36,True,VERÃO 2027,Vestidos,https://www.intibrand.com/produto/vestido-cowden-preto-4788,https://cdn.vnda.com.br/intibrand/2026/02/12/15_31_07_346_vestido-20cowden-20preto-20frente-20-1-15029890.jpg?v=1770921067,2026-08-24T17:28:30.310313-03:00,,unknown_not_observed_per_size
321,4788,Vestido Cowden,Vestido Cowden Preto,Preto,38,True,VERÃO 2027,Vestidos,https://www.intibrand.com/produto/vestido-cowden-preto-4788,https://cdn.vnda.com.br/intibrand/2026/02/12/15_31_07_346_vestido-20cowden-20preto-20frente-20-1-15029890.jpg?v=1770921067,2026-08-24T17:28:30.310313-03:00,,unknown_not_observed_per_size
321,4788,Vestido Cowden,Vestido Cowden Preto,Preto,40,True,VERÃO 2027,Vestidos,https://www.intibrand.com/produto/vestido-cowden-preto-4788,https://cdn.vnda.com.br/intibrand/2026/02/12/15_31_07_346_vestido-20cowden-20preto-20frente-20-1-15029890.jpg?v=1770921067,2026-08-24T17:28:30.310313-03:00,,unknown_not_observed_per_size
321,4788,Vestido Cowden,Vestido Cowden Preto,Preto,42,True,VERÃO 2027,Vestidos,https://www.intibrand.com/produto/vestido-cowden-preto-4788,https://cdn.vnda.com.br/intibrand/2026/02/12/15_31_07_346_vestido-20cowden-20preto-20frente-20-1-15029890.jpg?v=1770921067,2026-08-24T17:28:30.310313-03:00,,unknown_not_observed_per_size
321,4789,Vestido Cowden,Vestido Cowden Vermelho,Vermelho,34,True,VERÃO 2027,Vestidos,https://www.intibrand.com/produto/vestido-cowden-vermelho-4789,https://cdn.vnda.com.br/intibrand/2026/02/12/15_30_11_66_vestido-20cowden-20vermelho-20frente-20-1-15023400.jpg?v=1770921026,2026-08-24T17:28:30.310313-03:00,,unknown_not_observed_per_size
321,4789,Vestido Cowden,Vestido Cowden Vermelho,Vermelho,36,True,VERÃO 2027,Vestidos,https://www.intibrand.com/produto/vestido-cowden-vermelho-4789,https://cdn.vnda.com.br/intibrand/2026/02/12/15_30_11_66_vestido-20cowden-20vermelho-20frente-20-1-15023400.jpg?v=1770921026,2026-08-24T17:28:30.310313-03:00,,unknown_not_observed_per_size
321,4789,Vestido Cowden,Vestido Cowden Vermelho,Vermelho,38,True,VERÃO 2027,Vestidos,https://www.intibrand.com/produto/vestido-cowden-vermelho-4789,https://cdn.vnda.com.br/intibrand/2026/02/12/15_30_11_66_vestido-20cowden-20vermelho-20frente-20-1-15023400.jpg?v=1770921026,2026-08-24T17:28:30.310313-03:00,,unknown_not_observed_per_size
321,4789,Vestido Cowden,Vestido Cowden Vermelho,Vermelho,40,True,VERÃO 2027,Vestidos,https://www.intibrand.com/produto/vestido-cowden-vermelho-4789,https://cdn.vnda.com.br/intibrand/2026/02/12/15_30_11_66_vestido-20cowden-20vermelho-20frente-20-1-15023400.jpg?v=1770921026,2026-08-24T17:28:30.310313-03:00,,unknown_not_observed_per_size
321,4789,Vestido Cowden,Vestido Cowden Vermelho,Vermelho,42,True,VERÃO 2027,Vestidos,https://www.intibrand.com/produto/vestido-cowden-vermelho-4789,https://cdn.vnda.com.br/intibrand/2026/02/12/15_30_11_66_vestido-20cowden-20vermelho-20frente-20-1-15023400.jpg?v=1770921026,2026-08-24T17:28:30.310313-03:00,,unknown_not_observed_per_size
324,4822,Vestido Dylan Off-White,Vestido Dylan Off-White,Off White,34,True,VERÃO 2027,Vestidos,https://www.intibrand.com/produto/vestido-dylan-off-white-4822,https://cdn.vnda.com.br/intibrand/2026/05/05/15_12_14_885_artes-20site-20-12-15054610.jpg?v=1778004741,2026-08-24T17:28:30.310313-03:00,,unknown_not_observed_per_size
324,4822,Vestido Dylan Off-White,Vestido Dylan Off-White,Off White,36,True,VERÃO 2027,Vestidos,https://www.intibrand.com/produto/vestido-dylan-off-white-4822,https://cdn.vnda.com.br/intibrand/2026/05/05/15_12_14_885_artes-20site-20-12-15054610.jpg?v=1778004741,2026-08-24T17:28:30.310313-03:00,,unknown_not_observed_per_size
324,4822,Vestido Dylan Off-White,Vestido Dylan Off-White,Off White,38,True,VERÃO 2027,Vestidos,https://www.intibrand.com/produto/vestido-dylan-off-white-4822,https://cdn.vnda.com.br/intibrand/2026/05/05/15_12_14_885_artes-20site-20-12-15054610.jpg?v=1778004741,2026-08-24T17:28:30.310313-03:00,,unknown_not_observed_per_size
324,4822,Vestido Dylan Off-White,Vestido Dylan Off-White,Off White,40,True,VERÃO 2027,Vestidos,https://www.intibrand.com/produto/vestido-dylan-off-white-4822,https://cdn.vnda.com.br/intibrand/2026/05/05/15_12_14_885_artes-20site-20-12-15054610.jpg?v=1778004741,2026-08-24T17:28:30.310313-03:00,,unknown_not_observed_per_size
324,4822,Vestido Dylan Off-White,Vestido Dylan Off-White,Off White,42,True,VERÃO 2027,Vestidos,https://www.intibrand.com/produto/vestido-dylan-off-white-4822,https://cdn.vnda.com.br/intibrand/2026/05/05/15_12_14_885_artes-20site-20-12-15054610.jpg?v=1778004741,2026-08-24T17:28:30.310313-03:00,,unknown_not_observed_per_size
324,4822,Vestido Dylan Off-White,Vestido Dylan Off-White,Off White,44,True,VERÃO 2027,Vestidos,https://www.intibrand.com/produto/vestido-dylan-off-white-4822,https://cdn.vnda.com.br/intibrand/2026/05/05/15_12_14_885_artes-20site-20-12-15054610.jpg?v=1778004741,2026-08-24T17:28:30.310313-03:00,,unknown_not_observed_per_size
323,4823,Vestido Dylan,Vestido Dylan Preto,Preto,34,True,VERÃO 2027,Vestidos,https://www.intibrand.com/produto/vestido-dylan-preto-4823,https://cdn.vnda.com.br/intibrand/2026/05/05/15_11_54_76_artes-20site-20-13-15056160.jpg?v=1778004717,2026-08-24T17:28:30.310313-03:00,,unknown_not_observed_per_size
323,4823,Vestido Dylan,Vestido Dylan Preto,Preto,36,True,VERÃO 2027,Vestidos,https://www.intibrand.com/produto/vestido-dylan-preto-4823,https://cdn.vnda.com.br/intibrand/2026/05/05/15_11_54_76_artes-20site-20-13-15056160.jpg?v=1778004717,2026-08-24T17:28:30.310313-03:00,,unknown_not_observed_per_size
323,4823,Vestido Dylan,Vestido Dylan Preto,Preto,38,True,VERÃO 2027,Vestidos,https://www.intibrand.com/produto/vestido-dylan-preto-4823,https://cdn.vnda.com.br/intibrand/2026/05/05/15_11_54_76_artes-20site-20-13-15056160.jpg?v=1778004717,2026-08-24T17:28:30.310313-03:00,,unknown_not_observed_per_size
323,4823,Vestido Dylan,Vestido Dylan Preto,Preto,40,True,VERÃO 2027,Vestidos,https://www.intibrand.com/produto/vestido-dylan-preto-4823,https://cdn.vnda.com.br/intibrand/2026/05/05/15_11_54_76_artes-20site-20-13-15056160.jpg?v=1778004717,2026-08-24T17:28:30.310313-03:00,,unknown_not_observed_per_size
323,4823,Vestido Dylan,Vestido Dylan Preto,Preto,42,True,VERÃO 2027,Vestidos,https://www.intibrand.com/produto/vestido-dylan-preto-4823,https://cdn.vnda.com.br/intibrand/2026/05/05/15_11_54_76_artes-20site-20-13-15056160.jpg?v=1778004717,2026-08-24T17:28:30.310313-03:00,,unknown_not_observed_per_size
323,4823,Vestido Dylan,Vestido Dylan Preto,Preto,44,True,VERÃO 2027,Vestidos,https://www.intibrand.com/produto/vestido-dylan-preto-4823,https://cdn.vnda.com.br/intibrand/2026/05/05/15_11_54_76_artes-20site-20-13-15056160.jpg?v=1778004717,2026-08-24T17:28:30.310313-03:00,,unknown_not_observed_per_size
323,4824,Vestido Dylan,Vestido Dylan Vermelho,Vermelho,34,True,VERÃO 2027,Vestidos,https://www.intibrand.com/produto/vestido-dylan-vermelho-4824,https://cdn.vnda.com.br/intibrand/2026/05/05/15_11_26_371_artes-20site-20-14-15059230.jpg?v=1778004689,2026-08-24T17:28:30.310313-03:00,,unknown_not_observed_per_size
323,4824,Vestido Dylan,Vestido Dylan Vermelho,Vermelho,36,True,VERÃO 2027,Vestidos,https://www.intibrand.com/produto/vestido-dylan-vermelho-4824,https://cdn.vnda.com.br/intibrand/2026/05/05/15_11_26_371_artes-20site-20-14-15059230.jpg?v=1778004689,2026-08-24T17:28:30.310313-03:00,,unknown_not_observed_per_size
323,4824,Vestido Dylan,Vestido Dylan Vermelho,Vermelho,38,True,VERÃO 2027,Vestidos,https://www.intibrand.com/produto/vestido-dylan-vermelho-4824,https://cdn.vnda.com.br/intibrand/2026/05/05/15_11_26_371_artes-20site-20-14-15059230.jpg?v=1778004689,2026-08-24T17:28:30.310313-03:00,,unknown_not_observed_per_size
323,4824,Vestido Dylan,Vestido Dylan Vermelho,Vermelho,40,True,VERÃO 2027,Vestidos,https://www.intibrand.com/produto/vestido-dylan-vermelho-4824,https://cdn.vnda.com.br/intibrand/2026/05/05/15_11_26_371_artes-20site-20-14-15059230.jpg?v=1778004689,2026-08-24T17:28:30.310313-03:00,,unknown_not_observed_per_size
323,4824,Vestido Dylan,Vestido Dylan Vermelho,Vermelho,42,True,VERÃO 2027,Vestidos,https://www.intibrand.com/produto/vestido-dylan-vermelho-4824,https://cdn.vnda.com.br/intibrand/2026/05/05/15_11_26_371_artes-20site-20-14-15059230.jpg?v=1778004689,2026-08-24T17:28:30.310313-03:00,,unknown_not_observed_per_size
323,4824,Vestido Dylan,Vestido Dylan Vermelho,Vermelho,44,True,VERÃO 2027,Vestidos,https://www.intibrand.com/produto/vestido-dylan-vermelho-4824,https://cdn.vnda.com.br/intibrand/2026/05/05/15_11_26_371_artes-20site-20-14-15059230.jpg?v=1778004689,2026-08-24T17:28:30.310313-03:00,,unknown_not_observed_per_size
325,4328,Vestido Ethan,Vestido Ethan Bege,Bege,36,True,VERÃO 2027,Vestidos,https://www.intibrand.com/produto/vestido-ethan-bege-4328,https://cdn.vnda.com.br/intibrand/2024/12/20/11_32_02_992_11_12_5_550_vestido20ethan20bege20frente.jpg?v=1734705125,2026-08-24T17:28:30.310313-03:00,,unknown_not_observed_per_size
325,4328,Vestido Ethan,Vestido Ethan Bege,Bege,38,True,VERÃO 2027,Vestidos,https://www.intibrand.com/produto/vestido-ethan-bege-4328,https://cdn.vnda.com.br/intibrand/2024/12/20/11_32_02_992_11_12_5_550_vestido20ethan20bege20frente.jpg?v=1734705125,2026-08-24T17:28:30.310313-03:00,,unknown_not_observed_per_size
325,4328,Vestido Ethan,Vestido Ethan Bege,Bege,40,True,VERÃO 2027,Vestidos,https://www.intibrand.com/produto/vestido-ethan-bege-4328,https://cdn.vnda.com.br/intibrand/2024/12/20/11_32_02_992_11_12_5_550_vestido20ethan20bege20frente.jpg?v=1734705125,2026-08-24T17:28:30.310313-03:00,,unknown_not_observed_per_size
325,4328,Vestido Ethan,Vestido Ethan Bege,Bege,42,True,VERÃO 2027,Vestidos,https://www.intibrand.com/produto/vestido-ethan-bege-4328,https://cdn.vnda.com.br/intibrand/2024/12/20/11_32_02_992_11_12_5_550_vestido20ethan20bege20frente.jpg?v=1734705125,2026-08-24T17:28:30.310313-03:00,,unknown_not_observed_per_size
326,4317,Vestido Ethan Off-White,Vestido Ethan Off-White,Off White,36,True,VERÃO 2027,Vestidos,https://www.intibrand.com/produto/vestido-ethan-off-white-4317,https://cdn.vnda.com.br/intibrand/2024/12/06/11_33_49_564_11_12_0_067_vestido20ethan20offwhite20frente.jpg?v=1733495639,2026-08-24T17:28:30.310313-03:00,,unknown_not_observed_per_size
326,4317,Vestido Ethan Off-White,Vestido Ethan Off-White,Off White,38,True,VERÃO 2027,Vestidos,https://www.intibrand.com/produto/vestido-ethan-off-white-4317,https://cdn.vnda.com.br/intibrand/2024/12/06/11_33_49_564_11_12_0_067_vestido20ethan20offwhite20frente.jpg?v=1733495639,2026-08-24T17:28:30.310313-03:00,,unknown_not_observed_per_size
326,4317,Vestido Ethan Off-White,Vestido Ethan Off-White,Off White,40,True,VERÃO 2027,Vestidos,https://www.intibrand.com/produto/vestido-ethan-off-white-4317,https://cdn.vnda.com.br/intibrand/2024/12/06/11_33_49_564_11_12_0_067_vestido20ethan20offwhite20frente.jpg?v=1733495639,2026-08-24T17:28:30.310313-03:00,,unknown_not_observed_per_size
326,4317,Vestido Ethan Off-White,Vestido Ethan Off-White,Off White,42,True,VERÃO 2027,Vestidos,https://www.intibrand.com/produto/vestido-ethan-off-white-4317,https://cdn.vnda.com.br/intibrand/2024/12/06/11_33_49_564_11_12_0_067_vestido20ethan20offwhite20frente.jpg?v=1733495639,2026-08-24T17:28:30.310313-03:00,,unknown_not_observed_per_size
325,4318,Vestido Ethan,Vestido Ethan Preto,Preto,36,True,VERÃO 2027,Vestidos,https://www.intibrand.com/produto/vestido-ethan-preto-4318,,2026-08-24T17:28:30.310313-03:00,,unknown_not_observed_per_size
325,4318,Vestido Ethan,Vestido Ethan Preto,Preto,38,True,VERÃO 2027,Vestidos,https://www.intibrand.com/produto/vestido-ethan-preto-4318,,2026-08-24T17:28:30.310313-03:00,,unknown_not_observed_per_size
325,4318,Vestido Ethan,Vestido Ethan Preto,Preto,40,True,VERÃO 2027,Vestidos,https://www.intibrand.com/produto/vestido-ethan-preto-4318,,2026-08-24T17:28:30.310313-03:00,,unknown_not_observed_per_size
325,4318,Vestido Ethan,Vestido Ethan Preto,Preto,42,True,VERÃO 2027,Vestidos,https://www.intibrand.com/produto/vestido-ethan-preto-4318,,2026-08-24T17:28:30.310313-03:00,,unknown_not_observed_per_size
325,4319,Vestido Ethan,Vestido Ethan Vermelho,Vermelho,36,True,VERÃO 2027,Vestidos,https://www.intibrand.com/produto/vestido-ethan-vermelho-4319,https://cdn.vnda.com.br/intibrand/2025/11/13/10_43_01_427_vestido-20ethan-20vermelho-20frente-20-2-10112450.jpg?v=1763041383,2026-08-24T17:28:30.310313-03:00,,unknown_not_observed_per_size
325,4319,Vestido Ethan,Vestido Ethan Vermelho,Vermelho,38,True,VERÃO 2027,Vestidos,https://www.intibrand.com/produto/vestido-ethan-vermelho-4319,https://cdn.vnda.com.br/intibrand/2025/11/13/10_43_01_427_vestido-20ethan-20vermelho-20frente-20-2-10112450.jpg?v=1763041383,2026-08-24T17:28:30.310313-03:00,,unknown_not_observed_per_size
325,4319,Vestido Ethan,Vestido Ethan Vermelho,Vermelho,40,True,VERÃO 2027,Vestidos,https://www.intibrand.com/produto/vestido-ethan-vermelho-4319,https://cdn.vnda.com.br/intibrand/2025/11/13/10_43_01_427_vestido-20ethan-20vermelho-20frente-20-2-10112450.jpg?v=1763041383,2026-08-24T17:28:30.310313-03:00,,unknown_not_observed_per_size
325,4319,Vestido Ethan,Vestido Ethan Vermelho,Vermelho,42,True,VERÃO 2027,Vestidos,https://www.intibrand.com/produto/vestido-ethan-vermelho-4319,https://cdn.vnda.com.br/intibrand/2025/11/13/10_43_01_427_vestido-20ethan-20vermelho-20frente-20-2-10112450.jpg?v=1763041383,2026-08-24T17:28:30.310313-03:00,,unknown_not_observed_per_size
327,4852,Vestido Filippo,Vestido Filippo Azul,Azul,36,True,VERÃO 2027,Vestidos,https://www.intibrand.com/produto/vestido-filippo-azul-4852,https://cdn.vnda.com.br/intibrand/2026/07/15/12_13_02_156_vestido-20filippo-20azul-20frente-12073740.jpg?v=1784128395,2026-08-24T17:28:30.310313-03:00,,unknown_not_observed_per_size
327,4852,Vestido Filippo,Vestido Filippo Azul,Azul,38,True,VERÃO 2027,Vestidos,https://www.intibrand.com/produto/vestido-filippo-azul-4852,https://cdn.vnda.com.br/intibrand/2026/07/15/12_13_02_156_vestido-20filippo-20azul-20frente-12073740.jpg?v=1784128395,2026-08-24T17:28:30.310313-03:00,,unknown_not_observed_per_size
327,4852,Vestido Filippo,Vestido Filippo Azul,Azul,40,True,VERÃO 2027,Vestidos,https://www.intibrand.com/produto/vestido-filippo-azul-4852,https://cdn.vnda.com.br/intibrand/2026/07/15/12_13_02_156_vestido-20filippo-20azul-20frente-12073740.jpg?v=1784128395,2026-08-24T17:28:30.310313-03:00,,unknown_not_observed_per_size
327,4852,Vestido Filippo,Vestido Filippo Azul,Azul,42,True,VERÃO 2027,Vestidos,https://www.intibrand.com/produto/vestido-filippo-azul-4852,https://cdn.vnda.com.br/intibrand/2026/07/15/12_13_02_156_vestido-20filippo-20azul-20frente-12073740.jpg?v=1784128395,2026-08-24T17:28:30.310313-03:00,,unknown_not_observed_per_size
328,4850,Vestido Filippo Off-White,Vestido Filippo Off-White,Off White,36,True,VERÃO 2027,Vestidos,https://www.intibrand.com/produto/vestido-filippo-off-white-4850,https://cdn.vnda.com.br/intibrand/2026/03/31/13_33_06_22_gaby-20v-c3-8ddeos-20-20-story-20-202026-03-31t133108-335-13032280.jpg?v=1774974789,2026-08-24T17:28:30.310313-03:00,,unknown_not_observed_per_size
328,4850,Vestido Filippo Off-White,Vestido Filippo Off-White,Off White,38,True,VERÃO 2027,Vestidos,https://www.intibrand.com/produto/vestido-filippo-off-white-4850,https://cdn.vnda.com.br/intibrand/2026/03/31/13_33_06_22_gaby-20v-c3-8ddeos-20-20-story-20-202026-03-31t133108-335-13032280.jpg?v=1774974789,2026-08-24T17:28:30.310313-03:00,,unknown_not_observed_per_size
328,4850,Vestido Filippo Off-White,Vestido Filippo Off-White,Off White,40,True,VERÃO 2027,Vestidos,https://www.intibrand.com/produto/vestido-filippo-off-white-4850,https://cdn.vnda.com.br/intibrand/2026/03/31/13_33_06_22_gaby-20v-c3-8ddeos-20-20-story-20-202026-03-31t133108-335-13032280.jpg?v=1774974789,2026-08-24T17:28:30.310313-03:00,,unknown_not_observed_per_size
328,4850,Vestido Filippo Off-White,Vestido Filippo Off-White,Off White,42,True,VERÃO 2027,Vestidos,https://www.intibrand.com/produto/vestido-filippo-off-white-4850,https://cdn.vnda.com.br/intibrand/2026/03/31/13_33_06_22_gaby-20v-c3-8ddeos-20-20-story-20-202026-03-31t133108-335-13032280.jpg?v=1774974789,2026-08-24T17:28:30.310313-03:00,,unknown_not_observed_per_size
327,4851,Vestido Filippo,Vestido Filippo Preto,Preto,36,True,VERÃO 2027,Vestidos,https://www.intibrand.com/produto/vestido-filippo-preto-4851,https://cdn.vnda.com.br/intibrand/2026/07/06/16_43_37_483_gaby-20fotos-20-84-16072070.jpg?v=1783367019,2026-08-24T17:28:30.310313-03:00,,unknown_not_observed_per_size
327,4851,Vestido Filippo,Vestido Filippo Preto,Preto,38,True,VERÃO 2027,Vestidos,https://www.intibrand.com/produto/vestido-filippo-preto-4851,https://cdn.vnda.com.br/intibrand/2026/07/06/16_43_37_483_gaby-20fotos-20-84-16072070.jpg?v=1783367019,2026-08-24T17:28:30.310313-03:00,,unknown_not_observed_per_size
327,4851,Vestido Filippo,Vestido Filippo Preto,Preto,40,True,VERÃO 2027,Vestidos,https://www.intibrand.com/produto/vestido-filippo-preto-4851,https://cdn.vnda.com.br/intibrand/2026/07/06/16_43_37_483_gaby-20fotos-20-84-16072070.jpg?v=1783367019,2026-08-24T17:28:30.310313-03:00,,unknown_not_observed_per_size
327,4851,Vestido Filippo,Vestido Filippo Preto,Preto,42,True,VERÃO 2027,Vestidos,https://www.intibrand.com/produto/vestido-filippo-preto-4851,https://cdn.vnda.com.br/intibrand/2026/07/06/16_43_37_483_gaby-20fotos-20-84-16072070.jpg?v=1783367019,2026-08-24T17:28:30.310313-03:00,,unknown_not_observed_per_size
329,4969,Vestido Fontaine,Vestido Fontaine Framboesa,Framboesa,34,True,VERÃO 2027,Vestidos,https://www.intibrand.com/produto/vestido-fontaine-framboesa-4969,https://cdn.vnda.com.br/intibrand/2026/08/24/10_25_05_88_artes-20site-20-19-10084110.jpg?v=1787577907,2026-08-24T17:28:30.310313-03:00,,unknown_not_observed_per_size
329,4969,Vestido Fontaine,Vestido Fontaine Framboesa,Framboesa,36,True,VERÃO 2027,Vestidos,https://www.intibrand.com/produto/vestido-fontaine-framboesa-4969,https://cdn.vnda.com.br/intibrand/2026/08/24/10_25_05_88_artes-20site-20-19-10084110.jpg?v=1787577907,2026-08-24T17:28:30.310313-03:00,,unknown_not_observed_per_size
329,4969,Vestido Fontaine,Vestido Fontaine Framboesa,Framboesa,38,True,VERÃO 2027,Vestidos,https://www.intibrand.com/produto/vestido-fontaine-framboesa-4969,https://cdn.vnda.com.br/intibrand/2026/08/24/10_25_05_88_artes-20site-20-19-10084110.jpg?v=1787577907,2026-08-24T17:28:30.310313-03:00,,unknown_not_observed_per_size
329,4969,Vestido Fontaine,Vestido Fontaine Framboesa,Framboesa,40,True,VERÃO 2027,Vestidos,https://www.intibrand.com/produto/vestido-fontaine-framboesa-4969,https://cdn.vnda.com.br/intibrand/2026/08/24/10_25_05_88_artes-20site-20-19-10084110.jpg?v=1787577907,2026-08-24T17:28:30.310313-03:00,,unknown_not_observed_per_size
329,4969,Vestido Fontaine,Vestido Fontaine Framboesa,Framboesa,42,True,VERÃO 2027,Vestidos,https://www.intibrand.com/produto/vestido-fontaine-framboesa-4969,https://cdn.vnda.com.br/intibrand/2026/08/24/10_25_05_88_artes-20site-20-19-10084110.jpg?v=1787577907,2026-08-24T17:28:30.310313-03:00,,unknown_not_observed_per_size
329,4969,Vestido Fontaine,Vestido Fontaine Framboesa,Framboesa,44,True,VERÃO 2027,Vestidos,https://www.intibrand.com/produto/vestido-fontaine-framboesa-4969,https://cdn.vnda.com.br/intibrand/2026/08/24/10_25_05_88_artes-20site-20-19-10084110.jpg?v=1787577907,2026-08-24T17:28:30.310313-03:00,,unknown_not_observed_per_size
330,4968,Vestido Fontaine Off-White,Vestido Fontaine Off-White,Off White,34,True,VERÃO 2027,Vestidos,https://www.intibrand.com/produto/vestido-fontaine-off-white-4968,https://cdn.vnda.com.br/intibrand/2026/08/24/10_24_19_108_artes-20site-20-17-10081900.jpg?v=1787577862,2026-08-24T17:28:30.310313-03:00,,unknown_not_observed_per_size
330,4968,Vestido Fontaine Off-White,Vestido Fontaine Off-White,Off White,36,True,VERÃO 2027,Vestidos,https://www.intibrand.com/produto/vestido-fontaine-off-white-4968,https://cdn.vnda.com.br/intibrand/2026/08/24/10_24_19_108_artes-20site-20-17-10081900.jpg?v=1787577862,2026-08-24T17:28:30.310313-03:00,,unknown_not_observed_per_size
330,4968,Vestido Fontaine Off-White,Vestido Fontaine Off-White,Off White,38,True,VERÃO 2027,Vestidos,https://www.intibrand.com/produto/vestido-fontaine-off-white-4968,https://cdn.vnda.com.br/intibrand/2026/08/24/10_24_19_108_artes-20site-20-17-10081900.jpg?v=1787577862,2026-08-24T17:28:30.310313-03:00,,unknown_not_observed_per_size
330,4968,Vestido Fontaine Off-White,Vestido Fontaine Off-White,Off White,40,True,VERÃO 2027,Vestidos,https://www.intibrand.com/produto/vestido-fontaine-off-white-4968,https://cdn.vnda.com.br/intibrand/2026/08/24/10_24_19_108_artes-20site-20-17-10081900.jpg?v=1787577862,2026-08-24T17:28:30.310313-03:00,,unknown_not_observed_per_size
330,4968,Vestido Fontaine Off-White,Vestido Fontaine Off-White,Off White,42,True,VERÃO 2027,Vestidos,https://www.intibrand.com/produto/vestido-fontaine-off-white-4968,https://cdn.vnda.com.br/intibrand/2026/08/24/10_24_19_108_artes-20site-20-17-10081900.jpg?v=1787577862,2026-08-24T17:28:30.310313-03:00,,unknown_not_observed_per_size
330,4968,Vestido Fontaine Off-White,Vestido Fontaine Off-White,Off White,44,True,VERÃO 2027,Vestidos,https://www.intibrand.com/produto/vestido-fontaine-off-white-4968,https://cdn.vnda.com.br/intibrand/2026/08/24/10_24_19_108_artes-20site-20-17-10081900.jpg?v=1787577862,2026-08-24T17:28:30.310313-03:00,,unknown_not_observed_per_size
329,4970,Vestido Fontaine,Vestido Fontaine Preto,Preto,34,True,VERÃO 2027,Vestidos,https://www.intibrand.com/produto/vestido-fontaine-preto-4970,https://cdn.vnda.com.br/intibrand/2026/08/24/10_25_35_713_artes-20site-20-18-10086080.jpg?v=1787577938,2026-08-24T17:28:30.310313-03:00,,unknown_not_observed_per_size
329,4970,Vestido Fontaine,Vestido Fontaine Preto,Preto,36,True,VERÃO 2027,Vestidos,https://www.intibrand.com/produto/vestido-fontaine-preto-4970,https://cdn.vnda.com.br/intibrand/2026/08/24/10_25_35_713_artes-20site-20-18-10086080.jpg?v=1787577938,2026-08-24T17:28:30.310313-03:00,,unknown_not_observed_per_size
329,4970,Vestido Fontaine,Vestido Fontaine Preto,Preto,38,True,VERÃO 2027,Vestidos,https://www.intibrand.com/produto/vestido-fontaine-preto-4970,https://cdn.vnda.com.br/intibrand/2026/08/24/10_25_35_713_artes-20site-20-18-10086080.jpg?v=1787577938,2026-08-24T17:28:30.310313-03:00,,unknown_not_observed_per_size
329,4970,Vestido Fontaine,Vestido Fontaine Preto,Preto,40,True,VERÃO 2027,Vestidos,https://www.intibrand.com/produto/vestido-fontaine-preto-4970,https://cdn.vnda.com.br/intibrand/2026/08/24/10_25_35_713_artes-20site-20-18-10086080.jpg?v=1787577938,2026-08-24T17:28:30.310313-03:00,,unknown_not_observed_per_size
329,4970,Vestido Fontaine,Vestido Fontaine Preto,Preto,42,True,VERÃO 2027,Vestidos,https://www.intibrand.com/produto/vestido-fontaine-preto-4970,https://cdn.vnda.com.br/intibrand/2026/08/24/10_25_35_713_artes-20site-20-18-10086080.jpg?v=1787577938,2026-08-24T17:28:30.310313-03:00,,unknown_not_observed_per_size
329,4970,Vestido Fontaine,Vestido Fontaine Preto,Preto,44,True,VERÃO 2027,Vestidos,https://www.intibrand.com/produto/vestido-fontaine-preto-4970,https://cdn.vnda.com.br/intibrand/2026/08/24/10_25_35_713_artes-20site-20-18-10086080.jpg?v=1787577938,2026-08-24T17:28:30.310313-03:00,,unknown_not_observed_per_size
329,4971,Vestido Fontaine,Vestido Fontaine Vermelho,Vermelho,34,True,VERÃO 2027,Vestidos,https://www.intibrand.com/produto/vestido-fontaine-vermelho-4971,https://cdn.vnda.com.br/intibrand/2026/08/24/10_25_58_552_artes-20site-20-20-10089340.jpg?v=1787577961,2026-08-24T17:28:30.310313-03:00,,unknown_not_observed_per_size
329,4971,Vestido Fontaine,Vestido Fontaine Vermelho,Vermelho,36,True,VERÃO 2027,Vestidos,https://www.intibrand.com/produto/vestido-fontaine-vermelho-4971,https://cdn.vnda.com.br/intibrand/2026/08/24/10_25_58_552_artes-20site-20-20-10089340.jpg?v=1787577961,2026-08-24T17:28:30.310313-03:00,,unknown_not_observed_per_size
329,4971,Vestido Fontaine,Vestido Fontaine Vermelho,Vermelho,38,True,VERÃO 2027,Vestidos,https://www.intibrand.com/produto/vestido-fontaine-vermelho-4971,https://cdn.vnda.com.br/intibrand/2026/08/24/10_25_58_552_artes-20site-20-20-10089340.jpg?v=1787577961,2026-08-24T17:28:30.310313-03:00,,unknown_not_observed_per_size
329,4971,Vestido Fontaine,Vestido Fontaine Vermelho,Vermelho,40,True,VERÃO 2027,Vestidos,https://www.intibrand.com/produto/vestido-fontaine-vermelho-4971,https://cdn.vnda.com.br/intibrand/2026/08/24/10_25_58_552_artes-20site-20-20-10089340.jpg?v=1787577961,2026-08-24T17:28:30.310313-03:00,,unknown_not_observed_per_size
329,4971,Vestido Fontaine,Vestido Fontaine Vermelho,Vermelho,42,True,VERÃO 2027,Vestidos,https://www.intibrand.com/produto/vestido-fontaine-vermelho-4971,https://cdn.vnda.com.br/intibrand/2026/08/24/10_25_58_552_artes-20site-20-20-10089340.jpg?v=1787577961,2026-08-24T17:28:30.310313-03:00,,unknown_not_observed_per_size
329,4971,Vestido Fontaine,Vestido Fontaine Vermelho,Vermelho,44,True,VERÃO 2027,Vestidos,https://www.intibrand.com/produto/vestido-fontaine-vermelho-4971,https://cdn.vnda.com.br/intibrand/2026/08/24/10_25_58_552_artes-20site-20-20-10089340.jpg?v=1787577961,2026-08-24T17:28:30.310313-03:00,,unknown_not_observed_per_size
332,4295,Vestido Fontana Off-White,Vestido Fontana Off-White,Off White,34,True,VERÃO 2027,Vestidos,https://www.intibrand.com/produto/vestido-fontana-off-white-4295,https://cdn.vnda.com.br/intibrand/2024/11/25/14_22_47_274_14_11_2_277_vestido20fontana20offwhite20frente.jpg?v=1732555373,2026-08-24T17:28:30.310313-03:00,,unknown_not_observed_per_size
332,4295,Vestido Fontana Off-White,Vestido Fontana Off-White,Off White,36,True,VERÃO 2027,Vestidos,https://www.intibrand.com/produto/vestido-fontana-off-white-4295,https://cdn.vnda.com.br/intibrand/2024/11/25/14_22_47_274_14_11_2_277_vestido20fontana20offwhite20frente.jpg?v=1732555373,2026-08-24T17:28:30.310313-03:00,,unknown_not_observed_per_size
332,4295,Vestido Fontana Off-White,Vestido Fontana Off-White,Off White,38,True,VERÃO 2027,Vestidos,https://www.intibrand.com/produto/vestido-fontana-off-white-4295,https://cdn.vnda.com.br/intibrand/2024/11/25/14_22_47_274_14_11_2_277_vestido20fontana20offwhite20frente.jpg?v=1732555373,2026-08-24T17:28:30.310313-03:00,,unknown_not_observed_per_size
332,4295,Vestido Fontana Off-White,Vestido Fontana Off-White,Off White,40,True,VERÃO 2027,Vestidos,https://www.intibrand.com/produto/vestido-fontana-off-white-4295,https://cdn.vnda.com.br/intibrand/2024/11/25/14_22_47_274_14_11_2_277_vestido20fontana20offwhite20frente.jpg?v=1732555373,2026-08-24T17:28:30.310313-03:00,,unknown_not_observed_per_size
332,4295,Vestido Fontana Off-White,Vestido Fontana Off-White,Off White,42,True,VERÃO 2027,Vestidos,https://www.intibrand.com/produto/vestido-fontana-off-white-4295,https://cdn.vnda.com.br/intibrand/2024/11/25/14_22_47_274_14_11_2_277_vestido20fontana20offwhite20frente.jpg?v=1732555373,2026-08-24T17:28:30.310313-03:00,,unknown_not_observed_per_size
331,4298,Vestido Fontana,Vestido Fontana Vermelho,Vermelho,34,True,VERÃO 2027,Vestidos,https://www.intibrand.com/produto/vestido-fontana-vermelho-4298,https://cdn.vnda.com.br/intibrand/2024/11/25/14_24_33_129_14_11_9_978_vestido20fontana20vermelho20frente.jpg?v=1732555476,2026-08-24T17:28:30.310313-03:00,,unknown_not_observed_per_size
331,4298,Vestido Fontana,Vestido Fontana Vermelho,Vermelho,36,True,VERÃO 2027,Vestidos,https://www.intibrand.com/produto/vestido-fontana-vermelho-4298,https://cdn.vnda.com.br/intibrand/2024/11/25/14_24_33_129_14_11_9_978_vestido20fontana20vermelho20frente.jpg?v=1732555476,2026-08-24T17:28:30.310313-03:00,,unknown_not_observed_per_size
331,4298,Vestido Fontana,Vestido Fontana Vermelho,Vermelho,38,True,VERÃO 2027,Vestidos,https://www.intibrand.com/produto/vestido-fontana-vermelho-4298,https://cdn.vnda.com.br/intibrand/2024/11/25/14_24_33_129_14_11_9_978_vestido20fontana20vermelho20frente.jpg?v=1732555476,2026-08-24T17:28:30.310313-03:00,,unknown_not_observed_per_size
331,4298,Vestido Fontana,Vestido Fontana Vermelho,Vermelho,40,True,VERÃO 2027,Vestidos,https://www.intibrand.com/produto/vestido-fontana-vermelho-4298,https://cdn.vnda.com.br/intibrand/2024/11/25/14_24_33_129_14_11_9_978_vestido20fontana20vermelho20frente.jpg?v=1732555476,2026-08-24T17:28:30.310313-03:00,,unknown_not_observed_per_size
331,4298,Vestido Fontana,Vestido Fontana Vermelho,Vermelho,42,True,VERÃO 2027,Vestidos,https://www.intibrand.com/produto/vestido-fontana-vermelho-4298,https://cdn.vnda.com.br/intibrand/2024/11/25/14_24_33_129_14_11_9_978_vestido20fontana20vermelho20frente.jpg?v=1732555476,2026-08-24T17:28:30.310313-03:00,,unknown_not_observed_per_size
333,4774,Vestido Forest,Vestido Forest Azul,Azul,36,True,VERÃO 2027,Vestidos,https://www.intibrand.com/produto/vestido-forest-azul-4774,https://cdn.vnda.com.br/intibrand/2026/01/30/11_58_44_54_vestido-20forest-20azul-20lado-20-1-11015610.jpg?v=1769785127,2026-08-24T17:28:30.310313-03:00,,unknown_not_observed_per_size
333,4774,Vestido Forest,Vestido Forest Azul,Azul,38,True,VERÃO 2027,Vestidos,https://www.intibrand.com/produto/vestido-forest-azul-4774,https://cdn.vnda.com.br/intibrand/2026/01/30/11_58_44_54_vestido-20forest-20azul-20lado-20-1-11015610.jpg?v=1769785127,2026-08-24T17:28:30.310313-03:00,,unknown_not_observed_per_size
333,4774,Vestido Forest,Vestido Forest Azul,Azul,40,True,VERÃO 2027,Vestidos,https://www.intibrand.com/produto/vestido-forest-azul-4774,https://cdn.vnda.com.br/intibrand/2026/01/30/11_58_44_54_vestido-20forest-20azul-20lado-20-1-11015610.jpg?v=1769785127,2026-08-24T17:28:30.310313-03:00,,unknown_not_observed_per_size
333,4774,Vestido Forest,Vestido Forest Azul,Azul,42,True,VERÃO 2027,Vestidos,https://www.intibrand.com/produto/vestido-forest-azul-4774,https://cdn.vnda.com.br/intibrand/2026/01/30/11_58_44_54_vestido-20forest-20azul-20lado-20-1-11015610.jpg?v=1769785127,2026-08-24T17:28:30.310313-03:00,,unknown_not_observed_per_size
334,4772,Vestido Forest Off-White,Vestido Forest Off-White,Off White,36,True,VERÃO 2027,Vestidos,https://www.intibrand.com/produto/vestido-forest-off-white-4772,https://cdn.vnda.com.br/intibrand/2026/01/30/12_03_33_460_vestido-20forest-20off-white-20frente-202-20-1-12018510.jpg?v=1769785494,2026-08-24T17:28:30.310313-03:00,,unknown_not_observed_per_size
334,4772,Vestido Forest Off-White,Vestido Forest Off-White,Off White,38,True,VERÃO 2027,Vestidos,https://www.intibrand.com/produto/vestido-forest-off-white-4772,https://cdn.vnda.com.br/intibrand/2026/01/30/12_03_33_460_vestido-20forest-20off-white-20frente-202-20-1-12018510.jpg?v=1769785494,2026-08-24T17:28:30.310313-03:00,,unknown_not_observed_per_size
334,4772,Vestido Forest Off-White,Vestido Forest Off-White,Off White,40,True,VERÃO 2027,Vestidos,https://www.intibrand.com/produto/vestido-forest-off-white-4772,https://cdn.vnda.com.br/intibrand/2026/01/30/12_03_33_460_vestido-20forest-20off-white-20frente-202-20-1-12018510.jpg?v=1769785494,2026-08-24T17:28:30.310313-03:00,,unknown_not_observed_per_size
334,4772,Vestido Forest Off-White,Vestido Forest Off-White,Off White,42,True,VERÃO 2027,Vestidos,https://www.intibrand.com/produto/vestido-forest-off-white-4772,https://cdn.vnda.com.br/intibrand/2026/01/30/12_03_33_460_vestido-20forest-20off-white-20frente-202-20-1-12018510.jpg?v=1769785494,2026-08-24T17:28:30.310313-03:00,,unknown_not_observed_per_size
333,4773,Vestido Forest,Vestido Forest Preto,Preto,36,True,VERÃO 2027,Vestidos,https://www.intibrand.com/produto/vestido-forest-preto-4773,https://cdn.vnda.com.br/intibrand/2026/01/30/12_07_07_639_vestido-20forest-20preto-20zoom-20frente-202-20-1-12016660.jpg?v=1769785627,2026-08-24T17:28:30.310313-03:00,,unknown_not_observed_per_size
333,4773,Vestido Forest,Vestido Forest Preto,Preto,38,True,VERÃO 2027,Vestidos,https://www.intibrand.com/produto/vestido-forest-preto-4773,https://cdn.vnda.com.br/intibrand/2026/01/30/12_07_07_639_vestido-20forest-20preto-20zoom-20frente-202-20-1-12016660.jpg?v=1769785627,2026-08-24T17:28:30.310313-03:00,,unknown_not_observed_per_size
333,4773,Vestido Forest,Vestido Forest Preto,Preto,40,True,VERÃO 2027,Vestidos,https://www.intibrand.com/produto/vestido-forest-preto-4773,https://cdn.vnda.com.br/intibrand/2026/01/30/12_07_07_639_vestido-20forest-20preto-20zoom-20frente-202-20-1-12016660.jpg?v=1769785627,2026-08-24T17:28:30.310313-03:00,,unknown_not_observed_per_size
333,4773,Vestido Forest,Vestido Forest Preto,Preto,42,True,VERÃO 2027,Vestidos,https://www.intibrand.com/produto/vestido-forest-preto-4773,https://cdn.vnda.com.br/intibrand/2026/01/30/12_07_07_639_vestido-20forest-20preto-20zoom-20frente-202-20-1-12016660.jpg?v=1769785627,2026-08-24T17:28:30.310313-03:00,,unknown_not_observed_per_size
335,4669,Vestido Gio,Vestido Gio Azul,Azul,36,True,VERÃO 2027,Vestidos,https://www.intibrand.com/produto/vestido-gio-azul-4669,https://cdn.vnda.com.br/intibrand/2025/10/24/18_24_55_383_vestido-20gio-20azul-20costas-20reedit-20-1-18106410.jpg?v=1764081694,2026-08-24T17:28:30.310313-03:00,,unknown_not_observed_per_size
335,4669,Vestido Gio,Vestido Gio Azul,Azul,38,True,VERÃO 2027,Vestidos,https://www.intibrand.com/produto/vestido-gio-azul-4669,https://cdn.vnda.com.br/intibrand/2025/10/24/18_24_55_383_vestido-20gio-20azul-20costas-20reedit-20-1-18106410.jpg?v=1764081694,2026-08-24T17:28:30.310313-03:00,,unknown_not_observed_per_size
335,4669,Vestido Gio,Vestido Gio Azul,Azul,40,True,VERÃO 2027,Vestidos,https://www.intibrand.com/produto/vestido-gio-azul-4669,https://cdn.vnda.com.br/intibrand/2025/10/24/18_24_55_383_vestido-20gio-20azul-20costas-20reedit-20-1-18106410.jpg?v=1764081694,2026-08-24T17:28:30.310313-03:00,,unknown_not_observed_per_size
335,4669,Vestido Gio,Vestido Gio Azul,Azul,42,True,VERÃO 2027,Vestidos,https://www.intibrand.com/produto/vestido-gio-azul-4669,https://cdn.vnda.com.br/intibrand/2025/10/24/18_24_55_383_vestido-20gio-20azul-20costas-20reedit-20-1-18106410.jpg?v=1764081694,2026-08-24T17:28:30.310313-03:00,,unknown_not_observed_per_size
336,4667,Vestido Gio Off-White,Vestido Gio Off-White,Off White,36,True,VERÃO 2027,Vestidos,https://www.intibrand.com/produto/vestido-gio-off-white-4667,https://cdn.vnda.com.br/intibrand/2025/10/24/18_21_21_325_vestido-20gio-20off-white-20frente-203-20reedit-18103130.jpg?v=1761340899,2026-08-24T17:28:30.310313-03:00,,unknown_not_observed_per_size
336,4667,Vestido Gio Off-White,Vestido Gio Off-White,Off White,38,True,VERÃO 2027,Vestidos,https://www.intibrand.com/produto/vestido-gio-off-white-4667,https://cdn.vnda.com.br/intibrand/2025/10/24/18_21_21_325_vestido-20gio-20off-white-20frente-203-20reedit-18103130.jpg?v=1761340899,2026-08-24T17:28:30.310313-03:00,,unknown_not_observed_per_size
336,4667,Vestido Gio Off-White,Vestido Gio Off-White,Off White,40,True,VERÃO 2027,Vestidos,https://www.intibrand.com/produto/vestido-gio-off-white-4667,https://cdn.vnda.com.br/intibrand/2025/10/24/18_21_21_325_vestido-20gio-20off-white-20frente-203-20reedit-18103130.jpg?v=1761340899,2026-08-24T17:28:30.310313-03:00,,unknown_not_observed_per_size
336,4667,Vestido Gio Off-White,Vestido Gio Off-White,Off White,42,True,VERÃO 2027,Vestidos,https://www.intibrand.com/produto/vestido-gio-off-white-4667,https://cdn.vnda.com.br/intibrand/2025/10/24/18_21_21_325_vestido-20gio-20off-white-20frente-203-20reedit-18103130.jpg?v=1761340899,2026-08-24T17:28:30.310313-03:00,,unknown_not_observed_per_size
335,4668,Vestido Gio,Vestido Gio Preto,Preto,36,True,VERÃO 2027,Vestidos,https://www.intibrand.com/produto/vestido-gio-preto-4668,https://cdn.vnda.com.br/intibrand/2025/10/24/16_00_04_302_vestido-20gio-20preto-20frente-20reedit-16103760.jpg?v=1761332413,2026-08-24T17:28:30.310313-03:00,,unknown_not_observed_per_size
335,4668,Vestido Gio,Vestido Gio Preto,Preto,38,True,VERÃO 2027,Vestidos,https://www.intibrand.com/produto/vestido-gio-preto-4668,https://cdn.vnda.com.br/intibrand/2025/10/24/16_00_04_302_vestido-20gio-20preto-20frente-20reedit-16103760.jpg?v=1761332413,2026-08-24T17:28:30.310313-03:00,,unknown_not_observed_per_size
335,4668,Vestido Gio,Vestido Gio Preto,Preto,40,True,VERÃO 2027,Vestidos,https://www.intibrand.com/produto/vestido-gio-preto-4668,https://cdn.vnda.com.br/intibrand/2025/10/24/16_00_04_302_vestido-20gio-20preto-20frente-20reedit-16103760.jpg?v=1761332413,2026-08-24T17:28:30.310313-03:00,,unknown_not_observed_per_size
335,4668,Vestido Gio,Vestido Gio Preto,Preto,42,True,VERÃO 2027,Vestidos,https://www.intibrand.com/produto/vestido-gio-preto-4668,https://cdn.vnda.com.br/intibrand/2025/10/24/16_00_04_302_vestido-20gio-20preto-20frente-20reedit-16103760.jpg?v=1761332413,2026-08-24T17:28:30.310313-03:00,,unknown_not_observed_per_size
338,4670,Vestido Hadid Off-White,Vestido Hadid Off-White,Off White,38,True,VERÃO 2027,Vestidos,https://www.intibrand.com/produto/vestido-hadid-off-white-4670,https://cdn.vnda.com.br/intibrand/2025/09/26/12_25_25_187_vestido-20hadid-20off-white-20frente-20-1-20-1-12097990.jpg?v=1758900332,2026-08-24T17:28:30.310313-03:00,,unknown_not_observed_per_size
338,4670,Vestido Hadid Off-White,Vestido Hadid Off-White,Off White,40,True,VERÃO 2027,Vestidos,https://www.intibrand.com/produto/vestido-hadid-off-white-4670,https://cdn.vnda.com.br/intibrand/2025/09/26/12_25_25_187_vestido-20hadid-20off-white-20frente-20-1-20-1-12097990.jpg?v=1758900332,2026-08-24T17:28:30.310313-03:00,,unknown_not_observed_per_size
338,4670,Vestido Hadid Off-White,Vestido Hadid Off-White,Off White,42,True,VERÃO 2027,Vestidos,https://www.intibrand.com/produto/vestido-hadid-off-white-4670,https://cdn.vnda.com.br/intibrand/2025/09/26/12_25_25_187_vestido-20hadid-20off-white-20frente-20-1-20-1-12097990.jpg?v=1758900332,2026-08-24T17:28:30.310313-03:00,,unknown_not_observed_per_size
338,4670,Vestido Hadid Off-White,Vestido Hadid Off-White,Off White,44,True,VERÃO 2027,Vestidos,https://www.intibrand.com/produto/vestido-hadid-off-white-4670,https://cdn.vnda.com.br/intibrand/2025/09/26/12_25_25_187_vestido-20hadid-20off-white-20frente-20-1-20-1-12097990.jpg?v=1758900332,2026-08-24T17:28:30.310313-03:00,,unknown_not_observed_per_size
337,4671,Vestido Hadid,Vestido Hadid Preto,Preto,38,True,VERÃO 2027,Vestidos,https://www.intibrand.com/produto/vestido-hadid-preto-4671,https://cdn.vnda.com.br/intibrand/2025/09/26/12_21_50_369_vestido-20hadid-20preto-20frente-20-1-12096320.jpg?v=1758900110,2026-08-24T17:28:30.310313-03:00,,unknown_not_observed_per_size
337,4671,Vestido Hadid,Vestido Hadid Preto,Preto,40,True,VERÃO 2027,Vestidos,https://www.intibrand.com/produto/vestido-hadid-preto-4671,https://cdn.vnda.com.br/intibrand/2025/09/26/12_21_50_369_vestido-20hadid-20preto-20frente-20-1-12096320.jpg?v=1758900110,2026-08-24T17:28:30.310313-03:00,,unknown_not_observed_per_size
337,4671,Vestido Hadid,Vestido Hadid Preto,Preto,42,True,VERÃO 2027,Vestidos,https://www.intibrand.com/produto/vestido-hadid-preto-4671,https://cdn.vnda.com.br/intibrand/2025/09/26/12_21_50_369_vestido-20hadid-20preto-20frente-20-1-12096320.jpg?v=1758900110,2026-08-24T17:28:30.310313-03:00,,unknown_not_observed_per_size
337,4671,Vestido Hadid,Vestido Hadid Preto,Preto,44,True,VERÃO 2027,Vestidos,https://www.intibrand.com/produto/vestido-hadid-preto-4671,https://cdn.vnda.com.br/intibrand/2025/09/26/12_21_50_369_vestido-20hadid-20preto-20frente-20-1-12096320.jpg?v=1758900110,2026-08-24T17:28:30.310313-03:00,,unknown_not_observed_per_size
337,4672,Vestido Hadid,Vestido Hadid Vermelho,Vermelho,38,True,VERÃO 2027,Vestidos,https://www.intibrand.com/produto/vestido-hadid-vermelho-4672,https://cdn.vnda.com.br/intibrand/2025/09/26/12_21_00_860_vestido-20hadid-20vermelho-20frente-20-1-20-1-12093880.jpg?v=1758900065,2026-08-24T17:28:30.310313-03:00,,unknown_not_observed_per_size
337,4672,Vestido Hadid,Vestido Hadid Vermelho,Vermelho,40,True,VERÃO 2027,Vestidos,https://www.intibrand.com/produto/vestido-hadid-vermelho-4672,https://cdn.vnda.com.br/intibrand/2025/09/26/12_21_00_860_vestido-20hadid-20vermelho-20frente-20-1-20-1-12093880.jpg?v=1758900065,2026-08-24T17:28:30.310313-03:00,,unknown_not_observed_per_size
337,4672,Vestido Hadid,Vestido Hadid Vermelho,Vermelho,42,True,VERÃO 2027,Vestidos,https://www.intibrand.com/produto/vestido-hadid-vermelho-4672,https://cdn.vnda.com.br/intibrand/2025/09/26/12_21_00_860_vestido-20hadid-20vermelho-20frente-20-1-20-1-12093880.jpg?v=1758900065,2026-08-24T17:28:30.310313-03:00,,unknown_not_observed_per_size
337,4672,Vestido Hadid,Vestido Hadid Vermelho,Vermelho,44,True,VERÃO 2027,Vestidos,https://www.intibrand.com/produto/vestido-hadid-vermelho-4672,https://cdn.vnda.com.br/intibrand/2025/09/26/12_21_00_860_vestido-20hadid-20vermelho-20frente-20-1-20-1-12093880.jpg?v=1758900065,2026-08-24T17:28:30.310313-03:00,,unknown_not_observed_per_size
339,4698,Vestido Harpa,Vestido Harpa Preto,Preto,34,True,VERÃO 2027,Vestidos,https://www.intibrand.com/produto/vestido-harpa-preto-4698,https://cdn.vnda.com.br/intibrand/2025/11/11/17_08_48_373_vestido-20harpa-20preto-20lado-17114980.jpg?v=1762891733,2026-08-24T17:28:30.310313-03:00,,unknown_not_observed_per_size
339,4698,Vestido Harpa,Vestido Harpa Preto,Preto,36,True,VERÃO 2027,Vestidos,https://www.intibrand.com/produto/vestido-harpa-preto-4698,https://cdn.vnda.com.br/intibrand/2025/11/11/17_08_48_373_vestido-20harpa-20preto-20lado-17114980.jpg?v=1762891733,2026-08-24T17:28:30.310313-03:00,,unknown_not_observed_per_size
339,4698,Vestido Harpa,Vestido Harpa Preto,Preto,38,True,VERÃO 2027,Vestidos,https://www.intibrand.com/produto/vestido-harpa-preto-4698,https://cdn.vnda.com.br/intibrand/2025/11/11/17_08_48_373_vestido-20harpa-20preto-20lado-17114980.jpg?v=1762891733,2026-08-24T17:28:30.310313-03:00,,unknown_not_observed_per_size
339,4698,Vestido Harpa,Vestido Harpa Preto,Preto,40,True,VERÃO 2027,Vestidos,https://www.intibrand.com/produto/vestido-harpa-preto-4698,https://cdn.vnda.com.br/intibrand/2025/11/11/17_08_48_373_vestido-20harpa-20preto-20lado-17114980.jpg?v=1762891733,2026-08-24T17:28:30.310313-03:00,,unknown_not_observed_per_size
339,4698,Vestido Harpa,Vestido Harpa Preto,Preto,42,True,VERÃO 2027,Vestidos,https://www.intibrand.com/produto/vestido-harpa-preto-4698,https://cdn.vnda.com.br/intibrand/2025/11/11/17_08_48_373_vestido-20harpa-20preto-20lado-17114980.jpg?v=1762891733,2026-08-24T17:28:30.310313-03:00,,unknown_not_observed_per_size
339,4699,Vestido Harpa,Vestido Harpa Vermelho,Vermelho,34,True,VERÃO 2027,Vestidos,https://www.intibrand.com/produto/vestido-harpa-vermelho-4699,https://cdn.vnda.com.br/intibrand/2025/11/11/17_08_00_726_vestido-20harpa-20vermelho-20lado-202-17110770.jpg?v=1762891697,2026-08-24T17:28:30.310313-03:00,,unknown_not_observed_per_size
339,4699,Vestido Harpa,Vestido Harpa Vermelho,Vermelho,36,True,VERÃO 2027,Vestidos,https://www.intibrand.com/produto/vestido-harpa-vermelho-4699,https://cdn.vnda.com.br/intibrand/2025/11/11/17_08_00_726_vestido-20harpa-20vermelho-20lado-202-17110770.jpg?v=1762891697,2026-08-24T17:28:30.310313-03:00,,unknown_not_observed_per_size
339,4699,Vestido Harpa,Vestido Harpa Vermelho,Vermelho,38,True,VERÃO 2027,Vestidos,https://www.intibrand.com/produto/vestido-harpa-vermelho-4699,https://cdn.vnda.com.br/intibrand/2025/11/11/17_08_00_726_vestido-20harpa-20vermelho-20lado-202-17110770.jpg?v=1762891697,2026-08-24T17:28:30.310313-03:00,,unknown_not_observed_per_size
339,4699,Vestido Harpa,Vestido Harpa Vermelho,Vermelho,40,True,VERÃO 2027,Vestidos,https://www.intibrand.com/produto/vestido-harpa-vermelho-4699,https://cdn.vnda.com.br/intibrand/2025/11/11/17_08_00_726_vestido-20harpa-20vermelho-20lado-202-17110770.jpg?v=1762891697,2026-08-24T17:28:30.310313-03:00,,unknown_not_observed_per_size
339,4699,Vestido Harpa,Vestido Harpa Vermelho,Vermelho,42,True,VERÃO 2027,Vestidos,https://www.intibrand.com/produto/vestido-harpa-vermelho-4699,https://cdn.vnda.com.br/intibrand/2025/11/11/17_08_00_726_vestido-20harpa-20vermelho-20lado-202-17110770.jpg?v=1762891697,2026-08-24T17:28:30.310313-03:00,,unknown_not_observed_per_size
340,4093,Vestido Iron Off-White,Vestido Iron Off-White,Off White,36,True,VERÃO 2027,Vestidos,https://www.intibrand.com/produto/vestido-iron-off-white-4093,https://cdn.vnda.com.br/intibrand/2024/05/06/11_53_08_111_11_5_0_032_vestido20iron20offwhite20frente.jpg?v=1720630368,2026-08-24T17:28:30.310313-03:00,,unknown_not_observed_per_size
340,4093,Vestido Iron Off-White,Vestido Iron Off-White,Off White,38,True,VERÃO 2027,Vestidos,https://www.intibrand.com/produto/vestido-iron-off-white-4093,https://cdn.vnda.com.br/intibrand/2024/05/06/11_53_08_111_11_5_0_032_vestido20iron20offwhite20frente.jpg?v=1720630368,2026-08-24T17:28:30.310313-03:00,,unknown_not_observed_per_size
340,4093,Vestido Iron Off-White,Vestido Iron Off-White,Off White,40,True,VERÃO 2027,Vestidos,https://www.intibrand.com/produto/vestido-iron-off-white-4093,https://cdn.vnda.com.br/intibrand/2024/05/06/11_53_08_111_11_5_0_032_vestido20iron20offwhite20frente.jpg?v=1720630368,2026-08-24T17:28:30.310313-03:00,,unknown_not_observed_per_size
340,4093,Vestido Iron Off-White,Vestido Iron Off-White,Off White,42,True,VERÃO 2027,Vestidos,https://www.intibrand.com/produto/vestido-iron-off-white-4093,https://cdn.vnda.com.br/intibrand/2024/05/06/11_53_08_111_11_5_0_032_vestido20iron20offwhite20frente.jpg?v=1720630368,2026-08-24T17:28:30.310313-03:00,,unknown_not_observed_per_size
341,4843,Vestido Ivory,Vestido Ivory Azul,Azul,36,True,VERÃO 2027,Vestidos,https://www.intibrand.com/produto/vestido-ivory-azul-4843,https://cdn.vnda.com.br/intibrand/2026/03/30/16_24_15_771_gaby-20v-c3-8ddeos-20-20-story-20-202026-03-30t162333-853-16032470.jpg?v=1774898661,2026-08-24T17:28:30.310313-03:00,,unknown_not_observed_per_size
341,4843,Vestido Ivory,Vestido Ivory Azul,Azul,38,True,VERÃO 2027,Vestidos,https://www.intibrand.com/produto/vestido-ivory-azul-4843,https://cdn.vnda.com.br/intibrand/2026/03/30/16_24_15_771_gaby-20v-c3-8ddeos-20-20-story-20-202026-03-30t162333-853-16032470.jpg?v=1774898661,2026-08-24T17:28:30.310313-03:00,,unknown_not_observed_per_size
341,4843,Vestido Ivory,Vestido Ivory Azul,Azul,40,True,VERÃO 2027,Vestidos,https://www.intibrand.com/produto/vestido-ivory-azul-4843,https://cdn.vnda.com.br/intibrand/2026/03/30/16_24_15_771_gaby-20v-c3-8ddeos-20-20-story-20-202026-03-30t162333-853-16032470.jpg?v=1774898661,2026-08-24T17:28:30.310313-03:00,,unknown_not_observed_per_size
341,4843,Vestido Ivory,Vestido Ivory Azul,Azul,42,True,VERÃO 2027,Vestidos,https://www.intibrand.com/produto/vestido-ivory-azul-4843,https://cdn.vnda.com.br/intibrand/2026/03/30/16_24_15_771_gaby-20v-c3-8ddeos-20-20-story-20-202026-03-30t162333-853-16032470.jpg?v=1774898661,2026-08-24T17:28:30.310313-03:00,,unknown_not_observed_per_size
341,4843,Vestido Ivory,Vestido Ivory Azul,Azul,44,True,VERÃO 2027,Vestidos,https://www.intibrand.com/produto/vestido-ivory-azul-4843,https://cdn.vnda.com.br/intibrand/2026/03/30/16_24_15_771_gaby-20v-c3-8ddeos-20-20-story-20-202026-03-30t162333-853-16032470.jpg?v=1774898661,2026-08-24T17:28:30.310313-03:00,,unknown_not_observed_per_size
341,4842,Vestido Ivory,Vestido Ivory Fúcsia,Fúcsia,36,True,VERÃO 2027,Vestidos,https://www.intibrand.com/produto/vestido-ivory-fucsia-4842,https://cdn.vnda.com.br/intibrand/2026/05/19/17_34_15_143_vestido-20ivory-20f-c3-9acsia-20frente-202-20reedit-17053300.jpg?v=1779222862,2026-08-24T17:28:30.310313-03:00,,unknown_not_observed_per_size
341,4842,Vestido Ivory,Vestido Ivory Fúcsia,Fúcsia,38,True,VERÃO 2027,Vestidos,https://www.intibrand.com/produto/vestido-ivory-fucsia-4842,https://cdn.vnda.com.br/intibrand/2026/05/19/17_34_15_143_vestido-20ivory-20f-c3-9acsia-20frente-202-20reedit-17053300.jpg?v=1779222862,2026-08-24T17:28:30.310313-03:00,,unknown_not_observed_per_size
341,4842,Vestido Ivory,Vestido Ivory Fúcsia,Fúcsia,40,True,VERÃO 2027,Vestidos,https://www.intibrand.com/produto/vestido-ivory-fucsia-4842,https://cdn.vnda.com.br/intibrand/2026/05/19/17_34_15_143_vestido-20ivory-20f-c3-9acsia-20frente-202-20reedit-17053300.jpg?v=1779222862,2026-08-24T17:28:30.310313-03:00,,unknown_not_observed_per_size
341,4842,Vestido Ivory,Vestido Ivory Fúcsia,Fúcsia,42,True,VERÃO 2027,Vestidos,https://www.intibrand.com/produto/vestido-ivory-fucsia-4842,https://cdn.vnda.com.br/intibrand/2026/05/19/17_34_15_143_vestido-20ivory-20f-c3-9acsia-20frente-202-20reedit-17053300.jpg?v=1779222862,2026-08-24T17:28:30.310313-03:00,,unknown_not_observed_per_size
341,4842,Vestido Ivory,Vestido Ivory Fúcsia,Fúcsia,44,True,VERÃO 2027,Vestidos,https://www.intibrand.com/produto/vestido-ivory-fucsia-4842,https://cdn.vnda.com.br/intibrand/2026/05/19/17_34_15_143_vestido-20ivory-20f-c3-9acsia-20frente-202-20reedit-17053300.jpg?v=1779222862,2026-08-24T17:28:30.310313-03:00,,unknown_not_observed_per_size
342,4840,Vestido Ivory Off-White,Vestido Ivory Off-White,Off White,36,True,VERÃO 2027,Vestidos,https://www.intibrand.com/produto/vestido-ivory-off-white-4840,https://cdn.vnda.com.br/intibrand/2026/03/30/16_28_31_143_gaby-20v-c3-8ddeos-20-20-story-20-202026-03-30t162813-847-16030840.jpg?v=1774898911,2026-08-24T17:28:30.310313-03:00,,unknown_not_observed_per_size
342,4840,Vestido Ivory Off-White,Vestido Ivory Off-White,Off White,38,True,VERÃO 2027,Vestidos,https://www.intibrand.com/produto/vestido-ivory-off-white-4840,https://cdn.vnda.com.br/intibrand/2026/03/30/16_28_31_143_gaby-20v-c3-8ddeos-20-20-story-20-202026-03-30t162813-847-16030840.jpg?v=1774898911,2026-08-24T17:28:30.310313-03:00,,unknown_not_observed_per_size
342,4840,Vestido Ivory Off-White,Vestido Ivory Off-White,Off White,40,True,VERÃO 2027,Vestidos,https://www.intibrand.com/produto/vestido-ivory-off-white-4840,https://cdn.vnda.com.br/intibrand/2026/03/30/16_28_31_143_gaby-20v-c3-8ddeos-20-20-story-20-202026-03-30t162813-847-16030840.jpg?v=1774898911,2026-08-24T17:28:30.310313-03:00,,unknown_not_observed_per_size
342,4840,Vestido Ivory Off-White,Vestido Ivory Off-White,Off White,42,True,VERÃO 2027,Vestidos,https://www.intibrand.com/produto/vestido-ivory-off-white-4840,https://cdn.vnda.com.br/intibrand/2026/03/30/16_28_31_143_gaby-20v-c3-8ddeos-20-20-story-20-202026-03-30t162813-847-16030840.jpg?v=1774898911,2026-08-24T17:28:30.310313-03:00,,unknown_not_observed_per_size
342,4840,Vestido Ivory Off-White,Vestido Ivory Off-White,Off White,44,True,VERÃO 2027,Vestidos,https://www.intibrand.com/produto/vestido-ivory-off-white-4840,https://cdn.vnda.com.br/intibrand/2026/03/30/16_28_31_143_gaby-20v-c3-8ddeos-20-20-story-20-202026-03-30t162813-847-16030840.jpg?v=1774898911,2026-08-24T17:28:30.310313-03:00,,unknown_not_observed_per_size
341,4841,Vestido Ivory,Vestido Ivory Preto,Preto,36,True,VERÃO 2027,Vestidos,https://www.intibrand.com/produto/vestido-ivory-preto-4841,https://cdn.vnda.com.br/intibrand/2026/03/30/16_30_18_516_gaby-20v-c3-8ddeos-20-20-story-20-202026-03-30t162936-967-16039020.jpg?v=1774899018,2026-08-24T17:28:30.310313-03:00,,unknown_not_observed_per_size
341,4841,Vestido Ivory,Vestido Ivory Preto,Preto,38,True,VERÃO 2027,Vestidos,https://www.intibrand.com/produto/vestido-ivory-preto-4841,https://cdn.vnda.com.br/intibrand/2026/03/30/16_30_18_516_gaby-20v-c3-8ddeos-20-20-story-20-202026-03-30t162936-967-16039020.jpg?v=1774899018,2026-08-24T17:28:30.310313-03:00,,unknown_not_observed_per_size
341,4841,Vestido Ivory,Vestido Ivory Preto,Preto,40,True,VERÃO 2027,Vestidos,https://www.intibrand.com/produto/vestido-ivory-preto-4841,https://cdn.vnda.com.br/intibrand/2026/03/30/16_30_18_516_gaby-20v-c3-8ddeos-20-20-story-20-202026-03-30t162936-967-16039020.jpg?v=1774899018,2026-08-24T17:28:30.310313-03:00,,unknown_not_observed_per_size
341,4841,Vestido Ivory,Vestido Ivory Preto,Preto,42,True,VERÃO 2027,Vestidos,https://www.intibrand.com/produto/vestido-ivory-preto-4841,https://cdn.vnda.com.br/intibrand/2026/03/30/16_30_18_516_gaby-20v-c3-8ddeos-20-20-story-20-202026-03-30t162936-967-16039020.jpg?v=1774899018,2026-08-24T17:28:30.310313-03:00,,unknown_not_observed_per_size
341,4841,Vestido Ivory,Vestido Ivory Preto,Preto,44,True,VERÃO 2027,Vestidos,https://www.intibrand.com/produto/vestido-ivory-preto-4841,https://cdn.vnda.com.br/intibrand/2026/03/30/16_30_18_516_gaby-20v-c3-8ddeos-20-20-story-20-202026-03-30t162936-967-16039020.jpg?v=1774899018,2026-08-24T17:28:30.310313-03:00,,unknown_not_observed_per_size
344,4492,Vestido Jones Off-White,Vestido Jones Off-White,Off White,34,True,VERÃO 2027,Vestidos,https://www.intibrand.com/produto/vestido-jones-off-white-4492,https://cdn.vnda.com.br/intibrand/2025/02/05/13_50_18_668_13_2_4_483_vestido20jones20offwhite20lado201.jpg?v=1743625629,2026-08-24T17:28:30.310313-03:00,,unknown_not_observed_per_size
344,4492,Vestido Jones Off-White,Vestido Jones Off-White,Off White,36,True,VERÃO 2027,Vestidos,https://www.intibrand.com/produto/vestido-jones-off-white-4492,https://cdn.vnda.com.br/intibrand/2025/02/05/13_50_18_668_13_2_4_483_vestido20jones20offwhite20lado201.jpg?v=1743625629,2026-08-24T17:28:30.310313-03:00,,unknown_not_observed_per_size
344,4492,Vestido Jones Off-White,Vestido Jones Off-White,Off White,38,True,VERÃO 2027,Vestidos,https://www.intibrand.com/produto/vestido-jones-off-white-4492,https://cdn.vnda.com.br/intibrand/2025/02/05/13_50_18_668_13_2_4_483_vestido20jones20offwhite20lado201.jpg?v=1743625629,2026-08-24T17:28:30.310313-03:00,,unknown_not_observed_per_size
344,4492,Vestido Jones Off-White,Vestido Jones Off-White,Off White,40,True,VERÃO 2027,Vestidos,https://www.intibrand.com/produto/vestido-jones-off-white-4492,https://cdn.vnda.com.br/intibrand/2025/02/05/13_50_18_668_13_2_4_483_vestido20jones20offwhite20lado201.jpg?v=1743625629,2026-08-24T17:28:30.310313-03:00,,unknown_not_observed_per_size
344,4492,Vestido Jones Off-White,Vestido Jones Off-White,Off White,42,True,VERÃO 2027,Vestidos,https://www.intibrand.com/produto/vestido-jones-off-white-4492,https://cdn.vnda.com.br/intibrand/2025/02/05/13_50_18_668_13_2_4_483_vestido20jones20offwhite20lado201.jpg?v=1743625629,2026-08-24T17:28:30.310313-03:00,,unknown_not_observed_per_size
344,4492,Vestido Jones Off-White,Vestido Jones Off-White,Off White,44,True,VERÃO 2027,Vestidos,https://www.intibrand.com/produto/vestido-jones-off-white-4492,https://cdn.vnda.com.br/intibrand/2025/02/05/13_50_18_668_13_2_4_483_vestido20jones20offwhite20lado201.jpg?v=1743625629,2026-08-24T17:28:30.310313-03:00,,unknown_not_observed_per_size
343,4493,Vestido Jones,Vestido Jones Preto,Preto,34,True,VERÃO 2027,Vestidos,https://www.intibrand.com/produto/vestido-jones-preto-4493,https://cdn.vnda.com.br/intibrand/2025/02/05/13_49_05_329_13_2_9_918_vestido20jones20preto20frente201.jpg?v=1738774151,2026-08-24T17:28:30.310313-03:00,,unknown_not_observed_per_size
343,4493,Vestido Jones,Vestido Jones Preto,Preto,36,True,VERÃO 2027,Vestidos,https://www.intibrand.com/produto/vestido-jones-preto-4493,https://cdn.vnda.com.br/intibrand/2025/02/05/13_49_05_329_13_2_9_918_vestido20jones20preto20frente201.jpg?v=1738774151,2026-08-24T17:28:30.310313-03:00,,unknown_not_observed_per_size
343,4493,Vestido Jones,Vestido Jones Preto,Preto,38,True,VERÃO 2027,Vestidos,https://www.intibrand.com/produto/vestido-jones-preto-4493,https://cdn.vnda.com.br/intibrand/2025/02/05/13_49_05_329_13_2_9_918_vestido20jones20preto20frente201.jpg?v=1738774151,2026-08-24T17:28:30.310313-03:00,,unknown_not_observed_per_size
343,4493,Vestido Jones,Vestido Jones Preto,Preto,40,True,VERÃO 2027,Vestidos,https://www.intibrand.com/produto/vestido-jones-preto-4493,https://cdn.vnda.com.br/intibrand/2025/02/05/13_49_05_329_13_2_9_918_vestido20jones20preto20frente201.jpg?v=1738774151,2026-08-24T17:28:30.310313-03:00,,unknown_not_observed_per_size
343,4493,Vestido Jones,Vestido Jones Preto,Preto,42,True,VERÃO 2027,Vestidos,https://www.intibrand.com/produto/vestido-jones-preto-4493,https://cdn.vnda.com.br/intibrand/2025/02/05/13_49_05_329_13_2_9_918_vestido20jones20preto20frente201.jpg?v=1738774151,2026-08-24T17:28:30.310313-03:00,,unknown_not_observed_per_size
343,4493,Vestido Jones,Vestido Jones Preto,Preto,44,True,VERÃO 2027,Vestidos,https://www.intibrand.com/produto/vestido-jones-preto-4493,https://cdn.vnda.com.br/intibrand/2025/02/05/13_49_05_329_13_2_9_918_vestido20jones20preto20frente201.jpg?v=1738774151,2026-08-24T17:28:30.310313-03:00,,unknown_not_observed_per_size
343,4494,Vestido Jones,Vestido Jones Vermelho,Vermelho,34,True,VERÃO 2027,Vestidos,https://www.intibrand.com/produto/vestido-jones-vermelho-4494,https://cdn.vnda.com.br/intibrand/2025/02/05/13_47_57_343_13_2_6_612_vestido20jones20vermelho20frente201.jpg?v=1738774096,2026-08-24T17:28:30.310313-03:00,,unknown_not_observed_per_size
343,4494,Vestido Jones,Vestido Jones Vermelho,Vermelho,36,True,VERÃO 2027,Vestidos,https://www.intibrand.com/produto/vestido-jones-vermelho-4494,https://cdn.vnda.com.br/intibrand/2025/02/05/13_47_57_343_13_2_6_612_vestido20jones20vermelho20frente201.jpg?v=1738774096,2026-08-24T17:28:30.310313-03:00,,unknown_not_observed_per_size
343,4494,Vestido Jones,Vestido Jones Vermelho,Vermelho,38,True,VERÃO 2027,Vestidos,https://www.intibrand.com/produto/vestido-jones-vermelho-4494,https://cdn.vnda.com.br/intibrand/2025/02/05/13_47_57_343_13_2_6_612_vestido20jones20vermelho20frente201.jpg?v=1738774096,2026-08-24T17:28:30.310313-03:00,,unknown_not_observed_per_size
343,4494,Vestido Jones,Vestido Jones Vermelho,Vermelho,40,True,VERÃO 2027,Vestidos,https://www.intibrand.com/produto/vestido-jones-vermelho-4494,https://cdn.vnda.com.br/intibrand/2025/02/05/13_47_57_343_13_2_6_612_vestido20jones20vermelho20frente201.jpg?v=1738774096,2026-08-24T17:28:30.310313-03:00,,unknown_not_observed_per_size
343,4494,Vestido Jones,Vestido Jones Vermelho,Vermelho,42,True,VERÃO 2027,Vestidos,https://www.intibrand.com/produto/vestido-jones-vermelho-4494,https://cdn.vnda.com.br/intibrand/2025/02/05/13_47_57_343_13_2_6_612_vestido20jones20vermelho20frente201.jpg?v=1738774096,2026-08-24T17:28:30.310313-03:00,,unknown_not_observed_per_size
343,4494,Vestido Jones,Vestido Jones Vermelho,Vermelho,44,True,VERÃO 2027,Vestidos,https://www.intibrand.com/produto/vestido-jones-vermelho-4494,https://cdn.vnda.com.br/intibrand/2025/02/05/13_47_57_343_13_2_6_612_vestido20jones20vermelho20frente201.jpg?v=1738774096,2026-08-24T17:28:30.310313-03:00,,unknown_not_observed_per_size
345,4731,Vestido Linho Alanis,Vestido Linho Alanis Avelã,Avelã,34,True,VERÃO 2027,Vestidos,https://www.intibrand.com/produto/vestido-linho-alanis-avela-4731,https://cdn.vnda.com.br/intibrand/2025/11/28/18_31_51_480_vestido-20linho-20alanis-20avel-c3-83-20zoom-18115170.jpg?v=1775498777,2026-08-24T17:28:30.310313-03:00,,unknown_not_observed_per_size
345,4731,Vestido Linho Alanis,Vestido Linho Alanis Avelã,Avelã,36,True,VERÃO 2027,Vestidos,https://www.intibrand.com/produto/vestido-linho-alanis-avela-4731,https://cdn.vnda.com.br/intibrand/2025/11/28/18_31_51_480_vestido-20linho-20alanis-20avel-c3-83-20zoom-18115170.jpg?v=1775498777,2026-08-24T17:28:30.310313-03:00,,unknown_not_observed_per_size
345,4731,Vestido Linho Alanis,Vestido Linho Alanis Avelã,Avelã,38,True,VERÃO 2027,Vestidos,https://www.intibrand.com/produto/vestido-linho-alanis-avela-4731,https://cdn.vnda.com.br/intibrand/2025/11/28/18_31_51_480_vestido-20linho-20alanis-20avel-c3-83-20zoom-18115170.jpg?v=1775498777,2026-08-24T17:28:30.310313-03:00,,unknown_not_observed_per_size
345,4731,Vestido Linho Alanis,Vestido Linho Alanis Avelã,Avelã,40,True,VERÃO 2027,Vestidos,https://www.intibrand.com/produto/vestido-linho-alanis-avela-4731,https://cdn.vnda.com.br/intibrand/2025/11/28/18_31_51_480_vestido-20linho-20alanis-20avel-c3-83-20zoom-18115170.jpg?v=1775498777,2026-08-24T17:28:30.310313-03:00,,unknown_not_observed_per_size
345,4731,Vestido Linho Alanis,Vestido Linho Alanis Avelã,Avelã,42,True,VERÃO 2027,Vestidos,https://www.intibrand.com/produto/vestido-linho-alanis-avela-4731,https://cdn.vnda.com.br/intibrand/2025/11/28/18_31_51_480_vestido-20linho-20alanis-20avel-c3-83-20zoom-18115170.jpg?v=1775498777,2026-08-24T17:28:30.310313-03:00,,unknown_not_observed_per_size
346,4729,Vestido Linho Alanis Off-White,Vestido Linho Alanis Off-White,Off White,34,True,VERÃO 2027,Vestidos,https://www.intibrand.com/produto/vestido-linho-alanis-off-white-4729,https://cdn.vnda.com.br/intibrand/2025/11/28/18_32_23_840_vestido-20linho-20alanis-20off-white-20zoom-18112400.jpg?v=1775498783,2026-08-24T17:28:30.310313-03:00,,unknown_not_observed_per_size
346,4729,Vestido Linho Alanis Off-White,Vestido Linho Alanis Off-White,Off White,36,True,VERÃO 2027,Vestidos,https://www.intibrand.com/produto/vestido-linho-alanis-off-white-4729,https://cdn.vnda.com.br/intibrand/2025/11/28/18_32_23_840_vestido-20linho-20alanis-20off-white-20zoom-18112400.jpg?v=1775498783,2026-08-24T17:28:30.310313-03:00,,unknown_not_observed_per_size
346,4729,Vestido Linho Alanis Off-White,Vestido Linho Alanis Off-White,Off White,38,True,VERÃO 2027,Vestidos,https://www.intibrand.com/produto/vestido-linho-alanis-off-white-4729,https://cdn.vnda.com.br/intibrand/2025/11/28/18_32_23_840_vestido-20linho-20alanis-20off-white-20zoom-18112400.jpg?v=1775498783,2026-08-24T17:28:30.310313-03:00,,unknown_not_observed_per_size
346,4729,Vestido Linho Alanis Off-White,Vestido Linho Alanis Off-White,Off White,40,True,VERÃO 2027,Vestidos,https://www.intibrand.com/produto/vestido-linho-alanis-off-white-4729,https://cdn.vnda.com.br/intibrand/2025/11/28/18_32_23_840_vestido-20linho-20alanis-20off-white-20zoom-18112400.jpg?v=1775498783,2026-08-24T17:28:30.310313-03:00,,unknown_not_observed_per_size
346,4729,Vestido Linho Alanis Off-White,Vestido Linho Alanis Off-White,Off White,42,True,VERÃO 2027,Vestidos,https://www.intibrand.com/produto/vestido-linho-alanis-off-white-4729,https://cdn.vnda.com.br/intibrand/2025/11/28/18_32_23_840_vestido-20linho-20alanis-20off-white-20zoom-18112400.jpg?v=1775498783,2026-08-24T17:28:30.310313-03:00,,unknown_not_observed_per_size
345,4730,Vestido Linho Alanis,Vestido Linho Alanis Preto,Preto,34,True,VERÃO 2027,Vestidos,https://www.intibrand.com/produto/vestido-linho-alanis-preto-4730,https://cdn.vnda.com.br/intibrand/2025/11/28/18_31_06_154_vestido-20linho-20alanis-20preto-20frente-18115940.jpg?v=1764365470,2026-08-24T17:28:30.310313-03:00,,unknown_not_observed_per_size
345,4730,Vestido Linho Alanis,Vestido Linho Alanis Preto,Preto,36,True,VERÃO 2027,Vestidos,https://www.intibrand.com/produto/vestido-linho-alanis-preto-4730,https://cdn.vnda.com.br/intibrand/2025/11/28/18_31_06_154_vestido-20linho-20alanis-20preto-20frente-18115940.jpg?v=1764365470,2026-08-24T17:28:30.310313-03:00,,unknown_not_observed_per_size
345,4730,Vestido Linho Alanis,Vestido Linho Alanis Preto,Preto,38,True,VERÃO 2027,Vestidos,https://www.intibrand.com/produto/vestido-linho-alanis-preto-4730,https://cdn.vnda.com.br/intibrand/2025/11/28/18_31_06_154_vestido-20linho-20alanis-20preto-20frente-18115940.jpg?v=1764365470,2026-08-24T17:28:30.310313-03:00,,unknown_not_observed_per_size
345,4730,Vestido Linho Alanis,Vestido Linho Alanis Preto,Preto,40,True,VERÃO 2027,Vestidos,https://www.intibrand.com/produto/vestido-linho-alanis-preto-4730,https://cdn.vnda.com.br/intibrand/2025/11/28/18_31_06_154_vestido-20linho-20alanis-20preto-20frente-18115940.jpg?v=1764365470,2026-08-24T17:28:30.310313-03:00,,unknown_not_observed_per_size
345,4730,Vestido Linho Alanis,Vestido Linho Alanis Preto,Preto,42,True,VERÃO 2027,Vestidos,https://www.intibrand.com/produto/vestido-linho-alanis-preto-4730,https://cdn.vnda.com.br/intibrand/2025/11/28/18_31_06_154_vestido-20linho-20alanis-20preto-20frente-18115940.jpg?v=1764365470,2026-08-24T17:28:30.310313-03:00,,unknown_not_observed_per_size
347,4666,Vestido Linho Arum,Vestido Linho Arum Avelã,Avelã,36,True,VERÃO 2027,Vestidos,https://www.intibrand.com/produto/vestido-linho-arum-avela-4666,https://cdn.vnda.com.br/intibrand/2025/09/25/14_32_19_225_vestido-20linho-20arum-20avel-c3-83-20frente-20-1-20-1-14097280.jpg?v=1758821539,2026-08-24T17:28:30.310313-03:00,,unknown_not_observed_per_size
347,4666,Vestido Linho Arum,Vestido Linho Arum Avelã,Avelã,38,True,VERÃO 2027,Vestidos,https://www.intibrand.com/produto/vestido-linho-arum-avela-4666,https://cdn.vnda.com.br/intibrand/2025/09/25/14_32_19_225_vestido-20linho-20arum-20avel-c3-83-20frente-20-1-20-1-14097280.jpg?v=1758821539,2026-08-24T17:28:30.310313-03:00,,unknown_not_observed_per_size
347,4666,Vestido Linho Arum,Vestido Linho Arum Avelã,Avelã,40,True,VERÃO 2027,Vestidos,https://www.intibrand.com/produto/vestido-linho-arum-avela-4666,https://cdn.vnda.com.br/intibrand/2025/09/25/14_32_19_225_vestido-20linho-20arum-20avel-c3-83-20frente-20-1-20-1-14097280.jpg?v=1758821539,2026-08-24T17:28:30.310313-03:00,,unknown_not_observed_per_size
347,4666,Vestido Linho Arum,Vestido Linho Arum Avelã,Avelã,42,True,VERÃO 2027,Vestidos,https://www.intibrand.com/produto/vestido-linho-arum-avela-4666,https://cdn.vnda.com.br/intibrand/2025/09/25/14_32_19_225_vestido-20linho-20arum-20avel-c3-83-20frente-20-1-20-1-14097280.jpg?v=1758821539,2026-08-24T17:28:30.310313-03:00,,unknown_not_observed_per_size
348,4664,Vestido Linho Arum Off-White,Vestido Linho Arum Off-White,Off White,36,True,VERÃO 2027,Vestidos,https://www.intibrand.com/produto/vestido-linho-arum-off-white-4664,https://cdn.vnda.com.br/intibrand/2025/09/25/14_58_41_737_vestido-20linho-20arum-20off-white-20frente-20-1-20-1-14095230.jpg?v=1758823132,2026-08-24T17:28:30.310313-03:00,,unknown_not_observed_per_size
348,4664,Vestido Linho Arum Off-White,Vestido Linho Arum Off-White,Off White,38,True,VERÃO 2027,Vestidos,https://www.intibrand.com/produto/vestido-linho-arum-off-white-4664,https://cdn.vnda.com.br/intibrand/2025/09/25/14_58_41_737_vestido-20linho-20arum-20off-white-20frente-20-1-20-1-14095230.jpg?v=1758823132,2026-08-24T17:28:30.310313-03:00,,unknown_not_observed_per_size
348,4664,Vestido Linho Arum Off-White,Vestido Linho Arum Off-White,Off White,40,True,VERÃO 2027,Vestidos,https://www.intibrand.com/produto/vestido-linho-arum-off-white-4664,https://cdn.vnda.com.br/intibrand/2025/09/25/14_58_41_737_vestido-20linho-20arum-20off-white-20frente-20-1-20-1-14095230.jpg?v=1758823132,2026-08-24T17:28:30.310313-03:00,,unknown_not_observed_per_size
348,4664,Vestido Linho Arum Off-White,Vestido Linho Arum Off-White,Off White,42,True,VERÃO 2027,Vestidos,https://www.intibrand.com/produto/vestido-linho-arum-off-white-4664,https://cdn.vnda.com.br/intibrand/2025/09/25/14_58_41_737_vestido-20linho-20arum-20off-white-20frente-20-1-20-1-14095230.jpg?v=1758823132,2026-08-24T17:28:30.310313-03:00,,unknown_not_observed_per_size
347,4665,Vestido Linho Arum,Vestido Linho Arum Preto,Preto,36,True,VERÃO 2027,Vestidos,https://www.intibrand.com/produto/vestido-linho-arum-preto-4665,https://cdn.vnda.com.br/intibrand/2025/09/25/14_59_30_579_vestido-20linho-20arum-20preto-20frente-20-1-14099020.jpg?v=1758823174,2026-08-24T17:28:30.310313-03:00,,unknown_not_observed_per_size
347,4665,Vestido Linho Arum,Vestido Linho Arum Preto,Preto,38,True,VERÃO 2027,Vestidos,https://www.intibrand.com/produto/vestido-linho-arum-preto-4665,https://cdn.vnda.com.br/intibrand/2025/09/25/14_59_30_579_vestido-20linho-20arum-20preto-20frente-20-1-14099020.jpg?v=1758823174,2026-08-24T17:28:30.310313-03:00,,unknown_not_observed_per_size
347,4665,Vestido Linho Arum,Vestido Linho Arum Preto,Preto,40,True,VERÃO 2027,Vestidos,https://www.intibrand.com/produto/vestido-linho-arum-preto-4665,https://cdn.vnda.com.br/intibrand/2025/09/25/14_59_30_579_vestido-20linho-20arum-20preto-20frente-20-1-14099020.jpg?v=1758823174,2026-08-24T17:28:30.310313-03:00,,unknown_not_observed_per_size
347,4665,Vestido Linho Arum,Vestido Linho Arum Preto,Preto,42,True,VERÃO 2027,Vestidos,https://www.intibrand.com/produto/vestido-linho-arum-preto-4665,https://cdn.vnda.com.br/intibrand/2025/09/25/14_59_30_579_vestido-20linho-20arum-20preto-20frente-20-1-14099020.jpg?v=1758823174,2026-08-24T17:28:30.310313-03:00,,unknown_not_observed_per_size
349,4663,Vestido Linho Frank,Vestido Linho Frank Bege,Bege,36,True,VERÃO 2027,Vestidos,https://www.intibrand.com/produto/vestido-linho-frank-bege-4663,https://cdn.vnda.com.br/intibrand/2025/09/25/13_47_55_347_vestido-20frank-20bege-20frente-20-1-13095430.jpg?v=1758818880,2026-08-24T17:28:30.310313-03:00,,unknown_not_observed_per_size
349,4663,Vestido Linho Frank,Vestido Linho Frank Bege,Bege,38,True,VERÃO 2027,Vestidos,https://www.intibrand.com/produto/vestido-linho-frank-bege-4663,https://cdn.vnda.com.br/intibrand/2025/09/25/13_47_55_347_vestido-20frank-20bege-20frente-20-1-13095430.jpg?v=1758818880,2026-08-24T17:28:30.310313-03:00,,unknown_not_observed_per_size
349,4663,Vestido Linho Frank,Vestido Linho Frank Bege,Bege,40,True,VERÃO 2027,Vestidos,https://www.intibrand.com/produto/vestido-linho-frank-bege-4663,https://cdn.vnda.com.br/intibrand/2025/09/25/13_47_55_347_vestido-20frank-20bege-20frente-20-1-13095430.jpg?v=1758818880,2026-08-24T17:28:30.310313-03:00,,unknown_not_observed_per_size
349,4663,Vestido Linho Frank,Vestido Linho Frank Bege,Bege,42,True,VERÃO 2027,Vestidos,https://www.intibrand.com/produto/vestido-linho-frank-bege-4663,https://cdn.vnda.com.br/intibrand/2025/09/25/13_47_55_347_vestido-20frank-20bege-20frente-20-1-13095430.jpg?v=1758818880,2026-08-24T17:28:30.310313-03:00,,unknown_not_observed_per_size
349,4662,Vestido Linho Frank,Vestido Linho Frank Preto,Preto,36,True,VERÃO 2027,Vestidos,https://www.intibrand.com/produto/vestido-linho-frank-preto-4662,https://cdn.vnda.com.br/intibrand/2025/09/25/13_50_18_808_vestido-20linho-20frank-20preto-20frente-20-1-20-1-13093920.jpg?v=1758819026,2026-08-24T17:28:30.310313-03:00,,unknown_not_observed_per_size
349,4662,Vestido Linho Frank,Vestido Linho Frank Preto,Preto,38,True,VERÃO 2027,Vestidos,https://www.intibrand.com/produto/vestido-linho-frank-preto-4662,https://cdn.vnda.com.br/intibrand/2025/09/25/13_50_18_808_vestido-20linho-20frank-20preto-20frente-20-1-20-1-13093920.jpg?v=1758819026,2026-08-24T17:28:30.310313-03:00,,unknown_not_observed_per_size
349,4662,Vestido Linho Frank,Vestido Linho Frank Preto,Preto,40,True,VERÃO 2027,Vestidos,https://www.intibrand.com/produto/vestido-linho-frank-preto-4662,https://cdn.vnda.com.br/intibrand/2025/09/25/13_50_18_808_vestido-20linho-20frank-20preto-20frente-20-1-20-1-13093920.jpg?v=1758819026,2026-08-24T17:28:30.310313-03:00,,unknown_not_observed_per_size
349,4662,Vestido Linho Frank,Vestido Linho Frank Preto,Preto,42,True,VERÃO 2027,Vestidos,https://www.intibrand.com/produto/vestido-linho-frank-preto-4662,https://cdn.vnda.com.br/intibrand/2025/09/25/13_50_18_808_vestido-20linho-20frank-20preto-20frente-20-1-20-1-13093920.jpg?v=1758819026,2026-08-24T17:28:30.310313-03:00,,unknown_not_observed_per_size
350,4560,Vestido Linho Masp,Vestido Linho Masp Avelã,Avelã,36,True,VERÃO 2027,Vestidos,https://www.intibrand.com/produto/vestido-linho-masp-avela-4560,https://cdn.vnda.com.br/intibrand/2025/08/05/12_29_45_301_vestido-20masp-20avel-c3-83-20frente-20-2-20-1-12088760.jpg?v=1754407792,2026-08-24T17:28:30.310313-03:00,,unknown_not_observed_per_size
350,4560,Vestido Linho Masp,Vestido Linho Masp Avelã,Avelã,38,True,VERÃO 2027,Vestidos,https://www.intibrand.com/produto/vestido-linho-masp-avela-4560,https://cdn.vnda.com.br/intibrand/2025/08/05/12_29_45_301_vestido-20masp-20avel-c3-83-20frente-20-2-20-1-12088760.jpg?v=1754407792,2026-08-24T17:28:30.310313-03:00,,unknown_not_observed_per_size
350,4560,Vestido Linho Masp,Vestido Linho Masp Avelã,Avelã,40,True,VERÃO 2027,Vestidos,https://www.intibrand.com/produto/vestido-linho-masp-avela-4560,https://cdn.vnda.com.br/intibrand/2025/08/05/12_29_45_301_vestido-20masp-20avel-c3-83-20frente-20-2-20-1-12088760.jpg?v=1754407792,2026-08-24T17:28:30.310313-03:00,,unknown_not_observed_per_size
350,4560,Vestido Linho Masp,Vestido Linho Masp Avelã,Avelã,42,True,VERÃO 2027,Vestidos,https://www.intibrand.com/produto/vestido-linho-masp-avela-4560,https://cdn.vnda.com.br/intibrand/2025/08/05/12_29_45_301_vestido-20masp-20avel-c3-83-20frente-20-2-20-1-12088760.jpg?v=1754407792,2026-08-24T17:28:30.310313-03:00,,unknown_not_observed_per_size
351,4558,Vestido Linho Masp Off-White,Vestido Linho Masp Off-White,Off White,36,True,VERÃO 2027,Vestidos,https://www.intibrand.com/produto/vestido-linho-masp-off-white-4558,https://cdn.vnda.com.br/intibrand/2025/08/27/09_39_24_430_vestido-20masp-20off-white-20frente-201-20-1-09088220.jpg?v=1756298384,2026-08-24T17:28:30.310313-03:00,,unknown_not_observed_per_size
351,4558,Vestido Linho Masp Off-White,Vestido Linho Masp Off-White,Off White,38,True,VERÃO 2027,Vestidos,https://www.intibrand.com/produto/vestido-linho-masp-off-white-4558,https://cdn.vnda.com.br/intibrand/2025/08/27/09_39_24_430_vestido-20masp-20off-white-20frente-201-20-1-09088220.jpg?v=1756298384,2026-08-24T17:28:30.310313-03:00,,unknown_not_observed_per_size
351,4558,Vestido Linho Masp Off-White,Vestido Linho Masp Off-White,Off White,40,True,VERÃO 2027,Vestidos,https://www.intibrand.com/produto/vestido-linho-masp-off-white-4558,https://cdn.vnda.com.br/intibrand/2025/08/27/09_39_24_430_vestido-20masp-20off-white-20frente-201-20-1-09088220.jpg?v=1756298384,2026-08-24T17:28:30.310313-03:00,,unknown_not_observed_per_size
351,4558,Vestido Linho Masp Off-White,Vestido Linho Masp Off-White,Off White,42,True,VERÃO 2027,Vestidos,https://www.intibrand.com/produto/vestido-linho-masp-off-white-4558,https://cdn.vnda.com.br/intibrand/2025/08/27/09_39_24_430_vestido-20masp-20off-white-20frente-201-20-1-09088220.jpg?v=1756298384,2026-08-24T17:28:30.310313-03:00,,unknown_not_observed_per_size
350,4559,Vestido Linho Masp,Vestido Linho Masp Preto,Preto,36,True,VERÃO 2027,Vestidos,https://www.intibrand.com/produto/vestido-linho-masp-preto-4559,https://cdn.vnda.com.br/intibrand/2025/08/05/12_33_04_423_vestido-20masp-20preto-20frente-20-1-20-1-12081980.jpg?v=1754407992,2026-08-24T17:28:30.310313-03:00,,unknown_not_observed_per_size
350,4559,Vestido Linho Masp,Vestido Linho Masp Preto,Preto,38,True,VERÃO 2027,Vestidos,https://www.intibrand.com/produto/vestido-linho-masp-preto-4559,https://cdn.vnda.com.br/intibrand/2025/08/05/12_33_04_423_vestido-20masp-20preto-20frente-20-1-20-1-12081980.jpg?v=1754407992,2026-08-24T17:28:30.310313-03:00,,unknown_not_observed_per_size
350,4559,Vestido Linho Masp,Vestido Linho Masp Preto,Preto,40,True,VERÃO 2027,Vestidos,https://www.intibrand.com/produto/vestido-linho-masp-preto-4559,https://cdn.vnda.com.br/intibrand/2025/08/05/12_33_04_423_vestido-20masp-20preto-20frente-20-1-20-1-12081980.jpg?v=1754407992,2026-08-24T17:28:30.310313-03:00,,unknown_not_observed_per_size
350,4559,Vestido Linho Masp,Vestido Linho Masp Preto,Preto,42,True,VERÃO 2027,Vestidos,https://www.intibrand.com/produto/vestido-linho-masp-preto-4559,https://cdn.vnda.com.br/intibrand/2025/08/05/12_33_04_423_vestido-20masp-20preto-20frente-20-1-20-1-12081980.jpg?v=1754407992,2026-08-24T17:28:30.310313-03:00,,unknown_not_observed_per_size
352,4405,Vestido Linho Reyes,Vestido Linho Reyes Preto,Preto,36,True,VERÃO 2027,Vestidos,https://www.intibrand.com/produto/vestido-linho-reyes-preto-4405,https://cdn.vnda.com.br/intibrand/2025/01/29/10_26_41_162_10_1_2_262_vestido20reyes20linho20preto20aw2520frente201.jpg?v=1738157207,2026-08-24T17:28:30.310313-03:00,,unknown_not_observed_per_size
352,4405,Vestido Linho Reyes,Vestido Linho Reyes Preto,Preto,38,True,VERÃO 2027,Vestidos,https://www.intibrand.com/produto/vestido-linho-reyes-preto-4405,https://cdn.vnda.com.br/intibrand/2025/01/29/10_26_41_162_10_1_2_262_vestido20reyes20linho20preto20aw2520frente201.jpg?v=1738157207,2026-08-24T17:28:30.310313-03:00,,unknown_not_observed_per_size
352,4405,Vestido Linho Reyes,Vestido Linho Reyes Preto,Preto,40,True,VERÃO 2027,Vestidos,https://www.intibrand.com/produto/vestido-linho-reyes-preto-4405,https://cdn.vnda.com.br/intibrand/2025/01/29/10_26_41_162_10_1_2_262_vestido20reyes20linho20preto20aw2520frente201.jpg?v=1738157207,2026-08-24T17:28:30.310313-03:00,,unknown_not_observed_per_size
352,4405,Vestido Linho Reyes,Vestido Linho Reyes Preto,Preto,42,True,VERÃO 2027,Vestidos,https://www.intibrand.com/produto/vestido-linho-reyes-preto-4405,https://cdn.vnda.com.br/intibrand/2025/01/29/10_26_41_162_10_1_2_262_vestido20reyes20linho20preto20aw2520frente201.jpg?v=1738157207,2026-08-24T17:28:30.310313-03:00,,unknown_not_observed_per_size
353,4757,Vestido Linho Sugarloaf,Vestido Linho Sugarloaf Avelã,Avelã,36,True,VERÃO 2027,Vestidos,https://www.intibrand.com/produto/vestido-linho-sugarloaf-avela-4757,https://cdn.vnda.com.br/intibrand/2025/12/10/15_40_01_396_vestido-20linho-20sugarloaf-20avel-c3-83-20frente-15124900.jpg?v=1765392001,2026-08-24T17:28:30.310313-03:00,,unknown_not_observed_per_size
353,4757,Vestido Linho Sugarloaf,Vestido Linho Sugarloaf Avelã,Avelã,38,True,VERÃO 2027,Vestidos,https://www.intibrand.com/produto/vestido-linho-sugarloaf-avela-4757,https://cdn.vnda.com.br/intibrand/2025/12/10/15_40_01_396_vestido-20linho-20sugarloaf-20avel-c3-83-20frente-15124900.jpg?v=1765392001,2026-08-24T17:28:30.310313-03:00,,unknown_not_observed_per_size
353,4757,Vestido Linho Sugarloaf,Vestido Linho Sugarloaf Avelã,Avelã,40,True,VERÃO 2027,Vestidos,https://www.intibrand.com/produto/vestido-linho-sugarloaf-avela-4757,https://cdn.vnda.com.br/intibrand/2025/12/10/15_40_01_396_vestido-20linho-20sugarloaf-20avel-c3-83-20frente-15124900.jpg?v=1765392001,2026-08-24T17:28:30.310313-03:00,,unknown_not_observed_per_size
353,4757,Vestido Linho Sugarloaf,Vestido Linho Sugarloaf Avelã,Avelã,42,True,VERÃO 2027,Vestidos,https://www.intibrand.com/produto/vestido-linho-sugarloaf-avela-4757,https://cdn.vnda.com.br/intibrand/2025/12/10/15_40_01_396_vestido-20linho-20sugarloaf-20avel-c3-83-20frente-15124900.jpg?v=1765392001,2026-08-24T17:28:30.310313-03:00,,unknown_not_observed_per_size
354,4755,Vestido Linho Sugarloaf Off-White,Vestido Linho Sugarloaf Off-White,Off White,36,True,VERÃO 2027,Vestidos,https://www.intibrand.com/produto/vestido-linho-sugarloaf-off-white-4755,https://cdn.vnda.com.br/intibrand/2025/12/10/15_43_22_693_vestido-20linho-20sugarloaf-20off-white-20frente-202-15128300.jpg?v=1765392208,2026-08-24T17:28:30.310313-03:00,,unknown_not_observed_per_size
354,4755,Vestido Linho Sugarloaf Off-White,Vestido Linho Sugarloaf Off-White,Off White,38,True,VERÃO 2027,Vestidos,https://www.intibrand.com/produto/vestido-linho-sugarloaf-off-white-4755,https://cdn.vnda.com.br/intibrand/2025/12/10/15_43_22_693_vestido-20linho-20sugarloaf-20off-white-20frente-202-15128300.jpg?v=1765392208,2026-08-24T17:28:30.310313-03:00,,unknown_not_observed_per_size
354,4755,Vestido Linho Sugarloaf Off-White,Vestido Linho Sugarloaf Off-White,Off White,40,True,VERÃO 2027,Vestidos,https://www.intibrand.com/produto/vestido-linho-sugarloaf-off-white-4755,https://cdn.vnda.com.br/intibrand/2025/12/10/15_43_22_693_vestido-20linho-20sugarloaf-20off-white-20frente-202-15128300.jpg?v=1765392208,2026-08-24T17:28:30.310313-03:00,,unknown_not_observed_per_size
354,4755,Vestido Linho Sugarloaf Off-White,Vestido Linho Sugarloaf Off-White,Off White,42,True,VERÃO 2027,Vestidos,https://www.intibrand.com/produto/vestido-linho-sugarloaf-off-white-4755,https://cdn.vnda.com.br/intibrand/2025/12/10/15_43_22_693_vestido-20linho-20sugarloaf-20off-white-20frente-202-15128300.jpg?v=1765392208,2026-08-24T17:28:30.310313-03:00,,unknown_not_observed_per_size
353,4756,Vestido Linho Sugarloaf,Vestido Linho Sugarloaf Preto,Preto,36,True,VERÃO 2027,Vestidos,https://www.intibrand.com/produto/vestido-linho-sugarloaf-preto-4756,https://cdn.vnda.com.br/intibrand/2025/12/10/15_40_33_586_vestido-20linho-20sugarloaf-20preto-20frente-15127800.jpg?v=1765392110,2026-08-24T17:28:30.310313-03:00,,unknown_not_observed_per_size
353,4756,Vestido Linho Sugarloaf,Vestido Linho Sugarloaf Preto,Preto,38,True,VERÃO 2027,Vestidos,https://www.intibrand.com/produto/vestido-linho-sugarloaf-preto-4756,https://cdn.vnda.com.br/intibrand/2025/12/10/15_40_33_586_vestido-20linho-20sugarloaf-20preto-20frente-15127800.jpg?v=1765392110,2026-08-24T17:28:30.310313-03:00,,unknown_not_observed_per_size
353,4756,Vestido Linho Sugarloaf,Vestido Linho Sugarloaf Preto,Preto,40,True,VERÃO 2027,Vestidos,https://www.intibrand.com/produto/vestido-linho-sugarloaf-preto-4756,https://cdn.vnda.com.br/intibrand/2025/12/10/15_40_33_586_vestido-20linho-20sugarloaf-20preto-20frente-15127800.jpg?v=1765392110,2026-08-24T17:28:30.310313-03:00,,unknown_not_observed_per_size
353,4756,Vestido Linho Sugarloaf,Vestido Linho Sugarloaf Preto,Preto,42,True,VERÃO 2027,Vestidos,https://www.intibrand.com/produto/vestido-linho-sugarloaf-preto-4756,https://cdn.vnda.com.br/intibrand/2025/12/10/15_40_33_586_vestido-20linho-20sugarloaf-20preto-20frente-15127800.jpg?v=1765392110,2026-08-24T17:28:30.310313-03:00,,unknown_not_observed_per_size
356,4716,Vestido Loren Off-White,Vestido Loren Off-White,Off White,36,True,VERÃO 2027,Vestidos,https://www.intibrand.com/produto/vestido-loren-off-white-4716,https://cdn.vnda.com.br/intibrand/2025/11/26/17_07_20_777_vestido-20loren-20off-white-20frente-17112920.jpg?v=1764187640,2026-08-24T17:28:30.310313-03:00,,unknown_not_observed_per_size
356,4716,Vestido Loren Off-White,Vestido Loren Off-White,Off White,38,True,VERÃO 2027,Vestidos,https://www.intibrand.com/produto/vestido-loren-off-white-4716,https://cdn.vnda.com.br/intibrand/2025/11/26/17_07_20_777_vestido-20loren-20off-white-20frente-17112920.jpg?v=1764187640,2026-08-24T17:28:30.310313-03:00,,unknown_not_observed_per_size
356,4716,Vestido Loren Off-White,Vestido Loren Off-White,Off White,40,True,VERÃO 2027,Vestidos,https://www.intibrand.com/produto/vestido-loren-off-white-4716,https://cdn.vnda.com.br/intibrand/2025/11/26/17_07_20_777_vestido-20loren-20off-white-20frente-17112920.jpg?v=1764187640,2026-08-24T17:28:30.310313-03:00,,unknown_not_observed_per_size
356,4716,Vestido Loren Off-White,Vestido Loren Off-White,Off White,42,True,VERÃO 2027,Vestidos,https://www.intibrand.com/produto/vestido-loren-off-white-4716,https://cdn.vnda.com.br/intibrand/2025/11/26/17_07_20_777_vestido-20loren-20off-white-20frente-17112920.jpg?v=1764187640,2026-08-24T17:28:30.310313-03:00,,unknown_not_observed_per_size
355,4717,Vestido Loren,Vestido Loren Preto,Preto,36,True,VERÃO 2027,Vestidos,https://www.intibrand.com/produto/vestido-loren-preto-4717,https://cdn.vnda.com.br/intibrand/2025/11/26/17_08_02_742_vestido-20loren-20preto-20frente-17113960.jpg?v=1764187689,2026-08-24T17:28:30.310313-03:00,,unknown_not_observed_per_size
355,4717,Vestido Loren,Vestido Loren Preto,Preto,38,True,VERÃO 2027,Vestidos,https://www.intibrand.com/produto/vestido-loren-preto-4717,https://cdn.vnda.com.br/intibrand/2025/11/26/17_08_02_742_vestido-20loren-20preto-20frente-17113960.jpg?v=1764187689,2026-08-24T17:28:30.310313-03:00,,unknown_not_observed_per_size
355,4717,Vestido Loren,Vestido Loren Preto,Preto,40,True,VERÃO 2027,Vestidos,https://www.intibrand.com/produto/vestido-loren-preto-4717,https://cdn.vnda.com.br/intibrand/2025/11/26/17_08_02_742_vestido-20loren-20preto-20frente-17113960.jpg?v=1764187689,2026-08-24T17:28:30.310313-03:00,,unknown_not_observed_per_size
355,4717,Vestido Loren,Vestido Loren Preto,Preto,42,True,VERÃO 2027,Vestidos,https://www.intibrand.com/produto/vestido-loren-preto-4717,https://cdn.vnda.com.br/intibrand/2025/11/26/17_08_02_742_vestido-20loren-20preto-20frente-17113960.jpg?v=1764187689,2026-08-24T17:28:30.310313-03:00,,unknown_not_observed_per_size
358,4547,Vestido Ludwig Off-White,Vestido Ludwig Off-White,Off White,34,True,VERÃO 2027,Vestidos,https://www.intibrand.com/produto/vestido-ludwig-off-white-4547,https://cdn.vnda.com.br/intibrand/2025/08/04/13_22_47_429_vestido-20ludwig-20off-white-20frente-20-1-20-1-13081110.jpg?v=1754324567,2026-08-24T17:28:30.310313-03:00,,unknown_not_observed_per_size
358,4547,Vestido Ludwig Off-White,Vestido Ludwig Off-White,Off White,36,True,VERÃO 2027,Vestidos,https://www.intibrand.com/produto/vestido-ludwig-off-white-4547,https://cdn.vnda.com.br/intibrand/2025/08/04/13_22_47_429_vestido-20ludwig-20off-white-20frente-20-1-20-1-13081110.jpg?v=1754324567,2026-08-24T17:28:30.310313-03:00,,unknown_not_observed_per_size
358,4547,Vestido Ludwig Off-White,Vestido Ludwig Off-White,Off White,38,True,VERÃO 2027,Vestidos,https://www.intibrand.com/produto/vestido-ludwig-off-white-4547,https://cdn.vnda.com.br/intibrand/2025/08/04/13_22_47_429_vestido-20ludwig-20off-white-20frente-20-1-20-1-13081110.jpg?v=1754324567,2026-08-24T17:28:30.310313-03:00,,unknown_not_observed_per_size
358,4547,Vestido Ludwig Off-White,Vestido Ludwig Off-White,Off White,40,True,VERÃO 2027,Vestidos,https://www.intibrand.com/produto/vestido-ludwig-off-white-4547,https://cdn.vnda.com.br/intibrand/2025/08/04/13_22_47_429_vestido-20ludwig-20off-white-20frente-20-1-20-1-13081110.jpg?v=1754324567,2026-08-24T17:28:30.310313-03:00,,unknown_not_observed_per_size
358,4547,Vestido Ludwig Off-White,Vestido Ludwig Off-White,Off White,42,True,VERÃO 2027,Vestidos,https://www.intibrand.com/produto/vestido-ludwig-off-white-4547,https://cdn.vnda.com.br/intibrand/2025/08/04/13_22_47_429_vestido-20ludwig-20off-white-20frente-20-1-20-1-13081110.jpg?v=1754324567,2026-08-24T17:28:30.310313-03:00,,unknown_not_observed_per_size
358,4547,Vestido Ludwig Off-White,Vestido Ludwig Off-White,Off White,44,True,VERÃO 2027,Vestidos,https://www.intibrand.com/produto/vestido-ludwig-off-white-4547,https://cdn.vnda.com.br/intibrand/2025/08/04/13_22_47_429_vestido-20ludwig-20off-white-20frente-20-1-20-1-13081110.jpg?v=1754324567,2026-08-24T17:28:30.310313-03:00,,unknown_not_observed_per_size
357,4548,Vestido Ludwig,Vestido Ludwig Preto,Preto,34,True,VERÃO 2027,Vestidos,https://www.intibrand.com/produto/vestido-ludwig-preto-4548,https://cdn.vnda.com.br/intibrand/2025/08/26/13_20_37_23_vestido-20ludwig-20preto-20frente-201-20-2-13089100.jpg?v=1756225239,2026-08-24T17:28:30.310313-03:00,,unknown_not_observed_per_size
357,4548,Vestido Ludwig,Vestido Ludwig Preto,Preto,36,True,VERÃO 2027,Vestidos,https://www.intibrand.com/produto/vestido-ludwig-preto-4548,https://cdn.vnda.com.br/intibrand/2025/08/26/13_20_37_23_vestido-20ludwig-20preto-20frente-201-20-2-13089100.jpg?v=1756225239,2026-08-24T17:28:30.310313-03:00,,unknown_not_observed_per_size
357,4548,Vestido Ludwig,Vestido Ludwig Preto,Preto,38,True,VERÃO 2027,Vestidos,https://www.intibrand.com/produto/vestido-ludwig-preto-4548,https://cdn.vnda.com.br/intibrand/2025/08/26/13_20_37_23_vestido-20ludwig-20preto-20frente-201-20-2-13089100.jpg?v=1756225239,2026-08-24T17:28:30.310313-03:00,,unknown_not_observed_per_size
357,4548,Vestido Ludwig,Vestido Ludwig Preto,Preto,40,True,VERÃO 2027,Vestidos,https://www.intibrand.com/produto/vestido-ludwig-preto-4548,https://cdn.vnda.com.br/intibrand/2025/08/26/13_20_37_23_vestido-20ludwig-20preto-20frente-201-20-2-13089100.jpg?v=1756225239,2026-08-24T17:28:30.310313-03:00,,unknown_not_observed_per_size
357,4548,Vestido Ludwig,Vestido Ludwig Preto,Preto,42,True,VERÃO 2027,Vestidos,https://www.intibrand.com/produto/vestido-ludwig-preto-4548,https://cdn.vnda.com.br/intibrand/2025/08/26/13_20_37_23_vestido-20ludwig-20preto-20frente-201-20-2-13089100.jpg?v=1756225239,2026-08-24T17:28:30.310313-03:00,,unknown_not_observed_per_size
357,4548,Vestido Ludwig,Vestido Ludwig Preto,Preto,44,True,VERÃO 2027,Vestidos,https://www.intibrand.com/produto/vestido-ludwig-preto-4548,https://cdn.vnda.com.br/intibrand/2025/08/26/13_20_37_23_vestido-20ludwig-20preto-20frente-201-20-2-13089100.jpg?v=1756225239,2026-08-24T17:28:30.310313-03:00,,unknown_not_observed_per_size
357,4549,Vestido Ludwig,Vestido Ludwig Vermelho,Vermelho,34,True,VERÃO 2027,Vestidos,https://www.intibrand.com/produto/vestido-ludwig-vermelho-4549,https://cdn.vnda.com.br/intibrand/2025/08/04/13_20_18_174_vestido-20ludwig-20vermelho-20frente-20-1-20-1-13087210.jpg?v=1754324418,2026-08-24T17:28:30.310313-03:00,,unknown_not_observed_per_size
357,4549,Vestido Ludwig,Vestido Ludwig Vermelho,Vermelho,36,True,VERÃO 2027,Vestidos,https://www.intibrand.com/produto/vestido-ludwig-vermelho-4549,https://cdn.vnda.com.br/intibrand/2025/08/04/13_20_18_174_vestido-20ludwig-20vermelho-20frente-20-1-20-1-13087210.jpg?v=1754324418,2026-08-24T17:28:30.310313-03:00,,unknown_not_observed_per_size
357,4549,Vestido Ludwig,Vestido Ludwig Vermelho,Vermelho,38,True,VERÃO 2027,Vestidos,https://www.intibrand.com/produto/vestido-ludwig-vermelho-4549,https://cdn.vnda.com.br/intibrand/2025/08/04/13_20_18_174_vestido-20ludwig-20vermelho-20frente-20-1-20-1-13087210.jpg?v=1754324418,2026-08-24T17:28:30.310313-03:00,,unknown_not_observed_per_size
357,4549,Vestido Ludwig,Vestido Ludwig Vermelho,Vermelho,40,True,VERÃO 2027,Vestidos,https://www.intibrand.com/produto/vestido-ludwig-vermelho-4549,https://cdn.vnda.com.br/intibrand/2025/08/04/13_20_18_174_vestido-20ludwig-20vermelho-20frente-20-1-20-1-13087210.jpg?v=1754324418,2026-08-24T17:28:30.310313-03:00,,unknown_not_observed_per_size
357,4549,Vestido Ludwig,Vestido Ludwig Vermelho,Vermelho,42,True,VERÃO 2027,Vestidos,https://www.intibrand.com/produto/vestido-ludwig-vermelho-4549,https://cdn.vnda.com.br/intibrand/2025/08/04/13_20_18_174_vestido-20ludwig-20vermelho-20frente-20-1-20-1-13087210.jpg?v=1754324418,2026-08-24T17:28:30.310313-03:00,,unknown_not_observed_per_size
357,4549,Vestido Ludwig,Vestido Ludwig Vermelho,Vermelho,44,True,VERÃO 2027,Vestidos,https://www.intibrand.com/produto/vestido-ludwig-vermelho-4549,https://cdn.vnda.com.br/intibrand/2025/08/04/13_20_18_174_vestido-20ludwig-20vermelho-20frente-20-1-20-1-13087210.jpg?v=1754324418,2026-08-24T17:28:30.310313-03:00,,unknown_not_observed_per_size
360,4780,Vestido Maddox Off-White,Vestido Maddox Off-White,Off White,34,True,VERÃO 2027,Vestidos,https://www.intibrand.com/produto/vestido-maddox-off-white-4780,https://cdn.vnda.com.br/intibrand/2026/02/10/17_02_36_982_vestido-20maddox-20off-white-20-20frente-20-1-17022280.jpg?v=1770753789,2026-08-24T17:28:30.310313-03:00,,unknown_not_observed_per_size
360,4780,Vestido Maddox Off-White,Vestido Maddox Off-White,Off White,36,True,VERÃO 2027,Vestidos,https://www.intibrand.com/produto/vestido-maddox-off-white-4780,https://cdn.vnda.com.br/intibrand/2026/02/10/17_02_36_982_vestido-20maddox-20off-white-20-20frente-20-1-17022280.jpg?v=1770753789,2026-08-24T17:28:30.310313-03:00,,unknown_not_observed_per_size
360,4780,Vestido Maddox Off-White,Vestido Maddox Off-White,Off White,38,True,VERÃO 2027,Vestidos,https://www.intibrand.com/produto/vestido-maddox-off-white-4780,https://cdn.vnda.com.br/intibrand/2026/02/10/17_02_36_982_vestido-20maddox-20off-white-20-20frente-20-1-17022280.jpg?v=1770753789,2026-08-24T17:28:30.310313-03:00,,unknown_not_observed_per_size
360,4780,Vestido Maddox Off-White,Vestido Maddox Off-White,Off White,40,True,VERÃO 2027,Vestidos,https://www.intibrand.com/produto/vestido-maddox-off-white-4780,https://cdn.vnda.com.br/intibrand/2026/02/10/17_02_36_982_vestido-20maddox-20off-white-20-20frente-20-1-17022280.jpg?v=1770753789,2026-08-24T17:28:30.310313-03:00,,unknown_not_observed_per_size
360,4780,Vestido Maddox Off-White,Vestido Maddox Off-White,Off White,42,True,VERÃO 2027,Vestidos,https://www.intibrand.com/produto/vestido-maddox-off-white-4780,https://cdn.vnda.com.br/intibrand/2026/02/10/17_02_36_982_vestido-20maddox-20off-white-20-20frente-20-1-17022280.jpg?v=1770753789,2026-08-24T17:28:30.310313-03:00,,unknown_not_observed_per_size
359,4782,Vestido Maddox,Vestido Maddox Vermelho,Vermelho,34,True,VERÃO 2027,Vestidos,https://www.intibrand.com/produto/vestido-maddox-vermelho-4782,https://cdn.vnda.com.br/intibrand/2026/02/10/17_00_03_877_vestido-20maddox-20vermelho-20frente-203-16025770.jpg?v=1770753636,2026-08-24T17:28:30.310313-03:00,,unknown_not_observed_per_size
359,4782,Vestido Maddox,Vestido Maddox Vermelho,Vermelho,36,True,VERÃO 2027,Vestidos,https://www.intibrand.com/produto/vestido-maddox-vermelho-4782,https://cdn.vnda.com.br/intibrand/2026/02/10/17_00_03_877_vestido-20maddox-20vermelho-20frente-203-16025770.jpg?v=1770753636,2026-08-24T17:28:30.310313-03:00,,unknown_not_observed_per_size
359,4782,Vestido Maddox,Vestido Maddox Vermelho,Vermelho,38,True,VERÃO 2027,Vestidos,https://www.intibrand.com/produto/vestido-maddox-vermelho-4782,https://cdn.vnda.com.br/intibrand/2026/02/10/17_00_03_877_vestido-20maddox-20vermelho-20frente-203-16025770.jpg?v=1770753636,2026-08-24T17:28:30.310313-03:00,,unknown_not_observed_per_size
359,4782,Vestido Maddox,Vestido Maddox Vermelho,Vermelho,40,True,VERÃO 2027,Vestidos,https://www.intibrand.com/produto/vestido-maddox-vermelho-4782,https://cdn.vnda.com.br/intibrand/2026/02/10/17_00_03_877_vestido-20maddox-20vermelho-20frente-203-16025770.jpg?v=1770753636,2026-08-24T17:28:30.310313-03:00,,unknown_not_observed_per_size
359,4782,Vestido Maddox,Vestido Maddox Vermelho,Vermelho,42,True,VERÃO 2027,Vestidos,https://www.intibrand.com/produto/vestido-maddox-vermelho-4782,https://cdn.vnda.com.br/intibrand/2026/02/10/17_00_03_877_vestido-20maddox-20vermelho-20frente-203-16025770.jpg?v=1770753636,2026-08-24T17:28:30.310313-03:00,,unknown_not_observed_per_size
362,4719,Vestido Malmo Off-White,Vestido Malmo Off-White,Off White,34,True,VERÃO 2027,Vestidos,https://www.intibrand.com/produto/vestido-malmo-off-white-4719,https://cdn.vnda.com.br/intibrand/2025/11/28/12_03_54_860_vestido-20malmo-20off-white-20lado-12110410.jpg?v=1764342234,2026-08-24T17:28:30.310313-03:00,,unknown_not_observed_per_size
362,4719,Vestido Malmo Off-White,Vestido Malmo Off-White,Off White,36,True,VERÃO 2027,Vestidos,https://www.intibrand.com/produto/vestido-malmo-off-white-4719,https://cdn.vnda.com.br/intibrand/2025/11/28/12_03_54_860_vestido-20malmo-20off-white-20lado-12110410.jpg?v=1764342234,2026-08-24T17:28:30.310313-03:00,,unknown_not_observed_per_size
362,4719,Vestido Malmo Off-White,Vestido Malmo Off-White,Off White,38,True,VERÃO 2027,Vestidos,https://www.intibrand.com/produto/vestido-malmo-off-white-4719,https://cdn.vnda.com.br/intibrand/2025/11/28/12_03_54_860_vestido-20malmo-20off-white-20lado-12110410.jpg?v=1764342234,2026-08-24T17:28:30.310313-03:00,,unknown_not_observed_per_size
362,4719,Vestido Malmo Off-White,Vestido Malmo Off-White,Off White,40,True,VERÃO 2027,Vestidos,https://www.intibrand.com/produto/vestido-malmo-off-white-4719,https://cdn.vnda.com.br/intibrand/2025/11/28/12_03_54_860_vestido-20malmo-20off-white-20lado-12110410.jpg?v=1764342234,2026-08-24T17:28:30.310313-03:00,,unknown_not_observed_per_size
362,4719,Vestido Malmo Off-White,Vestido Malmo Off-White,Off White,42,True,VERÃO 2027,Vestidos,https://www.intibrand.com/produto/vestido-malmo-off-white-4719,https://cdn.vnda.com.br/intibrand/2025/11/28/12_03_54_860_vestido-20malmo-20off-white-20lado-12110410.jpg?v=1764342234,2026-08-24T17:28:30.310313-03:00,,unknown_not_observed_per_size
361,4720,Vestido Malmo,Vestido Malmo Preto,Preto,34,True,VERÃO 2027,Vestidos,https://www.intibrand.com/produto/vestido-malmo-preto-4720,https://cdn.vnda.com.br/intibrand/2025/11/28/12_05_42_413_vestido-20malmo-20preto-20lado-12117200.jpg?v=1764342347,2026-08-24T17:28:30.310313-03:00,,unknown_not_observed_per_size
361,4720,Vestido Malmo,Vestido Malmo Preto,Preto,36,True,VERÃO 2027,Vestidos,https://www.intibrand.com/produto/vestido-malmo-preto-4720,https://cdn.vnda.com.br/intibrand/2025/11/28/12_05_42_413_vestido-20malmo-20preto-20lado-12117200.jpg?v=1764342347,2026-08-24T17:28:30.310313-03:00,,unknown_not_observed_per_size
361,4720,Vestido Malmo,Vestido Malmo Preto,Preto,38,True,VERÃO 2027,Vestidos,https://www.intibrand.com/produto/vestido-malmo-preto-4720,https://cdn.vnda.com.br/intibrand/2025/11/28/12_05_42_413_vestido-20malmo-20preto-20lado-12117200.jpg?v=1764342347,2026-08-24T17:28:30.310313-03:00,,unknown_not_observed_per_size
361,4720,Vestido Malmo,Vestido Malmo Preto,Preto,40,True,VERÃO 2027,Vestidos,https://www.intibrand.com/produto/vestido-malmo-preto-4720,https://cdn.vnda.com.br/intibrand/2025/11/28/12_05_42_413_vestido-20malmo-20preto-20lado-12117200.jpg?v=1764342347,2026-08-24T17:28:30.310313-03:00,,unknown_not_observed_per_size
361,4720,Vestido Malmo,Vestido Malmo Preto,Preto,42,True,VERÃO 2027,Vestidos,https://www.intibrand.com/produto/vestido-malmo-preto-4720,https://cdn.vnda.com.br/intibrand/2025/11/28/12_05_42_413_vestido-20malmo-20preto-20lado-12117200.jpg?v=1764342347,2026-08-24T17:28:30.310313-03:00,,unknown_not_observed_per_size
361,4721,Vestido Malmo,Vestido Malmo Vermelho,Vermelho,34,True,VERÃO 2027,Vestidos,https://www.intibrand.com/produto/vestido-malmo-vermelho-4721,https://cdn.vnda.com.br/intibrand/2025/11/28/12_04_45_740_vestido-20malmo-20vermelho-20frente-12111890.jpg?v=1764342285,2026-08-24T17:28:30.310313-03:00,,unknown_not_observed_per_size
361,4721,Vestido Malmo,Vestido Malmo Vermelho,Vermelho,36,True,VERÃO 2027,Vestidos,https://www.intibrand.com/produto/vestido-malmo-vermelho-4721,https://cdn.vnda.com.br/intibrand/2025/11/28/12_04_45_740_vestido-20malmo-20vermelho-20frente-12111890.jpg?v=1764342285,2026-08-24T17:28:30.310313-03:00,,unknown_not_observed_per_size
361,4721,Vestido Malmo,Vestido Malmo Vermelho,Vermelho,38,True,VERÃO 2027,Vestidos,https://www.intibrand.com/produto/vestido-malmo-vermelho-4721,https://cdn.vnda.com.br/intibrand/2025/11/28/12_04_45_740_vestido-20malmo-20vermelho-20frente-12111890.jpg?v=1764342285,2026-08-24T17:28:30.310313-03:00,,unknown_not_observed_per_size
361,4721,Vestido Malmo,Vestido Malmo Vermelho,Vermelho,40,True,VERÃO 2027,Vestidos,https://www.intibrand.com/produto/vestido-malmo-vermelho-4721,https://cdn.vnda.com.br/intibrand/2025/11/28/12_04_45_740_vestido-20malmo-20vermelho-20frente-12111890.jpg?v=1764342285,2026-08-24T17:28:30.310313-03:00,,unknown_not_observed_per_size
361,4721,Vestido Malmo,Vestido Malmo Vermelho,Vermelho,42,True,VERÃO 2027,Vestidos,https://www.intibrand.com/produto/vestido-malmo-vermelho-4721,https://cdn.vnda.com.br/intibrand/2025/11/28/12_04_45_740_vestido-20malmo-20vermelho-20frente-12111890.jpg?v=1764342285,2026-08-24T17:28:30.310313-03:00,,unknown_not_observed_per_size
363,4107,Vestido Matt,Vestido Matt Preto,Preto,34,True,VERÃO 2027,Vestidos,https://www.intibrand.com/produto/vestido-matt-preto-4107,https://cdn.vnda.com.br/intibrand/2024/05/24/11_43_39_556_11_5_5_566_vestido20matt2020preto20zoom201202.jpg?v=1716561837,2026-08-24T17:28:30.310313-03:00,,unknown_not_observed_per_size
363,4107,Vestido Matt,Vestido Matt Preto,Preto,36,True,VERÃO 2027,Vestidos,https://www.intibrand.com/produto/vestido-matt-preto-4107,https://cdn.vnda.com.br/intibrand/2024/05/24/11_43_39_556_11_5_5_566_vestido20matt2020preto20zoom201202.jpg?v=1716561837,2026-08-24T17:28:30.310313-03:00,,unknown_not_observed_per_size
363,4107,Vestido Matt,Vestido Matt Preto,Preto,38,True,VERÃO 2027,Vestidos,https://www.intibrand.com/produto/vestido-matt-preto-4107,https://cdn.vnda.com.br/intibrand/2024/05/24/11_43_39_556_11_5_5_566_vestido20matt2020preto20zoom201202.jpg?v=1716561837,2026-08-24T17:28:30.310313-03:00,,unknown_not_observed_per_size
363,4107,Vestido Matt,Vestido Matt Preto,Preto,40,True,VERÃO 2027,Vestidos,https://www.intibrand.com/produto/vestido-matt-preto-4107,https://cdn.vnda.com.br/intibrand/2024/05/24/11_43_39_556_11_5_5_566_vestido20matt2020preto20zoom201202.jpg?v=1716561837,2026-08-24T17:28:30.310313-03:00,,unknown_not_observed_per_size
363,4107,Vestido Matt,Vestido Matt Preto,Preto,42,True,VERÃO 2027,Vestidos,https://www.intibrand.com/produto/vestido-matt-preto-4107,https://cdn.vnda.com.br/intibrand/2024/05/24/11_43_39_556_11_5_5_566_vestido20matt2020preto20zoom201202.jpg?v=1716561837,2026-08-24T17:28:30.310313-03:00,,unknown_not_observed_per_size
364,3697,Vestido Mayon,Vestido Mayon Pink,Pink,PP,True,VERÃO 2027,Vestidos,https://www.intibrand.com/produto/vestido-mayon-pink-3697,https://cdn.vnda.com.br/intibrand/2022/08/29/14_8_6_622_VESTIDOMAYONPINKFRENTE.jpg?v=1661793737,2026-08-24T17:28:30.310313-03:00,,unknown_not_observed_per_size
364,3697,Vestido Mayon,Vestido Mayon Pink,Pink,P,True,VERÃO 2027,Vestidos,https://www.intibrand.com/produto/vestido-mayon-pink-3697,https://cdn.vnda.com.br/intibrand/2022/08/29/14_8_6_622_VESTIDOMAYONPINKFRENTE.jpg?v=1661793737,2026-08-24T17:28:30.310313-03:00,,unknown_not_observed_per_size
364,3697,Vestido Mayon,Vestido Mayon Pink,Pink,M,True,VERÃO 2027,Vestidos,https://www.intibrand.com/produto/vestido-mayon-pink-3697,https://cdn.vnda.com.br/intibrand/2022/08/29/14_8_6_622_VESTIDOMAYONPINKFRENTE.jpg?v=1661793737,2026-08-24T17:28:30.310313-03:00,,unknown_not_observed_per_size
364,3697,Vestido Mayon,Vestido Mayon Pink,Pink,G,True,VERÃO 2027,Vestidos,https://www.intibrand.com/produto/vestido-mayon-pink-3697,https://cdn.vnda.com.br/intibrand/2022/08/29/14_8_6_622_VESTIDOMAYONPINKFRENTE.jpg?v=1661793737,2026-08-24T17:28:30.310313-03:00,,unknown_not_observed_per_size
364,3699,Vestido Mayon,Vestido Mayon Rosê,Rosê,PP,True,VERÃO 2027,Vestidos,https://www.intibrand.com/produto/vestido-mayon-rose-3699,https://cdn.vnda.com.br/intibrand/2022/08/29/14_8_2_280_VESTIDOMAYONROSFRENTE.jpg?v=1661793788,2026-08-24T17:28:30.310313-03:00,,unknown_not_observed_per_size
364,3699,Vestido Mayon,Vestido Mayon Rosê,Rosê,P,True,VERÃO 2027,Vestidos,https://www.intibrand.com/produto/vestido-mayon-rose-3699,https://cdn.vnda.com.br/intibrand/2022/08/29/14_8_2_280_VESTIDOMAYONROSFRENTE.jpg?v=1661793788,2026-08-24T17:28:30.310313-03:00,,unknown_not_observed_per_size
364,3699,Vestido Mayon,Vestido Mayon Rosê,Rosê,M,True,VERÃO 2027,Vestidos,https://www.intibrand.com/produto/vestido-mayon-rose-3699,https://cdn.vnda.com.br/intibrand/2022/08/29/14_8_2_280_VESTIDOMAYONROSFRENTE.jpg?v=1661793788,2026-08-24T17:28:30.310313-03:00,,unknown_not_observed_per_size
364,3699,Vestido Mayon,Vestido Mayon Rosê,Rosê,G,True,VERÃO 2027,Vestidos,https://www.intibrand.com/produto/vestido-mayon-rose-3699,https://cdn.vnda.com.br/intibrand/2022/08/29/14_8_2_280_VESTIDOMAYONROSFRENTE.jpg?v=1661793788,2026-08-24T17:28:30.310313-03:00,,unknown_not_observed_per_size
365,4936,Vestido Osbert,Vestido Osbert Marrom,Marrom,34,True,VERÃO 2027,Vestidos,https://www.intibrand.com/produto/vestido-osbert-marrom-4936,https://cdn.vnda.com.br/intibrand/2026/05/15/12_57_08_38_gaby-20v-c3-8ddeos-20-20-a4-20-9-12057280.jpg?v=1778860628,2026-08-24T17:28:30.310313-03:00,,unknown_not_observed_per_size
365,4936,Vestido Osbert,Vestido Osbert Marrom,Marrom,36,True,VERÃO 2027,Vestidos,https://www.intibrand.com/produto/vestido-osbert-marrom-4936,https://cdn.vnda.com.br/intibrand/2026/05/15/12_57_08_38_gaby-20v-c3-8ddeos-20-20-a4-20-9-12057280.jpg?v=1778860628,2026-08-24T17:28:30.310313-03:00,,unknown_not_observed_per_size
365,4936,Vestido Osbert,Vestido Osbert Marrom,Marrom,38,True,VERÃO 2027,Vestidos,https://www.intibrand.com/produto/vestido-osbert-marrom-4936,https://cdn.vnda.com.br/intibrand/2026/05/15/12_57_08_38_gaby-20v-c3-8ddeos-20-20-a4-20-9-12057280.jpg?v=1778860628,2026-08-24T17:28:30.310313-03:00,,unknown_not_observed_per_size
365,4936,Vestido Osbert,Vestido Osbert Marrom,Marrom,40,True,VERÃO 2027,Vestidos,https://www.intibrand.com/produto/vestido-osbert-marrom-4936,https://cdn.vnda.com.br/intibrand/2026/05/15/12_57_08_38_gaby-20v-c3-8ddeos-20-20-a4-20-9-12057280.jpg?v=1778860628,2026-08-24T17:28:30.310313-03:00,,unknown_not_observed_per_size
365,4936,Vestido Osbert,Vestido Osbert Marrom,Marrom,42,True,VERÃO 2027,Vestidos,https://www.intibrand.com/produto/vestido-osbert-marrom-4936,https://cdn.vnda.com.br/intibrand/2026/05/15/12_57_08_38_gaby-20v-c3-8ddeos-20-20-a4-20-9-12057280.jpg?v=1778860628,2026-08-24T17:28:30.310313-03:00,,unknown_not_observed_per_size
366,4933,Vestido Osbert Off-White,Vestido Osbert Off-White,Off White,34,True,VERÃO 2027,Vestidos,https://www.intibrand.com/produto/vestido-osbert-off-white-4933,https://cdn.vnda.com.br/intibrand/2026/05/15/12_45_54_927_vestido-20osbert-20off-white-20frente-203-12054550.jpg?v=1778859961,2026-08-24T17:28:30.310313-03:00,,unknown_not_observed_per_size
366,4933,Vestido Osbert Off-White,Vestido Osbert Off-White,Off White,36,True,VERÃO 2027,Vestidos,https://www.intibrand.com/produto/vestido-osbert-off-white-4933,https://cdn.vnda.com.br/intibrand/2026/05/15/12_45_54_927_vestido-20osbert-20off-white-20frente-203-12054550.jpg?v=1778859961,2026-08-24T17:28:30.310313-03:00,,unknown_not_observed_per_size
366,4933,Vestido Osbert Off-White,Vestido Osbert Off-White,Off White,38,True,VERÃO 2027,Vestidos,https://www.intibrand.com/produto/vestido-osbert-off-white-4933,https://cdn.vnda.com.br/intibrand/2026/05/15/12_45_54_927_vestido-20osbert-20off-white-20frente-203-12054550.jpg?v=1778859961,2026-08-24T17:28:30.310313-03:00,,unknown_not_observed_per_size
366,4933,Vestido Osbert Off-White,Vestido Osbert Off-White,Off White,40,True,VERÃO 2027,Vestidos,https://www.intibrand.com/produto/vestido-osbert-off-white-4933,https://cdn.vnda.com.br/intibrand/2026/05/15/12_45_54_927_vestido-20osbert-20off-white-20frente-203-12054550.jpg?v=1778859961,2026-08-24T17:28:30.310313-03:00,,unknown_not_observed_per_size
366,4933,Vestido Osbert Off-White,Vestido Osbert Off-White,Off White,42,True,VERÃO 2027,Vestidos,https://www.intibrand.com/produto/vestido-osbert-off-white-4933,https://cdn.vnda.com.br/intibrand/2026/05/15/12_45_54_927_vestido-20osbert-20off-white-20frente-203-12054550.jpg?v=1778859961,2026-08-24T17:28:30.310313-03:00,,unknown_not_observed_per_size
365,4934,Vestido Osbert,Vestido Osbert Preto,Preto,34,True,VERÃO 2027,Vestidos,https://www.intibrand.com/produto/vestido-osbert-preto-4934,https://cdn.vnda.com.br/intibrand/2026/05/15/12_55_54_14_gaby-20v-c3-8ddeos-20-20-a4-20-6-12055830.jpg?v=1778860554,2026-08-24T17:28:30.310313-03:00,,unknown_not_observed_per_size
365,4934,Vestido Osbert,Vestido Osbert Preto,Preto,36,True,VERÃO 2027,Vestidos,https://www.intibrand.com/produto/vestido-osbert-preto-4934,https://cdn.vnda.com.br/intibrand/2026/05/15/12_55_54_14_gaby-20v-c3-8ddeos-20-20-a4-20-6-12055830.jpg?v=1778860554,2026-08-24T17:28:30.310313-03:00,,unknown_not_observed_per_size
365,4934,Vestido Osbert,Vestido Osbert Preto,Preto,38,True,VERÃO 2027,Vestidos,https://www.intibrand.com/produto/vestido-osbert-preto-4934,https://cdn.vnda.com.br/intibrand/2026/05/15/12_55_54_14_gaby-20v-c3-8ddeos-20-20-a4-20-6-12055830.jpg?v=1778860554,2026-08-24T17:28:30.310313-03:00,,unknown_not_observed_per_size
365,4934,Vestido Osbert,Vestido Osbert Preto,Preto,40,True,VERÃO 2027,Vestidos,https://www.intibrand.com/produto/vestido-osbert-preto-4934,https://cdn.vnda.com.br/intibrand/2026/05/15/12_55_54_14_gaby-20v-c3-8ddeos-20-20-a4-20-6-12055830.jpg?v=1778860554,2026-08-24T17:28:30.310313-03:00,,unknown_not_observed_per_size
365,4934,Vestido Osbert,Vestido Osbert Preto,Preto,42,True,VERÃO 2027,Vestidos,https://www.intibrand.com/produto/vestido-osbert-preto-4934,https://cdn.vnda.com.br/intibrand/2026/05/15/12_55_54_14_gaby-20v-c3-8ddeos-20-20-a4-20-6-12055830.jpg?v=1778860554,2026-08-24T17:28:30.310313-03:00,,unknown_not_observed_per_size
367,4754,Vestido Perot,Vestido Perot Azul,Azul,36,True,VERÃO 2027,Vestidos,https://www.intibrand.com/produto/vestido-perot-azul-4754,https://cdn.vnda.com.br/intibrand/2025/12/15/11_59_50_917_vestido-20perot-20azul-20frente-202-11122700.jpg?v=1765810797,2026-08-24T17:28:30.310313-03:00,,unknown_not_observed_per_size
367,4754,Vestido Perot,Vestido Perot Azul,Azul,38,True,VERÃO 2027,Vestidos,https://www.intibrand.com/produto/vestido-perot-azul-4754,https://cdn.vnda.com.br/intibrand/2025/12/15/11_59_50_917_vestido-20perot-20azul-20frente-202-11122700.jpg?v=1765810797,2026-08-24T17:28:30.310313-03:00,,unknown_not_observed_per_size
367,4754,Vestido Perot,Vestido Perot Azul,Azul,40,True,VERÃO 2027,Vestidos,https://www.intibrand.com/produto/vestido-perot-azul-4754,https://cdn.vnda.com.br/intibrand/2025/12/15/11_59_50_917_vestido-20perot-20azul-20frente-202-11122700.jpg?v=1765810797,2026-08-24T17:28:30.310313-03:00,,unknown_not_observed_per_size
367,4754,Vestido Perot,Vestido Perot Azul,Azul,42,True,VERÃO 2027,Vestidos,https://www.intibrand.com/produto/vestido-perot-azul-4754,https://cdn.vnda.com.br/intibrand/2025/12/15/11_59_50_917_vestido-20perot-20azul-20frente-202-11122700.jpg?v=1765810797,2026-08-24T17:28:30.310313-03:00,,unknown_not_observed_per_size
368,4751,Vestido Perot Off-White,Vestido Perot Off-White,Off White,36,True,VERÃO 2027,Vestidos,https://www.intibrand.com/produto/vestido-perot-off-white-4751,https://cdn.vnda.com.br/intibrand/2025/12/15/11_59_10_755_vestido-20perot-20off-white-20frente-11122580.jpg?v=1765810750,2026-08-24T17:28:30.310313-03:00,,unknown_not_observed_per_size
368,4751,Vestido Perot Off-White,Vestido Perot Off-White,Off White,38,True,VERÃO 2027,Vestidos,https://www.intibrand.com/produto/vestido-perot-off-white-4751,https://cdn.vnda.com.br/intibrand/2025/12/15/11_59_10_755_vestido-20perot-20off-white-20frente-11122580.jpg?v=1765810750,2026-08-24T17:28:30.310313-03:00,,unknown_not_observed_per_size
368,4751,Vestido Perot Off-White,Vestido Perot Off-White,Off White,40,True,VERÃO 2027,Vestidos,https://www.intibrand.com/produto/vestido-perot-off-white-4751,https://cdn.vnda.com.br/intibrand/2025/12/15/11_59_10_755_vestido-20perot-20off-white-20frente-11122580.jpg?v=1765810750,2026-08-24T17:28:30.310313-03:00,,unknown_not_observed_per_size
368,4751,Vestido Perot Off-White,Vestido Perot Off-White,Off White,42,True,VERÃO 2027,Vestidos,https://www.intibrand.com/produto/vestido-perot-off-white-4751,https://cdn.vnda.com.br/intibrand/2025/12/15/11_59_10_755_vestido-20perot-20off-white-20frente-11122580.jpg?v=1765810750,2026-08-24T17:28:30.310313-03:00,,unknown_not_observed_per_size
367,4753,Vestido Perot,Vestido Perot Vermelho,Vermelho,36,True,VERÃO 2027,Vestidos,https://www.intibrand.com/produto/vestido-perot-vermelho-4753,https://cdn.vnda.com.br/intibrand/2025/12/09/12_14_52_28_vestido-20perot-20vermelho-20-20frente-12120610.jpg?v=1765293297,2026-08-24T17:28:30.310313-03:00,,unknown_not_observed_per_size
367,4753,Vestido Perot,Vestido Perot Vermelho,Vermelho,38,True,VERÃO 2027,Vestidos,https://www.intibrand.com/produto/vestido-perot-vermelho-4753,https://cdn.vnda.com.br/intibrand/2025/12/09/12_14_52_28_vestido-20perot-20vermelho-20-20frente-12120610.jpg?v=1765293297,2026-08-24T17:28:30.310313-03:00,,unknown_not_observed_per_size
367,4753,Vestido Perot,Vestido Perot Vermelho,Vermelho,40,True,VERÃO 2027,Vestidos,https://www.intibrand.com/produto/vestido-perot-vermelho-4753,https://cdn.vnda.com.br/intibrand/2025/12/09/12_14_52_28_vestido-20perot-20vermelho-20-20frente-12120610.jpg?v=1765293297,2026-08-24T17:28:30.310313-03:00,,unknown_not_observed_per_size
367,4753,Vestido Perot,Vestido Perot Vermelho,Vermelho,42,True,VERÃO 2027,Vestidos,https://www.intibrand.com/produto/vestido-perot-vermelho-4753,https://cdn.vnda.com.br/intibrand/2025/12/09/12_14_52_28_vestido-20perot-20vermelho-20-20frente-12120610.jpg?v=1765293297,2026-08-24T17:28:30.310313-03:00,,unknown_not_observed_per_size
369,4747,Vestido Reidy,Vestido Reidy Paetê Dourado,Paetê Dourado,36,True,VERÃO 2027,Vestidos,https://www.intibrand.com/produto/vestido-reidy-paete-dourado-4747,https://cdn.vnda.com.br/intibrand/2025/12/10/17_41_11_610_vestido-20reidy-20dourado-20frente-201012-17126970.jpg?v=1765399281,2026-08-24T17:28:30.310313-03:00,,unknown_not_observed_per_size
369,4747,Vestido Reidy,Vestido Reidy Paetê Dourado,Paetê Dourado,38,True,VERÃO 2027,Vestidos,https://www.intibrand.com/produto/vestido-reidy-paete-dourado-4747,https://cdn.vnda.com.br/intibrand/2025/12/10/17_41_11_610_vestido-20reidy-20dourado-20frente-201012-17126970.jpg?v=1765399281,2026-08-24T17:28:30.310313-03:00,,unknown_not_observed_per_size
369,4747,Vestido Reidy,Vestido Reidy Paetê Dourado,Paetê Dourado,40,True,VERÃO 2027,Vestidos,https://www.intibrand.com/produto/vestido-reidy-paete-dourado-4747,https://cdn.vnda.com.br/intibrand/2025/12/10/17_41_11_610_vestido-20reidy-20dourado-20frente-201012-17126970.jpg?v=1765399281,2026-08-24T17:28:30.310313-03:00,,unknown_not_observed_per_size
369,4747,Vestido Reidy,Vestido Reidy Paetê Dourado,Paetê Dourado,42,True,VERÃO 2027,Vestidos,https://www.intibrand.com/produto/vestido-reidy-paete-dourado-4747,https://cdn.vnda.com.br/intibrand/2025/12/10/17_41_11_610_vestido-20reidy-20dourado-20frente-201012-17126970.jpg?v=1765399281,2026-08-24T17:28:30.310313-03:00,,unknown_not_observed_per_size
369,4745,Vestido Reidy,Vestido Reidy Preto,Preto,36,True,VERÃO 2027,Vestidos,https://www.intibrand.com/produto/vestido-reidy-preto-4745,https://cdn.vnda.com.br/intibrand/2025/12/08/11_00_57_854_vestido-20reidy-20preto-20frente-202-11121560.jpg?v=1765202472,2026-08-24T17:28:30.310313-03:00,,unknown_not_observed_per_size
369,4745,Vestido Reidy,Vestido Reidy Preto,Preto,38,True,VERÃO 2027,Vestidos,https://www.intibrand.com/produto/vestido-reidy-preto-4745,https://cdn.vnda.com.br/intibrand/2025/12/08/11_00_57_854_vestido-20reidy-20preto-20frente-202-11121560.jpg?v=1765202472,2026-08-24T17:28:30.310313-03:00,,unknown_not_observed_per_size
369,4745,Vestido Reidy,Vestido Reidy Preto,Preto,40,True,VERÃO 2027,Vestidos,https://www.intibrand.com/produto/vestido-reidy-preto-4745,https://cdn.vnda.com.br/intibrand/2025/12/08/11_00_57_854_vestido-20reidy-20preto-20frente-202-11121560.jpg?v=1765202472,2026-08-24T17:28:30.310313-03:00,,unknown_not_observed_per_size
369,4745,Vestido Reidy,Vestido Reidy Preto,Preto,42,True,VERÃO 2027,Vestidos,https://www.intibrand.com/produto/vestido-reidy-preto-4745,https://cdn.vnda.com.br/intibrand/2025/12/08/11_00_57_854_vestido-20reidy-20preto-20frente-202-11121560.jpg?v=1765202472,2026-08-24T17:28:30.310313-03:00,,unknown_not_observed_per_size
369,4744,Vestido Reidy,Vestido Reidy Vermelho,Vermelho,36,True,VERÃO 2027,Vestidos,https://www.intibrand.com/produto/vestido-reidy-vermelho-4744,https://cdn.vnda.com.br/intibrand/2025/12/08/10_51_30_661_vestido-20reidy-20vermelho-20lado-10121680.jpg?v=1765201895,2026-08-24T17:28:30.310313-03:00,,unknown_not_observed_per_size
369,4744,Vestido Reidy,Vestido Reidy Vermelho,Vermelho,38,True,VERÃO 2027,Vestidos,https://www.intibrand.com/produto/vestido-reidy-vermelho-4744,https://cdn.vnda.com.br/intibrand/2025/12/08/10_51_30_661_vestido-20reidy-20vermelho-20lado-10121680.jpg?v=1765201895,2026-08-24T17:28:30.310313-03:00,,unknown_not_observed_per_size
369,4744,Vestido Reidy,Vestido Reidy Vermelho,Vermelho,40,True,VERÃO 2027,Vestidos,https://www.intibrand.com/produto/vestido-reidy-vermelho-4744,https://cdn.vnda.com.br/intibrand/2025/12/08/10_51_30_661_vestido-20reidy-20vermelho-20lado-10121680.jpg?v=1765201895,2026-08-24T17:28:30.310313-03:00,,unknown_not_observed_per_size
369,4744,Vestido Reidy,Vestido Reidy Vermelho,Vermelho,42,True,VERÃO 2027,Vestidos,https://www.intibrand.com/produto/vestido-reidy-vermelho-4744,https://cdn.vnda.com.br/intibrand/2025/12/08/10_51_30_661_vestido-20reidy-20vermelho-20lado-10121680.jpg?v=1765201895,2026-08-24T17:28:30.310313-03:00,,unknown_not_observed_per_size
370,4540,Vestido Rennie Off-White,Vestido Rennie Off-White,Off White,36,True,VERÃO 2027,Vestidos,https://www.intibrand.com/produto/vestido-rennie-off-white-4540,https://cdn.vnda.com.br/intibrand/2025/10/16/17_11_20_215_vestido-20rennie-20off-white-20-20frente-17101450.jpg?v=1760645485,2026-08-24T17:28:30.310313-03:00,,unknown_not_observed_per_size
370,4540,Vestido Rennie Off-White,Vestido Rennie Off-White,Off White,38,True,VERÃO 2027,Vestidos,https://www.intibrand.com/produto/vestido-rennie-off-white-4540,https://cdn.vnda.com.br/intibrand/2025/10/16/17_11_20_215_vestido-20rennie-20off-white-20-20frente-17101450.jpg?v=1760645485,2026-08-24T17:28:30.310313-03:00,,unknown_not_observed_per_size
370,4540,Vestido Rennie Off-White,Vestido Rennie Off-White,Off White,40,True,VERÃO 2027,Vestidos,https://www.intibrand.com/produto/vestido-rennie-off-white-4540,https://cdn.vnda.com.br/intibrand/2025/10/16/17_11_20_215_vestido-20rennie-20off-white-20-20frente-17101450.jpg?v=1760645485,2026-08-24T17:28:30.310313-03:00,,unknown_not_observed_per_size
370,4540,Vestido Rennie Off-White,Vestido Rennie Off-White,Off White,42,True,VERÃO 2027,Vestidos,https://www.intibrand.com/produto/vestido-rennie-off-white-4540,https://cdn.vnda.com.br/intibrand/2025/10/16/17_11_20_215_vestido-20rennie-20off-white-20-20frente-17101450.jpg?v=1760645485,2026-08-24T17:28:30.310313-03:00,,unknown_not_observed_per_size
371,4164,Vestido Riccie Off-White,Vestido Riccie Off-White,Off White,34,True,VERÃO 2027,Vestidos,https://www.intibrand.com/produto/vestido-riccie-off-white-4164,https://cdn.vnda.com.br/intibrand/2024/08/08/13_07_19_147_13_8_9_999_vestido20riccie20offwhite20frente.jpg?v=1723133248,2026-08-24T17:28:30.310313-03:00,,unknown_not_observed_per_size
371,4164,Vestido Riccie Off-White,Vestido Riccie Off-White,Off White,36,True,VERÃO 2027,Vestidos,https://www.intibrand.com/produto/vestido-riccie-off-white-4164,https://cdn.vnda.com.br/intibrand/2024/08/08/13_07_19_147_13_8_9_999_vestido20riccie20offwhite20frente.jpg?v=1723133248,2026-08-24T17:28:30.310313-03:00,,unknown_not_observed_per_size
371,4164,Vestido Riccie Off-White,Vestido Riccie Off-White,Off White,38,True,VERÃO 2027,Vestidos,https://www.intibrand.com/produto/vestido-riccie-off-white-4164,https://cdn.vnda.com.br/intibrand/2024/08/08/13_07_19_147_13_8_9_999_vestido20riccie20offwhite20frente.jpg?v=1723133248,2026-08-24T17:28:30.310313-03:00,,unknown_not_observed_per_size
371,4164,Vestido Riccie Off-White,Vestido Riccie Off-White,Off White,40,True,VERÃO 2027,Vestidos,https://www.intibrand.com/produto/vestido-riccie-off-white-4164,https://cdn.vnda.com.br/intibrand/2024/08/08/13_07_19_147_13_8_9_999_vestido20riccie20offwhite20frente.jpg?v=1723133248,2026-08-24T17:28:30.310313-03:00,,unknown_not_observed_per_size
371,4164,Vestido Riccie Off-White,Vestido Riccie Off-White,Off White,42,True,VERÃO 2027,Vestidos,https://www.intibrand.com/produto/vestido-riccie-off-white-4164,https://cdn.vnda.com.br/intibrand/2024/08/08/13_07_19_147_13_8_9_999_vestido20riccie20offwhite20frente.jpg?v=1723133248,2026-08-24T17:28:30.310313-03:00,,unknown_not_observed_per_size
372,4156,Vestido Rizzo,Vestido Rizzo Framboesa,Framboesa,36,True,VERÃO 2027,Vestidos,https://www.intibrand.com/produto/vestido-rizzo-framboesa-4156,https://cdn.vnda.com.br/intibrand/2024/08/07/18_02_23_297_18_8_1_155_vestido20rizzo20framboesa20frente.jpg?v=1723064563,2026-08-24T17:28:30.310313-03:00,,unknown_not_observed_per_size
372,4156,Vestido Rizzo,Vestido Rizzo Framboesa,Framboesa,38,True,VERÃO 2027,Vestidos,https://www.intibrand.com/produto/vestido-rizzo-framboesa-4156,https://cdn.vnda.com.br/intibrand/2024/08/07/18_02_23_297_18_8_1_155_vestido20rizzo20framboesa20frente.jpg?v=1723064563,2026-08-24T17:28:30.310313-03:00,,unknown_not_observed_per_size
372,4156,Vestido Rizzo,Vestido Rizzo Framboesa,Framboesa,40,True,VERÃO 2027,Vestidos,https://www.intibrand.com/produto/vestido-rizzo-framboesa-4156,https://cdn.vnda.com.br/intibrand/2024/08/07/18_02_23_297_18_8_1_155_vestido20rizzo20framboesa20frente.jpg?v=1723064563,2026-08-24T17:28:30.310313-03:00,,unknown_not_observed_per_size
372,4156,Vestido Rizzo,Vestido Rizzo Framboesa,Framboesa,42,True,VERÃO 2027,Vestidos,https://www.intibrand.com/produto/vestido-rizzo-framboesa-4156,https://cdn.vnda.com.br/intibrand/2024/08/07/18_02_23_297_18_8_1_155_vestido20rizzo20framboesa20frente.jpg?v=1723064563,2026-08-24T17:28:30.310313-03:00,,unknown_not_observed_per_size
372,4157,Vestido Rizzo,Vestido Rizzo Preto,Preto,36,True,VERÃO 2027,Vestidos,https://www.intibrand.com/produto/vestido-rizzo-preto-4157,https://cdn.vnda.com.br/intibrand/2024/08/07/17_59_15_923_17_8_9_975_vestido20rizzo20preto20frente.jpg?v=1723064362,2026-08-24T17:28:30.310313-03:00,,unknown_not_observed_per_size
372,4157,Vestido Rizzo,Vestido Rizzo Preto,Preto,38,True,VERÃO 2027,Vestidos,https://www.intibrand.com/produto/vestido-rizzo-preto-4157,https://cdn.vnda.com.br/intibrand/2024/08/07/17_59_15_923_17_8_9_975_vestido20rizzo20preto20frente.jpg?v=1723064362,2026-08-24T17:28:30.310313-03:00,,unknown_not_observed_per_size
372,4157,Vestido Rizzo,Vestido Rizzo Preto,Preto,40,True,VERÃO 2027,Vestidos,https://www.intibrand.com/produto/vestido-rizzo-preto-4157,https://cdn.vnda.com.br/intibrand/2024/08/07/17_59_15_923_17_8_9_975_vestido20rizzo20preto20frente.jpg?v=1723064362,2026-08-24T17:28:30.310313-03:00,,unknown_not_observed_per_size
372,4157,Vestido Rizzo,Vestido Rizzo Preto,Preto,42,True,VERÃO 2027,Vestidos,https://www.intibrand.com/produto/vestido-rizzo-preto-4157,https://cdn.vnda.com.br/intibrand/2024/08/07/17_59_15_923_17_8_9_975_vestido20rizzo20preto20frente.jpg?v=1723064362,2026-08-24T17:28:30.310313-03:00,,unknown_not_observed_per_size
372,4158,Vestido Rizzo,Vestido Rizzo Vermelho,Vermelho,36,True,VERÃO 2027,Vestidos,https://www.intibrand.com/produto/vestido-rizzo-vermelho-4158,https://cdn.vnda.com.br/intibrand/2024/08/07/17_57_44_81_17_8_0_032_vestido20rizzo20vermelho20frente.jpg?v=1723064282,2026-08-24T17:28:30.310313-03:00,,unknown_not_observed_per_size
372,4158,Vestido Rizzo,Vestido Rizzo Vermelho,Vermelho,38,True,VERÃO 2027,Vestidos,https://www.intibrand.com/produto/vestido-rizzo-vermelho-4158,https://cdn.vnda.com.br/intibrand/2024/08/07/17_57_44_81_17_8_0_032_vestido20rizzo20vermelho20frente.jpg?v=1723064282,2026-08-24T17:28:30.310313-03:00,,unknown_not_observed_per_size
372,4158,Vestido Rizzo,Vestido Rizzo Vermelho,Vermelho,40,True,VERÃO 2027,Vestidos,https://www.intibrand.com/produto/vestido-rizzo-vermelho-4158,https://cdn.vnda.com.br/intibrand/2024/08/07/17_57_44_81_17_8_0_032_vestido20rizzo20vermelho20frente.jpg?v=1723064282,2026-08-24T17:28:30.310313-03:00,,unknown_not_observed_per_size
372,4158,Vestido Rizzo,Vestido Rizzo Vermelho,Vermelho,42,True,VERÃO 2027,Vestidos,https://www.intibrand.com/produto/vestido-rizzo-vermelho-4158,https://cdn.vnda.com.br/intibrand/2024/08/07/17_57_44_81_17_8_0_032_vestido20rizzo20vermelho20frente.jpg?v=1723064282,2026-08-24T17:28:30.310313-03:00,,unknown_not_observed_per_size
373,4779,Vestido Roland,Vestido Roland Marrom,Marrom,34,True,VERÃO 2027,Vestidos,https://www.intibrand.com/produto/vestido-roland-marrom-4779,https://cdn.vnda.com.br/intibrand/2026/02/12/10_43_35_44_vestido-20roland-20marrom-20frente-10026630.jpg?v=1770903815,2026-08-24T17:28:30.310313-03:00,,unknown_not_observed_per_size
373,4779,Vestido Roland,Vestido Roland Marrom,Marrom,36,True,VERÃO 2027,Vestidos,https://www.intibrand.com/produto/vestido-roland-marrom-4779,https://cdn.vnda.com.br/intibrand/2026/02/12/10_43_35_44_vestido-20roland-20marrom-20frente-10026630.jpg?v=1770903815,2026-08-24T17:28:30.310313-03:00,,unknown_not_observed_per_size
373,4779,Vestido Roland,Vestido Roland Marrom,Marrom,38,True,VERÃO 2027,Vestidos,https://www.intibrand.com/produto/vestido-roland-marrom-4779,https://cdn.vnda.com.br/intibrand/2026/02/12/10_43_35_44_vestido-20roland-20marrom-20frente-10026630.jpg?v=1770903815,2026-08-24T17:28:30.310313-03:00,,unknown_not_observed_per_size
373,4779,Vestido Roland,Vestido Roland Marrom,Marrom,40,True,VERÃO 2027,Vestidos,https://www.intibrand.com/produto/vestido-roland-marrom-4779,https://cdn.vnda.com.br/intibrand/2026/02/12/10_43_35_44_vestido-20roland-20marrom-20frente-10026630.jpg?v=1770903815,2026-08-24T17:28:30.310313-03:00,,unknown_not_observed_per_size
373,4779,Vestido Roland,Vestido Roland Marrom,Marrom,42,True,VERÃO 2027,Vestidos,https://www.intibrand.com/produto/vestido-roland-marrom-4779,https://cdn.vnda.com.br/intibrand/2026/02/12/10_43_35_44_vestido-20roland-20marrom-20frente-10026630.jpg?v=1770903815,2026-08-24T17:28:30.310313-03:00,,unknown_not_observed_per_size
373,4779,Vestido Roland,Vestido Roland Marrom,Marrom,44,True,VERÃO 2027,Vestidos,https://www.intibrand.com/produto/vestido-roland-marrom-4779,https://cdn.vnda.com.br/intibrand/2026/02/12/10_43_35_44_vestido-20roland-20marrom-20frente-10026630.jpg?v=1770903815,2026-08-24T17:28:30.310313-03:00,,unknown_not_observed_per_size
374,4776,Vestido Roland Off-White,Vestido Roland Off-White,Off White,34,True,VERÃO 2027,Vestidos,https://www.intibrand.com/produto/vestido-roland-off-white-4776,https://cdn.vnda.com.br/intibrand/2026/08/19/11_20_06_279_gaby-20fotos-20-202026-08-19t111937-944-11083010.jpg?v=1787149209,2026-08-24T17:28:30.310313-03:00,,unknown_not_observed_per_size
374,4776,Vestido Roland Off-White,Vestido Roland Off-White,Off White,36,True,VERÃO 2027,Vestidos,https://www.intibrand.com/produto/vestido-roland-off-white-4776,https://cdn.vnda.com.br/intibrand/2026/08/19/11_20_06_279_gaby-20fotos-20-202026-08-19t111937-944-11083010.jpg?v=1787149209,2026-08-24T17:28:30.310313-03:00,,unknown_not_observed_per_size
374,4776,Vestido Roland Off-White,Vestido Roland Off-White,Off White,38,True,VERÃO 2027,Vestidos,https://www.intibrand.com/produto/vestido-roland-off-white-4776,https://cdn.vnda.com.br/intibrand/2026/08/19/11_20_06_279_gaby-20fotos-20-202026-08-19t111937-944-11083010.jpg?v=1787149209,2026-08-24T17:28:30.310313-03:00,,unknown_not_observed_per_size
374,4776,Vestido Roland Off-White,Vestido Roland Off-White,Off White,40,True,VERÃO 2027,Vestidos,https://www.intibrand.com/produto/vestido-roland-off-white-4776,https://cdn.vnda.com.br/intibrand/2026/08/19/11_20_06_279_gaby-20fotos-20-202026-08-19t111937-944-11083010.jpg?v=1787149209,2026-08-24T17:28:30.310313-03:00,,unknown_not_observed_per_size
374,4776,Vestido Roland Off-White,Vestido Roland Off-White,Off White,42,True,VERÃO 2027,Vestidos,https://www.intibrand.com/produto/vestido-roland-off-white-4776,https://cdn.vnda.com.br/intibrand/2026/08/19/11_20_06_279_gaby-20fotos-20-202026-08-19t111937-944-11083010.jpg?v=1787149209,2026-08-24T17:28:30.310313-03:00,,unknown_not_observed_per_size
374,4776,Vestido Roland Off-White,Vestido Roland Off-White,Off White,44,True,VERÃO 2027,Vestidos,https://www.intibrand.com/produto/vestido-roland-off-white-4776,https://cdn.vnda.com.br/intibrand/2026/08/19/11_20_06_279_gaby-20fotos-20-202026-08-19t111937-944-11083010.jpg?v=1787149209,2026-08-24T17:28:30.310313-03:00,,unknown_not_observed_per_size
373,4777,Vestido Roland,Vestido Roland Preto,Preto,34,True,VERÃO 2027,Vestidos,https://www.intibrand.com/produto/vestido-roland-preto-4777,https://cdn.vnda.com.br/intibrand/2026/08/19/16_31_59_593_vestido-20roland-20preto-20frente-20-1-20-1-16081440.jpg?v=1787167924,2026-08-24T17:28:30.310313-03:00,,unknown_not_observed_per_size
373,4777,Vestido Roland,Vestido Roland Preto,Preto,36,True,VERÃO 2027,Vestidos,https://www.intibrand.com/produto/vestido-roland-preto-4777,https://cdn.vnda.com.br/intibrand/2026/08/19/16_31_59_593_vestido-20roland-20preto-20frente-20-1-20-1-16081440.jpg?v=1787167924,2026-08-24T17:28:30.310313-03:00,,unknown_not_observed_per_size
373,4777,Vestido Roland,Vestido Roland Preto,Preto,38,True,VERÃO 2027,Vestidos,https://www.intibrand.com/produto/vestido-roland-preto-4777,https://cdn.vnda.com.br/intibrand/2026/08/19/16_31_59_593_vestido-20roland-20preto-20frente-20-1-20-1-16081440.jpg?v=1787167924,2026-08-24T17:28:30.310313-03:00,,unknown_not_observed_per_size
373,4777,Vestido Roland,Vestido Roland Preto,Preto,40,True,VERÃO 2027,Vestidos,https://www.intibrand.com/produto/vestido-roland-preto-4777,https://cdn.vnda.com.br/intibrand/2026/08/19/16_31_59_593_vestido-20roland-20preto-20frente-20-1-20-1-16081440.jpg?v=1787167924,2026-08-24T17:28:30.310313-03:00,,unknown_not_observed_per_size
373,4777,Vestido Roland,Vestido Roland Preto,Preto,42,True,VERÃO 2027,Vestidos,https://www.intibrand.com/produto/vestido-roland-preto-4777,https://cdn.vnda.com.br/intibrand/2026/08/19/16_31_59_593_vestido-20roland-20preto-20frente-20-1-20-1-16081440.jpg?v=1787167924,2026-08-24T17:28:30.310313-03:00,,unknown_not_observed_per_size
373,4777,Vestido Roland,Vestido Roland Preto,Preto,44,True,VERÃO 2027,Vestidos,https://www.intibrand.com/produto/vestido-roland-preto-4777,https://cdn.vnda.com.br/intibrand/2026/08/19/16_31_59_593_vestido-20roland-20preto-20frente-20-1-20-1-16081440.jpg?v=1787167924,2026-08-24T17:28:30.310313-03:00,,unknown_not_observed_per_size
373,4778,Vestido Roland,Vestido Roland Vermelho,Vermelho,34,True,VERÃO 2027,Vestidos,https://www.intibrand.com/produto/vestido-roland-vermelho-4778,https://cdn.vnda.com.br/intibrand/2026/08/19/16_36_43_125_gaby-20fotos-20-202026-08-19t163628-801-16086920.jpg?v=1787168207,2026-08-24T17:28:30.310313-03:00,,unknown_not_observed_per_size
373,4778,Vestido Roland,Vestido Roland Vermelho,Vermelho,36,True,VERÃO 2027,Vestidos,https://www.intibrand.com/produto/vestido-roland-vermelho-4778,https://cdn.vnda.com.br/intibrand/2026/08/19/16_36_43_125_gaby-20fotos-20-202026-08-19t163628-801-16086920.jpg?v=1787168207,2026-08-24T17:28:30.310313-03:00,,unknown_not_observed_per_size
373,4778,Vestido Roland,Vestido Roland Vermelho,Vermelho,38,True,VERÃO 2027,Vestidos,https://www.intibrand.com/produto/vestido-roland-vermelho-4778,https://cdn.vnda.com.br/intibrand/2026/08/19/16_36_43_125_gaby-20fotos-20-202026-08-19t163628-801-16086920.jpg?v=1787168207,2026-08-24T17:28:30.310313-03:00,,unknown_not_observed_per_size
373,4778,Vestido Roland,Vestido Roland Vermelho,Vermelho,40,True,VERÃO 2027,Vestidos,https://www.intibrand.com/produto/vestido-roland-vermelho-4778,https://cdn.vnda.com.br/intibrand/2026/08/19/16_36_43_125_gaby-20fotos-20-202026-08-19t163628-801-16086920.jpg?v=1787168207,2026-08-24T17:28:30.310313-03:00,,unknown_not_observed_per_size
373,4778,Vestido Roland,Vestido Roland Vermelho,Vermelho,42,True,VERÃO 2027,Vestidos,https://www.intibrand.com/produto/vestido-roland-vermelho-4778,https://cdn.vnda.com.br/intibrand/2026/08/19/16_36_43_125_gaby-20fotos-20-202026-08-19t163628-801-16086920.jpg?v=1787168207,2026-08-24T17:28:30.310313-03:00,,unknown_not_observed_per_size
373,4778,Vestido Roland,Vestido Roland Vermelho,Vermelho,44,True,VERÃO 2027,Vestidos,https://www.intibrand.com/produto/vestido-roland-vermelho-4778,https://cdn.vnda.com.br/intibrand/2026/08/19/16_36_43_125_gaby-20fotos-20-202026-08-19t163628-801-16086920.jpg?v=1787168207,2026-08-24T17:28:30.310313-03:00,,unknown_not_observed_per_size
375,4709,Vestido Salk,Vestido Salk Azul,Azul,36,True,VERÃO 2027,Vestidos,https://www.intibrand.com/produto/vestido-salk-azul-4709,https://cdn.vnda.com.br/intibrand/2025/11/14/11_54_51_149_vestido-20salk-20azul-20frente-20medio-11112740.jpg?v=1764930937,2026-08-24T17:28:30.310313-03:00,,unknown_not_observed_per_size
375,4709,Vestido Salk,Vestido Salk Azul,Azul,38,True,VERÃO 2027,Vestidos,https://www.intibrand.com/produto/vestido-salk-azul-4709,https://cdn.vnda.com.br/intibrand/2025/11/14/11_54_51_149_vestido-20salk-20azul-20frente-20medio-11112740.jpg?v=1764930937,2026-08-24T17:28:30.310313-03:00,,unknown_not_observed_per_size
375,4709,Vestido Salk,Vestido Salk Azul,Azul,40,True,VERÃO 2027,Vestidos,https://www.intibrand.com/produto/vestido-salk-azul-4709,https://cdn.vnda.com.br/intibrand/2025/11/14/11_54_51_149_vestido-20salk-20azul-20frente-20medio-11112740.jpg?v=1764930937,2026-08-24T17:28:30.310313-03:00,,unknown_not_observed_per_size
375,4709,Vestido Salk,Vestido Salk Azul,Azul,42,True,VERÃO 2027,Vestidos,https://www.intibrand.com/produto/vestido-salk-azul-4709,https://cdn.vnda.com.br/intibrand/2025/11/14/11_54_51_149_vestido-20salk-20azul-20frente-20medio-11112740.jpg?v=1764930937,2026-08-24T17:28:30.310313-03:00,,unknown_not_observed_per_size
376,4706,Vestido Salk Off-White,Vestido Salk Off-White,Off White,36,True,VERÃO 2027,Vestidos,https://www.intibrand.com/produto/vestido-salk-off-white-4706,https://cdn.vnda.com.br/intibrand/2025/11/14/11_56_33_423_vestido-20salk-20off-white-20frente-201-11117880.jpg?v=1763132227,2026-08-24T17:28:30.310313-03:00,,unknown_not_observed_per_size
376,4706,Vestido Salk Off-White,Vestido Salk Off-White,Off White,38,True,VERÃO 2027,Vestidos,https://www.intibrand.com/produto/vestido-salk-off-white-4706,https://cdn.vnda.com.br/intibrand/2025/11/14/11_56_33_423_vestido-20salk-20off-white-20frente-201-11117880.jpg?v=1763132227,2026-08-24T17:28:30.310313-03:00,,unknown_not_observed_per_size
376,4706,Vestido Salk Off-White,Vestido Salk Off-White,Off White,40,True,VERÃO 2027,Vestidos,https://www.intibrand.com/produto/vestido-salk-off-white-4706,https://cdn.vnda.com.br/intibrand/2025/11/14/11_56_33_423_vestido-20salk-20off-white-20frente-201-11117880.jpg?v=1763132227,2026-08-24T17:28:30.310313-03:00,,unknown_not_observed_per_size
376,4706,Vestido Salk Off-White,Vestido Salk Off-White,Off White,42,True,VERÃO 2027,Vestidos,https://www.intibrand.com/produto/vestido-salk-off-white-4706,https://cdn.vnda.com.br/intibrand/2025/11/14/11_56_33_423_vestido-20salk-20off-white-20frente-201-11117880.jpg?v=1763132227,2026-08-24T17:28:30.310313-03:00,,unknown_not_observed_per_size
375,4708,Vestido Salk,Vestido Salk Vermelho,Vermelho,36,True,VERÃO 2027,Vestidos,https://www.intibrand.com/produto/vestido-salk-vermelho-4708,https://cdn.vnda.com.br/intibrand/2025/11/14/11_55_28_585_vestido-20salk-20vermelho-20frente-11119880.jpg?v=1763132128,2026-08-24T17:28:30.310313-03:00,,unknown_not_observed_per_size
375,4708,Vestido Salk,Vestido Salk Vermelho,Vermelho,38,True,VERÃO 2027,Vestidos,https://www.intibrand.com/produto/vestido-salk-vermelho-4708,https://cdn.vnda.com.br/intibrand/2025/11/14/11_55_28_585_vestido-20salk-20vermelho-20frente-11119880.jpg?v=1763132128,2026-08-24T17:28:30.310313-03:00,,unknown_not_observed_per_size
375,4708,Vestido Salk,Vestido Salk Vermelho,Vermelho,40,True,VERÃO 2027,Vestidos,https://www.intibrand.com/produto/vestido-salk-vermelho-4708,https://cdn.vnda.com.br/intibrand/2025/11/14/11_55_28_585_vestido-20salk-20vermelho-20frente-11119880.jpg?v=1763132128,2026-08-24T17:28:30.310313-03:00,,unknown_not_observed_per_size
375,4708,Vestido Salk,Vestido Salk Vermelho,Vermelho,42,True,VERÃO 2027,Vestidos,https://www.intibrand.com/produto/vestido-salk-vermelho-4708,https://cdn.vnda.com.br/intibrand/2025/11/14/11_55_28_585_vestido-20salk-20vermelho-20frente-11119880.jpg?v=1763132128,2026-08-24T17:28:30.310313-03:00,,unknown_not_observed_per_size
377,4983,Vestido Salvi,Vestido Salvi Azul,Azul,34,True,VERÃO 2027,Vestidos,https://www.intibrand.com/produto/vestido-salvi-azul-4983,https://cdn.vnda.com.br/intibrand/2026/08/21/15_51_41_139_vestido-20salvi-20azul-20frente-15081420.jpg?v=1787338310,2026-08-24T17:28:30.310313-03:00,,unknown_not_observed_per_size
377,4983,Vestido Salvi,Vestido Salvi Azul,Azul,36,True,VERÃO 2027,Vestidos,https://www.intibrand.com/produto/vestido-salvi-azul-4983,https://cdn.vnda.com.br/intibrand/2026/08/21/15_51_41_139_vestido-20salvi-20azul-20frente-15081420.jpg?v=1787338310,2026-08-24T17:28:30.310313-03:00,,unknown_not_observed_per_size
377,4983,Vestido Salvi,Vestido Salvi Azul,Azul,38,True,VERÃO 2027,Vestidos,https://www.intibrand.com/produto/vestido-salvi-azul-4983,https://cdn.vnda.com.br/intibrand/2026/08/21/15_51_41_139_vestido-20salvi-20azul-20frente-15081420.jpg?v=1787338310,2026-08-24T17:28:30.310313-03:00,,unknown_not_observed_per_size
377,4983,Vestido Salvi,Vestido Salvi Azul,Azul,40,True,VERÃO 2027,Vestidos,https://www.intibrand.com/produto/vestido-salvi-azul-4983,https://cdn.vnda.com.br/intibrand/2026/08/21/15_51_41_139_vestido-20salvi-20azul-20frente-15081420.jpg?v=1787338310,2026-08-24T17:28:30.310313-03:00,,unknown_not_observed_per_size
377,4983,Vestido Salvi,Vestido Salvi Azul,Azul,42,True,VERÃO 2027,Vestidos,https://www.intibrand.com/produto/vestido-salvi-azul-4983,https://cdn.vnda.com.br/intibrand/2026/08/21/15_51_41_139_vestido-20salvi-20azul-20frente-15081420.jpg?v=1787338310,2026-08-24T17:28:30.310313-03:00,,unknown_not_observed_per_size
377,4983,Vestido Salvi,Vestido Salvi Azul,Azul,44,True,VERÃO 2027,Vestidos,https://www.intibrand.com/produto/vestido-salvi-azul-4983,https://cdn.vnda.com.br/intibrand/2026/08/21/15_51_41_139_vestido-20salvi-20azul-20frente-15081420.jpg?v=1787338310,2026-08-24T17:28:30.310313-03:00,,unknown_not_observed_per_size
378,4982,Vestido Salvi Off-White,Vestido Salvi Off-White,Off White,34,True,VERÃO 2027,Vestidos,https://www.intibrand.com/produto/vestido-salvi-off-white-4982,https://cdn.vnda.com.br/intibrand/2026/08/20/17_21_12_390_gaby-20fotos-20-202026-08-20t172103-721-17080270.jpg?v=1787257274,2026-08-24T17:28:30.310313-03:00,,unknown_not_observed_per_size
378,4982,Vestido Salvi Off-White,Vestido Salvi Off-White,Off White,36,True,VERÃO 2027,Vestidos,https://www.intibrand.com/produto/vestido-salvi-off-white-4982,https://cdn.vnda.com.br/intibrand/2026/08/20/17_21_12_390_gaby-20fotos-20-202026-08-20t172103-721-17080270.jpg?v=1787257274,2026-08-24T17:28:30.310313-03:00,,unknown_not_observed_per_size
378,4982,Vestido Salvi Off-White,Vestido Salvi Off-White,Off White,38,True,VERÃO 2027,Vestidos,https://www.intibrand.com/produto/vestido-salvi-off-white-4982,https://cdn.vnda.com.br/intibrand/2026/08/20/17_21_12_390_gaby-20fotos-20-202026-08-20t172103-721-17080270.jpg?v=1787257274,2026-08-24T17:28:30.310313-03:00,,unknown_not_observed_per_size
378,4982,Vestido Salvi Off-White,Vestido Salvi Off-White,Off White,40,True,VERÃO 2027,Vestidos,https://www.intibrand.com/produto/vestido-salvi-off-white-4982,https://cdn.vnda.com.br/intibrand/2026/08/20/17_21_12_390_gaby-20fotos-20-202026-08-20t172103-721-17080270.jpg?v=1787257274,2026-08-24T17:28:30.310313-03:00,,unknown_not_observed_per_size
378,4982,Vestido Salvi Off-White,Vestido Salvi Off-White,Off White,42,True,VERÃO 2027,Vestidos,https://www.intibrand.com/produto/vestido-salvi-off-white-4982,https://cdn.vnda.com.br/intibrand/2026/08/20/17_21_12_390_gaby-20fotos-20-202026-08-20t172103-721-17080270.jpg?v=1787257274,2026-08-24T17:28:30.310313-03:00,,unknown_not_observed_per_size
378,4982,Vestido Salvi Off-White,Vestido Salvi Off-White,Off White,44,True,VERÃO 2027,Vestidos,https://www.intibrand.com/produto/vestido-salvi-off-white-4982,https://cdn.vnda.com.br/intibrand/2026/08/20/17_21_12_390_gaby-20fotos-20-202026-08-20t172103-721-17080270.jpg?v=1787257274,2026-08-24T17:28:30.310313-03:00,,unknown_not_observed_per_size
377,4984,Vestido Salvi,Vestido Salvi Preto,Preto,34,True,VERÃO 2027,Vestidos,https://www.intibrand.com/produto/vestido-salvi-preto-4984,https://cdn.vnda.com.br/intibrand/2026/08/21/15_49_12_39_vestido-20salvi-20preto-20frente-15082080.jpg?v=1787338178,2026-08-24T17:28:30.310313-03:00,,unknown_not_observed_per_size
377,4984,Vestido Salvi,Vestido Salvi Preto,Preto,36,True,VERÃO 2027,Vestidos,https://www.intibrand.com/produto/vestido-salvi-preto-4984,https://cdn.vnda.com.br/intibrand/2026/08/21/15_49_12_39_vestido-20salvi-20preto-20frente-15082080.jpg?v=1787338178,2026-08-24T17:28:30.310313-03:00,,unknown_not_observed_per_size
377,4984,Vestido Salvi,Vestido Salvi Preto,Preto,38,True,VERÃO 2027,Vestidos,https://www.intibrand.com/produto/vestido-salvi-preto-4984,https://cdn.vnda.com.br/intibrand/2026/08/21/15_49_12_39_vestido-20salvi-20preto-20frente-15082080.jpg?v=1787338178,2026-08-24T17:28:30.310313-03:00,,unknown_not_observed_per_size
377,4984,Vestido Salvi,Vestido Salvi Preto,Preto,40,True,VERÃO 2027,Vestidos,https://www.intibrand.com/produto/vestido-salvi-preto-4984,https://cdn.vnda.com.br/intibrand/2026/08/21/15_49_12_39_vestido-20salvi-20preto-20frente-15082080.jpg?v=1787338178,2026-08-24T17:28:30.310313-03:00,,unknown_not_observed_per_size
377,4984,Vestido Salvi,Vestido Salvi Preto,Preto,42,True,VERÃO 2027,Vestidos,https://www.intibrand.com/produto/vestido-salvi-preto-4984,https://cdn.vnda.com.br/intibrand/2026/08/21/15_49_12_39_vestido-20salvi-20preto-20frente-15082080.jpg?v=1787338178,2026-08-24T17:28:30.310313-03:00,,unknown_not_observed_per_size
377,4984,Vestido Salvi,Vestido Salvi Preto,Preto,44,True,VERÃO 2027,Vestidos,https://www.intibrand.com/produto/vestido-salvi-preto-4984,https://cdn.vnda.com.br/intibrand/2026/08/21/15_49_12_39_vestido-20salvi-20preto-20frente-15082080.jpg?v=1787338178,2026-08-24T17:28:30.310313-03:00,,unknown_not_observed_per_size
377,4985,Vestido Salvi,Vestido Salvi Vermelho,Vermelho,34,True,VERÃO 2027,Vestidos,https://www.intibrand.com/produto/vestido-salvi-vermelho-4985,https://cdn.vnda.com.br/intibrand/2026/08/21/15_53_00_393_vestido-20salvi-20vermelho-20-20costas-202-15088470.jpg?v=1787338407,2026-08-24T17:28:30.310313-03:00,,unknown_not_observed_per_size
377,4985,Vestido Salvi,Vestido Salvi Vermelho,Vermelho,36,True,VERÃO 2027,Vestidos,https://www.intibrand.com/produto/vestido-salvi-vermelho-4985,https://cdn.vnda.com.br/intibrand/2026/08/21/15_53_00_393_vestido-20salvi-20vermelho-20-20costas-202-15088470.jpg?v=1787338407,2026-08-24T17:28:30.310313-03:00,,unknown_not_observed_per_size
377,4985,Vestido Salvi,Vestido Salvi Vermelho,Vermelho,38,True,VERÃO 2027,Vestidos,https://www.intibrand.com/produto/vestido-salvi-vermelho-4985,https://cdn.vnda.com.br/intibrand/2026/08/21/15_53_00_393_vestido-20salvi-20vermelho-20-20costas-202-15088470.jpg?v=1787338407,2026-08-24T17:28:30.310313-03:00,,unknown_not_observed_per_size
377,4985,Vestido Salvi,Vestido Salvi Vermelho,Vermelho,40,True,VERÃO 2027,Vestidos,https://www.intibrand.com/produto/vestido-salvi-vermelho-4985,https://cdn.vnda.com.br/intibrand/2026/08/21/15_53_00_393_vestido-20salvi-20vermelho-20-20costas-202-15088470.jpg?v=1787338407,2026-08-24T17:28:30.310313-03:00,,unknown_not_observed_per_size
377,4985,Vestido Salvi,Vestido Salvi Vermelho,Vermelho,42,True,VERÃO 2027,Vestidos,https://www.intibrand.com/produto/vestido-salvi-vermelho-4985,https://cdn.vnda.com.br/intibrand/2026/08/21/15_53_00_393_vestido-20salvi-20vermelho-20-20costas-202-15088470.jpg?v=1787338407,2026-08-24T17:28:30.310313-03:00,,unknown_not_observed_per_size
377,4985,Vestido Salvi,Vestido Salvi Vermelho,Vermelho,44,True,VERÃO 2027,Vestidos,https://www.intibrand.com/produto/vestido-salvi-vermelho-4985,https://cdn.vnda.com.br/intibrand/2026/08/21/15_53_00_393_vestido-20salvi-20vermelho-20-20costas-202-15088470.jpg?v=1787338407,2026-08-24T17:28:30.310313-03:00,,unknown_not_observed_per_size
379,4738,Vestido Sanaa,Vestido Sanaa Paetê Dourado,Paetê Dourado,34,True,VERÃO 2027,Vestidos,https://www.intibrand.com/produto/vestido-sanaa-paete-dourado-4738,https://cdn.vnda.com.br/intibrand/2025/12/02/10_38_14_50_vestido-20sanaa-20dourado-20frente-10123080.jpg?v=1764682694,2026-08-24T17:28:30.310313-03:00,,unknown_not_observed_per_size
379,4738,Vestido Sanaa,Vestido Sanaa Paetê Dourado,Paetê Dourado,36,True,VERÃO 2027,Vestidos,https://www.intibrand.com/produto/vestido-sanaa-paete-dourado-4738,https://cdn.vnda.com.br/intibrand/2025/12/02/10_38_14_50_vestido-20sanaa-20dourado-20frente-10123080.jpg?v=1764682694,2026-08-24T17:28:30.310313-03:00,,unknown_not_observed_per_size
379,4738,Vestido Sanaa,Vestido Sanaa Paetê Dourado,Paetê Dourado,38,True,VERÃO 2027,Vestidos,https://www.intibrand.com/produto/vestido-sanaa-paete-dourado-4738,https://cdn.vnda.com.br/intibrand/2025/12/02/10_38_14_50_vestido-20sanaa-20dourado-20frente-10123080.jpg?v=1764682694,2026-08-24T17:28:30.310313-03:00,,unknown_not_observed_per_size
379,4738,Vestido Sanaa,Vestido Sanaa Paetê Dourado,Paetê Dourado,40,True,VERÃO 2027,Vestidos,https://www.intibrand.com/produto/vestido-sanaa-paete-dourado-4738,https://cdn.vnda.com.br/intibrand/2025/12/02/10_38_14_50_vestido-20sanaa-20dourado-20frente-10123080.jpg?v=1764682694,2026-08-24T17:28:30.310313-03:00,,unknown_not_observed_per_size
379,4738,Vestido Sanaa,Vestido Sanaa Paetê Dourado,Paetê Dourado,42,True,VERÃO 2027,Vestidos,https://www.intibrand.com/produto/vestido-sanaa-paete-dourado-4738,https://cdn.vnda.com.br/intibrand/2025/12/02/10_38_14_50_vestido-20sanaa-20dourado-20frente-10123080.jpg?v=1764682694,2026-08-24T17:28:30.310313-03:00,,unknown_not_observed_per_size
379,4739,Vestido Sanaa,Vestido Sanaa Paetê Prateado,Paetê Prateado,34,True,VERÃO 2027,Vestidos,https://www.intibrand.com/produto/vestido-sanaa-paete-prateado-4739,https://cdn.vnda.com.br/intibrand/2025/12/02/10_39_51_602_vestido-20sanaa-20prateado-20frente-202-10124940.jpg?v=1764682791,2026-08-24T17:28:30.310313-03:00,,unknown_not_observed_per_size
379,4739,Vestido Sanaa,Vestido Sanaa Paetê Prateado,Paetê Prateado,36,True,VERÃO 2027,Vestidos,https://www.intibrand.com/produto/vestido-sanaa-paete-prateado-4739,https://cdn.vnda.com.br/intibrand/2025/12/02/10_39_51_602_vestido-20sanaa-20prateado-20frente-202-10124940.jpg?v=1764682791,2026-08-24T17:28:30.310313-03:00,,unknown_not_observed_per_size
379,4739,Vestido Sanaa,Vestido Sanaa Paetê Prateado,Paetê Prateado,38,True,VERÃO 2027,Vestidos,https://www.intibrand.com/produto/vestido-sanaa-paete-prateado-4739,https://cdn.vnda.com.br/intibrand/2025/12/02/10_39_51_602_vestido-20sanaa-20prateado-20frente-202-10124940.jpg?v=1764682791,2026-08-24T17:28:30.310313-03:00,,unknown_not_observed_per_size
379,4739,Vestido Sanaa,Vestido Sanaa Paetê Prateado,Paetê Prateado,40,True,VERÃO 2027,Vestidos,https://www.intibrand.com/produto/vestido-sanaa-paete-prateado-4739,https://cdn.vnda.com.br/intibrand/2025/12/02/10_39_51_602_vestido-20sanaa-20prateado-20frente-202-10124940.jpg?v=1764682791,2026-08-24T17:28:30.310313-03:00,,unknown_not_observed_per_size
379,4739,Vestido Sanaa,Vestido Sanaa Paetê Prateado,Paetê Prateado,42,True,VERÃO 2027,Vestidos,https://www.intibrand.com/produto/vestido-sanaa-paete-prateado-4739,https://cdn.vnda.com.br/intibrand/2025/12/02/10_39_51_602_vestido-20sanaa-20prateado-20frente-202-10124940.jpg?v=1764682791,2026-08-24T17:28:30.310313-03:00,,unknown_not_observed_per_size
381,4349,Vestido Sartori Off-White,Vestido Sartori Off-White,Off White,34,True,VERÃO 2027,Vestidos,https://www.intibrand.com/produto/vestido-sartori-off-white-4349,https://cdn.vnda.com.br/intibrand/2026/08/18/13_55_51_958_gaby-20fotos-20-202026-08-18t135506-490-13087250.jpg?v=1787072163,2026-08-24T17:28:30.310313-03:00,,unknown_not_observed_per_size
381,4349,Vestido Sartori Off-White,Vestido Sartori Off-White,Off White,36,True,VERÃO 2027,Vestidos,https://www.intibrand.com/produto/vestido-sartori-off-white-4349,https://cdn.vnda.com.br/intibrand/2026/08/18/13_55_51_958_gaby-20fotos-20-202026-08-18t135506-490-13087250.jpg?v=1787072163,2026-08-24T17:28:30.310313-03:00,,unknown_not_observed_per_size
381,4349,Vestido Sartori Off-White,Vestido Sartori Off-White,Off White,38,True,VERÃO 2027,Vestidos,https://www.intibrand.com/produto/vestido-sartori-off-white-4349,https://cdn.vnda.com.br/intibrand/2026/08/18/13_55_51_958_gaby-20fotos-20-202026-08-18t135506-490-13087250.jpg?v=1787072163,2026-08-24T17:28:30.310313-03:00,,unknown_not_observed_per_size
381,4349,Vestido Sartori Off-White,Vestido Sartori Off-White,Off White,40,True,VERÃO 2027,Vestidos,https://www.intibrand.com/produto/vestido-sartori-off-white-4349,https://cdn.vnda.com.br/intibrand/2026/08/18/13_55_51_958_gaby-20fotos-20-202026-08-18t135506-490-13087250.jpg?v=1787072163,2026-08-24T17:28:30.310313-03:00,,unknown_not_observed_per_size
381,4349,Vestido Sartori Off-White,Vestido Sartori Off-White,Off White,42,True,VERÃO 2027,Vestidos,https://www.intibrand.com/produto/vestido-sartori-off-white-4349,https://cdn.vnda.com.br/intibrand/2026/08/18/13_55_51_958_gaby-20fotos-20-202026-08-18t135506-490-13087250.jpg?v=1787072163,2026-08-24T17:28:30.310313-03:00,,unknown_not_observed_per_size
381,4349,Vestido Sartori Off-White,Vestido Sartori Off-White,Off White,44,True,VERÃO 2027,Vestidos,https://www.intibrand.com/produto/vestido-sartori-off-white-4349,https://cdn.vnda.com.br/intibrand/2026/08/18/13_55_51_958_gaby-20fotos-20-202026-08-18t135506-490-13087250.jpg?v=1787072163,2026-08-24T17:28:30.310313-03:00,,unknown_not_observed_per_size
380,4350,Vestido Sartori,Vestido Sartori Preto,Preto,34,True,VERÃO 2027,Vestidos,https://www.intibrand.com/produto/vestido-sartori-preto-4350,https://cdn.vnda.com.br/intibrand/2026/08/24/12_41_53_165_vestido-20sartori-20preto-20frente-201-12080170.jpg?v=1787586116,2026-08-24T17:28:30.310313-03:00,,unknown_not_observed_per_size
380,4350,Vestido Sartori,Vestido Sartori Preto,Preto,36,True,VERÃO 2027,Vestidos,https://www.intibrand.com/produto/vestido-sartori-preto-4350,https://cdn.vnda.com.br/intibrand/2026/08/24/12_41_53_165_vestido-20sartori-20preto-20frente-201-12080170.jpg?v=1787586116,2026-08-24T17:28:30.310313-03:00,,unknown_not_observed_per_size
380,4350,Vestido Sartori,Vestido Sartori Preto,Preto,38,True,VERÃO 2027,Vestidos,https://www.intibrand.com/produto/vestido-sartori-preto-4350,https://cdn.vnda.com.br/intibrand/2026/08/24/12_41_53_165_vestido-20sartori-20preto-20frente-201-12080170.jpg?v=1787586116,2026-08-24T17:28:30.310313-03:00,,unknown_not_observed_per_size
380,4350,Vestido Sartori,Vestido Sartori Preto,Preto,40,True,VERÃO 2027,Vestidos,https://www.intibrand.com/produto/vestido-sartori-preto-4350,https://cdn.vnda.com.br/intibrand/2026/08/24/12_41_53_165_vestido-20sartori-20preto-20frente-201-12080170.jpg?v=1787586116,2026-08-24T17:28:30.310313-03:00,,unknown_not_observed_per_size
380,4350,Vestido Sartori,Vestido Sartori Preto,Preto,42,True,VERÃO 2027,Vestidos,https://www.intibrand.com/produto/vestido-sartori-preto-4350,https://cdn.vnda.com.br/intibrand/2026/08/24/12_41_53_165_vestido-20sartori-20preto-20frente-201-12080170.jpg?v=1787586116,2026-08-24T17:28:30.310313-03:00,,unknown_not_observed_per_size
380,4350,Vestido Sartori,Vestido Sartori Preto,Preto,44,True,VERÃO 2027,Vestidos,https://www.intibrand.com/produto/vestido-sartori-preto-4350,https://cdn.vnda.com.br/intibrand/2026/08/24/12_41_53_165_vestido-20sartori-20preto-20frente-201-12080170.jpg?v=1787586116,2026-08-24T17:28:30.310313-03:00,,unknown_not_observed_per_size
380,5007,Vestido Sartori,Vestido Sartori Rosê,Rosê,34,True,VERÃO 2027,Vestidos,https://www.intibrand.com/produto/vestido-sartori-rose-5007,https://cdn.vnda.com.br/intibrand/2026/08/18/14_10_09_403_gaby-20fotos-20-202026-08-18t140931-330-14081280.jpg?v=1787073013,2026-08-24T17:28:30.310313-03:00,,unknown_not_observed_per_size
380,5007,Vestido Sartori,Vestido Sartori Rosê,Rosê,36,True,VERÃO 2027,Vestidos,https://www.intibrand.com/produto/vestido-sartori-rose-5007,https://cdn.vnda.com.br/intibrand/2026/08/18/14_10_09_403_gaby-20fotos-20-202026-08-18t140931-330-14081280.jpg?v=1787073013,2026-08-24T17:28:30.310313-03:00,,unknown_not_observed_per_size
380,5007,Vestido Sartori,Vestido Sartori Rosê,Rosê,38,True,VERÃO 2027,Vestidos,https://www.intibrand.com/produto/vestido-sartori-rose-5007,https://cdn.vnda.com.br/intibrand/2026/08/18/14_10_09_403_gaby-20fotos-20-202026-08-18t140931-330-14081280.jpg?v=1787073013,2026-08-24T17:28:30.310313-03:00,,unknown_not_observed_per_size
380,5007,Vestido Sartori,Vestido Sartori Rosê,Rosê,40,True,VERÃO 2027,Vestidos,https://www.intibrand.com/produto/vestido-sartori-rose-5007,https://cdn.vnda.com.br/intibrand/2026/08/18/14_10_09_403_gaby-20fotos-20-202026-08-18t140931-330-14081280.jpg?v=1787073013,2026-08-24T17:28:30.310313-03:00,,unknown_not_observed_per_size
380,5007,Vestido Sartori,Vestido Sartori Rosê,Rosê,42,True,VERÃO 2027,Vestidos,https://www.intibrand.com/produto/vestido-sartori-rose-5007,https://cdn.vnda.com.br/intibrand/2026/08/18/14_10_09_403_gaby-20fotos-20-202026-08-18t140931-330-14081280.jpg?v=1787073013,2026-08-24T17:28:30.310313-03:00,,unknown_not_observed_per_size
380,5007,Vestido Sartori,Vestido Sartori Rosê,Rosê,44,True,VERÃO 2027,Vestidos,https://www.intibrand.com/produto/vestido-sartori-rose-5007,https://cdn.vnda.com.br/intibrand/2026/08/18/14_10_09_403_gaby-20fotos-20-202026-08-18t140931-330-14081280.jpg?v=1787073013,2026-08-24T17:28:30.310313-03:00,,unknown_not_observed_per_size
380,4351,Vestido Sartori,Vestido Sartori Vermelho,Vermelho,34,True,VERÃO 2027,Vestidos,https://www.intibrand.com/produto/vestido-sartori-vermelho-4351,https://cdn.vnda.com.br/intibrand/2026/08/18/13_53_11_238_gaby-20fotos-20-202026-08-18t135234-779-13089250.jpg?v=1787071996,2026-08-24T17:28:30.310313-03:00,,unknown_not_observed_per_size
380,4351,Vestido Sartori,Vestido Sartori Vermelho,Vermelho,36,True,VERÃO 2027,Vestidos,https://www.intibrand.com/produto/vestido-sartori-vermelho-4351,https://cdn.vnda.com.br/intibrand/2026/08/18/13_53_11_238_gaby-20fotos-20-202026-08-18t135234-779-13089250.jpg?v=1787071996,2026-08-24T17:28:30.310313-03:00,,unknown_not_observed_per_size
380,4351,Vestido Sartori,Vestido Sartori Vermelho,Vermelho,38,True,VERÃO 2027,Vestidos,https://www.intibrand.com/produto/vestido-sartori-vermelho-4351,https://cdn.vnda.com.br/intibrand/2026/08/18/13_53_11_238_gaby-20fotos-20-202026-08-18t135234-779-13089250.jpg?v=1787071996,2026-08-24T17:28:30.310313-03:00,,unknown_not_observed_per_size
380,4351,Vestido Sartori,Vestido Sartori Vermelho,Vermelho,40,True,VERÃO 2027,Vestidos,https://www.intibrand.com/produto/vestido-sartori-vermelho-4351,https://cdn.vnda.com.br/intibrand/2026/08/18/13_53_11_238_gaby-20fotos-20-202026-08-18t135234-779-13089250.jpg?v=1787071996,2026-08-24T17:28:30.310313-03:00,,unknown_not_observed_per_size
380,4351,Vestido Sartori,Vestido Sartori Vermelho,Vermelho,42,True,VERÃO 2027,Vestidos,https://www.intibrand.com/produto/vestido-sartori-vermelho-4351,https://cdn.vnda.com.br/intibrand/2026/08/18/13_53_11_238_gaby-20fotos-20-202026-08-18t135234-779-13089250.jpg?v=1787071996,2026-08-24T17:28:30.310313-03:00,,unknown_not_observed_per_size
380,4351,Vestido Sartori,Vestido Sartori Vermelho,Vermelho,44,True,VERÃO 2027,Vestidos,https://www.intibrand.com/produto/vestido-sartori-vermelho-4351,https://cdn.vnda.com.br/intibrand/2026/08/18/13_53_11_238_gaby-20fotos-20-202026-08-18t135234-779-13089250.jpg?v=1787071996,2026-08-24T17:28:30.310313-03:00,,unknown_not_observed_per_size
383,4740,Vestido Tess Off-White,Vestido Tess Off-White,Off White,36,True,VERÃO 2027,Vestidos,https://www.intibrand.com/produto/vestido-tess-off-white-4740,https://cdn.vnda.com.br/intibrand/2025/12/02/12_49_35_56_vestido-20tess-20off-white-20frente-12124390.jpg?v=1764690636,2026-08-24T17:28:30.310313-03:00,,unknown_not_observed_per_size
383,4740,Vestido Tess Off-White,Vestido Tess Off-White,Off White,38,True,VERÃO 2027,Vestidos,https://www.intibrand.com/produto/vestido-tess-off-white-4740,https://cdn.vnda.com.br/intibrand/2025/12/02/12_49_35_56_vestido-20tess-20off-white-20frente-12124390.jpg?v=1764690636,2026-08-24T17:28:30.310313-03:00,,unknown_not_observed_per_size
383,4740,Vestido Tess Off-White,Vestido Tess Off-White,Off White,40,True,VERÃO 2027,Vestidos,https://www.intibrand.com/produto/vestido-tess-off-white-4740,https://cdn.vnda.com.br/intibrand/2025/12/02/12_49_35_56_vestido-20tess-20off-white-20frente-12124390.jpg?v=1764690636,2026-08-24T17:28:30.310313-03:00,,unknown_not_observed_per_size
383,4740,Vestido Tess Off-White,Vestido Tess Off-White,Off White,42,True,VERÃO 2027,Vestidos,https://www.intibrand.com/produto/vestido-tess-off-white-4740,https://cdn.vnda.com.br/intibrand/2025/12/02/12_49_35_56_vestido-20tess-20off-white-20frente-12124390.jpg?v=1764690636,2026-08-24T17:28:30.310313-03:00,,unknown_not_observed_per_size
382,4741,Vestido Tess,Vestido Tess Preto,Preto,36,True,VERÃO 2027,Vestidos,https://www.intibrand.com/produto/vestido-tess-preto-4741,https://cdn.vnda.com.br/intibrand/2025/12/02/12_57_56_84_vestido-20tess-20preto-20frente-12125240.jpg?v=1764691085,2026-08-24T17:28:30.310313-03:00,,unknown_not_observed_per_size
382,4741,Vestido Tess,Vestido Tess Preto,Preto,38,True,VERÃO 2027,Vestidos,https://www.intibrand.com/produto/vestido-tess-preto-4741,https://cdn.vnda.com.br/intibrand/2025/12/02/12_57_56_84_vestido-20tess-20preto-20frente-12125240.jpg?v=1764691085,2026-08-24T17:28:30.310313-03:00,,unknown_not_observed_per_size
382,4741,Vestido Tess,Vestido Tess Preto,Preto,40,True,VERÃO 2027,Vestidos,https://www.intibrand.com/produto/vestido-tess-preto-4741,https://cdn.vnda.com.br/intibrand/2025/12/02/12_57_56_84_vestido-20tess-20preto-20frente-12125240.jpg?v=1764691085,2026-08-24T17:28:30.310313-03:00,,unknown_not_observed_per_size
382,4741,Vestido Tess,Vestido Tess Preto,Preto,42,True,VERÃO 2027,Vestidos,https://www.intibrand.com/produto/vestido-tess-preto-4741,https://cdn.vnda.com.br/intibrand/2025/12/02/12_57_56_84_vestido-20tess-20preto-20frente-12125240.jpg?v=1764691085,2026-08-24T17:28:30.310313-03:00,,unknown_not_observed_per_size
382,4742,Vestido Tess,Vestido Tess Vermelho,Vermelho,36,True,VERÃO 2027,Vestidos,https://www.intibrand.com/produto/vestido-tess-vermelho-4742,https://cdn.vnda.com.br/intibrand/2025/12/15/13_17_07_353_vestido-20tess-20cereja-20frente-20reedit-20-1-13128790.jpg?v=1765815429,2026-08-24T17:28:30.310313-03:00,,unknown_not_observed_per_size
382,4742,Vestido Tess,Vestido Tess Vermelho,Vermelho,38,True,VERÃO 2027,Vestidos,https://www.intibrand.com/produto/vestido-tess-vermelho-4742,https://cdn.vnda.com.br/intibrand/2025/12/15/13_17_07_353_vestido-20tess-20cereja-20frente-20reedit-20-1-13128790.jpg?v=1765815429,2026-08-24T17:28:30.310313-03:00,,unknown_not_observed_per_size
382,4742,Vestido Tess,Vestido Tess Vermelho,Vermelho,40,True,VERÃO 2027,Vestidos,https://www.intibrand.com/produto/vestido-tess-vermelho-4742,https://cdn.vnda.com.br/intibrand/2025/12/15/13_17_07_353_vestido-20tess-20cereja-20frente-20reedit-20-1-13128790.jpg?v=1765815429,2026-08-24T17:28:30.310313-03:00,,unknown_not_observed_per_size
382,4742,Vestido Tess,Vestido Tess Vermelho,Vermelho,42,True,VERÃO 2027,Vestidos,https://www.intibrand.com/produto/vestido-tess-vermelho-4742,https://cdn.vnda.com.br/intibrand/2025/12/15/13_17_07_353_vestido-20tess-20cereja-20frente-20reedit-20-1-13128790.jpg?v=1765815429,2026-08-24T17:28:30.310313-03:00,,unknown_not_observed_per_size
384,4814,Vestido Tricot Aubrey,Vestido Tricot Aubrey Bege,Bege,36,True,VERÃO 2027,Vestidos,https://www.intibrand.com/produto/vestido-tricot-aubrey-bege-4814,https://cdn.vnda.com.br/intibrand/2026/03/19/11_50_52_836_vestido-20tricot-20aubrey-20bege-20frente-20-1-11037530.jpg?v=1773931855,2026-08-24T17:28:30.310313-03:00,,unknown_not_observed_per_size
384,4814,Vestido Tricot Aubrey,Vestido Tricot Aubrey Bege,Bege,38,True,VERÃO 2027,Vestidos,https://www.intibrand.com/produto/vestido-tricot-aubrey-bege-4814,https://cdn.vnda.com.br/intibrand/2026/03/19/11_50_52_836_vestido-20tricot-20aubrey-20bege-20frente-20-1-11037530.jpg?v=1773931855,2026-08-24T17:28:30.310313-03:00,,unknown_not_observed_per_size
384,4814,Vestido Tricot Aubrey,Vestido Tricot Aubrey Bege,Bege,40,True,VERÃO 2027,Vestidos,https://www.intibrand.com/produto/vestido-tricot-aubrey-bege-4814,https://cdn.vnda.com.br/intibrand/2026/03/19/11_50_52_836_vestido-20tricot-20aubrey-20bege-20frente-20-1-11037530.jpg?v=1773931855,2026-08-24T17:28:30.310313-03:00,,unknown_not_observed_per_size
384,4814,Vestido Tricot Aubrey,Vestido Tricot Aubrey Bege,Bege,42,True,VERÃO 2027,Vestidos,https://www.intibrand.com/produto/vestido-tricot-aubrey-bege-4814,https://cdn.vnda.com.br/intibrand/2026/03/19/11_50_52_836_vestido-20tricot-20aubrey-20bege-20frente-20-1-11037530.jpg?v=1773931855,2026-08-24T17:28:30.310313-03:00,,unknown_not_observed_per_size
385,4813,Vestido Tricot Aubrey Preto com Off-White,Vestido Tricot Aubrey Preto com Off-White,Off White,36,True,VERÃO 2027,Vestidos,https://www.intibrand.com/produto/vestido-tricot-aubrey-preto-com-off-white-4813,https://cdn.vnda.com.br/intibrand/2026/03/19/11_52_16_111_vestido-20tricot-20aubrey-20preto-20com-20off-white-20frente-204-20-1-11037020.jpg?v=1773931936,2026-08-24T17:28:30.310313-03:00,,unknown_not_observed_per_size
385,4813,Vestido Tricot Aubrey Preto com Off-White,Vestido Tricot Aubrey Preto com Off-White,Off White,38,True,VERÃO 2027,Vestidos,https://www.intibrand.com/produto/vestido-tricot-aubrey-preto-com-off-white-4813,https://cdn.vnda.com.br/intibrand/2026/03/19/11_52_16_111_vestido-20tricot-20aubrey-20preto-20com-20off-white-20frente-204-20-1-11037020.jpg?v=1773931936,2026-08-24T17:28:30.310313-03:00,,unknown_not_observed_per_size
385,4813,Vestido Tricot Aubrey Preto com Off-White,Vestido Tricot Aubrey Preto com Off-White,Off White,40,True,VERÃO 2027,Vestidos,https://www.intibrand.com/produto/vestido-tricot-aubrey-preto-com-off-white-4813,https://cdn.vnda.com.br/intibrand/2026/03/19/11_52_16_111_vestido-20tricot-20aubrey-20preto-20com-20off-white-20frente-204-20-1-11037020.jpg?v=1773931936,2026-08-24T17:28:30.310313-03:00,,unknown_not_observed_per_size
385,4813,Vestido Tricot Aubrey Preto com Off-White,Vestido Tricot Aubrey Preto com Off-White,Off White,42,True,VERÃO 2027,Vestidos,https://www.intibrand.com/produto/vestido-tricot-aubrey-preto-com-off-white-4813,https://cdn.vnda.com.br/intibrand/2026/03/19/11_52_16_111_vestido-20tricot-20aubrey-20preto-20com-20off-white-20frente-204-20-1-11037020.jpg?v=1773931936,2026-08-24T17:28:30.310313-03:00,,unknown_not_observed_per_size
384,4815,Vestido Tricot Aubrey,Vestido Tricot Aubrey Vermelho,Vermelho,36,True,VERÃO 2027,Vestidos,https://www.intibrand.com/produto/vestido-tricot-aubrey-vermelho-4815,https://cdn.vnda.com.br/intibrand/2026/03/19/11_51_23_193_vestido-20tricot-20aubrey-20vermelho-20-20zoom-20frente-202-20-1-11034660.jpg?v=1773931890,2026-08-24T17:28:30.310313-03:00,,unknown_not_observed_per_size
384,4815,Vestido Tricot Aubrey,Vestido Tricot Aubrey Vermelho,Vermelho,38,True,VERÃO 2027,Vestidos,https://www.intibrand.com/produto/vestido-tricot-aubrey-vermelho-4815,https://cdn.vnda.com.br/intibrand/2026/03/19/11_51_23_193_vestido-20tricot-20aubrey-20vermelho-20-20zoom-20frente-202-20-1-11034660.jpg?v=1773931890,2026-08-24T17:28:30.310313-03:00,,unknown_not_observed_per_size
384,4815,Vestido Tricot Aubrey,Vestido Tricot Aubrey Vermelho,Vermelho,40,True,VERÃO 2027,Vestidos,https://www.intibrand.com/produto/vestido-tricot-aubrey-vermelho-4815,https://cdn.vnda.com.br/intibrand/2026/03/19/11_51_23_193_vestido-20tricot-20aubrey-20vermelho-20-20zoom-20frente-202-20-1-11034660.jpg?v=1773931890,2026-08-24T17:28:30.310313-03:00,,unknown_not_observed_per_size
384,4815,Vestido Tricot Aubrey,Vestido Tricot Aubrey Vermelho,Vermelho,42,True,VERÃO 2027,Vestidos,https://www.intibrand.com/produto/vestido-tricot-aubrey-vermelho-4815,https://cdn.vnda.com.br/intibrand/2026/03/19/11_51_23_193_vestido-20tricot-20aubrey-20vermelho-20-20zoom-20frente-202-20-1-11034660.jpg?v=1773931890,2026-08-24T17:28:30.310313-03:00,,unknown_not_observed_per_size
387,4470,Vestido Tricot Effie Off-White,Vestido Tricot Effie Off-White,Off White,36,True,VERÃO 2027,Vestidos,https://www.intibrand.com/produto/vestido-tricot-effie-off-white-4470,https://cdn.vnda.com.br/intibrand/2025/02/04/13_13_12_190_13_2_3_361_vestido20tricot20effie20offwhite20frente.jpg?v=1738685599,2026-08-24T17:28:30.310313-03:00,,unknown_not_observed_per_size
387,4470,Vestido Tricot Effie Off-White,Vestido Tricot Effie Off-White,Off White,38,True,VERÃO 2027,Vestidos,https://www.intibrand.com/produto/vestido-tricot-effie-off-white-4470,https://cdn.vnda.com.br/intibrand/2025/02/04/13_13_12_190_13_2_3_361_vestido20tricot20effie20offwhite20frente.jpg?v=1738685599,2026-08-24T17:28:30.310313-03:00,,unknown_not_observed_per_size
387,4470,Vestido Tricot Effie Off-White,Vestido Tricot Effie Off-White,Off White,40,True,VERÃO 2027,Vestidos,https://www.intibrand.com/produto/vestido-tricot-effie-off-white-4470,https://cdn.vnda.com.br/intibrand/2025/02/04/13_13_12_190_13_2_3_361_vestido20tricot20effie20offwhite20frente.jpg?v=1738685599,2026-08-24T17:28:30.310313-03:00,,unknown_not_observed_per_size
387,4470,Vestido Tricot Effie Off-White,Vestido Tricot Effie Off-White,Off White,42,True,VERÃO 2027,Vestidos,https://www.intibrand.com/produto/vestido-tricot-effie-off-white-4470,https://cdn.vnda.com.br/intibrand/2025/02/04/13_13_12_190_13_2_3_361_vestido20tricot20effie20offwhite20frente.jpg?v=1738685599,2026-08-24T17:28:30.310313-03:00,,unknown_not_observed_per_size
386,4472,Vestido Tricot Effie,Vestido Tricot Effie Vermelho,Vermelho,36,True,VERÃO 2027,Vestidos,https://www.intibrand.com/produto/vestido-tricot-effie-vermelho-4472,https://cdn.vnda.com.br/intibrand/2025/02/04/13_08_24_913_13_2_7_712_vestido20tricot20effie20vermelho20frente201.jpg?v=1738685304,2026-08-24T17:28:30.310313-03:00,,unknown_not_observed_per_size
386,4472,Vestido Tricot Effie,Vestido Tricot Effie Vermelho,Vermelho,38,True,VERÃO 2027,Vestidos,https://www.intibrand.com/produto/vestido-tricot-effie-vermelho-4472,https://cdn.vnda.com.br/intibrand/2025/02/04/13_08_24_913_13_2_7_712_vestido20tricot20effie20vermelho20frente201.jpg?v=1738685304,2026-08-24T17:28:30.310313-03:00,,unknown_not_observed_per_size
386,4472,Vestido Tricot Effie,Vestido Tricot Effie Vermelho,Vermelho,40,True,VERÃO 2027,Vestidos,https://www.intibrand.com/produto/vestido-tricot-effie-vermelho-4472,https://cdn.vnda.com.br/intibrand/2025/02/04/13_08_24_913_13_2_7_712_vestido20tricot20effie20vermelho20frente201.jpg?v=1738685304,2026-08-24T17:28:30.310313-03:00,,unknown_not_observed_per_size
386,4472,Vestido Tricot Effie,Vestido Tricot Effie Vermelho,Vermelho,42,True,VERÃO 2027,Vestidos,https://www.intibrand.com/produto/vestido-tricot-effie-vermelho-4472,https://cdn.vnda.com.br/intibrand/2025/02/04/13_08_24_913_13_2_7_712_vestido20tricot20effie20vermelho20frente201.jpg?v=1738685304,2026-08-24T17:28:30.310313-03:00,,unknown_not_observed_per_size
388,4468,Vestido Tricot Murphy,Vestido Tricot Murphy Avelã,Avelã,36,True,VERÃO 2027,Vestidos,https://www.intibrand.com/produto/vestido-tricot-murphy-avela-4468,https://cdn.vnda.com.br/intibrand/2025/02/03/17_53_46_931_17_2_0_034_vestido20murphy20avelc38320frente202.jpg?v=1738616026,2026-08-24T17:28:30.310313-03:00,,unknown_not_observed_per_size
388,4468,Vestido Tricot Murphy,Vestido Tricot Murphy Avelã,Avelã,38,True,VERÃO 2027,Vestidos,https://www.intibrand.com/produto/vestido-tricot-murphy-avela-4468,https://cdn.vnda.com.br/intibrand/2025/02/03/17_53_46_931_17_2_0_034_vestido20murphy20avelc38320frente202.jpg?v=1738616026,2026-08-24T17:28:30.310313-03:00,,unknown_not_observed_per_size
388,4468,Vestido Tricot Murphy,Vestido Tricot Murphy Avelã,Avelã,40,True,VERÃO 2027,Vestidos,https://www.intibrand.com/produto/vestido-tricot-murphy-avela-4468,https://cdn.vnda.com.br/intibrand/2025/02/03/17_53_46_931_17_2_0_034_vestido20murphy20avelc38320frente202.jpg?v=1738616026,2026-08-24T17:28:30.310313-03:00,,unknown_not_observed_per_size
388,4468,Vestido Tricot Murphy,Vestido Tricot Murphy Avelã,Avelã,42,True,VERÃO 2027,Vestidos,https://www.intibrand.com/produto/vestido-tricot-murphy-avela-4468,https://cdn.vnda.com.br/intibrand/2025/02/03/17_53_46_931_17_2_0_034_vestido20murphy20avelc38320frente202.jpg?v=1738616026,2026-08-24T17:28:30.310313-03:00,,unknown_not_observed_per_size
389,4467,Vestido Tricot Murphy Preto com Off-White,Vestido Tricot Murphy Preto com Off-White,Off White,36,True,VERÃO 2027,Vestidos,https://www.intibrand.com/produto/vestido-tricot-murphy-preto-com-off-white-4467,https://cdn.vnda.com.br/intibrand/2025/02/03/17_52_22_131_17_2_4_456_vestido20murphy20preto20com20offwhite20frente204.jpg?v=1738615944,2026-08-24T17:28:30.310313-03:00,,unknown_not_observed_per_size
389,4467,Vestido Tricot Murphy Preto com Off-White,Vestido Tricot Murphy Preto com Off-White,Off White,38,True,VERÃO 2027,Vestidos,https://www.intibrand.com/produto/vestido-tricot-murphy-preto-com-off-white-4467,https://cdn.vnda.com.br/intibrand/2025/02/03/17_52_22_131_17_2_4_456_vestido20murphy20preto20com20offwhite20frente204.jpg?v=1738615944,2026-08-24T17:28:30.310313-03:00,,unknown_not_observed_per_size
389,4467,Vestido Tricot Murphy Preto com Off-White,Vestido Tricot Murphy Preto com Off-White,Off White,40,True,VERÃO 2027,Vestidos,https://www.intibrand.com/produto/vestido-tricot-murphy-preto-com-off-white-4467,https://cdn.vnda.com.br/intibrand/2025/02/03/17_52_22_131_17_2_4_456_vestido20murphy20preto20com20offwhite20frente204.jpg?v=1738615944,2026-08-24T17:28:30.310313-03:00,,unknown_not_observed_per_size
389,4467,Vestido Tricot Murphy Preto com Off-White,Vestido Tricot Murphy Preto com Off-White,Off White,42,True,VERÃO 2027,Vestidos,https://www.intibrand.com/produto/vestido-tricot-murphy-preto-com-off-white-4467,https://cdn.vnda.com.br/intibrand/2025/02/03/17_52_22_131_17_2_4_456_vestido20murphy20preto20com20offwhite20frente204.jpg?v=1738615944,2026-08-24T17:28:30.310313-03:00,,unknown_not_observed_per_size
388,4469,Vestido Tricot Murphy,Vestido Tricot Murphy Vermelho,Vermelho,36,True,VERÃO 2027,Vestidos,https://www.intibrand.com/produto/vestido-tricot-murphy-vermelho-4469,https://cdn.vnda.com.br/intibrand/2025/02/03/17_52_59_372_17_2_5_548_vestido20murphy20vermelho20frente20aw25202.jpg?v=1738615985,2026-08-24T17:28:30.310313-03:00,,unknown_not_observed_per_size
388,4469,Vestido Tricot Murphy,Vestido Tricot Murphy Vermelho,Vermelho,38,True,VERÃO 2027,Vestidos,https://www.intibrand.com/produto/vestido-tricot-murphy-vermelho-4469,https://cdn.vnda.com.br/intibrand/2025/02/03/17_52_59_372_17_2_5_548_vestido20murphy20vermelho20frente20aw25202.jpg?v=1738615985,2026-08-24T17:28:30.310313-03:00,,unknown_not_observed_per_size
388,4469,Vestido Tricot Murphy,Vestido Tricot Murphy Vermelho,Vermelho,40,True,VERÃO 2027,Vestidos,https://www.intibrand.com/produto/vestido-tricot-murphy-vermelho-4469,https://cdn.vnda.com.br/intibrand/2025/02/03/17_52_59_372_17_2_5_548_vestido20murphy20vermelho20frente20aw25202.jpg?v=1738615985,2026-08-24T17:28:30.310313-03:00,,unknown_not_observed_per_size
388,4469,Vestido Tricot Murphy,Vestido Tricot Murphy Vermelho,Vermelho,42,True,VERÃO 2027,Vestidos,https://www.intibrand.com/produto/vestido-tricot-murphy-vermelho-4469,https://cdn.vnda.com.br/intibrand/2025/02/03/17_52_59_372_17_2_5_548_vestido20murphy20vermelho20frente20aw25202.jpg?v=1738615985,2026-08-24T17:28:30.310313-03:00,,unknown_not_observed_per_size
390,4694,Vestido Tricot Nau,Vestido Tricot Nau Avelã,Avelã,36,True,VERÃO 2027,Vestidos,https://www.intibrand.com/produto/vestido-tricot-nau-avela-4694,https://cdn.vnda.com.br/intibrand/2025/11/04/16_50_20_894_vestido-20tricot-20nau-20avel-c3-83-20frente-20reedit-20-1-16114330.jpg?v=1762285824,2026-08-24T17:28:30.310313-03:00,,unknown_not_observed_per_size
390,4694,Vestido Tricot Nau,Vestido Tricot Nau Avelã,Avelã,38,True,VERÃO 2027,Vestidos,https://www.intibrand.com/produto/vestido-tricot-nau-avela-4694,https://cdn.vnda.com.br/intibrand/2025/11/04/16_50_20_894_vestido-20tricot-20nau-20avel-c3-83-20frente-20reedit-20-1-16114330.jpg?v=1762285824,2026-08-24T17:28:30.310313-03:00,,unknown_not_observed_per_size
390,4694,Vestido Tricot Nau,Vestido Tricot Nau Avelã,Avelã,40,True,VERÃO 2027,Vestidos,https://www.intibrand.com/produto/vestido-tricot-nau-avela-4694,https://cdn.vnda.com.br/intibrand/2025/11/04/16_50_20_894_vestido-20tricot-20nau-20avel-c3-83-20frente-20reedit-20-1-16114330.jpg?v=1762285824,2026-08-24T17:28:30.310313-03:00,,unknown_not_observed_per_size
390,4694,Vestido Tricot Nau,Vestido Tricot Nau Avelã,Avelã,42,True,VERÃO 2027,Vestidos,https://www.intibrand.com/produto/vestido-tricot-nau-avela-4694,https://cdn.vnda.com.br/intibrand/2025/11/04/16_50_20_894_vestido-20tricot-20nau-20avel-c3-83-20frente-20reedit-20-1-16114330.jpg?v=1762285824,2026-08-24T17:28:30.310313-03:00,,unknown_not_observed_per_size
390,4692,Vestido Tricot Nau,Vestido Tricot Nau Preto,Preto,36,True,VERÃO 2027,Vestidos,https://www.intibrand.com/produto/vestido-tricot-nau-preto-4692,https://cdn.vnda.com.br/intibrand/2025/10/31/16_23_30_980_vestido-20tricot-20nau-20preto-20frente-16102460.jpg?v=1761938619,2026-08-24T17:28:30.310313-03:00,,unknown_not_observed_per_size
390,4692,Vestido Tricot Nau,Vestido Tricot Nau Preto,Preto,38,True,VERÃO 2027,Vestidos,https://www.intibrand.com/produto/vestido-tricot-nau-preto-4692,https://cdn.vnda.com.br/intibrand/2025/10/31/16_23_30_980_vestido-20tricot-20nau-20preto-20frente-16102460.jpg?v=1761938619,2026-08-24T17:28:30.310313-03:00,,unknown_not_observed_per_size
390,4692,Vestido Tricot Nau,Vestido Tricot Nau Preto,Preto,40,True,VERÃO 2027,Vestidos,https://www.intibrand.com/produto/vestido-tricot-nau-preto-4692,https://cdn.vnda.com.br/intibrand/2025/10/31/16_23_30_980_vestido-20tricot-20nau-20preto-20frente-16102460.jpg?v=1761938619,2026-08-24T17:28:30.310313-03:00,,unknown_not_observed_per_size
390,4692,Vestido Tricot Nau,Vestido Tricot Nau Preto,Preto,42,True,VERÃO 2027,Vestidos,https://www.intibrand.com/produto/vestido-tricot-nau-preto-4692,https://cdn.vnda.com.br/intibrand/2025/10/31/16_23_30_980_vestido-20tricot-20nau-20preto-20frente-16102460.jpg?v=1761938619,2026-08-24T17:28:30.310313-03:00,,unknown_not_observed_per_size
390,4693,Vestido Tricot Nau,Vestido Tricot Nau Vermelho,Vermelho,36,True,VERÃO 2027,Vestidos,https://www.intibrand.com/produto/vestido-tricot-nau-vermelho-4693,https://cdn.vnda.com.br/intibrand/2025/10/31/16_21_10_550_vestido-20tricot-20nau-20frente-16108480.jpg?v=1761938470,2026-08-24T17:28:30.310313-03:00,,unknown_not_observed_per_size
390,4693,Vestido Tricot Nau,Vestido Tricot Nau Vermelho,Vermelho,38,True,VERÃO 2027,Vestidos,https://www.intibrand.com/produto/vestido-tricot-nau-vermelho-4693,https://cdn.vnda.com.br/intibrand/2025/10/31/16_21_10_550_vestido-20tricot-20nau-20frente-16108480.jpg?v=1761938470,2026-08-24T17:28:30.310313-03:00,,unknown_not_observed_per_size
390,4693,Vestido Tricot Nau,Vestido Tricot Nau Vermelho,Vermelho,40,True,VERÃO 2027,Vestidos,https://www.intibrand.com/produto/vestido-tricot-nau-vermelho-4693,https://cdn.vnda.com.br/intibrand/2025/10/31/16_21_10_550_vestido-20tricot-20nau-20frente-16108480.jpg?v=1761938470,2026-08-24T17:28:30.310313-03:00,,unknown_not_observed_per_size
390,4693,Vestido Tricot Nau,Vestido Tricot Nau Vermelho,Vermelho,42,True,VERÃO 2027,Vestidos,https://www.intibrand.com/produto/vestido-tricot-nau-vermelho-4693,https://cdn.vnda.com.br/intibrand/2025/10/31/16_21_10_550_vestido-20tricot-20nau-20frente-16108480.jpg?v=1761938470,2026-08-24T17:28:30.310313-03:00,,unknown_not_observed_per_size
392,4864,Vestido Tucker Off-White,Vestido Tucker Off-White,Off White,34,True,VERÃO 2027,Vestidos,https://www.intibrand.com/produto/vestido-tucker-off-white-4864,https://cdn.vnda.com.br/intibrand/2026/05/05/15_10_28_205_artes-20site-20-10-15057390.jpg?v=1778004630,2026-08-24T17:28:30.310313-03:00,,unknown_not_observed_per_size
392,4864,Vestido Tucker Off-White,Vestido Tucker Off-White,Off White,36,True,VERÃO 2027,Vestidos,https://www.intibrand.com/produto/vestido-tucker-off-white-4864,https://cdn.vnda.com.br/intibrand/2026/05/05/15_10_28_205_artes-20site-20-10-15057390.jpg?v=1778004630,2026-08-24T17:28:30.310313-03:00,,unknown_not_observed_per_size
392,4864,Vestido Tucker Off-White,Vestido Tucker Off-White,Off White,38,True,VERÃO 2027,Vestidos,https://www.intibrand.com/produto/vestido-tucker-off-white-4864,https://cdn.vnda.com.br/intibrand/2026/05/05/15_10_28_205_artes-20site-20-10-15057390.jpg?v=1778004630,2026-08-24T17:28:30.310313-03:00,,unknown_not_observed_per_size
392,4864,Vestido Tucker Off-White,Vestido Tucker Off-White,Off White,40,True,VERÃO 2027,Vestidos,https://www.intibrand.com/produto/vestido-tucker-off-white-4864,https://cdn.vnda.com.br/intibrand/2026/05/05/15_10_28_205_artes-20site-20-10-15057390.jpg?v=1778004630,2026-08-24T17:28:30.310313-03:00,,unknown_not_observed_per_size
392,4864,Vestido Tucker Off-White,Vestido Tucker Off-White,Off White,42,True,VERÃO 2027,Vestidos,https://www.intibrand.com/produto/vestido-tucker-off-white-4864,https://cdn.vnda.com.br/intibrand/2026/05/05/15_10_28_205_artes-20site-20-10-15057390.jpg?v=1778004630,2026-08-24T17:28:30.310313-03:00,,unknown_not_observed_per_size
391,4866,Vestido Tucker,Vestido Tucker Vermelho,Vermelho,34,True,VERÃO 2027,Vestidos,https://www.intibrand.com/produto/vestido-tucker-vermelho-4866,https://cdn.vnda.com.br/intibrand/2026/05/05/15_10_09_307_artes-20site-20-9-15058320.jpg?v=1778004612,2026-08-24T17:28:30.310313-03:00,,unknown_not_observed_per_size
391,4866,Vestido Tucker,Vestido Tucker Vermelho,Vermelho,36,True,VERÃO 2027,Vestidos,https://www.intibrand.com/produto/vestido-tucker-vermelho-4866,https://cdn.vnda.com.br/intibrand/2026/05/05/15_10_09_307_artes-20site-20-9-15058320.jpg?v=1778004612,2026-08-24T17:28:30.310313-03:00,,unknown_not_observed_per_size
391,4866,Vestido Tucker,Vestido Tucker Vermelho,Vermelho,38,True,VERÃO 2027,Vestidos,https://www.intibrand.com/produto/vestido-tucker-vermelho-4866,https://cdn.vnda.com.br/intibrand/2026/05/05/15_10_09_307_artes-20site-20-9-15058320.jpg?v=1778004612,2026-08-24T17:28:30.310313-03:00,,unknown_not_observed_per_size
391,4866,Vestido Tucker,Vestido Tucker Vermelho,Vermelho,40,True,VERÃO 2027,Vestidos,https://www.intibrand.com/produto/vestido-tucker-vermelho-4866,https://cdn.vnda.com.br/intibrand/2026/05/05/15_10_09_307_artes-20site-20-9-15058320.jpg?v=1778004612,2026-08-24T17:28:30.310313-03:00,,unknown_not_observed_per_size
391,4866,Vestido Tucker,Vestido Tucker Vermelho,Vermelho,42,True,VERÃO 2027,Vestidos,https://www.intibrand.com/produto/vestido-tucker-vermelho-4866,https://cdn.vnda.com.br/intibrand/2026/05/05/15_10_09_307_artes-20site-20-9-15058320.jpg?v=1778004612,2026-08-24T17:28:30.310313-03:00,,unknown_not_observed_per_size
394,4109,Vestido Vallez Off-White,Vestido Vallez Off-White,Off White,36,True,VERÃO 2027,Vestidos,https://www.intibrand.com/produto/vestido-vallez-off-white-4109,https://cdn.vnda.com.br/intibrand/2024/08/15/16_47_12_755_16_8_4_458_vestido20vallez20offwhite20frente20carved.jpg?v=1723751245,2026-08-24T17:28:30.310313-03:00,,unknown_not_observed_per_size
394,4109,Vestido Vallez Off-White,Vestido Vallez Off-White,Off White,38,True,VERÃO 2027,Vestidos,https://www.intibrand.com/produto/vestido-vallez-off-white-4109,https://cdn.vnda.com.br/intibrand/2024/08/15/16_47_12_755_16_8_4_458_vestido20vallez20offwhite20frente20carved.jpg?v=1723751245,2026-08-24T17:28:30.310313-03:00,,unknown_not_observed_per_size
394,4109,Vestido Vallez Off-White,Vestido Vallez Off-White,Off White,40,True,VERÃO 2027,Vestidos,https://www.intibrand.com/produto/vestido-vallez-off-white-4109,https://cdn.vnda.com.br/intibrand/2024/08/15/16_47_12_755_16_8_4_458_vestido20vallez20offwhite20frente20carved.jpg?v=1723751245,2026-08-24T17:28:30.310313-03:00,,unknown_not_observed_per_size
394,4109,Vestido Vallez Off-White,Vestido Vallez Off-White,Off White,42,True,VERÃO 2027,Vestidos,https://www.intibrand.com/produto/vestido-vallez-off-white-4109,https://cdn.vnda.com.br/intibrand/2024/08/15/16_47_12_755_16_8_4_458_vestido20vallez20offwhite20frente20carved.jpg?v=1723751245,2026-08-24T17:28:30.310313-03:00,,unknown_not_observed_per_size
393,4111,Vestido Vallez,Vestido Vallez Preto,Preto,36,True,VERÃO 2027,Vestidos,https://www.intibrand.com/produto/vestido-vallez-preto-4111,https://cdn.vnda.com.br/intibrand/2024/08/15/16_51_37_690_16_8_6_691_vestido20vallez20preto20frente20carved201.jpg?v=1723751497,2026-08-24T17:28:30.310313-03:00,,unknown_not_observed_per_size
393,4111,Vestido Vallez,Vestido Vallez Preto,Preto,38,True,VERÃO 2027,Vestidos,https://www.intibrand.com/produto/vestido-vallez-preto-4111,https://cdn.vnda.com.br/intibrand/2024/08/15/16_51_37_690_16_8_6_691_vestido20vallez20preto20frente20carved201.jpg?v=1723751497,2026-08-24T17:28:30.310313-03:00,,unknown_not_observed_per_size
393,4111,Vestido Vallez,Vestido Vallez Preto,Preto,40,True,VERÃO 2027,Vestidos,https://www.intibrand.com/produto/vestido-vallez-preto-4111,https://cdn.vnda.com.br/intibrand/2024/08/15/16_51_37_690_16_8_6_691_vestido20vallez20preto20frente20carved201.jpg?v=1723751497,2026-08-24T17:28:30.310313-03:00,,unknown_not_observed_per_size
393,4111,Vestido Vallez,Vestido Vallez Preto,Preto,42,True,VERÃO 2027,Vestidos,https://www.intibrand.com/produto/vestido-vallez-preto-4111,https://cdn.vnda.com.br/intibrand/2024/08/15/16_51_37_690_16_8_6_691_vestido20vallez20preto20frente20carved201.jpg?v=1723751497,2026-08-24T17:28:30.310313-03:00,,unknown_not_observed_per_size
395,4346,Vestido Vitalli Off-White,Vestido Vitalli Off-White,Off White,36,True,VERÃO 2027,Vestidos,https://www.intibrand.com/produto/vestido-vitalli-off-white-4346,https://cdn.vnda.com.br/intibrand/2025/01/22/11_26_05_9_11_1_4_423_vestido20vitalli20offwhite20zoom202.jpg?v=1749059321,2026-08-24T17:28:30.310313-03:00,,unknown_not_observed_per_size
395,4346,Vestido Vitalli Off-White,Vestido Vitalli Off-White,Off White,38,True,VERÃO 2027,Vestidos,https://www.intibrand.com/produto/vestido-vitalli-off-white-4346,https://cdn.vnda.com.br/intibrand/2025/01/22/11_26_05_9_11_1_4_423_vestido20vitalli20offwhite20zoom202.jpg?v=1749059321,2026-08-24T17:28:30.310313-03:00,,unknown_not_observed_per_size
395,4346,Vestido Vitalli Off-White,Vestido Vitalli Off-White,Off White,40,True,VERÃO 2027,Vestidos,https://www.intibrand.com/produto/vestido-vitalli-off-white-4346,https://cdn.vnda.com.br/intibrand/2025/01/22/11_26_05_9_11_1_4_423_vestido20vitalli20offwhite20zoom202.jpg?v=1749059321,2026-08-24T17:28:30.310313-03:00,,unknown_not_observed_per_size
395,4346,Vestido Vitalli Off-White,Vestido Vitalli Off-White,Off White,42,True,VERÃO 2027,Vestidos,https://www.intibrand.com/produto/vestido-vitalli-off-white-4346,https://cdn.vnda.com.br/intibrand/2025/01/22/11_26_05_9_11_1_4_423_vestido20vitalli20offwhite20zoom202.jpg?v=1749059321,2026-08-24T17:28:30.310313-03:00,,unknown_not_observed_per_size
396,4979,Vestido Walker,Vestido Walker Framboesa,Framboesa,34,True,VERÃO 2027,Vestidos,https://www.intibrand.com/produto/vestido-walker-framboesa-4979,https://cdn.vnda.com.br/intibrand/2026/08/17/16_26_35_260_gaby-20fotos-20-202026-08-17t162608-128-16089880.jpg?v=1787069830,2026-08-24T17:28:30.310313-03:00,,unknown_not_observed_per_size
396,4979,Vestido Walker,Vestido Walker Framboesa,Framboesa,36,True,VERÃO 2027,Vestidos,https://www.intibrand.com/produto/vestido-walker-framboesa-4979,https://cdn.vnda.com.br/intibrand/2026/08/17/16_26_35_260_gaby-20fotos-20-202026-08-17t162608-128-16089880.jpg?v=1787069830,2026-08-24T17:28:30.310313-03:00,,unknown_not_observed_per_size
396,4979,Vestido Walker,Vestido Walker Framboesa,Framboesa,38,True,VERÃO 2027,Vestidos,https://www.intibrand.com/produto/vestido-walker-framboesa-4979,https://cdn.vnda.com.br/intibrand/2026/08/17/16_26_35_260_gaby-20fotos-20-202026-08-17t162608-128-16089880.jpg?v=1787069830,2026-08-24T17:28:30.310313-03:00,,unknown_not_observed_per_size
396,4979,Vestido Walker,Vestido Walker Framboesa,Framboesa,40,True,VERÃO 2027,Vestidos,https://www.intibrand.com/produto/vestido-walker-framboesa-4979,https://cdn.vnda.com.br/intibrand/2026/08/17/16_26_35_260_gaby-20fotos-20-202026-08-17t162608-128-16089880.jpg?v=1787069830,2026-08-24T17:28:30.310313-03:00,,unknown_not_observed_per_size
396,4979,Vestido Walker,Vestido Walker Framboesa,Framboesa,42,True,VERÃO 2027,Vestidos,https://www.intibrand.com/produto/vestido-walker-framboesa-4979,https://cdn.vnda.com.br/intibrand/2026/08/17/16_26_35_260_gaby-20fotos-20-202026-08-17t162608-128-16089880.jpg?v=1787069830,2026-08-24T17:28:30.310313-03:00,,unknown_not_observed_per_size
396,4979,Vestido Walker,Vestido Walker Framboesa,Framboesa,44,True,VERÃO 2027,Vestidos,https://www.intibrand.com/produto/vestido-walker-framboesa-4979,https://cdn.vnda.com.br/intibrand/2026/08/17/16_26_35_260_gaby-20fotos-20-202026-08-17t162608-128-16089880.jpg?v=1787069830,2026-08-24T17:28:30.310313-03:00,,unknown_not_observed_per_size
397,4978,Vestido Walker Off-White,Vestido Walker Off-White,Off White,34,True,VERÃO 2027,Vestidos,https://www.intibrand.com/produto/vestido-walker-off-white-4978,https://cdn.vnda.com.br/intibrand/2026/08/24/16_52_36_924_vestido-20walker-20-20off-white-20frente-16080660.jpg?v=1787601166,2026-08-24T17:28:30.310313-03:00,,unknown_not_observed_per_size
397,4978,Vestido Walker Off-White,Vestido Walker Off-White,Off White,36,True,VERÃO 2027,Vestidos,https://www.intibrand.com/produto/vestido-walker-off-white-4978,https://cdn.vnda.com.br/intibrand/2026/08/24/16_52_36_924_vestido-20walker-20-20off-white-20frente-16080660.jpg?v=1787601166,2026-08-24T17:28:30.310313-03:00,,unknown_not_observed_per_size
397,4978,Vestido Walker Off-White,Vestido Walker Off-White,Off White,38,True,VERÃO 2027,Vestidos,https://www.intibrand.com/produto/vestido-walker-off-white-4978,https://cdn.vnda.com.br/intibrand/2026/08/24/16_52_36_924_vestido-20walker-20-20off-white-20frente-16080660.jpg?v=1787601166,2026-08-24T17:28:30.310313-03:00,,unknown_not_observed_per_size
397,4978,Vestido Walker Off-White,Vestido Walker Off-White,Off White,40,True,VERÃO 2027,Vestidos,https://www.intibrand.com/produto/vestido-walker-off-white-4978,https://cdn.vnda.com.br/intibrand/2026/08/24/16_52_36_924_vestido-20walker-20-20off-white-20frente-16080660.jpg?v=1787601166,2026-08-24T17:28:30.310313-03:00,,unknown_not_observed_per_size
397,4978,Vestido Walker Off-White,Vestido Walker Off-White,Off White,42,True,VERÃO 2027,Vestidos,https://www.intibrand.com/produto/vestido-walker-off-white-4978,https://cdn.vnda.com.br/intibrand/2026/08/24/16_52_36_924_vestido-20walker-20-20off-white-20frente-16080660.jpg?v=1787601166,2026-08-24T17:28:30.310313-03:00,,unknown_not_observed_per_size
397,4978,Vestido Walker Off-White,Vestido Walker Off-White,Off White,44,True,VERÃO 2027,Vestidos,https://www.intibrand.com/produto/vestido-walker-off-white-4978,https://cdn.vnda.com.br/intibrand/2026/08/24/16_52_36_924_vestido-20walker-20-20off-white-20frente-16080660.jpg?v=1787601166,2026-08-24T17:28:30.310313-03:00,,unknown_not_observed_per_size
396,4980,Vestido Walker,Vestido Walker Preto,Preto,34,True,VERÃO 2027,Vestidos,https://www.intibrand.com/produto/vestido-walker-preto-4980,https://cdn.vnda.com.br/intibrand/2026/08/20/17_41_42_863_gaby-20fotos-20-202026-08-20t174120-663-17083830.jpg?v=1787258508,2026-08-24T17:28:30.310313-03:00,,unknown_not_observed_per_size
396,4980,Vestido Walker,Vestido Walker Preto,Preto,36,True,VERÃO 2027,Vestidos,https://www.intibrand.com/produto/vestido-walker-preto-4980,https://cdn.vnda.com.br/intibrand/2026/08/20/17_41_42_863_gaby-20fotos-20-202026-08-20t174120-663-17083830.jpg?v=1787258508,2026-08-24T17:28:30.310313-03:00,,unknown_not_observed_per_size
396,4980,Vestido Walker,Vestido Walker Preto,Preto,38,True,VERÃO 2027,Vestidos,https://www.intibrand.com/produto/vestido-walker-preto-4980,https://cdn.vnda.com.br/intibrand/2026/08/20/17_41_42_863_gaby-20fotos-20-202026-08-20t174120-663-17083830.jpg?v=1787258508,2026-08-24T17:28:30.310313-03:00,,unknown_not_observed_per_size
396,4980,Vestido Walker,Vestido Walker Preto,Preto,40,True,VERÃO 2027,Vestidos,https://www.intibrand.com/produto/vestido-walker-preto-4980,https://cdn.vnda.com.br/intibrand/2026/08/20/17_41_42_863_gaby-20fotos-20-202026-08-20t174120-663-17083830.jpg?v=1787258508,2026-08-24T17:28:30.310313-03:00,,unknown_not_observed_per_size
396,4980,Vestido Walker,Vestido Walker Preto,Preto,42,True,VERÃO 2027,Vestidos,https://www.intibrand.com/produto/vestido-walker-preto-4980,https://cdn.vnda.com.br/intibrand/2026/08/20/17_41_42_863_gaby-20fotos-20-202026-08-20t174120-663-17083830.jpg?v=1787258508,2026-08-24T17:28:30.310313-03:00,,unknown_not_observed_per_size
396,4980,Vestido Walker,Vestido Walker Preto,Preto,44,True,VERÃO 2027,Vestidos,https://www.intibrand.com/produto/vestido-walker-preto-4980,https://cdn.vnda.com.br/intibrand/2026/08/20/17_41_42_863_gaby-20fotos-20-202026-08-20t174120-663-17083830.jpg?v=1787258508,2026-08-24T17:28:30.310313-03:00,,unknown_not_observed_per_size
396,4981,Vestido Walker,Vestido Walker Vermelho,Vermelho,34,True,VERÃO 2027,Vestidos,https://www.intibrand.com/produto/vestido-walker-vermelho-4981,https://cdn.vnda.com.br/intibrand/2026/08/24/16_58_32_492_vestido-20walker-20-20vermelho-20frente-202-20-16087070.jpg?v=1787601516,2026-08-24T17:28:30.310313-03:00,,unknown_not_observed_per_size
396,4981,Vestido Walker,Vestido Walker Vermelho,Vermelho,36,True,VERÃO 2027,Vestidos,https://www.intibrand.com/produto/vestido-walker-vermelho-4981,https://cdn.vnda.com.br/intibrand/2026/08/24/16_58_32_492_vestido-20walker-20-20vermelho-20frente-202-20-16087070.jpg?v=1787601516,2026-08-24T17:28:30.310313-03:00,,unknown_not_observed_per_size
396,4981,Vestido Walker,Vestido Walker Vermelho,Vermelho,38,True,VERÃO 2027,Vestidos,https://www.intibrand.com/produto/vestido-walker-vermelho-4981,https://cdn.vnda.com.br/intibrand/2026/08/24/16_58_32_492_vestido-20walker-20-20vermelho-20frente-202-20-16087070.jpg?v=1787601516,2026-08-24T17:28:30.310313-03:00,,unknown_not_observed_per_size
396,4981,Vestido Walker,Vestido Walker Vermelho,Vermelho,40,True,VERÃO 2027,Vestidos,https://www.intibrand.com/produto/vestido-walker-vermelho-4981,https://cdn.vnda.com.br/intibrand/2026/08/24/16_58_32_492_vestido-20walker-20-20vermelho-20frente-202-20-16087070.jpg?v=1787601516,2026-08-24T17:28:30.310313-03:00,,unknown_not_observed_per_size
396,4981,Vestido Walker,Vestido Walker Vermelho,Vermelho,42,True,VERÃO 2027,Vestidos,https://www.intibrand.com/produto/vestido-walker-vermelho-4981,https://cdn.vnda.com.br/intibrand/2026/08/24/16_58_32_492_vestido-20walker-20-20vermelho-20frente-202-20-16087070.jpg?v=1787601516,2026-08-24T17:28:30.310313-03:00,,unknown_not_observed_per_size
396,4981,Vestido Walker,Vestido Walker Vermelho,Vermelho,44,True,VERÃO 2027,Vestidos,https://www.intibrand.com/produto/vestido-walker-vermelho-4981,https://cdn.vnda.com.br/intibrand/2026/08/24/16_58_32_492_vestido-20walker-20-20vermelho-20frente-202-20-16087070.jpg?v=1787601516,2026-08-24T17:28:30.310313-03:00,,unknown_not_observed_per_size
398,4949,Vestido Warren,Vestido Warren Marrom,Marrom,34,True,VERÃO 2027,Vestidos,https://www.intibrand.com/produto/vestido-warren-marrom-4949,https://cdn.vnda.com.br/intibrand/2026/06/15/15_52_24_13_gaby-20fotos-20-61-15060370.jpg?v=1781549549,2026-08-24T17:28:30.310313-03:00,,unknown_not_observed_per_size
398,4949,Vestido Warren,Vestido Warren Marrom,Marrom,36,True,VERÃO 2027,Vestidos,https://www.intibrand.com/produto/vestido-warren-marrom-4949,https://cdn.vnda.com.br/intibrand/2026/06/15/15_52_24_13_gaby-20fotos-20-61-15060370.jpg?v=1781549549,2026-08-24T17:28:30.310313-03:00,,unknown_not_observed_per_size
398,4949,Vestido Warren,Vestido Warren Marrom,Marrom,38,True,VERÃO 2027,Vestidos,https://www.intibrand.com/produto/vestido-warren-marrom-4949,https://cdn.vnda.com.br/intibrand/2026/06/15/15_52_24_13_gaby-20fotos-20-61-15060370.jpg?v=1781549549,2026-08-24T17:28:30.310313-03:00,,unknown_not_observed_per_size
398,4949,Vestido Warren,Vestido Warren Marrom,Marrom,40,True,VERÃO 2027,Vestidos,https://www.intibrand.com/produto/vestido-warren-marrom-4949,https://cdn.vnda.com.br/intibrand/2026/06/15/15_52_24_13_gaby-20fotos-20-61-15060370.jpg?v=1781549549,2026-08-24T17:28:30.310313-03:00,,unknown_not_observed_per_size
398,4949,Vestido Warren,Vestido Warren Marrom,Marrom,42,True,VERÃO 2027,Vestidos,https://www.intibrand.com/produto/vestido-warren-marrom-4949,https://cdn.vnda.com.br/intibrand/2026/06/15/15_52_24_13_gaby-20fotos-20-61-15060370.jpg?v=1781549549,2026-08-24T17:28:30.310313-03:00,,unknown_not_observed_per_size
398,4949,Vestido Warren,Vestido Warren Marrom,Marrom,44,True,VERÃO 2027,Vestidos,https://www.intibrand.com/produto/vestido-warren-marrom-4949,https://cdn.vnda.com.br/intibrand/2026/06/15/15_52_24_13_gaby-20fotos-20-61-15060370.jpg?v=1781549549,2026-08-24T17:28:30.310313-03:00,,unknown_not_observed_per_size
399,4947,Vestido Warren Off-White,Vestido Warren Off-White,Off White,34,True,VERÃO 2027,Vestidos,https://www.intibrand.com/produto/vestido-warren-off-white-4947,https://cdn.vnda.com.br/intibrand/2026/06/15/15_56_54_695_gaby-20fotos-20-73-15065580.jpg?v=1781549847,2026-08-24T17:28:30.310313-03:00,,unknown_not_observed_per_size
399,4947,Vestido Warren Off-White,Vestido Warren Off-White,Off White,36,True,VERÃO 2027,Vestidos,https://www.intibrand.com/produto/vestido-warren-off-white-4947,https://cdn.vnda.com.br/intibrand/2026/06/15/15_56_54_695_gaby-20fotos-20-73-15065580.jpg?v=1781549847,2026-08-24T17:28:30.310313-03:00,,unknown_not_observed_per_size
399,4947,Vestido Warren Off-White,Vestido Warren Off-White,Off White,38,True,VERÃO 2027,Vestidos,https://www.intibrand.com/produto/vestido-warren-off-white-4947,https://cdn.vnda.com.br/intibrand/2026/06/15/15_56_54_695_gaby-20fotos-20-73-15065580.jpg?v=1781549847,2026-08-24T17:28:30.310313-03:00,,unknown_not_observed_per_size
399,4947,Vestido Warren Off-White,Vestido Warren Off-White,Off White,40,True,VERÃO 2027,Vestidos,https://www.intibrand.com/produto/vestido-warren-off-white-4947,https://cdn.vnda.com.br/intibrand/2026/06/15/15_56_54_695_gaby-20fotos-20-73-15065580.jpg?v=1781549847,2026-08-24T17:28:30.310313-03:00,,unknown_not_observed_per_size
399,4947,Vestido Warren Off-White,Vestido Warren Off-White,Off White,42,True,VERÃO 2027,Vestidos,https://www.intibrand.com/produto/vestido-warren-off-white-4947,https://cdn.vnda.com.br/intibrand/2026/06/15/15_56_54_695_gaby-20fotos-20-73-15065580.jpg?v=1781549847,2026-08-24T17:28:30.310313-03:00,,unknown_not_observed_per_size
399,4947,Vestido Warren Off-White,Vestido Warren Off-White,Off White,44,True,VERÃO 2027,Vestidos,https://www.intibrand.com/produto/vestido-warren-off-white-4947,https://cdn.vnda.com.br/intibrand/2026/06/15/15_56_54_695_gaby-20fotos-20-73-15065580.jpg?v=1781549847,2026-08-24T17:28:30.310313-03:00,,unknown_not_observed_per_size
398,4948,Vestido Warren,Vestido Warren Preto,Preto,34,True,VERÃO 2027,Vestidos,https://www.intibrand.com/produto/vestido-warren-preto-4948,https://cdn.vnda.com.br/intibrand/2026/06/15/15_54_04_397_gaby-20fotos-20-67-15060870.jpg?v=1781628298,2026-08-24T17:28:30.310313-03:00,,unknown_not_observed_per_size
398,4948,Vestido Warren,Vestido Warren Preto,Preto,36,True,VERÃO 2027,Vestidos,https://www.intibrand.com/produto/vestido-warren-preto-4948,https://cdn.vnda.com.br/intibrand/2026/06/15/15_54_04_397_gaby-20fotos-20-67-15060870.jpg?v=1781628298,2026-08-24T17:28:30.310313-03:00,,unknown_not_observed_per_size
398,4948,Vestido Warren,Vestido Warren Preto,Preto,38,True,VERÃO 2027,Vestidos,https://www.intibrand.com/produto/vestido-warren-preto-4948,https://cdn.vnda.com.br/intibrand/2026/06/15/15_54_04_397_gaby-20fotos-20-67-15060870.jpg?v=1781628298,2026-08-24T17:28:30.310313-03:00,,unknown_not_observed_per_size
398,4948,Vestido Warren,Vestido Warren Preto,Preto,40,True,VERÃO 2027,Vestidos,https://www.intibrand.com/produto/vestido-warren-preto-4948,https://cdn.vnda.com.br/intibrand/2026/06/15/15_54_04_397_gaby-20fotos-20-67-15060870.jpg?v=1781628298,2026-08-24T17:28:30.310313-03:00,,unknown_not_observed_per_size
398,4948,Vestido Warren,Vestido Warren Preto,Preto,42,True,VERÃO 2027,Vestidos,https://www.intibrand.com/produto/vestido-warren-preto-4948,https://cdn.vnda.com.br/intibrand/2026/06/15/15_54_04_397_gaby-20fotos-20-67-15060870.jpg?v=1781628298,2026-08-24T17:28:30.310313-03:00,,unknown_not_observed_per_size
398,4948,Vestido Warren,Vestido Warren Preto,Preto,44,True,VERÃO 2027,Vestidos,https://www.intibrand.com/produto/vestido-warren-preto-4948,https://cdn.vnda.com.br/intibrand/2026/06/15/15_54_04_397_gaby-20fotos-20-67-15060870.jpg?v=1781628298,2026-08-24T17:28:30.310313-03:00,,unknown_not_observed_per_size
400,3706,Vestido Zakynthos,Vestido Zakynthos Rosê,Rosê,PP,True,VERÃO 2027,Vestidos,https://www.intibrand.com/produto/vestido-zakynthos-rose-3706,https://cdn.vnda.com.br/intibrand/2022/09/01/10_9_6_673_VESTIDOZAKYNTHOSROSFRENTE.jpg?v=1662040059,2026-08-24T17:28:30.310313-03:00,,unknown_not_observed_per_size
400,3706,Vestido Zakynthos,Vestido Zakynthos Rosê,Rosê,P,True,VERÃO 2027,Vestidos,https://www.intibrand.com/produto/vestido-zakynthos-rose-3706,https://cdn.vnda.com.br/intibrand/2022/09/01/10_9_6_673_VESTIDOZAKYNTHOSROSFRENTE.jpg?v=1662040059,2026-08-24T17:28:30.310313-03:00,,unknown_not_observed_per_size
400,3706,Vestido Zakynthos,Vestido Zakynthos Rosê,Rosê,M,True,VERÃO 2027,Vestidos,https://www.intibrand.com/produto/vestido-zakynthos-rose-3706,https://cdn.vnda.com.br/intibrand/2022/09/01/10_9_6_673_VESTIDOZAKYNTHOSROSFRENTE.jpg?v=1662040059,2026-08-24T17:28:30.310313-03:00,,unknown_not_observed_per_size
400,3706,Vestido Zakynthos,Vestido Zakynthos Rosê,Rosê,G,True,VERÃO 2027,Vestidos,https://www.intibrand.com/produto/vestido-zakynthos-rose-3706,https://cdn.vnda.com.br/intibrand/2022/09/01/10_9_6_673_VESTIDOZAKYNTHOSROSFRENTE.jpg?v=1662040059,2026-08-24T17:28:30.310313-03:00,,unknown_not_observed_per_size
401,4535,Vestido Zephyr Off-White,Vestido Zephyr Off-White,Off White,36,True,VERÃO 2027,Vestidos,https://www.intibrand.com/produto/vestido-zephyr-off-white-4535,https://cdn.vnda.com.br/intibrand/2025/06/25/13_11_22_554_13_6_2_225_vestido20zephyr20offwhite20frente201.jpg?v=1750867913,2026-08-24T17:28:30.310313-03:00,,unknown_not_observed_per_size
401,4535,Vestido Zephyr Off-White,Vestido Zephyr Off-White,Off White,38,True,VERÃO 2027,Vestidos,https://www.intibrand.com/produto/vestido-zephyr-off-white-4535,https://cdn.vnda.com.br/intibrand/2025/06/25/13_11_22_554_13_6_2_225_vestido20zephyr20offwhite20frente201.jpg?v=1750867913,2026-08-24T17:28:30.310313-03:00,,unknown_not_observed_per_size
401,4535,Vestido Zephyr Off-White,Vestido Zephyr Off-White,Off White,40,True,VERÃO 2027,Vestidos,https://www.intibrand.com/produto/vestido-zephyr-off-white-4535,https://cdn.vnda.com.br/intibrand/2025/06/25/13_11_22_554_13_6_2_225_vestido20zephyr20offwhite20frente201.jpg?v=1750867913,2026-08-24T17:28:30.310313-03:00,,unknown_not_observed_per_size
401,4535,Vestido Zephyr Off-White,Vestido Zephyr Off-White,Off White,42,True,VERÃO 2027,Vestidos,https://www.intibrand.com/produto/vestido-zephyr-off-white-4535,https://cdn.vnda.com.br/intibrand/2025/06/25/13_11_22_554_13_6_2_225_vestido20zephyr20offwhite20frente201.jpg?v=1750867913,2026-08-24T17:28:30.310313-03:00,,unknown_not_observed_per_size
