week,sku,product,color,size,price,units_sold,ending_stock
2025-09-01,VEST-SALVI-PRE-34,Vestido Salvi,Preto,34,1499.0,7,41
2025-09-08,VEST-SALVI-PRE-34,Vestido Salvi,Preto,34,1499.0,7,34
2025-09-15,VEST-SALVI-PRE-34,Vestido Salvi,Preto,34,1499.0,9,25
2025-09-22,VEST-SALVI-PRE-34,Vestido Salvi,Preto,34,1499.0,7,18
2025-09-29,VEST-SALVI-PRE-34,Vestido Salvi,Preto,34,1499.0,7,11
2025-10-06,VEST-SALVI-PRE-34,Vestido Salvi,Preto,34,1499.0,7,4
2025-10-13,VEST-SALVI-PRE-34,Vestido Salvi,Preto,34,1499.0,8,0
2025-10-20,VEST-SALVI-PRE-34,Vestido Salvi,Preto,34,1499.0,7,0
2025-10-27,VEST-SALVI-PRE-34,Vestido Salvi,Preto,34,1499.0,6,0
2025-11-03,VEST-SALVI-PRE-34,Vestido Salvi,Preto,34,1499.0,5,0
2025-11-10,VEST-SALVI-PRE-34,Vestido Salvi,Preto,34,1499.0,7,0
2025-11-17,VEST-SALVI-PRE-34,Vestido Salvi,Preto,34,1499.0,10,22
2025-11-24,VEST-SALVI-PRE-34,Vestido Salvi,Preto,34,1499.0,6,16
2025-12-01,VEST-SALVI-PRE-34,Vestido Salvi,Preto,34,1499.0,9,7
2025-12-08,VEST-SALVI-PRE-34,Vestido Salvi,Preto,34,1499.0,6,27
2025-12-15,VEST-SALVI-PRE-34,Vestido Salvi,Preto,34,1499.0,6,21
2025-12-22,VEST-SALVI-PRE-34,Vestido Salvi,Preto,34,1499.0,7,14
2025-12-29,VEST-SALVI-PRE-34,Vestido Salvi,Preto,34,1499.0,10,4
2026-01-05,VEST-SALVI-PRE-34,Vestido Salvi,Preto,34,1499.0,6,0
2026-01-12,VEST-SALVI-PRE-34,Vestido Salvi,Preto,34,1499.0,5,0
2026-01-19,VEST-SALVI-PRE-34,Vestido Salvi,Preto,34,1499.0,12,0
2026-01-26,VEST-SALVI-PRE-34,Vestido Salvi,Preto,34,1499.0,4,0
2026-02-02,VEST-SALVI-PRE-34,Vestido Salvi,Preto,34,1499.0,7,25
2026-02-09,VEST-SALVI-PRE-34,Vestido Salvi,Preto,34,1499.0,6,19
2026-02-16,VEST-SALVI-PRE-34,Vestido Salvi,Preto,34,1499.0,7,12
2026-02-23,VEST-SALVI-PRE-34,Vestido Salvi,Preto,34,1499.0,6,6
2026-03-02,VEST-SALVI-PRE-34,Vestido Salvi,Preto,34,1499.0,7,0
2026-03-09,VEST-SALVI-PRE-34,Vestido Salvi,Preto,34,1499.0,1,0
2026-03-16,VEST-SALVI-PRE-34,Vestido Salvi,Preto,34,1499.0,8,0
2026-03-23,VEST-SALVI-PRE-34,Vestido Salvi,Preto,34,1499.0,6,22
2026-03-30,VEST-SALVI-PRE-34,Vestido Salvi,Preto,34,1499.0,3,19
2026-04-06,VEST-SALVI-PRE-34,Vestido Salvi,Preto,34,1499.0,3,16
2026-04-13,VEST-SALVI-PRE-34,Vestido Salvi,Preto,34,1499.0,1,15
2026-04-20,VEST-SALVI-PRE-34,Vestido Salvi,Preto,34,1499.0,1,14
2026-04-27,VEST-SALVI-PRE-34,Vestido Salvi,Preto,34,1499.0,3,11
2026-05-04,VEST-SALVI-PRE-34,Vestido Salvi,Preto,34,1499.0,4,32
2026-05-11,VEST-SALVI-PRE-34,Vestido Salvi,Preto,34,1499.0,3,29
2026-05-18,VEST-SALVI-PRE-34,Vestido Salvi,Preto,34,1499.0,1,28
2026-05-25,VEST-SALVI-PRE-34,Vestido Salvi,Preto,34,1499.0,3,25
2026-06-01,VEST-SALVI-PRE-34,Vestido Salvi,Preto,34,1499.0,9,16
2026-06-08,VEST-SALVI-PRE-34,Vestido Salvi,Preto,34,1499.0,6,10
2026-06-15,VEST-SALVI-PRE-34,Vestido Salvi,Preto,34,1499.0,3,7
2026-06-22,VEST-SALVI-PRE-34,Vestido Salvi,Preto,34,1499.0,4,3
2026-06-29,VEST-SALVI-PRE-34,Vestido Salvi,Preto,34,1499.0,8,16
2026-07-06,VEST-SALVI-PRE-34,Vestido Salvi,Preto,34,1499.0,4,12
2026-07-13,VEST-SALVI-PRE-34,Vestido Salvi,Preto,34,1499.0,2,10
2026-07-20,VEST-SALVI-PRE-34,Vestido Salvi,Preto,34,1499.0,8,2
2026-07-27,VEST-SALVI-PRE-34,Vestido Salvi,Preto,34,1499.0,3,0
2026-08-03,VEST-SALVI-PRE-34,Vestido Salvi,Preto,34,1499.0,7,28
2026-08-10,VEST-SALVI-PRE-34,Vestido Salvi,Preto,34,1499.0,5,23
2026-08-17,VEST-SALVI-PRE-34,Vestido Salvi,Preto,34,1499.0,5,18
2026-08-24,VEST-SALVI-PRE-34,Vestido Salvi,Preto,34,1499.0,9,9
2025-09-01,VEST-SALVI-PRE-36,Vestido Salvi,Preto,36,1499.0,18,0
2025-09-08,VEST-SALVI-PRE-36,Vestido Salvi,Preto,36,1499.0,13,0
2025-09-15,VEST-SALVI-PRE-36,Vestido Salvi,Preto,36,1499.0,14,0
2025-09-22,VEST-SALVI-PRE-36,Vestido Salvi,Preto,36,1499.0,16,0
2025-09-29,VEST-SALVI-PRE-36,Vestido Salvi,Preto,36,1499.0,12,0
2025-10-06,VEST-SALVI-PRE-36,Vestido Salvi,Preto,36,1499.0,17,0
2025-10-13,VEST-SALVI-PRE-36,Vestido Salvi,Preto,36,1499.0,19,0
2025-10-20,VEST-SALVI-PRE-36,Vestido Salvi,Preto,36,1499.0,16,28
2025-10-27,VEST-SALVI-PRE-36,Vestido Salvi,Preto,36,1499.0,20,8
2025-11-03,VEST-SALVI-PRE-36,Vestido Salvi,Preto,36,1499.0,11,0
2025-11-10,VEST-SALVI-PRE-36,Vestido Salvi,Preto,36,1499.0,17,15
2025-11-17,VEST-SALVI-PRE-36,Vestido Salvi,Preto,36,1499.0,16,13
2025-11-24,VEST-SALVI-PRE-36,Vestido Salvi,Preto,36,1499.0,20,0
2025-12-01,VEST-SALVI-PRE-36,Vestido Salvi,Preto,36,1499.0,22,0
2025-12-08,VEST-SALVI-PRE-36,Vestido Salvi,Preto,36,1499.0,19,14
2025-12-15,VEST-SALVI-PRE-36,Vestido Salvi,Preto,36,1499.0,15,0
2025-12-22,VEST-SALVI-PRE-36,Vestido Salvi,Preto,36,1499.0,19,0
2025-12-29,VEST-SALVI-PRE-36,Vestido Salvi,Preto,36,1499.0,11,0
2026-01-05,VEST-SALVI-PRE-36,Vestido Salvi,Preto,36,1499.0,17,14
2026-01-12,VEST-SALVI-PRE-36,Vestido Salvi,Preto,36,1499.0,13,1
2026-01-19,VEST-SALVI-PRE-36,Vestido Salvi,Preto,36,1499.0,14,0
2026-01-26,VEST-SALVI-PRE-36,Vestido Salvi,Preto,36,1499.0,11,0
2026-02-02,VEST-SALVI-PRE-36,Vestido Salvi,Preto,36,1499.0,8,0
2026-02-09,VEST-SALVI-PRE-36,Vestido Salvi,Preto,36,1499.0,12,33
2026-02-16,VEST-SALVI-PRE-36,Vestido Salvi,Preto,36,1499.0,10,23
2026-02-23,VEST-SALVI-PRE-36,Vestido Salvi,Preto,36,1499.0,13,10
2026-03-02,VEST-SALVI-PRE-36,Vestido Salvi,Preto,36,1499.0,10,18
2026-03-09,VEST-SALVI-PRE-36,Vestido Salvi,Preto,36,1499.0,11,25
2026-03-16,VEST-SALVI-PRE-36,Vestido Salvi,Preto,36,1499.0,10,15
2026-03-23,VEST-SALVI-PRE-36,Vestido Salvi,Preto,36,1499.0,18,0
2026-03-30,VEST-SALVI-PRE-36,Vestido Salvi,Preto,36,1499.0,5,21
2026-04-06,VEST-SALVI-PRE-36,Vestido Salvi,Preto,36,1499.0,7,14
2026-04-13,VEST-SALVI-PRE-36,Vestido Salvi,Preto,36,1499.0,11,32
2026-04-20,VEST-SALVI-PRE-36,Vestido Salvi,Preto,36,1499.0,9,23
2026-04-27,VEST-SALVI-PRE-36,Vestido Salvi,Preto,36,1499.0,5,18
2026-05-04,VEST-SALVI-PRE-36,Vestido Salvi,Preto,36,1499.0,6,12
2026-05-11,VEST-SALVI-PRE-36,Vestido Salvi,Preto,36,1499.0,7,5
2026-05-18,VEST-SALVI-PRE-36,Vestido Salvi,Preto,36,1499.0,13,0
2026-05-25,VEST-SALVI-PRE-36,Vestido Salvi,Preto,36,1499.0,5,0
2026-06-01,VEST-SALVI-PRE-36,Vestido Salvi,Preto,36,1499.0,3,24
2026-06-08,VEST-SALVI-PRE-36,Vestido Salvi,Preto,36,1499.0,15,9
2026-06-15,VEST-SALVI-PRE-36,Vestido Salvi,Preto,36,1499.0,7,2
2026-06-22,VEST-SALVI-PRE-36,Vestido Salvi,Preto,36,1499.0,11,0
2026-06-29,VEST-SALVI-PRE-36,Vestido Salvi,Preto,36,1499.0,8,14
2026-07-06,VEST-SALVI-PRE-36,Vestido Salvi,Preto,36,1499.0,4,10
2026-07-13,VEST-SALVI-PRE-36,Vestido Salvi,Preto,36,1499.0,11,26
2026-07-20,VEST-SALVI-PRE-36,Vestido Salvi,Preto,36,1499.0,8,18
2026-07-27,VEST-SALVI-PRE-36,Vestido Salvi,Preto,36,1499.0,9,9
2026-08-03,VEST-SALVI-PRE-36,Vestido Salvi,Preto,36,1499.0,8,1
2026-08-10,VEST-SALVI-PRE-36,Vestido Salvi,Preto,36,1499.0,10,0
2026-08-17,VEST-SALVI-PRE-36,Vestido Salvi,Preto,36,1499.0,8,0
2026-08-24,VEST-SALVI-PRE-36,Vestido Salvi,Preto,36,1499.0,14,0
2025-09-01,VEST-SALVI-PRE-38,Vestido Salvi,Preto,38,1499.0,14,31
2025-09-08,VEST-SALVI-PRE-38,Vestido Salvi,Preto,38,1499.0,12,19
2025-09-15,VEST-SALVI-PRE-38,Vestido Salvi,Preto,38,1499.0,12,34
2025-09-22,VEST-SALVI-PRE-38,Vestido Salvi,Preto,38,1499.0,21,13
2025-09-29,VEST-SALVI-PRE-38,Vestido Salvi,Preto,38,1499.0,4,9
2025-10-06,VEST-SALVI-PRE-38,Vestido Salvi,Preto,38,1499.0,6,3
2025-10-13,VEST-SALVI-PRE-38,Vestido Salvi,Preto,38,1499.0,12,26
2025-10-20,VEST-SALVI-PRE-38,Vestido Salvi,Preto,38,1499.0,7,19
2025-10-27,VEST-SALVI-PRE-38,Vestido Salvi,Preto,38,1499.0,11,8
2025-11-03,VEST-SALVI-PRE-38,Vestido Salvi,Preto,38,1499.0,13,20
2025-11-10,VEST-SALVI-PRE-38,Vestido Salvi,Preto,38,1499.0,15,5
2025-11-17,VEST-SALVI-PRE-38,Vestido Salvi,Preto,38,1499.0,12,33
2025-11-24,VEST-SALVI-PRE-38,Vestido Salvi,Preto,38,1499.0,17,16
2025-12-01,VEST-SALVI-PRE-38,Vestido Salvi,Preto,38,1499.0,13,26
2025-12-08,VEST-SALVI-PRE-38,Vestido Salvi,Preto,38,1499.0,15,11
2025-12-15,VEST-SALVI-PRE-38,Vestido Salvi,Preto,38,1499.0,10,13
2025-12-22,VEST-SALVI-PRE-38,Vestido Salvi,Preto,38,1499.0,4,9
2025-12-29,VEST-SALVI-PRE-38,Vestido Salvi,Preto,38,1499.0,16,0
2026-01-05,VEST-SALVI-PRE-38,Vestido Salvi,Preto,38,1499.0,15,33
2026-01-12,VEST-SALVI-PRE-38,Vestido Salvi,Preto,38,1499.0,19,14
2026-01-19,VEST-SALVI-PRE-38,Vestido Salvi,Preto,38,1499.0,18,0
2026-01-26,VEST-SALVI-PRE-38,Vestido Salvi,Preto,38,1499.0,13,0
2026-02-02,VEST-SALVI-PRE-38,Vestido Salvi,Preto,38,1499.0,11,24
2026-02-09,VEST-SALVI-PRE-38,Vestido Salvi,Preto,38,1499.0,14,10
2026-02-16,VEST-SALVI-PRE-38,Vestido Salvi,Preto,38,1499.0,11,30
2026-02-23,VEST-SALVI-PRE-38,Vestido Salvi,Preto,38,1499.0,14,16
2026-03-02,VEST-SALVI-PRE-38,Vestido Salvi,Preto,38,1499.0,14,2
2026-03-09,VEST-SALVI-PRE-38,Vestido Salvi,Preto,38,1499.0,12,27
2026-03-16,VEST-SALVI-PRE-38,Vestido Salvi,Preto,38,1499.0,7,20
2026-03-23,VEST-SALVI-PRE-38,Vestido Salvi,Preto,38,1499.0,4,16
2026-03-30,VEST-SALVI-PRE-38,Vestido Salvi,Preto,38,1499.0,8,8
2026-04-06,VEST-SALVI-PRE-38,Vestido Salvi,Preto,38,1499.0,8,0
2026-04-13,VEST-SALVI-PRE-38,Vestido Salvi,Preto,38,1499.0,10,27
2026-04-20,VEST-SALVI-PRE-38,Vestido Salvi,Preto,38,1499.0,9,18
2026-04-27,VEST-SALVI-PRE-38,Vestido Salvi,Preto,38,1499.0,13,26
2026-05-04,VEST-SALVI-PRE-38,Vestido Salvi,Preto,38,1499.0,7,19
2026-05-11,VEST-SALVI-PRE-38,Vestido Salvi,Preto,38,1499.0,8,11
2026-05-18,VEST-SALVI-PRE-38,Vestido Salvi,Preto,38,1499.0,7,33
2026-05-25,VEST-SALVI-PRE-38,Vestido Salvi,Preto,38,1499.0,5,28
2026-06-01,VEST-SALVI-PRE-38,Vestido Salvi,Preto,38,1499.0,12,16
2026-06-08,VEST-SALVI-PRE-38,Vestido Salvi,Preto,38,1499.0,4,12
2026-06-15,VEST-SALVI-PRE-38,Vestido Salvi,Preto,38,1499.0,9,3
2026-06-22,VEST-SALVI-PRE-38,Vestido Salvi,Preto,38,1499.0,7,16
2026-06-29,VEST-SALVI-PRE-38,Vestido Salvi,Preto,38,1499.0,9,38
2026-07-06,VEST-SALVI-PRE-38,Vestido Salvi,Preto,38,1499.0,10,28
2026-07-13,VEST-SALVI-PRE-38,Vestido Salvi,Preto,38,1499.0,7,21
2026-07-20,VEST-SALVI-PRE-38,Vestido Salvi,Preto,38,1499.0,11,10
2026-07-27,VEST-SALVI-PRE-38,Vestido Salvi,Preto,38,1499.0,9,1
2026-08-03,VEST-SALVI-PRE-38,Vestido Salvi,Preto,38,1499.0,5,0
2026-08-10,VEST-SALVI-PRE-38,Vestido Salvi,Preto,38,1499.0,12,14
2026-08-17,VEST-SALVI-PRE-38,Vestido Salvi,Preto,38,1499.0,14,0
2026-08-24,VEST-SALVI-PRE-38,Vestido Salvi,Preto,38,1499.0,12,0
2025-09-01,VEST-SALVI-PRE-40,Vestido Salvi,Preto,40,1499.0,8,41
2025-09-08,VEST-SALVI-PRE-40,Vestido Salvi,Preto,40,1499.0,3,38
2025-09-15,VEST-SALVI-PRE-40,Vestido Salvi,Preto,40,1499.0,4,34
2025-09-22,VEST-SALVI-PRE-40,Vestido Salvi,Preto,40,1499.0,5,29
2025-09-29,VEST-SALVI-PRE-40,Vestido Salvi,Preto,40,1499.0,5,24
2025-10-06,VEST-SALVI-PRE-40,Vestido Salvi,Preto,40,1499.0,10,14
2025-10-13,VEST-SALVI-PRE-40,Vestido Salvi,Preto,40,1499.0,10,25
2025-10-20,VEST-SALVI-PRE-40,Vestido Salvi,Preto,40,1499.0,11,14
2025-10-27,VEST-SALVI-PRE-40,Vestido Salvi,Preto,40,1499.0,6,8
2025-11-03,VEST-SALVI-PRE-40,Vestido Salvi,Preto,40,1499.0,6,2
2025-11-10,VEST-SALVI-PRE-40,Vestido Salvi,Preto,40,1499.0,6,32
2025-11-17,VEST-SALVI-PRE-40,Vestido Salvi,Preto,40,1499.0,7,25
2025-11-24,VEST-SALVI-PRE-40,Vestido Salvi,Preto,40,1499.0,11,14
2025-12-01,VEST-SALVI-PRE-40,Vestido Salvi,Preto,40,1499.0,8,6
2025-12-08,VEST-SALVI-PRE-40,Vestido Salvi,Preto,40,1499.0,6,0
2025-12-15,VEST-SALVI-PRE-40,Vestido Salvi,Preto,40,1499.0,2,0
2025-12-22,VEST-SALVI-PRE-40,Vestido Salvi,Preto,40,1499.0,5,0
2025-12-29,VEST-SALVI-PRE-40,Vestido Salvi,Preto,40,1499.0,8,0
2026-01-05,VEST-SALVI-PRE-40,Vestido Salvi,Preto,40,1499.0,5,19
2026-01-12,VEST-SALVI-PRE-40,Vestido Salvi,Preto,40,1499.0,7,12
2026-01-19,VEST-SALVI-PRE-40,Vestido Salvi,Preto,40,1499.0,9,3
2026-01-26,VEST-SALVI-PRE-40,Vestido Salvi,Preto,40,1499.0,2,1
2026-02-02,VEST-SALVI-PRE-40,Vestido Salvi,Preto,40,1499.0,7,0
2026-02-09,VEST-SALVI-PRE-40,Vestido Salvi,Preto,40,1499.0,4,16
2026-02-16,VEST-SALVI-PRE-40,Vestido Salvi,Preto,40,1499.0,7,9
2026-02-23,VEST-SALVI-PRE-40,Vestido Salvi,Preto,40,1499.0,4,26
2026-03-02,VEST-SALVI-PRE-40,Vestido Salvi,Preto,40,1499.0,4,22
2026-03-09,VEST-SALVI-PRE-40,Vestido Salvi,Preto,40,1499.0,2,20
2026-03-16,VEST-SALVI-PRE-40,Vestido Salvi,Preto,40,1499.0,5,15
2026-03-23,VEST-SALVI-PRE-40,Vestido Salvi,Preto,40,1499.0,2,13
2026-03-30,VEST-SALVI-PRE-40,Vestido Salvi,Preto,40,1499.0,6,7
2026-04-06,VEST-SALVI-PRE-40,Vestido Salvi,Preto,40,1499.0,6,1
2026-04-13,VEST-SALVI-PRE-40,Vestido Salvi,Preto,40,1499.0,4,16
2026-04-20,VEST-SALVI-PRE-40,Vestido Salvi,Preto,40,1499.0,1,15
2026-04-27,VEST-SALVI-PRE-40,Vestido Salvi,Preto,40,1499.0,5,10
2026-05-04,VEST-SALVI-PRE-40,Vestido Salvi,Preto,40,1499.0,5,5
2026-05-11,VEST-SALVI-PRE-40,Vestido Salvi,Preto,40,1499.0,4,20
2026-05-18,VEST-SALVI-PRE-40,Vestido Salvi,Preto,40,1499.0,3,17
2026-05-25,VEST-SALVI-PRE-40,Vestido Salvi,Preto,40,1499.0,6,11
2026-06-01,VEST-SALVI-PRE-40,Vestido Salvi,Preto,40,1499.0,4,22
2026-06-08,VEST-SALVI-PRE-40,Vestido Salvi,Preto,40,1499.0,2,20
2026-06-15,VEST-SALVI-PRE-40,Vestido Salvi,Preto,40,1499.0,4,16
2026-06-22,VEST-SALVI-PRE-40,Vestido Salvi,Preto,40,1499.0,5,11
2026-06-29,VEST-SALVI-PRE-40,Vestido Salvi,Preto,40,1499.0,6,38
2026-07-06,VEST-SALVI-PRE-40,Vestido Salvi,Preto,40,1499.0,3,35
2026-07-13,VEST-SALVI-PRE-40,Vestido Salvi,Preto,40,1499.0,6,29
2026-07-20,VEST-SALVI-PRE-40,Vestido Salvi,Preto,40,1499.0,4,25
2026-07-27,VEST-SALVI-PRE-40,Vestido Salvi,Preto,40,1499.0,2,23
2026-08-03,VEST-SALVI-PRE-40,Vestido Salvi,Preto,40,1499.0,4,19
2026-08-10,VEST-SALVI-PRE-40,Vestido Salvi,Preto,40,1499.0,2,17
2026-08-17,VEST-SALVI-PRE-40,Vestido Salvi,Preto,40,1499.0,3,14
2026-08-24,VEST-SALVI-PRE-40,Vestido Salvi,Preto,40,1499.0,6,8
2025-09-01,VEST-SALVI-PRE-42,Vestido Salvi,Preto,42,1499.0,4,41
2025-09-08,VEST-SALVI-PRE-42,Vestido Salvi,Preto,42,1499.0,6,35
2025-09-15,VEST-SALVI-PRE-42,Vestido Salvi,Preto,42,1499.0,4,31
2025-09-22,VEST-SALVI-PRE-42,Vestido Salvi,Preto,42,1499.0,7,24
2025-09-29,VEST-SALVI-PRE-42,Vestido Salvi,Preto,42,1499.0,5,19
2025-10-06,VEST-SALVI-PRE-42,Vestido Salvi,Preto,42,1499.0,14,5
2025-10-13,VEST-SALVI-PRE-42,Vestido Salvi,Preto,42,1499.0,3,2
2025-10-20,VEST-SALVI-PRE-42,Vestido Salvi,Preto,42,1499.0,5,0
2025-10-27,VEST-SALVI-PRE-42,Vestido Salvi,Preto,42,1499.0,6,15
2025-11-03,VEST-SALVI-PRE-42,Vestido Salvi,Preto,42,1499.0,10,21
2025-11-10,VEST-SALVI-PRE-42,Vestido Salvi,Preto,42,1499.0,9,12
2025-11-17,VEST-SALVI-PRE-42,Vestido Salvi,Preto,42,1499.0,5,7
2025-11-24,VEST-SALVI-PRE-42,Vestido Salvi,Preto,42,1499.0,7,0
2025-12-01,VEST-SALVI-PRE-42,Vestido Salvi,Preto,42,1499.0,7,0
2025-12-08,VEST-SALVI-PRE-42,Vestido Salvi,Preto,42,1499.0,13,0
2025-12-15,VEST-SALVI-PRE-42,Vestido Salvi,Preto,42,1499.0,7,24
2025-12-22,VEST-SALVI-PRE-42,Vestido Salvi,Preto,42,1499.0,8,16
2025-12-29,VEST-SALVI-PRE-42,Vestido Salvi,Preto,42,1499.0,5,11
2026-01-05,VEST-SALVI-PRE-42,Vestido Salvi,Preto,42,1499.0,9,2
2026-01-12,VEST-SALVI-PRE-42,Vestido Salvi,Preto,42,1499.0,6,14
2026-01-19,VEST-SALVI-PRE-42,Vestido Salvi,Preto,42,1499.0,10,4
2026-01-26,VEST-SALVI-PRE-42,Vestido Salvi,Preto,42,1499.0,4,0
2026-02-02,VEST-SALVI-PRE-42,Vestido Salvi,Preto,42,1499.0,6,0
2026-02-09,VEST-SALVI-PRE-42,Vestido Salvi,Preto,42,1499.0,10,16
2026-02-16,VEST-SALVI-PRE-42,Vestido Salvi,Preto,42,1499.0,5,11
2026-02-23,VEST-SALVI-PRE-42,Vestido Salvi,Preto,42,1499.0,5,6
2026-03-02,VEST-SALVI-PRE-42,Vestido Salvi,Preto,42,1499.0,6,15
2026-03-09,VEST-SALVI-PRE-42,Vestido Salvi,Preto,42,1499.0,5,10
2026-03-16,VEST-SALVI-PRE-42,Vestido Salvi,Preto,42,1499.0,3,7
2026-03-23,VEST-SALVI-PRE-42,Vestido Salvi,Preto,42,1499.0,4,18
2026-03-30,VEST-SALVI-PRE-42,Vestido Salvi,Preto,42,1499.0,7,11
2026-04-06,VEST-SALVI-PRE-42,Vestido Salvi,Preto,42,1499.0,4,7
2026-04-13,VEST-SALVI-PRE-42,Vestido Salvi,Preto,42,1499.0,2,21
2026-04-20,VEST-SALVI-PRE-42,Vestido Salvi,Preto,42,1499.0,5,16
2026-04-27,VEST-SALVI-PRE-42,Vestido Salvi,Preto,42,1499.0,3,13
2026-05-04,VEST-SALVI-PRE-42,Vestido Salvi,Preto,42,1499.0,2,11
2026-05-11,VEST-SALVI-PRE-42,Vestido Salvi,Preto,42,1499.0,3,8
2026-05-18,VEST-SALVI-PRE-42,Vestido Salvi,Preto,42,1499.0,4,4
2026-05-25,VEST-SALVI-PRE-42,Vestido Salvi,Preto,42,1499.0,3,1
2026-06-01,VEST-SALVI-PRE-42,Vestido Salvi,Preto,42,1499.0,8,34
2026-06-08,VEST-SALVI-PRE-42,Vestido Salvi,Preto,42,1499.0,6,28
2026-06-15,VEST-SALVI-PRE-42,Vestido Salvi,Preto,42,1499.0,6,22
2026-06-22,VEST-SALVI-PRE-42,Vestido Salvi,Preto,42,1499.0,6,16
2026-06-29,VEST-SALVI-PRE-42,Vestido Salvi,Preto,42,1499.0,6,10
2026-07-06,VEST-SALVI-PRE-42,Vestido Salvi,Preto,42,1499.0,6,21
2026-07-13,VEST-SALVI-PRE-42,Vestido Salvi,Preto,42,1499.0,3,18
2026-07-20,VEST-SALVI-PRE-42,Vestido Salvi,Preto,42,1499.0,2,16
2026-07-27,VEST-SALVI-PRE-42,Vestido Salvi,Preto,42,1499.0,3,13
2026-08-03,VEST-SALVI-PRE-42,Vestido Salvi,Preto,42,1499.0,7,27
2026-08-10,VEST-SALVI-PRE-42,Vestido Salvi,Preto,42,1499.0,8,19
2026-08-17,VEST-SALVI-PRE-42,Vestido Salvi,Preto,42,1499.0,8,11
2026-08-24,VEST-SALVI-PRE-42,Vestido Salvi,Preto,42,1499.0,2,9
2025-09-01,VEST-SALVI-PRE-44,Vestido Salvi,Preto,44,1499.0,0,19
2025-09-08,VEST-SALVI-PRE-44,Vestido Salvi,Preto,44,1499.0,1,18
2025-09-15,VEST-SALVI-PRE-44,Vestido Salvi,Preto,44,1499.0,0,18
2025-09-22,VEST-SALVI-PRE-44,Vestido Salvi,Preto,44,1499.0,5,13
2025-09-29,VEST-SALVI-PRE-44,Vestido Salvi,Preto,44,1499.0,3,10
2025-10-06,VEST-SALVI-PRE-44,Vestido Salvi,Preto,44,1499.0,1,9
2025-10-13,VEST-SALVI-PRE-44,Vestido Salvi,Preto,44,1499.0,2,37
2025-10-20,VEST-SALVI-PRE-44,Vestido Salvi,Preto,44,1499.0,3,34
2025-10-27,VEST-SALVI-PRE-44,Vestido Salvi,Preto,44,1499.0,2,32
2025-11-03,VEST-SALVI-PRE-44,Vestido Salvi,Preto,44,1499.0,4,28
2025-11-10,VEST-SALVI-PRE-44,Vestido Salvi,Preto,44,1499.0,4,24
2025-11-17,VEST-SALVI-PRE-44,Vestido Salvi,Preto,44,1499.0,3,21
2025-11-24,VEST-SALVI-PRE-44,Vestido Salvi,Preto,44,1499.0,2,19
2025-12-01,VEST-SALVI-PRE-44,Vestido Salvi,Preto,44,1499.0,2,17
2025-12-08,VEST-SALVI-PRE-44,Vestido Salvi,Preto,44,1499.0,3,14
2025-12-15,VEST-SALVI-PRE-44,Vestido Salvi,Preto,44,1499.0,4,10
2025-12-22,VEST-SALVI-PRE-44,Vestido Salvi,Preto,44,1499.0,3,7
2025-12-29,VEST-SALVI-PRE-44,Vestido Salvi,Preto,44,1499.0,5,33
2026-01-05,VEST-SALVI-PRE-44,Vestido Salvi,Preto,44,1499.0,1,32
2026-01-12,VEST-SALVI-PRE-44,Vestido Salvi,Preto,44,1499.0,0,32
2026-01-19,VEST-SALVI-PRE-44,Vestido Salvi,Preto,44,1499.0,3,29
2026-01-26,VEST-SALVI-PRE-44,Vestido Salvi,Preto,44,1499.0,1,28
2026-02-02,VEST-SALVI-PRE-44,Vestido Salvi,Preto,44,1499.0,2,26
2026-02-09,VEST-SALVI-PRE-44,Vestido Salvi,Preto,44,1499.0,2,24
2026-02-16,VEST-SALVI-PRE-44,Vestido Salvi,Preto,44,1499.0,3,21
2026-02-23,VEST-SALVI-PRE-44,Vestido Salvi,Preto,44,1499.0,3,18
2026-03-02,VEST-SALVI-PRE-44,Vestido Salvi,Preto,44,1499.0,1,17
2026-03-09,VEST-SALVI-PRE-44,Vestido Salvi,Preto,44,1499.0,1,16
2026-03-16,VEST-SALVI-PRE-44,Vestido Salvi,Preto,44,1499.0,6,10
2026-03-23,VEST-SALVI-PRE-44,Vestido Salvi,Preto,44,1499.0,2,8
2026-03-30,VEST-SALVI-PRE-44,Vestido Salvi,Preto,44,1499.0,5,29
2026-04-06,VEST-SALVI-PRE-44,Vestido Salvi,Preto,44,1499.0,2,27
2026-04-13,VEST-SALVI-PRE-44,Vestido Salvi,Preto,44,1499.0,2,25
2026-04-20,VEST-SALVI-PRE-44,Vestido Salvi,Preto,44,1499.0,1,24
2026-04-27,VEST-SALVI-PRE-44,Vestido Salvi,Preto,44,1499.0,0,24
2026-05-04,VEST-SALVI-PRE-44,Vestido Salvi,Preto,44,1499.0,2,22
2026-05-11,VEST-SALVI-PRE-44,Vestido Salvi,Preto,44,1499.0,2,20
2026-05-18,VEST-SALVI-PRE-44,Vestido Salvi,Preto,44,1499.0,1,19
2026-05-25,VEST-SALVI-PRE-44,Vestido Salvi,Preto,44,1499.0,1,18
2026-06-01,VEST-SALVI-PRE-44,Vestido Salvi,Preto,44,1499.0,0,18
2026-06-08,VEST-SALVI-PRE-44,Vestido Salvi,Preto,44,1499.0,0,18
2026-06-15,VEST-SALVI-PRE-44,Vestido Salvi,Preto,44,1499.0,1,17
2026-06-22,VEST-SALVI-PRE-44,Vestido Salvi,Preto,44,1499.0,1,16
2026-06-29,VEST-SALVI-PRE-44,Vestido Salvi,Preto,44,1499.0,1,15
2026-07-06,VEST-SALVI-PRE-44,Vestido Salvi,Preto,44,1499.0,1,14
2026-07-13,VEST-SALVI-PRE-44,Vestido Salvi,Preto,44,1499.0,2,12
2026-07-20,VEST-SALVI-PRE-44,Vestido Salvi,Preto,44,1499.0,0,12
2026-07-27,VEST-SALVI-PRE-44,Vestido Salvi,Preto,44,1499.0,2,10
2026-08-03,VEST-SALVI-PRE-44,Vestido Salvi,Preto,44,1499.0,0,10
2026-08-10,VEST-SALVI-PRE-44,Vestido Salvi,Preto,44,1499.0,4,30
2026-08-17,VEST-SALVI-PRE-44,Vestido Salvi,Preto,44,1499.0,1,29
2026-08-24,VEST-SALVI-PRE-44,Vestido Salvi,Preto,44,1499.0,1,28
2025-09-01,VEST-SALVI-VER-34,Vestido Salvi,Vermelho,34,1499.0,0,40
2025-09-08,VEST-SALVI-VER-34,Vestido Salvi,Vermelho,34,1499.0,6,34
2025-09-15,VEST-SALVI-VER-34,Vestido Salvi,Vermelho,34,1499.0,3,31
2025-09-22,VEST-SALVI-VER-34,Vestido Salvi,Vermelho,34,1499.0,3,28
2025-09-29,VEST-SALVI-VER-34,Vestido Salvi,Vermelho,34,1499.0,4,24
2025-10-06,VEST-SALVI-VER-34,Vestido Salvi,Vermelho,34,1499.0,2,22
2025-10-13,VEST-SALVI-VER-34,Vestido Salvi,Vermelho,34,1499.0,7,15
2025-10-20,VEST-SALVI-VER-34,Vestido Salvi,Vermelho,34,1499.0,5,10
2025-10-27,VEST-SALVI-VER-34,Vestido Salvi,Vermelho,34,1499.0,7,31
2025-11-03,VEST-SALVI-VER-34,Vestido Salvi,Vermelho,34,1499.0,5,26
2025-11-10,VEST-SALVI-VER-34,Vestido Salvi,Vermelho,34,1499.0,5,21
2025-11-17,VEST-SALVI-VER-34,Vestido Salvi,Vermelho,34,1499.0,3,18
2025-11-24,VEST-SALVI-VER-34,Vestido Salvi,Vermelho,34,1499.0,3,15
2025-12-01,VEST-SALVI-VER-34,Vestido Salvi,Vermelho,34,1499.0,7,8
2025-12-08,VEST-SALVI-VER-34,Vestido Salvi,Vermelho,34,1499.0,4,20
2025-12-15,VEST-SALVI-VER-34,Vestido Salvi,Vermelho,34,1499.0,2,18
2025-12-22,VEST-SALVI-VER-34,Vestido Salvi,Vermelho,34,1499.0,4,14
2025-12-29,VEST-SALVI-VER-34,Vestido Salvi,Vermelho,34,1499.0,4,10
2026-01-05,VEST-SALVI-VER-34,Vestido Salvi,Vermelho,34,1499.0,4,6
2026-01-12,VEST-SALVI-VER-34,Vestido Salvi,Vermelho,34,1499.0,1,5
2026-01-19,VEST-SALVI-VER-34,Vestido Salvi,Vermelho,34,1499.0,2,3
2026-01-26,VEST-SALVI-VER-34,Vestido Salvi,Vermelho,34,1499.0,2,1
2026-02-02,VEST-SALVI-VER-34,Vestido Salvi,Vermelho,34,1499.0,5,0
2026-02-09,VEST-SALVI-VER-34,Vestido Salvi,Vermelho,34,1499.0,4,0
2026-02-16,VEST-SALVI-VER-34,Vestido Salvi,Vermelho,34,1499.0,5,27
2026-02-23,VEST-SALVI-VER-34,Vestido Salvi,Vermelho,34,1499.0,3,24
2026-03-02,VEST-SALVI-VER-34,Vestido Salvi,Vermelho,34,1499.0,5,19
2026-03-09,VEST-SALVI-VER-34,Vestido Salvi,Vermelho,34,1499.0,4,15
2026-03-16,VEST-SALVI-VER-34,Vestido Salvi,Vermelho,34,1499.0,3,12
2026-03-23,VEST-SALVI-VER-34,Vestido Salvi,Vermelho,34,1499.0,0,12
2026-03-30,VEST-SALVI-VER-34,Vestido Salvi,Vermelho,34,1499.0,2,10
2026-04-06,VEST-SALVI-VER-34,Vestido Salvi,Vermelho,34,1499.0,2,8
2026-04-13,VEST-SALVI-VER-34,Vestido Salvi,Vermelho,34,1499.0,3,5
2026-04-20,VEST-SALVI-VER-34,Vestido Salvi,Vermelho,34,1499.0,4,25
2026-04-27,VEST-SALVI-VER-34,Vestido Salvi,Vermelho,34,1499.0,1,24
2026-05-04,VEST-SALVI-VER-34,Vestido Salvi,Vermelho,34,1499.0,1,23
2026-05-11,VEST-SALVI-VER-34,Vestido Salvi,Vermelho,34,1499.0,6,17
2026-05-18,VEST-SALVI-VER-34,Vestido Salvi,Vermelho,34,1499.0,1,16
2026-05-25,VEST-SALVI-VER-34,Vestido Salvi,Vermelho,34,1499.0,1,15
2026-06-01,VEST-SALVI-VER-34,Vestido Salvi,Vermelho,34,1499.0,1,14
2026-06-08,VEST-SALVI-VER-34,Vestido Salvi,Vermelho,34,1499.0,2,12
2026-06-15,VEST-SALVI-VER-34,Vestido Salvi,Vermelho,34,1499.0,0,12
2026-06-22,VEST-SALVI-VER-34,Vestido Salvi,Vermelho,34,1499.0,1,11
2026-06-29,VEST-SALVI-VER-34,Vestido Salvi,Vermelho,34,1499.0,0,11
2026-07-06,VEST-SALVI-VER-34,Vestido Salvi,Vermelho,34,1499.0,1,10
2026-07-13,VEST-SALVI-VER-34,Vestido Salvi,Vermelho,34,1499.0,2,8
2026-07-20,VEST-SALVI-VER-34,Vestido Salvi,Vermelho,34,1499.0,1,30
2026-07-27,VEST-SALVI-VER-34,Vestido Salvi,Vermelho,34,1499.0,4,26
2026-08-03,VEST-SALVI-VER-34,Vestido Salvi,Vermelho,34,1499.0,6,20
2026-08-10,VEST-SALVI-VER-34,Vestido Salvi,Vermelho,34,1499.0,4,16
2026-08-17,VEST-SALVI-VER-34,Vestido Salvi,Vermelho,34,1499.0,3,13
2026-08-24,VEST-SALVI-VER-34,Vestido Salvi,Vermelho,34,1499.0,0,13
2025-09-01,VEST-SALVI-VER-36,Vestido Salvi,Vermelho,36,1499.0,6,46
2025-09-08,VEST-SALVI-VER-36,Vestido Salvi,Vermelho,36,1499.0,10,36
2025-09-15,VEST-SALVI-VER-36,Vestido Salvi,Vermelho,36,1499.0,13,23
2025-09-22,VEST-SALVI-VER-36,Vestido Salvi,Vermelho,36,1499.0,13,10
2025-09-29,VEST-SALVI-VER-36,Vestido Salvi,Vermelho,36,1499.0,6,4
2025-10-06,VEST-SALVI-VER-36,Vestido Salvi,Vermelho,36,1499.0,14,0
2025-10-13,VEST-SALVI-VER-36,Vestido Salvi,Vermelho,36,1499.0,8,30
2025-10-20,VEST-SALVI-VER-36,Vestido Salvi,Vermelho,36,1499.0,8,22
2025-10-27,VEST-SALVI-VER-36,Vestido Salvi,Vermelho,36,1499.0,12,10
2025-11-03,VEST-SALVI-VER-36,Vestido Salvi,Vermelho,36,1499.0,11,28
2025-11-10,VEST-SALVI-VER-36,Vestido Salvi,Vermelho,36,1499.0,11,17
2025-11-17,VEST-SALVI-VER-36,Vestido Salvi,Vermelho,36,1499.0,6,11
2025-11-24,VEST-SALVI-VER-36,Vestido Salvi,Vermelho,36,1499.0,18,34
2025-12-01,VEST-SALVI-VER-36,Vestido Salvi,Vermelho,36,1499.0,11,23
2025-12-08,VEST-SALVI-VER-36,Vestido Salvi,Vermelho,36,1499.0,11,12
2025-12-15,VEST-SALVI-VER-36,Vestido Salvi,Vermelho,36,1499.0,17,0
2025-12-22,VEST-SALVI-VER-36,Vestido Salvi,Vermelho,36,1499.0,5,0
2025-12-29,VEST-SALVI-VER-36,Vestido Salvi,Vermelho,36,1499.0,10,30
2026-01-05,VEST-SALVI-VER-36,Vestido Salvi,Vermelho,36,1499.0,7,23
2026-01-12,VEST-SALVI-VER-36,Vestido Salvi,Vermelho,36,1499.0,10,13
2026-01-19,VEST-SALVI-VER-36,Vestido Salvi,Vermelho,36,1499.0,9,4
2026-01-26,VEST-SALVI-VER-36,Vestido Salvi,Vermelho,36,1499.0,8,33
2026-02-02,VEST-SALVI-VER-36,Vestido Salvi,Vermelho,36,1499.0,8,25
2026-02-09,VEST-SALVI-VER-36,Vestido Salvi,Vermelho,36,1499.0,9,16
2026-02-16,VEST-SALVI-VER-36,Vestido Salvi,Vermelho,36,1499.0,13,3
2026-02-23,VEST-SALVI-VER-36,Vestido Salvi,Vermelho,36,1499.0,12,0
2026-03-02,VEST-SALVI-VER-36,Vestido Salvi,Vermelho,36,1499.0,9,16
2026-03-09,VEST-SALVI-VER-36,Vestido Salvi,Vermelho,36,1499.0,6,10
2026-03-16,VEST-SALVI-VER-36,Vestido Salvi,Vermelho,36,1499.0,6,38
2026-03-23,VEST-SALVI-VER-36,Vestido Salvi,Vermelho,36,1499.0,8,30
2026-03-30,VEST-SALVI-VER-36,Vestido Salvi,Vermelho,36,1499.0,6,24
2026-04-06,VEST-SALVI-VER-36,Vestido Salvi,Vermelho,36,1499.0,5,19
2026-04-13,VEST-SALVI-VER-36,Vestido Salvi,Vermelho,36,1499.0,9,10
2026-04-20,VEST-SALVI-VER-36,Vestido Salvi,Vermelho,36,1499.0,3,7
2026-04-27,VEST-SALVI-VER-36,Vestido Salvi,Vermelho,36,1499.0,5,34
2026-05-04,VEST-SALVI-VER-36,Vestido Salvi,Vermelho,36,1499.0,8,26
2026-05-11,VEST-SALVI-VER-36,Vestido Salvi,Vermelho,36,1499.0,6,20
2026-05-18,VEST-SALVI-VER-36,Vestido Salvi,Vermelho,36,1499.0,6,14
2026-05-25,VEST-SALVI-VER-36,Vestido Salvi,Vermelho,36,1499.0,5,9
2026-06-01,VEST-SALVI-VER-36,Vestido Salvi,Vermelho,36,1499.0,3,19
2026-06-08,VEST-SALVI-VER-36,Vestido Salvi,Vermelho,36,1499.0,4,15
2026-06-15,VEST-SALVI-VER-36,Vestido Salvi,Vermelho,36,1499.0,3,12
2026-06-22,VEST-SALVI-VER-36,Vestido Salvi,Vermelho,36,1499.0,5,7
2026-06-29,VEST-SALVI-VER-36,Vestido Salvi,Vermelho,36,1499.0,11,0
2026-07-06,VEST-SALVI-VER-36,Vestido Salvi,Vermelho,36,1499.0,4,0
2026-07-13,VEST-SALVI-VER-36,Vestido Salvi,Vermelho,36,1499.0,5,13
2026-07-20,VEST-SALVI-VER-36,Vestido Salvi,Vermelho,36,1499.0,13,27
2026-07-27,VEST-SALVI-VER-36,Vestido Salvi,Vermelho,36,1499.0,7,20
2026-08-03,VEST-SALVI-VER-36,Vestido Salvi,Vermelho,36,1499.0,11,9
2026-08-10,VEST-SALVI-VER-36,Vestido Salvi,Vermelho,36,1499.0,12,20
2026-08-17,VEST-SALVI-VER-36,Vestido Salvi,Vermelho,36,1499.0,10,10
2026-08-24,VEST-SALVI-VER-36,Vestido Salvi,Vermelho,36,1499.0,11,0
2025-09-01,VEST-SALVI-VER-38,Vestido Salvi,Vermelho,38,1499.0,14,13
2025-09-08,VEST-SALVI-VER-38,Vestido Salvi,Vermelho,38,1499.0,18,0
2025-09-15,VEST-SALVI-VER-38,Vestido Salvi,Vermelho,38,1499.0,11,17
2025-09-22,VEST-SALVI-VER-38,Vestido Salvi,Vermelho,38,1499.0,9,8
2025-09-29,VEST-SALVI-VER-38,Vestido Salvi,Vermelho,38,1499.0,8,0
2025-10-06,VEST-SALVI-VER-38,Vestido Salvi,Vermelho,38,1499.0,9,0
2025-10-13,VEST-SALVI-VER-38,Vestido Salvi,Vermelho,38,1499.0,12,0
2025-10-20,VEST-SALVI-VER-38,Vestido Salvi,Vermelho,38,1499.0,19,0
2025-10-27,VEST-SALVI-VER-38,Vestido Salvi,Vermelho,38,1499.0,15,0
2025-11-03,VEST-SALVI-VER-38,Vestido Salvi,Vermelho,38,1499.0,15,0
2025-11-10,VEST-SALVI-VER-38,Vestido Salvi,Vermelho,38,1499.0,14,14
2025-11-17,VEST-SALVI-VER-38,Vestido Salvi,Vermelho,38,1499.0,11,3
2025-11-24,VEST-SALVI-VER-38,Vestido Salvi,Vermelho,38,1499.0,26,33
2025-12-01,VEST-SALVI-VER-38,Vestido Salvi,Vermelho,38,1499.0,15,18
2025-12-08,VEST-SALVI-VER-38,Vestido Salvi,Vermelho,38,1499.0,12,24
2025-12-15,VEST-SALVI-VER-38,Vestido Salvi,Vermelho,38,1499.0,11,13
2025-12-22,VEST-SALVI-VER-38,Vestido Salvi,Vermelho,38,1499.0,16,0
2025-12-29,VEST-SALVI-VER-38,Vestido Salvi,Vermelho,38,1499.0,15,28
2026-01-05,VEST-SALVI-VER-38,Vestido Salvi,Vermelho,38,1499.0,14,14
2026-01-12,VEST-SALVI-VER-38,Vestido Salvi,Vermelho,38,1499.0,7,21
2026-01-19,VEST-SALVI-VER-38,Vestido Salvi,Vermelho,38,1499.0,13,8
2026-01-26,VEST-SALVI-VER-38,Vestido Salvi,Vermelho,38,1499.0,9,0
2026-02-02,VEST-SALVI-VER-38,Vestido Salvi,Vermelho,38,1499.0,14,28
2026-02-09,VEST-SALVI-VER-38,Vestido Salvi,Vermelho,38,1499.0,6,22
2026-02-16,VEST-SALVI-VER-38,Vestido Salvi,Vermelho,38,1499.0,11,11
2026-02-23,VEST-SALVI-VER-38,Vestido Salvi,Vermelho,38,1499.0,11,33
2026-03-02,VEST-SALVI-VER-38,Vestido Salvi,Vermelho,38,1499.0,7,26
2026-03-09,VEST-SALVI-VER-38,Vestido Salvi,Vermelho,38,1499.0,7,19
2026-03-16,VEST-SALVI-VER-38,Vestido Salvi,Vermelho,38,1499.0,17,15
2026-03-23,VEST-SALVI-VER-38,Vestido Salvi,Vermelho,38,1499.0,10,5
2026-03-30,VEST-SALVI-VER-38,Vestido Salvi,Vermelho,38,1499.0,17,18
2026-04-06,VEST-SALVI-VER-38,Vestido Salvi,Vermelho,38,1499.0,10,8
2026-04-13,VEST-SALVI-VER-38,Vestido Salvi,Vermelho,38,1499.0,11,0
2026-04-20,VEST-SALVI-VER-38,Vestido Salvi,Vermelho,38,1499.0,11,0
2026-04-27,VEST-SALVI-VER-38,Vestido Salvi,Vermelho,38,1499.0,8,0
2026-05-04,VEST-SALVI-VER-38,Vestido Salvi,Vermelho,38,1499.0,6,0
2026-05-11,VEST-SALVI-VER-38,Vestido Salvi,Vermelho,38,1499.0,5,0
2026-05-18,VEST-SALVI-VER-38,Vestido Salvi,Vermelho,38,1499.0,6,0
2026-05-25,VEST-SALVI-VER-38,Vestido Salvi,Vermelho,38,1499.0,1,0
2026-06-01,VEST-SALVI-VER-38,Vestido Salvi,Vermelho,38,1499.0,7,0
2026-06-08,VEST-SALVI-VER-38,Vestido Salvi,Vermelho,38,1499.0,6,33
2026-06-15,VEST-SALVI-VER-38,Vestido Salvi,Vermelho,38,1499.0,11,22
2026-06-22,VEST-SALVI-VER-38,Vestido Salvi,Vermelho,38,1499.0,8,14
2026-06-29,VEST-SALVI-VER-38,Vestido Salvi,Vermelho,38,1499.0,7,24
2026-07-06,VEST-SALVI-VER-38,Vestido Salvi,Vermelho,38,1499.0,8,16
2026-07-13,VEST-SALVI-VER-38,Vestido Salvi,Vermelho,38,1499.0,12,4
2026-07-20,VEST-SALVI-VER-38,Vestido Salvi,Vermelho,38,1499.0,5,16
2026-07-27,VEST-SALVI-VER-38,Vestido Salvi,Vermelho,38,1499.0,4,12
2026-08-03,VEST-SALVI-VER-38,Vestido Salvi,Vermelho,38,1499.0,12,32
2026-08-10,VEST-SALVI-VER-38,Vestido Salvi,Vermelho,38,1499.0,10,22
2026-08-17,VEST-SALVI-VER-38,Vestido Salvi,Vermelho,38,1499.0,8,14
2026-08-24,VEST-SALVI-VER-38,Vestido Salvi,Vermelho,38,1499.0,10,28
2025-09-01,VEST-SALVI-VER-40,Vestido Salvi,Vermelho,40,1499.0,12,41
2025-09-08,VEST-SALVI-VER-40,Vestido Salvi,Vermelho,40,1499.0,14,27
2025-09-15,VEST-SALVI-VER-40,Vestido Salvi,Vermelho,40,1499.0,11,16
2025-09-22,VEST-SALVI-VER-40,Vestido Salvi,Vermelho,40,1499.0,10,6
2025-09-29,VEST-SALVI-VER-40,Vestido Salvi,Vermelho,40,1499.0,7,0
2025-10-06,VEST-SALVI-VER-40,Vestido Salvi,Vermelho,40,1499.0,19,0
2025-10-13,VEST-SALVI-VER-40,Vestido Salvi,Vermelho,40,1499.0,13,33
2025-10-20,VEST-SALVI-VER-40,Vestido Salvi,Vermelho,40,1499.0,10,23
2025-10-27,VEST-SALVI-VER-40,Vestido Salvi,Vermelho,40,1499.0,13,10
2025-11-03,VEST-SALVI-VER-40,Vestido Salvi,Vermelho,40,1499.0,8,16
2025-11-10,VEST-SALVI-VER-40,Vestido Salvi,Vermelho,40,1499.0,15,24
2025-11-17,VEST-SALVI-VER-40,Vestido Salvi,Vermelho,40,1499.0,9,15
2025-11-24,VEST-SALVI-VER-40,Vestido Salvi,Vermelho,40,1499.0,16,0
2025-12-01,VEST-SALVI-VER-40,Vestido Salvi,Vermelho,40,1499.0,11,0
2025-12-08,VEST-SALVI-VER-40,Vestido Salvi,Vermelho,40,1499.0,13,33
2025-12-15,VEST-SALVI-VER-40,Vestido Salvi,Vermelho,40,1499.0,15,18
2025-12-22,VEST-SALVI-VER-40,Vestido Salvi,Vermelho,40,1499.0,9,9
2025-12-29,VEST-SALVI-VER-40,Vestido Salvi,Vermelho,40,1499.0,16,30
2026-01-05,VEST-SALVI-VER-40,Vestido Salvi,Vermelho,40,1499.0,18,12
2026-01-12,VEST-SALVI-VER-40,Vestido Salvi,Vermelho,40,1499.0,15,0
2026-01-19,VEST-SALVI-VER-40,Vestido Salvi,Vermelho,40,1499.0,15,0
2026-01-26,VEST-SALVI-VER-40,Vestido Salvi,Vermelho,40,1499.0,15,17
2026-02-02,VEST-SALVI-VER-40,Vestido Salvi,Vermelho,40,1499.0,13,4
2026-02-09,VEST-SALVI-VER-40,Vestido Salvi,Vermelho,40,1499.0,12,33
2026-02-16,VEST-SALVI-VER-40,Vestido Salvi,Vermelho,40,1499.0,8,25
2026-02-23,VEST-SALVI-VER-40,Vestido Salvi,Vermelho,40,1499.0,10,15
2026-03-02,VEST-SALVI-VER-40,Vestido Salvi,Vermelho,40,1499.0,15,0
2026-03-09,VEST-SALVI-VER-40,Vestido Salvi,Vermelho,40,1499.0,10,17
2026-03-16,VEST-SALVI-VER-40,Vestido Salvi,Vermelho,40,1499.0,7,10
2026-03-23,VEST-SALVI-VER-40,Vestido Salvi,Vermelho,40,1499.0,10,0
2026-03-30,VEST-SALVI-VER-40,Vestido Salvi,Vermelho,40,1499.0,8,34
2026-04-06,VEST-SALVI-VER-40,Vestido Salvi,Vermelho,40,1499.0,11,23
2026-04-13,VEST-SALVI-VER-40,Vestido Salvi,Vermelho,40,1499.0,8,15
2026-04-20,VEST-SALVI-VER-40,Vestido Salvi,Vermelho,40,1499.0,10,5
2026-04-27,VEST-SALVI-VER-40,Vestido Salvi,Vermelho,40,1499.0,8,0
2026-05-04,VEST-SALVI-VER-40,Vestido Salvi,Vermelho,40,1499.0,6,24
2026-05-11,VEST-SALVI-VER-40,Vestido Salvi,Vermelho,40,1499.0,12,12
2026-05-18,VEST-SALVI-VER-40,Vestido Salvi,Vermelho,40,1499.0,7,5
2026-05-25,VEST-SALVI-VER-40,Vestido Salvi,Vermelho,40,1499.0,7,0
2026-06-01,VEST-SALVI-VER-40,Vestido Salvi,Vermelho,40,1499.0,8,17
2026-06-08,VEST-SALVI-VER-40,Vestido Salvi,Vermelho,40,1499.0,7,10
2026-06-15,VEST-SALVI-VER-40,Vestido Salvi,Vermelho,40,1499.0,8,19
2026-06-22,VEST-SALVI-VER-40,Vestido Salvi,Vermelho,40,1499.0,9,10
2026-06-29,VEST-SALVI-VER-40,Vestido Salvi,Vermelho,40,1499.0,9,27
2026-07-06,VEST-SALVI-VER-40,Vestido Salvi,Vermelho,40,1499.0,6,21
2026-07-13,VEST-SALVI-VER-40,Vestido Salvi,Vermelho,40,1499.0,9,12
2026-07-20,VEST-SALVI-VER-40,Vestido Salvi,Vermelho,40,1499.0,9,3
2026-07-27,VEST-SALVI-VER-40,Vestido Salvi,Vermelho,40,1499.0,1,2
2026-08-03,VEST-SALVI-VER-40,Vestido Salvi,Vermelho,40,1499.0,5,0
2026-08-10,VEST-SALVI-VER-40,Vestido Salvi,Vermelho,40,1499.0,9,0
2026-08-17,VEST-SALVI-VER-40,Vestido Salvi,Vermelho,40,1499.0,8,0
2026-08-24,VEST-SALVI-VER-40,Vestido Salvi,Vermelho,40,1499.0,16,0
2025-09-01,VEST-SALVI-VER-42,Vestido Salvi,Vermelho,42,1499.0,0,25
2025-09-08,VEST-SALVI-VER-42,Vestido Salvi,Vermelho,42,1499.0,0,25
2025-09-15,VEST-SALVI-VER-42,Vestido Salvi,Vermelho,42,1499.0,2,23
2025-09-22,VEST-SALVI-VER-42,Vestido Salvi,Vermelho,42,1499.0,1,22
2025-09-29,VEST-SALVI-VER-42,Vestido Salvi,Vermelho,42,1499.0,0,22
2025-10-06,VEST-SALVI-VER-42,Vestido Salvi,Vermelho,42,1499.0,4,18
2025-10-13,VEST-SALVI-VER-42,Vestido Salvi,Vermelho,42,1499.0,1,17
2025-10-20,VEST-SALVI-VER-42,Vestido Salvi,Vermelho,42,1499.0,7,10
2025-10-27,VEST-SALVI-VER-42,Vestido Salvi,Vermelho,42,1499.0,0,10
2025-11-03,VEST-SALVI-VER-42,Vestido Salvi,Vermelho,42,1499.0,1,9
2025-11-10,VEST-SALVI-VER-42,Vestido Salvi,Vermelho,42,1499.0,4,5
2025-11-17,VEST-SALVI-VER-42,Vestido Salvi,Vermelho,42,1499.0,1,17
2025-11-24,VEST-SALVI-VER-42,Vestido Salvi,Vermelho,42,1499.0,4,13
2025-12-01,VEST-SALVI-VER-42,Vestido Salvi,Vermelho,42,1499.0,4,9
2025-12-08,VEST-SALVI-VER-42,Vestido Salvi,Vermelho,42,1499.0,1,8
2025-12-15,VEST-SALVI-VER-42,Vestido Salvi,Vermelho,42,1499.0,1,26
2025-12-22,VEST-SALVI-VER-42,Vestido Salvi,Vermelho,42,1499.0,2,24
2025-12-29,VEST-SALVI-VER-42,Vestido Salvi,Vermelho,42,1499.0,3,21
2026-01-05,VEST-SALVI-VER-42,Vestido Salvi,Vermelho,42,1499.0,2,19
2026-01-12,VEST-SALVI-VER-42,Vestido Salvi,Vermelho,42,1499.0,4,15
2026-01-19,VEST-SALVI-VER-42,Vestido Salvi,Vermelho,42,1499.0,3,12
2026-01-26,VEST-SALVI-VER-42,Vestido Salvi,Vermelho,42,1499.0,0,12
2026-02-02,VEST-SALVI-VER-42,Vestido Salvi,Vermelho,42,1499.0,1,11
2026-02-09,VEST-SALVI-VER-42,Vestido Salvi,Vermelho,42,1499.0,2,9
2026-02-16,VEST-SALVI-VER-42,Vestido Salvi,Vermelho,42,1499.0,0,9
2026-02-23,VEST-SALVI-VER-42,Vestido Salvi,Vermelho,42,1499.0,1,8
2026-03-02,VEST-SALVI-VER-42,Vestido Salvi,Vermelho,42,1499.0,2,40
2026-03-09,VEST-SALVI-VER-42,Vestido Salvi,Vermelho,42,1499.0,2,38
2026-03-16,VEST-SALVI-VER-42,Vestido Salvi,Vermelho,42,1499.0,5,33
2026-03-23,VEST-SALVI-VER-42,Vestido Salvi,Vermelho,42,1499.0,2,31
2026-03-30,VEST-SALVI-VER-42,Vestido Salvi,Vermelho,42,1499.0,1,30
2026-04-06,VEST-SALVI-VER-42,Vestido Salvi,Vermelho,42,1499.0,1,29
2026-04-13,VEST-SALVI-VER-42,Vestido Salvi,Vermelho,42,1499.0,0,29
2026-04-20,VEST-SALVI-VER-42,Vestido Salvi,Vermelho,42,1499.0,2,27
2026-04-27,VEST-SALVI-VER-42,Vestido Salvi,Vermelho,42,1499.0,0,27
2026-05-04,VEST-SALVI-VER-42,Vestido Salvi,Vermelho,42,1499.0,1,26
2026-05-11,VEST-SALVI-VER-42,Vestido Salvi,Vermelho,42,1499.0,2,24
2026-05-18,VEST-SALVI-VER-42,Vestido Salvi,Vermelho,42,1499.0,3,21
2026-05-25,VEST-SALVI-VER-42,Vestido Salvi,Vermelho,42,1499.0,1,20
2026-06-01,VEST-SALVI-VER-42,Vestido Salvi,Vermelho,42,1499.0,2,18
2026-06-08,VEST-SALVI-VER-42,Vestido Salvi,Vermelho,42,1499.0,2,16
2026-06-15,VEST-SALVI-VER-42,Vestido Salvi,Vermelho,42,1499.0,0,16
2026-06-22,VEST-SALVI-VER-42,Vestido Salvi,Vermelho,42,1499.0,0,16
2026-06-29,VEST-SALVI-VER-42,Vestido Salvi,Vermelho,42,1499.0,1,15
2026-07-06,VEST-SALVI-VER-42,Vestido Salvi,Vermelho,42,1499.0,4,11
2026-07-13,VEST-SALVI-VER-42,Vestido Salvi,Vermelho,42,1499.0,0,11
2026-07-20,VEST-SALVI-VER-42,Vestido Salvi,Vermelho,42,1499.0,1,10
2026-07-27,VEST-SALVI-VER-42,Vestido Salvi,Vermelho,42,1499.0,0,10
2026-08-03,VEST-SALVI-VER-42,Vestido Salvi,Vermelho,42,1499.0,1,9
2026-08-10,VEST-SALVI-VER-42,Vestido Salvi,Vermelho,42,1499.0,3,6
2026-08-17,VEST-SALVI-VER-42,Vestido Salvi,Vermelho,42,1499.0,3,3
2026-08-24,VEST-SALVI-VER-42,Vestido Salvi,Vermelho,42,1499.0,1,31
2025-09-01,VEST-SALVI-VER-44,Vestido Salvi,Vermelho,44,1499.0,4,22
2025-09-08,VEST-SALVI-VER-44,Vestido Salvi,Vermelho,44,1499.0,2,20
2025-09-15,VEST-SALVI-VER-44,Vestido Salvi,Vermelho,44,1499.0,6,14
2025-09-22,VEST-SALVI-VER-44,Vestido Salvi,Vermelho,44,1499.0,1,13
2025-09-29,VEST-SALVI-VER-44,Vestido Salvi,Vermelho,44,1499.0,4,9
2025-10-06,VEST-SALVI-VER-44,Vestido Salvi,Vermelho,44,1499.0,6,23
2025-10-13,VEST-SALVI-VER-44,Vestido Salvi,Vermelho,44,1499.0,5,18
2025-10-20,VEST-SALVI-VER-44,Vestido Salvi,Vermelho,44,1499.0,4,14
2025-10-27,VEST-SALVI-VER-44,Vestido Salvi,Vermelho,44,1499.0,7,7
2025-11-03,VEST-SALVI-VER-44,Vestido Salvi,Vermelho,44,1499.0,4,3
2025-11-10,VEST-SALVI-VER-44,Vestido Salvi,Vermelho,44,1499.0,4,13
2025-11-17,VEST-SALVI-VER-44,Vestido Salvi,Vermelho,44,1499.0,7,33
2025-11-24,VEST-SALVI-VER-44,Vestido Salvi,Vermelho,44,1499.0,3,30
2025-12-01,VEST-SALVI-VER-44,Vestido Salvi,Vermelho,44,1499.0,2,28
2025-12-08,VEST-SALVI-VER-44,Vestido Salvi,Vermelho,44,1499.0,3,25
2025-12-15,VEST-SALVI-VER-44,Vestido Salvi,Vermelho,44,1499.0,5,20
2025-12-22,VEST-SALVI-VER-44,Vestido Salvi,Vermelho,44,1499.0,6,14
2025-12-29,VEST-SALVI-VER-44,Vestido Salvi,Vermelho,44,1499.0,3,11
2026-01-05,VEST-SALVI-VER-44,Vestido Salvi,Vermelho,44,1499.0,2,9
2026-01-12,VEST-SALVI-VER-44,Vestido Salvi,Vermelho,44,1499.0,3,6
2026-01-19,VEST-SALVI-VER-44,Vestido Salvi,Vermelho,44,1499.0,8,15
2026-01-26,VEST-SALVI-VER-44,Vestido Salvi,Vermelho,44,1499.0,3,12
2026-02-02,VEST-SALVI-VER-44,Vestido Salvi,Vermelho,44,1499.0,3,9
2026-02-09,VEST-SALVI-VER-44,Vestido Salvi,Vermelho,44,1499.0,5,4
2026-02-16,VEST-SALVI-VER-44,Vestido Salvi,Vermelho,44,1499.0,4,0
2026-02-23,VEST-SALVI-VER-44,Vestido Salvi,Vermelho,44,1499.0,10,0
2026-03-02,VEST-SALVI-VER-44,Vestido Salvi,Vermelho,44,1499.0,3,0
2026-03-09,VEST-SALVI-VER-44,Vestido Salvi,Vermelho,44,1499.0,4,0
2026-03-16,VEST-SALVI-VER-44,Vestido Salvi,Vermelho,44,1499.0,3,0
2026-03-23,VEST-SALVI-VER-44,Vestido Salvi,Vermelho,44,1499.0,5,0
2026-03-30,VEST-SALVI-VER-44,Vestido Salvi,Vermelho,44,1499.0,6,0
2026-04-06,VEST-SALVI-VER-44,Vestido Salvi,Vermelho,44,1499.0,3,0
2026-04-13,VEST-SALVI-VER-44,Vestido Salvi,Vermelho,44,1499.0,2,34
2026-04-20,VEST-SALVI-VER-44,Vestido Salvi,Vermelho,44,1499.0,2,32
2026-04-27,VEST-SALVI-VER-44,Vestido Salvi,Vermelho,44,1499.0,0,32
2026-05-04,VEST-SALVI-VER-44,Vestido Salvi,Vermelho,44,1499.0,1,31
2026-05-11,VEST-SALVI-VER-44,Vestido Salvi,Vermelho,44,1499.0,3,28
2026-05-18,VEST-SALVI-VER-44,Vestido Salvi,Vermelho,44,1499.0,1,27
2026-05-25,VEST-SALVI-VER-44,Vestido Salvi,Vermelho,44,1499.0,3,24
2026-06-01,VEST-SALVI-VER-44,Vestido Salvi,Vermelho,44,1499.0,2,22
2026-06-08,VEST-SALVI-VER-44,Vestido Salvi,Vermelho,44,1499.0,2,20
2026-06-15,VEST-SALVI-VER-44,Vestido Salvi,Vermelho,44,1499.0,3,17
2026-06-22,VEST-SALVI-VER-44,Vestido Salvi,Vermelho,44,1499.0,4,13
2026-06-29,VEST-SALVI-VER-44,Vestido Salvi,Vermelho,44,1499.0,4,9
2026-07-06,VEST-SALVI-VER-44,Vestido Salvi,Vermelho,44,1499.0,5,4
2026-07-13,VEST-SALVI-VER-44,Vestido Salvi,Vermelho,44,1499.0,1,3
2026-07-20,VEST-SALVI-VER-44,Vestido Salvi,Vermelho,44,1499.0,3,0
2026-07-27,VEST-SALVI-VER-44,Vestido Salvi,Vermelho,44,1499.0,1,0
2026-08-03,VEST-SALVI-VER-44,Vestido Salvi,Vermelho,44,1499.0,5,0
2026-08-10,VEST-SALVI-VER-44,Vestido Salvi,Vermelho,44,1499.0,4,22
2026-08-17,VEST-SALVI-VER-44,Vestido Salvi,Vermelho,44,1499.0,5,17
2026-08-24,VEST-SALVI-VER-44,Vestido Salvi,Vermelho,44,1499.0,3,14
2025-09-01,VEST-SALVI-OFF-34,Vestido Salvi,Off White,34,1499.0,1,63
2025-09-08,VEST-SALVI-OFF-34,Vestido Salvi,Off White,34,1499.0,1,62
2025-09-15,VEST-SALVI-OFF-34,Vestido Salvi,Off White,34,1499.0,2,60
2025-09-22,VEST-SALVI-OFF-34,Vestido Salvi,Off White,34,1499.0,2,58
2025-09-29,VEST-SALVI-OFF-34,Vestido Salvi,Off White,34,1499.0,0,58
2025-10-06,VEST-SALVI-OFF-34,Vestido Salvi,Off White,34,1499.0,3,55
2025-10-13,VEST-SALVI-OFF-34,Vestido Salvi,Off White,34,1499.0,3,52
2025-10-20,VEST-SALVI-OFF-34,Vestido Salvi,Off White,34,1499.0,3,49
2025-10-27,VEST-SALVI-OFF-34,Vestido Salvi,Off White,34,1499.0,0,49
2025-11-03,VEST-SALVI-OFF-34,Vestido Salvi,Off White,34,1499.0,4,45
2025-11-10,VEST-SALVI-OFF-34,Vestido Salvi,Off White,34,1499.0,3,42
2025-11-17,VEST-SALVI-OFF-34,Vestido Salvi,Off White,34,1499.0,1,41
2025-11-24,VEST-SALVI-OFF-34,Vestido Salvi,Off White,34,1499.0,2,39
2025-12-01,VEST-SALVI-OFF-34,Vestido Salvi,Off White,34,1499.0,2,37
2025-12-08,VEST-SALVI-OFF-34,Vestido Salvi,Off White,34,1499.0,2,35
2025-12-15,VEST-SALVI-OFF-34,Vestido Salvi,Off White,34,1499.0,1,34
2025-12-22,VEST-SALVI-OFF-34,Vestido Salvi,Off White,34,1499.0,1,33
2025-12-29,VEST-SALVI-OFF-34,Vestido Salvi,Off White,34,1499.0,0,33
2026-01-05,VEST-SALVI-OFF-34,Vestido Salvi,Off White,34,1499.0,1,32
2026-01-12,VEST-SALVI-OFF-34,Vestido Salvi,Off White,34,1499.0,1,31
2026-01-19,VEST-SALVI-OFF-34,Vestido Salvi,Off White,34,1499.0,3,28
2026-01-26,VEST-SALVI-OFF-34,Vestido Salvi,Off White,34,1499.0,1,27
2026-02-02,VEST-SALVI-OFF-34,Vestido Salvi,Off White,34,1499.0,1,26
2026-02-09,VEST-SALVI-OFF-34,Vestido Salvi,Off White,34,1499.0,2,24
2026-02-16,VEST-SALVI-OFF-34,Vestido Salvi,Off White,34,1499.0,1,23
2026-02-23,VEST-SALVI-OFF-34,Vestido Salvi,Off White,34,1499.0,3,20
2026-03-02,VEST-SALVI-OFF-34,Vestido Salvi,Off White,34,1499.0,1,19
2026-03-09,VEST-SALVI-OFF-34,Vestido Salvi,Off White,34,1499.0,0,19
2026-03-16,VEST-SALVI-OFF-34,Vestido Salvi,Off White,34,1499.0,1,18
2026-03-23,VEST-SALVI-OFF-34,Vestido Salvi,Off White,34,1499.0,1,17
2026-03-30,VEST-SALVI-OFF-34,Vestido Salvi,Off White,34,1499.0,0,17
2026-04-06,VEST-SALVI-OFF-34,Vestido Salvi,Off White,34,1499.0,0,17
2026-04-13,VEST-SALVI-OFF-34,Vestido Salvi,Off White,34,1499.0,2,15
2026-04-20,VEST-SALVI-OFF-34,Vestido Salvi,Off White,34,1499.0,1,14
2026-04-27,VEST-SALVI-OFF-34,Vestido Salvi,Off White,34,1499.0,1,13
2026-05-04,VEST-SALVI-OFF-34,Vestido Salvi,Off White,34,1499.0,2,11
2026-05-11,VEST-SALVI-OFF-34,Vestido Salvi,Off White,34,1499.0,0,11
2026-05-18,VEST-SALVI-OFF-34,Vestido Salvi,Off White,34,1499.0,0,11
2026-05-25,VEST-SALVI-OFF-34,Vestido Salvi,Off White,34,1499.0,0,11
2026-06-01,VEST-SALVI-OFF-34,Vestido Salvi,Off White,34,1499.0,2,9
2026-06-08,VEST-SALVI-OFF-34,Vestido Salvi,Off White,34,1499.0,2,34
2026-06-15,VEST-SALVI-OFF-34,Vestido Salvi,Off White,34,1499.0,1,33
2026-06-22,VEST-SALVI-OFF-34,Vestido Salvi,Off White,34,1499.0,5,28
2026-06-29,VEST-SALVI-OFF-34,Vestido Salvi,Off White,34,1499.0,4,24
2026-07-06,VEST-SALVI-OFF-34,Vestido Salvi,Off White,34,1499.0,1,23
2026-07-13,VEST-SALVI-OFF-34,Vestido Salvi,Off White,34,1499.0,2,21
2026-07-20,VEST-SALVI-OFF-34,Vestido Salvi,Off White,34,1499.0,2,19
2026-07-27,VEST-SALVI-OFF-34,Vestido Salvi,Off White,34,1499.0,4,15
2026-08-03,VEST-SALVI-OFF-34,Vestido Salvi,Off White,34,1499.0,1,14
2026-08-10,VEST-SALVI-OFF-34,Vestido Salvi,Off White,34,1499.0,1,13
2026-08-17,VEST-SALVI-OFF-34,Vestido Salvi,Off White,34,1499.0,3,10
2026-08-24,VEST-SALVI-OFF-34,Vestido Salvi,Off White,34,1499.0,0,10
2025-09-01,VEST-SALVI-OFF-36,Vestido Salvi,Off White,36,1499.0,7,26
2025-09-08,VEST-SALVI-OFF-36,Vestido Salvi,Off White,36,1499.0,10,16
2025-09-15,VEST-SALVI-OFF-36,Vestido Salvi,Off White,36,1499.0,5,11
2025-09-22,VEST-SALVI-OFF-36,Vestido Salvi,Off White,36,1499.0,15,0
2025-09-29,VEST-SALVI-OFF-36,Vestido Salvi,Off White,36,1499.0,7,14
2025-10-06,VEST-SALVI-OFF-36,Vestido Salvi,Off White,36,1499.0,7,31
2025-10-13,VEST-SALVI-OFF-36,Vestido Salvi,Off White,36,1499.0,8,23
2025-10-20,VEST-SALVI-OFF-36,Vestido Salvi,Off White,36,1499.0,10,13
2025-10-27,VEST-SALVI-OFF-36,Vestido Salvi,Off White,36,1499.0,12,15
2025-11-03,VEST-SALVI-OFF-36,Vestido Salvi,Off White,36,1499.0,16,0
2025-11-10,VEST-SALVI-OFF-36,Vestido Salvi,Off White,36,1499.0,12,0
2025-11-17,VEST-SALVI-OFF-36,Vestido Salvi,Off White,36,1499.0,8,0
2025-11-24,VEST-SALVI-OFF-36,Vestido Salvi,Off White,36,1499.0,8,0
2025-12-01,VEST-SALVI-OFF-36,Vestido Salvi,Off White,36,1499.0,12,0
2025-12-08,VEST-SALVI-OFF-36,Vestido Salvi,Off White,36,1499.0,11,0
2025-12-15,VEST-SALVI-OFF-36,Vestido Salvi,Off White,36,1499.0,8,0
2025-12-22,VEST-SALVI-OFF-36,Vestido Salvi,Off White,36,1499.0,8,0
2025-12-29,VEST-SALVI-OFF-36,Vestido Salvi,Off White,36,1499.0,11,0
2026-01-05,VEST-SALVI-OFF-36,Vestido Salvi,Off White,36,1499.0,9,19
2026-01-12,VEST-SALVI-OFF-36,Vestido Salvi,Off White,36,1499.0,9,10
2026-01-19,VEST-SALVI-OFF-36,Vestido Salvi,Off White,36,1499.0,6,4
2026-01-26,VEST-SALVI-OFF-36,Vestido Salvi,Off White,36,1499.0,7,0
2026-02-02,VEST-SALVI-OFF-36,Vestido Salvi,Off White,36,1499.0,11,21
2026-02-09,VEST-SALVI-OFF-36,Vestido Salvi,Off White,36,1499.0,15,6
2026-02-16,VEST-SALVI-OFF-36,Vestido Salvi,Off White,36,1499.0,10,0
2026-02-23,VEST-SALVI-OFF-36,Vestido Salvi,Off White,36,1499.0,6,0
2026-03-02,VEST-SALVI-OFF-36,Vestido Salvi,Off White,36,1499.0,4,0
2026-03-09,VEST-SALVI-OFF-36,Vestido Salvi,Off White,36,1499.0,6,0
2026-03-16,VEST-SALVI-OFF-36,Vestido Salvi,Off White,36,1499.0,8,15
2026-03-23,VEST-SALVI-OFF-36,Vestido Salvi,Off White,36,1499.0,5,10
2026-03-30,VEST-SALVI-OFF-36,Vestido Salvi,Off White,36,1499.0,5,31
2026-04-06,VEST-SALVI-OFF-36,Vestido Salvi,Off White,36,1499.0,4,27
2026-04-13,VEST-SALVI-OFF-36,Vestido Salvi,Off White,36,1499.0,4,23
2026-04-20,VEST-SALVI-OFF-36,Vestido Salvi,Off White,36,1499.0,7,16
2026-04-27,VEST-SALVI-OFF-36,Vestido Salvi,Off White,36,1499.0,1,15
2026-05-04,VEST-SALVI-OFF-36,Vestido Salvi,Off White,36,1499.0,3,12
2026-05-11,VEST-SALVI-OFF-36,Vestido Salvi,Off White,36,1499.0,6,22
2026-05-18,VEST-SALVI-OFF-36,Vestido Salvi,Off White,36,1499.0,3,19
2026-05-25,VEST-SALVI-OFF-36,Vestido Salvi,Off White,36,1499.0,4,15
2026-06-01,VEST-SALVI-OFF-36,Vestido Salvi,Off White,36,1499.0,4,11
2026-06-08,VEST-SALVI-OFF-36,Vestido Salvi,Off White,36,1499.0,10,1
2026-06-15,VEST-SALVI-OFF-36,Vestido Salvi,Off White,36,1499.0,4,0
2026-06-22,VEST-SALVI-OFF-36,Vestido Salvi,Off White,36,1499.0,6,19
2026-06-29,VEST-SALVI-OFF-36,Vestido Salvi,Off White,36,1499.0,13,6
2026-07-06,VEST-SALVI-OFF-36,Vestido Salvi,Off White,36,1499.0,5,1
2026-07-13,VEST-SALVI-OFF-36,Vestido Salvi,Off White,36,1499.0,3,0
2026-07-20,VEST-SALVI-OFF-36,Vestido Salvi,Off White,36,1499.0,6,20
2026-07-27,VEST-SALVI-OFF-36,Vestido Salvi,Off White,36,1499.0,6,14
2026-08-03,VEST-SALVI-OFF-36,Vestido Salvi,Off White,36,1499.0,9,5
2026-08-10,VEST-SALVI-OFF-36,Vestido Salvi,Off White,36,1499.0,9,0
2026-08-17,VEST-SALVI-OFF-36,Vestido Salvi,Off White,36,1499.0,12,0
2026-08-24,VEST-SALVI-OFF-36,Vestido Salvi,Off White,36,1499.0,8,0
2025-09-01,VEST-SALVI-OFF-38,Vestido Salvi,Off White,38,1499.0,6,47
2025-09-08,VEST-SALVI-OFF-38,Vestido Salvi,Off White,38,1499.0,6,41
2025-09-15,VEST-SALVI-OFF-38,Vestido Salvi,Off White,38,1499.0,4,37
2025-09-22,VEST-SALVI-OFF-38,Vestido Salvi,Off White,38,1499.0,8,29
2025-09-29,VEST-SALVI-OFF-38,Vestido Salvi,Off White,38,1499.0,16,13
2025-10-06,VEST-SALVI-OFF-38,Vestido Salvi,Off White,38,1499.0,6,7
2025-10-13,VEST-SALVI-OFF-38,Vestido Salvi,Off White,38,1499.0,8,0
2025-10-20,VEST-SALVI-OFF-38,Vestido Salvi,Off White,38,1499.0,7,0
2025-10-27,VEST-SALVI-OFF-38,Vestido Salvi,Off White,38,1499.0,9,28
2025-11-03,VEST-SALVI-OFF-38,Vestido Salvi,Off White,38,1499.0,11,17
2025-11-10,VEST-SALVI-OFF-38,Vestido Salvi,Off White,38,1499.0,12,5
2025-11-17,VEST-SALVI-OFF-38,Vestido Salvi,Off White,38,1499.0,12,29
2025-11-24,VEST-SALVI-OFF-38,Vestido Salvi,Off White,38,1499.0,7,22
2025-12-01,VEST-SALVI-OFF-38,Vestido Salvi,Off White,38,1499.0,15,26
2025-12-08,VEST-SALVI-OFF-38,Vestido Salvi,Off White,38,1499.0,11,15
2025-12-15,VEST-SALVI-OFF-38,Vestido Salvi,Off White,38,1499.0,22,0
2025-12-22,VEST-SALVI-OFF-38,Vestido Salvi,Off White,38,1499.0,13,23
2025-12-29,VEST-SALVI-OFF-38,Vestido Salvi,Off White,38,1499.0,15,8
2026-01-05,VEST-SALVI-OFF-38,Vestido Salvi,Off White,38,1499.0,14,0
2026-01-12,VEST-SALVI-OFF-38,Vestido Salvi,Off White,38,1499.0,7,20
2026-01-19,VEST-SALVI-OFF-38,Vestido Salvi,Off White,38,1499.0,9,11
2026-01-26,VEST-SALVI-OFF-38,Vestido Salvi,Off White,38,1499.0,13,0
2026-02-02,VEST-SALVI-OFF-38,Vestido Salvi,Off White,38,1499.0,5,0
2026-02-09,VEST-SALVI-OFF-38,Vestido Salvi,Off White,38,1499.0,6,29
2026-02-16,VEST-SALVI-OFF-38,Vestido Salvi,Off White,38,1499.0,10,19
2026-02-23,VEST-SALVI-OFF-38,Vestido Salvi,Off White,38,1499.0,9,10
2026-03-02,VEST-SALVI-OFF-38,Vestido Salvi,Off White,38,1499.0,10,25
2026-03-09,VEST-SALVI-OFF-38,Vestido Salvi,Off White,38,1499.0,8,17
2026-03-16,VEST-SALVI-OFF-38,Vestido Salvi,Off White,38,1499.0,1,16
2026-03-23,VEST-SALVI-OFF-38,Vestido Salvi,Off White,38,1499.0,5,11
2026-03-30,VEST-SALVI-OFF-38,Vestido Salvi,Off White,38,1499.0,9,2
2026-04-06,VEST-SALVI-OFF-38,Vestido Salvi,Off White,38,1499.0,10,0
2026-04-13,VEST-SALVI-OFF-38,Vestido Salvi,Off White,38,1499.0,4,0
2026-04-20,VEST-SALVI-OFF-38,Vestido Salvi,Off White,38,1499.0,4,0
2026-04-27,VEST-SALVI-OFF-38,Vestido Salvi,Off White,38,1499.0,3,0
2026-05-04,VEST-SALVI-OFF-38,Vestido Salvi,Off White,38,1499.0,6,0
2026-05-11,VEST-SALVI-OFF-38,Vestido Salvi,Off White,38,1499.0,6,0
2026-05-18,VEST-SALVI-OFF-38,Vestido Salvi,Off White,38,1499.0,3,0
2026-05-25,VEST-SALVI-OFF-38,Vestido Salvi,Off White,38,1499.0,6,0
2026-06-01,VEST-SALVI-OFF-38,Vestido Salvi,Off White,38,1499.0,4,27
2026-06-08,VEST-SALVI-OFF-38,Vestido Salvi,Off White,38,1499.0,4,23
2026-06-15,VEST-SALVI-OFF-38,Vestido Salvi,Off White,38,1499.0,3,20
2026-06-22,VEST-SALVI-OFF-38,Vestido Salvi,Off White,38,1499.0,4,16
2026-06-29,VEST-SALVI-OFF-38,Vestido Salvi,Off White,38,1499.0,6,10
2026-07-06,VEST-SALVI-OFF-38,Vestido Salvi,Off White,38,1499.0,6,4
2026-07-13,VEST-SALVI-OFF-38,Vestido Salvi,Off White,38,1499.0,6,23
2026-07-20,VEST-SALVI-OFF-38,Vestido Salvi,Off White,38,1499.0,5,18
2026-07-27,VEST-SALVI-OFF-38,Vestido Salvi,Off White,38,1499.0,6,12
2026-08-03,VEST-SALVI-OFF-38,Vestido Salvi,Off White,38,1499.0,6,32
2026-08-10,VEST-SALVI-OFF-38,Vestido Salvi,Off White,38,1499.0,9,23
2026-08-17,VEST-SALVI-OFF-38,Vestido Salvi,Off White,38,1499.0,8,15
2026-08-24,VEST-SALVI-OFF-38,Vestido Salvi,Off White,38,1499.0,6,9
2025-09-01,VEST-SALVI-OFF-40,Vestido Salvi,Off White,40,1499.0,4,52
2025-09-08,VEST-SALVI-OFF-40,Vestido Salvi,Off White,40,1499.0,3,49
2025-09-15,VEST-SALVI-OFF-40,Vestido Salvi,Off White,40,1499.0,4,45
2025-09-22,VEST-SALVI-OFF-40,Vestido Salvi,Off White,40,1499.0,6,39
2025-09-29,VEST-SALVI-OFF-40,Vestido Salvi,Off White,40,1499.0,7,32
2025-10-06,VEST-SALVI-OFF-40,Vestido Salvi,Off White,40,1499.0,4,28
2025-10-13,VEST-SALVI-OFF-40,Vestido Salvi,Off White,40,1499.0,1,27
2025-10-20,VEST-SALVI-OFF-40,Vestido Salvi,Off White,40,1499.0,7,20
2025-10-27,VEST-SALVI-OFF-40,Vestido Salvi,Off White,40,1499.0,2,18
2025-11-03,VEST-SALVI-OFF-40,Vestido Salvi,Off White,40,1499.0,5,13
2025-11-10,VEST-SALVI-OFF-40,Vestido Salvi,Off White,40,1499.0,7,32
2025-11-17,VEST-SALVI-OFF-40,Vestido Salvi,Off White,40,1499.0,6,26
2025-11-24,VEST-SALVI-OFF-40,Vestido Salvi,Off White,40,1499.0,3,23
2025-12-01,VEST-SALVI-OFF-40,Vestido Salvi,Off White,40,1499.0,13,10
2025-12-08,VEST-SALVI-OFF-40,Vestido Salvi,Off White,40,1499.0,5,5
2025-12-15,VEST-SALVI-OFF-40,Vestido Salvi,Off White,40,1499.0,7,0
2025-12-22,VEST-SALVI-OFF-40,Vestido Salvi,Off White,40,1499.0,6,0
2025-12-29,VEST-SALVI-OFF-40,Vestido Salvi,Off White,40,1499.0,6,0
2026-01-05,VEST-SALVI-OFF-40,Vestido Salvi,Off White,40,1499.0,5,24
2026-01-12,VEST-SALVI-OFF-40,Vestido Salvi,Off White,40,1499.0,3,21
2026-01-19,VEST-SALVI-OFF-40,Vestido Salvi,Off White,40,1499.0,4,17
2026-01-26,VEST-SALVI-OFF-40,Vestido Salvi,Off White,40,1499.0,2,15
2026-02-02,VEST-SALVI-OFF-40,Vestido Salvi,Off White,40,1499.0,7,8
2026-02-09,VEST-SALVI-OFF-40,Vestido Salvi,Off White,40,1499.0,4,4
2026-02-16,VEST-SALVI-OFF-40,Vestido Salvi,Off White,40,1499.0,4,0
2026-02-23,VEST-SALVI-OFF-40,Vestido Salvi,Off White,40,1499.0,5,34
2026-03-02,VEST-SALVI-OFF-40,Vestido Salvi,Off White,40,1499.0,3,31
2026-03-09,VEST-SALVI-OFF-40,Vestido Salvi,Off White,40,1499.0,1,30
2026-03-16,VEST-SALVI-OFF-40,Vestido Salvi,Off White,40,1499.0,6,24
2026-03-23,VEST-SALVI-OFF-40,Vestido Salvi,Off White,40,1499.0,5,19
2026-03-30,VEST-SALVI-OFF-40,Vestido Salvi,Off White,40,1499.0,6,13
2026-04-06,VEST-SALVI-OFF-40,Vestido Salvi,Off White,40,1499.0,5,8
2026-04-13,VEST-SALVI-OFF-40,Vestido Salvi,Off White,40,1499.0,1,7
2026-04-20,VEST-SALVI-OFF-40,Vestido Salvi,Off White,40,1499.0,3,4
2026-04-27,VEST-SALVI-OFF-40,Vestido Salvi,Off White,40,1499.0,3,1
2026-05-04,VEST-SALVI-OFF-40,Vestido Salvi,Off White,40,1499.0,2,0
2026-05-11,VEST-SALVI-OFF-40,Vestido Salvi,Off White,40,1499.0,2,12
2026-05-18,VEST-SALVI-OFF-40,Vestido Salvi,Off White,40,1499.0,3,9
2026-05-25,VEST-SALVI-OFF-40,Vestido Salvi,Off White,40,1499.0,3,6
2026-06-01,VEST-SALVI-OFF-40,Vestido Salvi,Off White,40,1499.0,2,22
2026-06-08,VEST-SALVI-OFF-40,Vestido Salvi,Off White,40,1499.0,1,21
2026-06-15,VEST-SALVI-OFF-40,Vestido Salvi,Off White,40,1499.0,2,19
2026-06-22,VEST-SALVI-OFF-40,Vestido Salvi,Off White,40,1499.0,0,19
2026-06-29,VEST-SALVI-OFF-40,Vestido Salvi,Off White,40,1499.0,3,16
2026-07-06,VEST-SALVI-OFF-40,Vestido Salvi,Off White,40,1499.0,2,14
2026-07-13,VEST-SALVI-OFF-40,Vestido Salvi,Off White,40,1499.0,5,9
2026-07-20,VEST-SALVI-OFF-40,Vestido Salvi,Off White,40,1499.0,6,3
2026-07-27,VEST-SALVI-OFF-40,Vestido Salvi,Off White,40,1499.0,4,26
2026-08-03,VEST-SALVI-OFF-40,Vestido Salvi,Off White,40,1499.0,1,25
2026-08-10,VEST-SALVI-OFF-40,Vestido Salvi,Off White,40,1499.0,2,23
2026-08-17,VEST-SALVI-OFF-40,Vestido Salvi,Off White,40,1499.0,8,15
2026-08-24,VEST-SALVI-OFF-40,Vestido Salvi,Off White,40,1499.0,4,11
2025-09-01,VEST-SALVI-OFF-42,Vestido Salvi,Off White,42,1499.0,1,60
2025-09-08,VEST-SALVI-OFF-42,Vestido Salvi,Off White,42,1499.0,1,59
2025-09-15,VEST-SALVI-OFF-42,Vestido Salvi,Off White,42,1499.0,3,56
2025-09-22,VEST-SALVI-OFF-42,Vestido Salvi,Off White,42,1499.0,0,56
2025-09-29,VEST-SALVI-OFF-42,Vestido Salvi,Off White,42,1499.0,4,52
2025-10-06,VEST-SALVI-OFF-42,Vestido Salvi,Off White,42,1499.0,4,48
2025-10-13,VEST-SALVI-OFF-42,Vestido Salvi,Off White,42,1499.0,2,46
2025-10-20,VEST-SALVI-OFF-42,Vestido Salvi,Off White,42,1499.0,3,43
2025-10-27,VEST-SALVI-OFF-42,Vestido Salvi,Off White,42,1499.0,4,39
2025-11-03,VEST-SALVI-OFF-42,Vestido Salvi,Off White,42,1499.0,2,37
2025-11-10,VEST-SALVI-OFF-42,Vestido Salvi,Off White,42,1499.0,6,31
2025-11-17,VEST-SALVI-OFF-42,Vestido Salvi,Off White,42,1499.0,2,29
2025-11-24,VEST-SALVI-OFF-42,Vestido Salvi,Off White,42,1499.0,1,28
2025-12-01,VEST-SALVI-OFF-42,Vestido Salvi,Off White,42,1499.0,3,25
2025-12-08,VEST-SALVI-OFF-42,Vestido Salvi,Off White,42,1499.0,2,23
2025-12-15,VEST-SALVI-OFF-42,Vestido Salvi,Off White,42,1499.0,3,20
2025-12-22,VEST-SALVI-OFF-42,Vestido Salvi,Off White,42,1499.0,3,17
2025-12-29,VEST-SALVI-OFF-42,Vestido Salvi,Off White,42,1499.0,3,14
2026-01-05,VEST-SALVI-OFF-42,Vestido Salvi,Off White,42,1499.0,3,11
2026-01-12,VEST-SALVI-OFF-42,Vestido Salvi,Off White,42,1499.0,2,9
2026-01-19,VEST-SALVI-OFF-42,Vestido Salvi,Off White,42,1499.0,2,7
2026-01-26,VEST-SALVI-OFF-42,Vestido Salvi,Off White,42,1499.0,3,4
2026-02-02,VEST-SALVI-OFF-42,Vestido Salvi,Off White,42,1499.0,3,1
2026-02-09,VEST-SALVI-OFF-42,Vestido Salvi,Off White,42,1499.0,2,33
2026-02-16,VEST-SALVI-OFF-42,Vestido Salvi,Off White,42,1499.0,2,31
2026-02-23,VEST-SALVI-OFF-42,Vestido Salvi,Off White,42,1499.0,3,28
2026-03-02,VEST-SALVI-OFF-42,Vestido Salvi,Off White,42,1499.0,2,26
2026-03-09,VEST-SALVI-OFF-42,Vestido Salvi,Off White,42,1499.0,2,24
2026-03-16,VEST-SALVI-OFF-42,Vestido Salvi,Off White,42,1499.0,4,20
2026-03-23,VEST-SALVI-OFF-42,Vestido Salvi,Off White,42,1499.0,2,18
2026-03-30,VEST-SALVI-OFF-42,Vestido Salvi,Off White,42,1499.0,2,16
2026-04-06,VEST-SALVI-OFF-42,Vestido Salvi,Off White,42,1499.0,1,15
2026-04-13,VEST-SALVI-OFF-42,Vestido Salvi,Off White,42,1499.0,0,15
2026-04-20,VEST-SALVI-OFF-42,Vestido Salvi,Off White,42,1499.0,1,14
2026-04-27,VEST-SALVI-OFF-42,Vestido Salvi,Off White,42,1499.0,3,11
2026-05-04,VEST-SALVI-OFF-42,Vestido Salvi,Off White,42,1499.0,3,8
2026-05-11,VEST-SALVI-OFF-42,Vestido Salvi,Off White,42,1499.0,0,8
2026-05-18,VEST-SALVI-OFF-42,Vestido Salvi,Off White,42,1499.0,2,37
2026-05-25,VEST-SALVI-OFF-42,Vestido Salvi,Off White,42,1499.0,2,35
2026-06-01,VEST-SALVI-OFF-42,Vestido Salvi,Off White,42,1499.0,3,32
2026-06-08,VEST-SALVI-OFF-42,Vestido Salvi,Off White,42,1499.0,1,31
2026-06-15,VEST-SALVI-OFF-42,Vestido Salvi,Off White,42,1499.0,2,29
2026-06-22,VEST-SALVI-OFF-42,Vestido Salvi,Off White,42,1499.0,0,29
2026-06-29,VEST-SALVI-OFF-42,Vestido Salvi,Off White,42,1499.0,1,28
2026-07-06,VEST-SALVI-OFF-42,Vestido Salvi,Off White,42,1499.0,4,24
2026-07-13,VEST-SALVI-OFF-42,Vestido Salvi,Off White,42,1499.0,3,21
2026-07-20,VEST-SALVI-OFF-42,Vestido Salvi,Off White,42,1499.0,1,20
2026-07-27,VEST-SALVI-OFF-42,Vestido Salvi,Off White,42,1499.0,2,18
2026-08-03,VEST-SALVI-OFF-42,Vestido Salvi,Off White,42,1499.0,2,16
2026-08-10,VEST-SALVI-OFF-42,Vestido Salvi,Off White,42,1499.0,1,15
2026-08-17,VEST-SALVI-OFF-42,Vestido Salvi,Off White,42,1499.0,1,14
2026-08-24,VEST-SALVI-OFF-42,Vestido Salvi,Off White,42,1499.0,1,13
2025-09-01,VEST-SALVI-OFF-44,Vestido Salvi,Off White,44,1499.0,0,28
2025-09-08,VEST-SALVI-OFF-44,Vestido Salvi,Off White,44,1499.0,0,28
2025-09-15,VEST-SALVI-OFF-44,Vestido Salvi,Off White,44,1499.0,0,28
2025-09-22,VEST-SALVI-OFF-44,Vestido Salvi,Off White,44,1499.0,2,26
2025-09-29,VEST-SALVI-OFF-44,Vestido Salvi,Off White,44,1499.0,0,26
2025-10-06,VEST-SALVI-OFF-44,Vestido Salvi,Off White,44,1499.0,2,24
2025-10-13,VEST-SALVI-OFF-44,Vestido Salvi,Off White,44,1499.0,1,23
2025-10-20,VEST-SALVI-OFF-44,Vestido Salvi,Off White,44,1499.0,3,20
2025-10-27,VEST-SALVI-OFF-44,Vestido Salvi,Off White,44,1499.0,0,20
2025-11-03,VEST-SALVI-OFF-44,Vestido Salvi,Off White,44,1499.0,0,20
2025-11-10,VEST-SALVI-OFF-44,Vestido Salvi,Off White,44,1499.0,0,20
2025-11-17,VEST-SALVI-OFF-44,Vestido Salvi,Off White,44,1499.0,1,19
2025-11-24,VEST-SALVI-OFF-44,Vestido Salvi,Off White,44,1499.0,0,19
2025-12-01,VEST-SALVI-OFF-44,Vestido Salvi,Off White,44,1499.0,1,18
2025-12-08,VEST-SALVI-OFF-44,Vestido Salvi,Off White,44,1499.0,0,18
2025-12-15,VEST-SALVI-OFF-44,Vestido Salvi,Off White,44,1499.0,2,16
2025-12-22,VEST-SALVI-OFF-44,Vestido Salvi,Off White,44,1499.0,1,15
2025-12-29,VEST-SALVI-OFF-44,Vestido Salvi,Off White,44,1499.0,0,15
2026-01-05,VEST-SALVI-OFF-44,Vestido Salvi,Off White,44,1499.0,1,14
2026-01-12,VEST-SALVI-OFF-44,Vestido Salvi,Off White,44,1499.0,1,13
2026-01-19,VEST-SALVI-OFF-44,Vestido Salvi,Off White,44,1499.0,2,11
2026-01-26,VEST-SALVI-OFF-44,Vestido Salvi,Off White,44,1499.0,0,11
2026-02-02,VEST-SALVI-OFF-44,Vestido Salvi,Off White,44,1499.0,1,10
2026-02-09,VEST-SALVI-OFF-44,Vestido Salvi,Off White,44,1499.0,2,8
2026-02-16,VEST-SALVI-OFF-44,Vestido Salvi,Off White,44,1499.0,0,8
2026-02-23,VEST-SALVI-OFF-44,Vestido Salvi,Off White,44,1499.0,1,7
2026-03-02,VEST-SALVI-OFF-44,Vestido Salvi,Off White,44,1499.0,0,38
2026-03-09,VEST-SALVI-OFF-44,Vestido Salvi,Off White,44,1499.0,1,37
2026-03-16,VEST-SALVI-OFF-44,Vestido Salvi,Off White,44,1499.0,0,37
2026-03-23,VEST-SALVI-OFF-44,Vestido Salvi,Off White,44,1499.0,3,34
2026-03-30,VEST-SALVI-OFF-44,Vestido Salvi,Off White,44,1499.0,1,33
2026-04-06,VEST-SALVI-OFF-44,Vestido Salvi,Off White,44,1499.0,0,33
2026-04-13,VEST-SALVI-OFF-44,Vestido Salvi,Off White,44,1499.0,0,33
2026-04-20,VEST-SALVI-OFF-44,Vestido Salvi,Off White,44,1499.0,1,32
2026-04-27,VEST-SALVI-OFF-44,Vestido Salvi,Off White,44,1499.0,0,32
2026-05-04,VEST-SALVI-OFF-44,Vestido Salvi,Off White,44,1499.0,1,31
2026-05-11,VEST-SALVI-OFF-44,Vestido Salvi,Off White,44,1499.0,0,31
2026-05-18,VEST-SALVI-OFF-44,Vestido Salvi,Off White,44,1499.0,1,30
2026-05-25,VEST-SALVI-OFF-44,Vestido Salvi,Off White,44,1499.0,1,29
2026-06-01,VEST-SALVI-OFF-44,Vestido Salvi,Off White,44,1499.0,2,27
2026-06-08,VEST-SALVI-OFF-44,Vestido Salvi,Off White,44,1499.0,0,27
2026-06-15,VEST-SALVI-OFF-44,Vestido Salvi,Off White,44,1499.0,0,27
2026-06-22,VEST-SALVI-OFF-44,Vestido Salvi,Off White,44,1499.0,0,27
2026-06-29,VEST-SALVI-OFF-44,Vestido Salvi,Off White,44,1499.0,0,27
2026-07-06,VEST-SALVI-OFF-44,Vestido Salvi,Off White,44,1499.0,1,26
2026-07-13,VEST-SALVI-OFF-44,Vestido Salvi,Off White,44,1499.0,1,25
2026-07-20,VEST-SALVI-OFF-44,Vestido Salvi,Off White,44,1499.0,1,24
2026-07-27,VEST-SALVI-OFF-44,Vestido Salvi,Off White,44,1499.0,0,24
2026-08-03,VEST-SALVI-OFF-44,Vestido Salvi,Off White,44,1499.0,1,23
2026-08-10,VEST-SALVI-OFF-44,Vestido Salvi,Off White,44,1499.0,1,22
2026-08-17,VEST-SALVI-OFF-44,Vestido Salvi,Off White,44,1499.0,1,21
2026-08-24,VEST-SALVI-OFF-44,Vestido Salvi,Off White,44,1499.0,1,20
2025-09-01,VEST-SALVI-AZU-34,Vestido Salvi,Azul,34,1499.0,0,41
2025-09-08,VEST-SALVI-AZU-34,Vestido Salvi,Azul,34,1499.0,1,40
2025-09-15,VEST-SALVI-AZU-34,Vestido Salvi,Azul,34,1499.0,3,37
2025-09-22,VEST-SALVI-AZU-34,Vestido Salvi,Azul,34,1499.0,1,36
2025-09-29,VEST-SALVI-AZU-34,Vestido Salvi,Azul,34,1499.0,1,35
2025-10-06,VEST-SALVI-AZU-34,Vestido Salvi,Azul,34,1499.0,3,32
2025-10-13,VEST-SALVI-AZU-34,Vestido Salvi,Azul,34,1499.0,1,31
2025-10-20,VEST-SALVI-AZU-34,Vestido Salvi,Azul,34,1499.0,2,29
2025-10-27,VEST-SALVI-AZU-34,Vestido Salvi,Azul,34,1499.0,2,27
2025-11-03,VEST-SALVI-AZU-34,Vestido Salvi,Azul,34,1499.0,5,22
2025-11-10,VEST-SALVI-AZU-34,Vestido Salvi,Azul,34,1499.0,2,20
2025-11-17,VEST-SALVI-AZU-34,Vestido Salvi,Azul,34,1499.0,4,16
2025-11-24,VEST-SALVI-AZU-34,Vestido Salvi,Azul,34,1499.0,4,12
2025-12-01,VEST-SALVI-AZU-34,Vestido Salvi,Azul,34,1499.0,3,9
2025-12-08,VEST-SALVI-AZU-34,Vestido Salvi,Azul,34,1499.0,3,6
2025-12-15,VEST-SALVI-AZU-34,Vestido Salvi,Azul,34,1499.0,2,4
2025-12-22,VEST-SALVI-AZU-34,Vestido Salvi,Azul,34,1499.0,2,2
2025-12-29,VEST-SALVI-AZU-34,Vestido Salvi,Azul,34,1499.0,2,0
2026-01-05,VEST-SALVI-AZU-34,Vestido Salvi,Azul,34,1499.0,1,0
2026-01-12,VEST-SALVI-AZU-34,Vestido Salvi,Azul,34,1499.0,3,27
2026-01-19,VEST-SALVI-AZU-34,Vestido Salvi,Azul,34,1499.0,3,24
2026-01-26,VEST-SALVI-AZU-34,Vestido Salvi,Azul,34,1499.0,0,24
2026-02-02,VEST-SALVI-AZU-34,Vestido Salvi,Azul,34,1499.0,2,22
2026-02-09,VEST-SALVI-AZU-34,Vestido Salvi,Azul,34,1499.0,3,19
2026-02-16,VEST-SALVI-AZU-34,Vestido Salvi,Azul,34,1499.0,4,15
2026-02-23,VEST-SALVI-AZU-34,Vestido Salvi,Azul,34,1499.0,1,14
2026-03-02,VEST-SALVI-AZU-34,Vestido Salvi,Azul,34,1499.0,1,13
2026-03-09,VEST-SALVI-AZU-34,Vestido Salvi,Azul,34,1499.0,0,13
2026-03-16,VEST-SALVI-AZU-34,Vestido Salvi,Azul,34,1499.0,0,13
2026-03-23,VEST-SALVI-AZU-34,Vestido Salvi,Azul,34,1499.0,1,12
2026-03-30,VEST-SALVI-AZU-34,Vestido Salvi,Azul,34,1499.0,1,11
2026-04-06,VEST-SALVI-AZU-34,Vestido Salvi,Azul,34,1499.0,2,9
2026-04-13,VEST-SALVI-AZU-34,Vestido Salvi,Azul,34,1499.0,1,8
2026-04-20,VEST-SALVI-AZU-34,Vestido Salvi,Azul,34,1499.0,1,7
2026-04-27,VEST-SALVI-AZU-34,Vestido Salvi,Azul,34,1499.0,0,24
2026-05-04,VEST-SALVI-AZU-34,Vestido Salvi,Azul,34,1499.0,3,21
2026-05-11,VEST-SALVI-AZU-34,Vestido Salvi,Azul,34,1499.0,0,21
2026-05-18,VEST-SALVI-AZU-34,Vestido Salvi,Azul,34,1499.0,0,21
2026-05-25,VEST-SALVI-AZU-34,Vestido Salvi,Azul,34,1499.0,0,21
2026-06-01,VEST-SALVI-AZU-34,Vestido Salvi,Azul,34,1499.0,0,21
2026-06-08,VEST-SALVI-AZU-34,Vestido Salvi,Azul,34,1499.0,1,20
2026-06-15,VEST-SALVI-AZU-34,Vestido Salvi,Azul,34,1499.0,1,19
2026-06-22,VEST-SALVI-AZU-34,Vestido Salvi,Azul,34,1499.0,0,19
2026-06-29,VEST-SALVI-AZU-34,Vestido Salvi,Azul,34,1499.0,1,18
2026-07-06,VEST-SALVI-AZU-34,Vestido Salvi,Azul,34,1499.0,1,17
2026-07-13,VEST-SALVI-AZU-34,Vestido Salvi,Azul,34,1499.0,2,15
2026-07-20,VEST-SALVI-AZU-34,Vestido Salvi,Azul,34,1499.0,2,13
2026-07-27,VEST-SALVI-AZU-34,Vestido Salvi,Azul,34,1499.0,3,10
2026-08-03,VEST-SALVI-AZU-34,Vestido Salvi,Azul,34,1499.0,2,8
2026-08-10,VEST-SALVI-AZU-34,Vestido Salvi,Azul,34,1499.0,1,25
2026-08-17,VEST-SALVI-AZU-34,Vestido Salvi,Azul,34,1499.0,0,25
2026-08-24,VEST-SALVI-AZU-34,Vestido Salvi,Azul,34,1499.0,0,25
2025-09-01,VEST-SALVI-AZU-36,Vestido Salvi,Azul,36,1499.0,1,38
2025-09-08,VEST-SALVI-AZU-36,Vestido Salvi,Azul,36,1499.0,0,38
2025-09-15,VEST-SALVI-AZU-36,Vestido Salvi,Azul,36,1499.0,1,37
2025-09-22,VEST-SALVI-AZU-36,Vestido Salvi,Azul,36,1499.0,3,34
2025-09-29,VEST-SALVI-AZU-36,Vestido Salvi,Azul,36,1499.0,1,33
2025-10-06,VEST-SALVI-AZU-36,Vestido Salvi,Azul,36,1499.0,1,32
2025-10-13,VEST-SALVI-AZU-36,Vestido Salvi,Azul,36,1499.0,0,32
2025-10-20,VEST-SALVI-AZU-36,Vestido Salvi,Azul,36,1499.0,1,31
2025-10-27,VEST-SALVI-AZU-36,Vestido Salvi,Azul,36,1499.0,0,31
2025-11-03,VEST-SALVI-AZU-36,Vestido Salvi,Azul,36,1499.0,2,29
2025-11-10,VEST-SALVI-AZU-36,Vestido Salvi,Azul,36,1499.0,0,29
2025-11-17,VEST-SALVI-AZU-36,Vestido Salvi,Azul,36,1499.0,1,28
2025-11-24,VEST-SALVI-AZU-36,Vestido Salvi,Azul,36,1499.0,4,24
2025-12-01,VEST-SALVI-AZU-36,Vestido Salvi,Azul,36,1499.0,2,22
2025-12-08,VEST-SALVI-AZU-36,Vestido Salvi,Azul,36,1499.0,2,20
2025-12-15,VEST-SALVI-AZU-36,Vestido Salvi,Azul,36,1499.0,1,19
2025-12-22,VEST-SALVI-AZU-36,Vestido Salvi,Azul,36,1499.0,2,17
2025-12-29,VEST-SALVI-AZU-36,Vestido Salvi,Azul,36,1499.0,1,16
2026-01-05,VEST-SALVI-AZU-36,Vestido Salvi,Azul,36,1499.0,0,16
2026-01-12,VEST-SALVI-AZU-36,Vestido Salvi,Azul,36,1499.0,2,14
2026-01-19,VEST-SALVI-AZU-36,Vestido Salvi,Azul,36,1499.0,3,11
2026-01-26,VEST-SALVI-AZU-36,Vestido Salvi,Azul,36,1499.0,2,9
2026-02-02,VEST-SALVI-AZU-36,Vestido Salvi,Azul,36,1499.0,1,8
2026-02-09,VEST-SALVI-AZU-36,Vestido Salvi,Azul,36,1499.0,1,7
2026-02-16,VEST-SALVI-AZU-36,Vestido Salvi,Azul,36,1499.0,1,38
2026-02-23,VEST-SALVI-AZU-36,Vestido Salvi,Azul,36,1499.0,6,32
2026-03-02,VEST-SALVI-AZU-36,Vestido Salvi,Azul,36,1499.0,3,29
2026-03-09,VEST-SALVI-AZU-36,Vestido Salvi,Azul,36,1499.0,2,27
2026-03-16,VEST-SALVI-AZU-36,Vestido Salvi,Azul,36,1499.0,2,25
2026-03-23,VEST-SALVI-AZU-36,Vestido Salvi,Azul,36,1499.0,0,25
2026-03-30,VEST-SALVI-AZU-36,Vestido Salvi,Azul,36,1499.0,2,23
2026-04-06,VEST-SALVI-AZU-36,Vestido Salvi,Azul,36,1499.0,1,22
2026-04-13,VEST-SALVI-AZU-36,Vestido Salvi,Azul,36,1499.0,2,20
2026-04-20,VEST-SALVI-AZU-36,Vestido Salvi,Azul,36,1499.0,3,17
2026-04-27,VEST-SALVI-AZU-36,Vestido Salvi,Azul,36,1499.0,0,17
2026-05-04,VEST-SALVI-AZU-36,Vestido Salvi,Azul,36,1499.0,0,17
2026-05-11,VEST-SALVI-AZU-36,Vestido Salvi,Azul,36,1499.0,2,15
2026-05-18,VEST-SALVI-AZU-36,Vestido Salvi,Azul,36,1499.0,0,15
2026-05-25,VEST-SALVI-AZU-36,Vestido Salvi,Azul,36,1499.0,0,15
2026-06-01,VEST-SALVI-AZU-36,Vestido Salvi,Azul,36,1499.0,2,13
2026-06-08,VEST-SALVI-AZU-36,Vestido Salvi,Azul,36,1499.0,0,13
2026-06-15,VEST-SALVI-AZU-36,Vestido Salvi,Azul,36,1499.0,0,13
2026-06-22,VEST-SALVI-AZU-36,Vestido Salvi,Azul,36,1499.0,1,12
2026-06-29,VEST-SALVI-AZU-36,Vestido Salvi,Azul,36,1499.0,1,11
2026-07-06,VEST-SALVI-AZU-36,Vestido Salvi,Azul,36,1499.0,1,10
2026-07-13,VEST-SALVI-AZU-36,Vestido Salvi,Azul,36,1499.0,0,10
2026-07-20,VEST-SALVI-AZU-36,Vestido Salvi,Azul,36,1499.0,2,8
2026-07-27,VEST-SALVI-AZU-36,Vestido Salvi,Azul,36,1499.0,0,8
2026-08-03,VEST-SALVI-AZU-36,Vestido Salvi,Azul,36,1499.0,2,38
2026-08-10,VEST-SALVI-AZU-36,Vestido Salvi,Azul,36,1499.0,0,38
2026-08-17,VEST-SALVI-AZU-36,Vestido Salvi,Azul,36,1499.0,3,35
2026-08-24,VEST-SALVI-AZU-36,Vestido Salvi,Azul,36,1499.0,2,33
2025-09-01,VEST-SALVI-AZU-38,Vestido Salvi,Azul,38,1499.0,4,33
2025-09-08,VEST-SALVI-AZU-38,Vestido Salvi,Azul,38,1499.0,1,32
2025-09-15,VEST-SALVI-AZU-38,Vestido Salvi,Azul,38,1499.0,3,29
2025-09-22,VEST-SALVI-AZU-38,Vestido Salvi,Azul,38,1499.0,5,24
2025-09-29,VEST-SALVI-AZU-38,Vestido Salvi,Azul,38,1499.0,6,18
2025-10-06,VEST-SALVI-AZU-38,Vestido Salvi,Azul,38,1499.0,2,16
2025-10-13,VEST-SALVI-AZU-38,Vestido Salvi,Azul,38,1499.0,4,12
2025-10-20,VEST-SALVI-AZU-38,Vestido Salvi,Azul,38,1499.0,3,9
2025-10-27,VEST-SALVI-AZU-38,Vestido Salvi,Azul,38,1499.0,1,8
2025-11-03,VEST-SALVI-AZU-38,Vestido Salvi,Azul,38,1499.0,5,3
2025-11-10,VEST-SALVI-AZU-38,Vestido Salvi,Azul,38,1499.0,3,20
2025-11-17,VEST-SALVI-AZU-38,Vestido Salvi,Azul,38,1499.0,2,18
2025-11-24,VEST-SALVI-AZU-38,Vestido Salvi,Azul,38,1499.0,6,12
2025-12-01,VEST-SALVI-AZU-38,Vestido Salvi,Azul,38,1499.0,3,9
2025-12-08,VEST-SALVI-AZU-38,Vestido Salvi,Azul,38,1499.0,1,8
2025-12-15,VEST-SALVI-AZU-38,Vestido Salvi,Azul,38,1499.0,2,6
2025-12-22,VEST-SALVI-AZU-38,Vestido Salvi,Azul,38,1499.0,3,3
2025-12-29,VEST-SALVI-AZU-38,Vestido Salvi,Azul,38,1499.0,3,0
2026-01-05,VEST-SALVI-AZU-38,Vestido Salvi,Azul,38,1499.0,1,0
2026-01-12,VEST-SALVI-AZU-38,Vestido Salvi,Azul,38,1499.0,2,0
2026-01-19,VEST-SALVI-AZU-38,Vestido Salvi,Azul,38,1499.0,1,0
2026-01-26,VEST-SALVI-AZU-38,Vestido Salvi,Azul,38,1499.0,6,0
2026-02-02,VEST-SALVI-AZU-38,Vestido Salvi,Azul,38,1499.0,2,0
2026-02-09,VEST-SALVI-AZU-38,Vestido Salvi,Azul,38,1499.0,2,20
2026-02-16,VEST-SALVI-AZU-38,Vestido Salvi,Azul,38,1499.0,5,15
2026-02-23,VEST-SALVI-AZU-38,Vestido Salvi,Azul,38,1499.0,2,13
2026-03-02,VEST-SALVI-AZU-38,Vestido Salvi,Azul,38,1499.0,2,11
2026-03-09,VEST-SALVI-AZU-38,Vestido Salvi,Azul,38,1499.0,2,9
2026-03-16,VEST-SALVI-AZU-38,Vestido Salvi,Azul,38,1499.0,2,7
2026-03-23,VEST-SALVI-AZU-38,Vestido Salvi,Azul,38,1499.0,0,37
2026-03-30,VEST-SALVI-AZU-38,Vestido Salvi,Azul,38,1499.0,1,36
2026-04-06,VEST-SALVI-AZU-38,Vestido Salvi,Azul,38,1499.0,2,34
2026-04-13,VEST-SALVI-AZU-38,Vestido Salvi,Azul,38,1499.0,1,33
2026-04-20,VEST-SALVI-AZU-38,Vestido Salvi,Azul,38,1499.0,1,32
2026-04-27,VEST-SALVI-AZU-38,Vestido Salvi,Azul,38,1499.0,2,30
2026-05-04,VEST-SALVI-AZU-38,Vestido Salvi,Azul,38,1499.0,0,30
2026-05-11,VEST-SALVI-AZU-38,Vestido Salvi,Azul,38,1499.0,1,29
2026-05-18,VEST-SALVI-AZU-38,Vestido Salvi,Azul,38,1499.0,2,27
2026-05-25,VEST-SALVI-AZU-38,Vestido Salvi,Azul,38,1499.0,0,27
2026-06-01,VEST-SALVI-AZU-38,Vestido Salvi,Azul,38,1499.0,1,26
2026-06-08,VEST-SALVI-AZU-38,Vestido Salvi,Azul,38,1499.0,3,23
2026-06-15,VEST-SALVI-AZU-38,Vestido Salvi,Azul,38,1499.0,2,21
2026-06-22,VEST-SALVI-AZU-38,Vestido Salvi,Azul,38,1499.0,1,20
2026-06-29,VEST-SALVI-AZU-38,Vestido Salvi,Azul,38,1499.0,2,18
2026-07-06,VEST-SALVI-AZU-38,Vestido Salvi,Azul,38,1499.0,2,16
2026-07-13,VEST-SALVI-AZU-38,Vestido Salvi,Azul,38,1499.0,1,15
2026-07-20,VEST-SALVI-AZU-38,Vestido Salvi,Azul,38,1499.0,1,14
2026-07-27,VEST-SALVI-AZU-38,Vestido Salvi,Azul,38,1499.0,3,11
2026-08-03,VEST-SALVI-AZU-38,Vestido Salvi,Azul,38,1499.0,3,8
2026-08-10,VEST-SALVI-AZU-38,Vestido Salvi,Azul,38,1499.0,2,22
2026-08-17,VEST-SALVI-AZU-38,Vestido Salvi,Azul,38,1499.0,1,21
2026-08-24,VEST-SALVI-AZU-38,Vestido Salvi,Azul,38,1499.0,1,20
2025-09-01,VEST-SALVI-AZU-40,Vestido Salvi,Azul,40,1499.0,5,59
2025-09-08,VEST-SALVI-AZU-40,Vestido Salvi,Azul,40,1499.0,7,52
2025-09-15,VEST-SALVI-AZU-40,Vestido Salvi,Azul,40,1499.0,4,48
2025-09-22,VEST-SALVI-AZU-40,Vestido Salvi,Azul,40,1499.0,10,38
2025-09-29,VEST-SALVI-AZU-40,Vestido Salvi,Azul,40,1499.0,2,36
2025-10-06,VEST-SALVI-AZU-40,Vestido Salvi,Azul,40,1499.0,7,29
2025-10-13,VEST-SALVI-AZU-40,Vestido Salvi,Azul,40,1499.0,4,25
2025-10-20,VEST-SALVI-AZU-40,Vestido Salvi,Azul,40,1499.0,4,21
2025-10-27,VEST-SALVI-AZU-40,Vestido Salvi,Azul,40,1499.0,9,12
2025-11-03,VEST-SALVI-AZU-40,Vestido Salvi,Azul,40,1499.0,10,34
2025-11-10,VEST-SALVI-AZU-40,Vestido Salvi,Azul,40,1499.0,8,26
2025-11-17,VEST-SALVI-AZU-40,Vestido Salvi,Azul,40,1499.0,6,20
2025-11-24,VEST-SALVI-AZU-40,Vestido Salvi,Azul,40,1499.0,8,12
2025-12-01,VEST-SALVI-AZU-40,Vestido Salvi,Azul,40,1499.0,4,8
2025-12-08,VEST-SALVI-AZU-40,Vestido Salvi,Azul,40,1499.0,6,2
2025-12-15,VEST-SALVI-AZU-40,Vestido Salvi,Azul,40,1499.0,3,0
2025-12-22,VEST-SALVI-AZU-40,Vestido Salvi,Azul,40,1499.0,6,25
2025-12-29,VEST-SALVI-AZU-40,Vestido Salvi,Azul,40,1499.0,5,20
2026-01-05,VEST-SALVI-AZU-40,Vestido Salvi,Azul,40,1499.0,6,14
2026-01-12,VEST-SALVI-AZU-40,Vestido Salvi,Azul,40,1499.0,3,11
2026-01-19,VEST-SALVI-AZU-40,Vestido Salvi,Azul,40,1499.0,5,6
2026-01-26,VEST-SALVI-AZU-40,Vestido Salvi,Azul,40,1499.0,8,0
2026-02-02,VEST-SALVI-AZU-40,Vestido Salvi,Azul,40,1499.0,5,26
2026-02-09,VEST-SALVI-AZU-40,Vestido Salvi,Azul,40,1499.0,7,19
2026-02-16,VEST-SALVI-AZU-40,Vestido Salvi,Azul,40,1499.0,3,16
2026-02-23,VEST-SALVI-AZU-40,Vestido Salvi,Azul,40,1499.0,2,14
2026-03-02,VEST-SALVI-AZU-40,Vestido Salvi,Azul,40,1499.0,5,9
2026-03-09,VEST-SALVI-AZU-40,Vestido Salvi,Azul,40,1499.0,6,3
2026-03-16,VEST-SALVI-AZU-40,Vestido Salvi,Azul,40,1499.0,2,1
2026-03-23,VEST-SALVI-AZU-40,Vestido Salvi,Azul,40,1499.0,1,0
2026-03-30,VEST-SALVI-AZU-40,Vestido Salvi,Azul,40,1499.0,6,0
2026-04-06,VEST-SALVI-AZU-40,Vestido Salvi,Azul,40,1499.0,7,0
2026-04-13,VEST-SALVI-AZU-40,Vestido Salvi,Azul,40,1499.0,4,16
2026-04-20,VEST-SALVI-AZU-40,Vestido Salvi,Azul,40,1499.0,4,12
2026-04-27,VEST-SALVI-AZU-40,Vestido Salvi,Azul,40,1499.0,3,9
2026-05-04,VEST-SALVI-AZU-40,Vestido Salvi,Azul,40,1499.0,2,34
2026-05-11,VEST-SALVI-AZU-40,Vestido Salvi,Azul,40,1499.0,6,28
2026-05-18,VEST-SALVI-AZU-40,Vestido Salvi,Azul,40,1499.0,4,24
2026-05-25,VEST-SALVI-AZU-40,Vestido Salvi,Azul,40,1499.0,2,22
2026-06-01,VEST-SALVI-AZU-40,Vestido Salvi,Azul,40,1499.0,3,19
2026-06-08,VEST-SALVI-AZU-40,Vestido Salvi,Azul,40,1499.0,8,11
2026-06-15,VEST-SALVI-AZU-40,Vestido Salvi,Azul,40,1499.0,3,8
2026-06-22,VEST-SALVI-AZU-40,Vestido Salvi,Azul,40,1499.0,3,5
2026-06-29,VEST-SALVI-AZU-40,Vestido Salvi,Azul,40,1499.0,5,0
2026-07-06,VEST-SALVI-AZU-40,Vestido Salvi,Azul,40,1499.0,3,0
2026-07-13,VEST-SALVI-AZU-40,Vestido Salvi,Azul,40,1499.0,2,0
2026-07-20,VEST-SALVI-AZU-40,Vestido Salvi,Azul,40,1499.0,3,0
2026-07-27,VEST-SALVI-AZU-40,Vestido Salvi,Azul,40,1499.0,5,13
2026-08-03,VEST-SALVI-AZU-40,Vestido Salvi,Azul,40,1499.0,5,8
2026-08-10,VEST-SALVI-AZU-40,Vestido Salvi,Azul,40,1499.0,3,5
2026-08-17,VEST-SALVI-AZU-40,Vestido Salvi,Azul,40,1499.0,4,27
2026-08-24,VEST-SALVI-AZU-40,Vestido Salvi,Azul,40,1499.0,4,23
2025-09-01,VEST-SALVI-AZU-42,Vestido Salvi,Azul,42,1499.0,3,41
2025-09-08,VEST-SALVI-AZU-42,Vestido Salvi,Azul,42,1499.0,4,37
2025-09-15,VEST-SALVI-AZU-42,Vestido Salvi,Azul,42,1499.0,2,35
2025-09-22,VEST-SALVI-AZU-42,Vestido Salvi,Azul,42,1499.0,7,28
2025-09-29,VEST-SALVI-AZU-42,Vestido Salvi,Azul,42,1499.0,3,25
2025-10-06,VEST-SALVI-AZU-42,Vestido Salvi,Azul,42,1499.0,5,20
2025-10-13,VEST-SALVI-AZU-42,Vestido Salvi,Azul,42,1499.0,5,15
2025-10-20,VEST-SALVI-AZU-42,Vestido Salvi,Azul,42,1499.0,5,10
2025-10-27,VEST-SALVI-AZU-42,Vestido Salvi,Azul,42,1499.0,4,6
2025-11-03,VEST-SALVI-AZU-42,Vestido Salvi,Azul,42,1499.0,3,32
2025-11-10,VEST-SALVI-AZU-42,Vestido Salvi,Azul,42,1499.0,7,25
2025-11-17,VEST-SALVI-AZU-42,Vestido Salvi,Azul,42,1499.0,9,16
2025-11-24,VEST-SALVI-AZU-42,Vestido Salvi,Azul,42,1499.0,7,9
2025-12-01,VEST-SALVI-AZU-42,Vestido Salvi,Azul,42,1499.0,6,3
2025-12-08,VEST-SALVI-AZU-42,Vestido Salvi,Azul,42,1499.0,6,30
2025-12-15,VEST-SALVI-AZU-42,Vestido Salvi,Azul,42,1499.0,6,24
2025-12-22,VEST-SALVI-AZU-42,Vestido Salvi,Azul,42,1499.0,4,20
2025-12-29,VEST-SALVI-AZU-42,Vestido Salvi,Azul,42,1499.0,3,17
2026-01-05,VEST-SALVI-AZU-42,Vestido Salvi,Azul,42,1499.0,8,9
2026-01-12,VEST-SALVI-AZU-42,Vestido Salvi,Azul,42,1499.0,6,15
2026-01-19,VEST-SALVI-AZU-42,Vestido Salvi,Azul,42,1499.0,6,9
2026-01-26,VEST-SALVI-AZU-42,Vestido Salvi,Azul,42,1499.0,8,1
2026-02-02,VEST-SALVI-AZU-42,Vestido Salvi,Azul,42,1499.0,6,27
2026-02-09,VEST-SALVI-AZU-42,Vestido Salvi,Azul,42,1499.0,7,20
2026-02-16,VEST-SALVI-AZU-42,Vestido Salvi,Azul,42,1499.0,2,18
2026-02-23,VEST-SALVI-AZU-42,Vestido Salvi,Azul,42,1499.0,10,8
2026-03-02,VEST-SALVI-AZU-42,Vestido Salvi,Azul,42,1499.0,3,5
2026-03-09,VEST-SALVI-AZU-42,Vestido Salvi,Azul,42,1499.0,1,4
2026-03-16,VEST-SALVI-AZU-42,Vestido Salvi,Azul,42,1499.0,5,29
2026-03-23,VEST-SALVI-AZU-42,Vestido Salvi,Azul,42,1499.0,4,25
2026-03-30,VEST-SALVI-AZU-42,Vestido Salvi,Azul,42,1499.0,5,20
2026-04-06,VEST-SALVI-AZU-42,Vestido Salvi,Azul,42,1499.0,1,19
2026-04-13,VEST-SALVI-AZU-42,Vestido Salvi,Azul,42,1499.0,5,14
2026-04-20,VEST-SALVI-AZU-42,Vestido Salvi,Azul,42,1499.0,2,12
2026-04-27,VEST-SALVI-AZU-42,Vestido Salvi,Azul,42,1499.0,3,9
2026-05-04,VEST-SALVI-AZU-42,Vestido Salvi,Azul,42,1499.0,2,36
2026-05-11,VEST-SALVI-AZU-42,Vestido Salvi,Azul,42,1499.0,4,32
2026-05-18,VEST-SALVI-AZU-42,Vestido Salvi,Azul,42,1499.0,2,30
2026-05-25,VEST-SALVI-AZU-42,Vestido Salvi,Azul,42,1499.0,0,30
2026-06-01,VEST-SALVI-AZU-42,Vestido Salvi,Azul,42,1499.0,2,28
2026-06-08,VEST-SALVI-AZU-42,Vestido Salvi,Azul,42,1499.0,3,25
2026-06-15,VEST-SALVI-AZU-42,Vestido Salvi,Azul,42,1499.0,2,23
2026-06-22,VEST-SALVI-AZU-42,Vestido Salvi,Azul,42,1499.0,4,19
2026-06-29,VEST-SALVI-AZU-42,Vestido Salvi,Azul,42,1499.0,3,16
2026-07-06,VEST-SALVI-AZU-42,Vestido Salvi,Azul,42,1499.0,6,10
2026-07-13,VEST-SALVI-AZU-42,Vestido Salvi,Azul,42,1499.0,2,8
2026-07-20,VEST-SALVI-AZU-42,Vestido Salvi,Azul,42,1499.0,5,27
2026-07-27,VEST-SALVI-AZU-42,Vestido Salvi,Azul,42,1499.0,0,27
2026-08-03,VEST-SALVI-AZU-42,Vestido Salvi,Azul,42,1499.0,2,25
2026-08-10,VEST-SALVI-AZU-42,Vestido Salvi,Azul,42,1499.0,2,23
2026-08-17,VEST-SALVI-AZU-42,Vestido Salvi,Azul,42,1499.0,1,22
2026-08-24,VEST-SALVI-AZU-42,Vestido Salvi,Azul,42,1499.0,4,18
2025-09-01,VEST-SALVI-AZU-44,Vestido Salvi,Azul,44,1499.0,1,57
2025-09-08,VEST-SALVI-AZU-44,Vestido Salvi,Azul,44,1499.0,2,55
2025-09-15,VEST-SALVI-AZU-44,Vestido Salvi,Azul,44,1499.0,1,54
2025-09-22,VEST-SALVI-AZU-44,Vestido Salvi,Azul,44,1499.0,1,53
2025-09-29,VEST-SALVI-AZU-44,Vestido Salvi,Azul,44,1499.0,4,49
2025-10-06,VEST-SALVI-AZU-44,Vestido Salvi,Azul,44,1499.0,5,44
2025-10-13,VEST-SALVI-AZU-44,Vestido Salvi,Azul,44,1499.0,1,43
2025-10-20,VEST-SALVI-AZU-44,Vestido Salvi,Azul,44,1499.0,1,42
2025-10-27,VEST-SALVI-AZU-44,Vestido Salvi,Azul,44,1499.0,0,42
2025-11-03,VEST-SALVI-AZU-44,Vestido Salvi,Azul,44,1499.0,6,36
2025-11-10,VEST-SALVI-AZU-44,Vestido Salvi,Azul,44,1499.0,5,31
2025-11-17,VEST-SALVI-AZU-44,Vestido Salvi,Azul,44,1499.0,4,27
2025-11-24,VEST-SALVI-AZU-44,Vestido Salvi,Azul,44,1499.0,3,24
2025-12-01,VEST-SALVI-AZU-44,Vestido Salvi,Azul,44,1499.0,4,20
2025-12-08,VEST-SALVI-AZU-44,Vestido Salvi,Azul,44,1499.0,5,15
2025-12-15,VEST-SALVI-AZU-44,Vestido Salvi,Azul,44,1499.0,2,13
2025-12-22,VEST-SALVI-AZU-44,Vestido Salvi,Azul,44,1499.0,2,11
2025-12-29,VEST-SALVI-AZU-44,Vestido Salvi,Azul,44,1499.0,5,37
2026-01-05,VEST-SALVI-AZU-44,Vestido Salvi,Azul,44,1499.0,2,35
2026-01-12,VEST-SALVI-AZU-44,Vestido Salvi,Azul,44,1499.0,1,34
2026-01-19,VEST-SALVI-AZU-44,Vestido Salvi,Azul,44,1499.0,3,31
2026-01-26,VEST-SALVI-AZU-44,Vestido Salvi,Azul,44,1499.0,2,29
2026-02-02,VEST-SALVI-AZU-44,Vestido Salvi,Azul,44,1499.0,2,27
2026-02-09,VEST-SALVI-AZU-44,Vestido Salvi,Azul,44,1499.0,2,25
2026-02-16,VEST-SALVI-AZU-44,Vestido Salvi,Azul,44,1499.0,1,24
2026-02-23,VEST-SALVI-AZU-44,Vestido Salvi,Azul,44,1499.0,2,22
2026-03-02,VEST-SALVI-AZU-44,Vestido Salvi,Azul,44,1499.0,4,18
2026-03-09,VEST-SALVI-AZU-44,Vestido Salvi,Azul,44,1499.0,1,17
2026-03-16,VEST-SALVI-AZU-44,Vestido Salvi,Azul,44,1499.0,3,14
2026-03-23,VEST-SALVI-AZU-44,Vestido Salvi,Azul,44,1499.0,1,13
2026-03-30,VEST-SALVI-AZU-44,Vestido Salvi,Azul,44,1499.0,0,13
2026-04-06,VEST-SALVI-AZU-44,Vestido Salvi,Azul,44,1499.0,1,12
2026-04-13,VEST-SALVI-AZU-44,Vestido Salvi,Azul,44,1499.0,0,12
2026-04-20,VEST-SALVI-AZU-44,Vestido Salvi,Azul,44,1499.0,4,8
2026-04-27,VEST-SALVI-AZU-44,Vestido Salvi,Azul,44,1499.0,0,8
2026-05-04,VEST-SALVI-AZU-44,Vestido Salvi,Azul,44,1499.0,1,7
2026-05-11,VEST-SALVI-AZU-44,Vestido Salvi,Azul,44,1499.0,2,5
2026-05-18,VEST-SALVI-AZU-44,Vestido Salvi,Azul,44,1499.0,1,31
2026-05-25,VEST-SALVI-AZU-44,Vestido Salvi,Azul,44,1499.0,0,31
2026-06-01,VEST-SALVI-AZU-44,Vestido Salvi,Azul,44,1499.0,3,28
2026-06-08,VEST-SALVI-AZU-44,Vestido Salvi,Azul,44,1499.0,1,27
2026-06-15,VEST-SALVI-AZU-44,Vestido Salvi,Azul,44,1499.0,0,27
2026-06-22,VEST-SALVI-AZU-44,Vestido Salvi,Azul,44,1499.0,1,26
2026-06-29,VEST-SALVI-AZU-44,Vestido Salvi,Azul,44,1499.0,1,25
2026-07-06,VEST-SALVI-AZU-44,Vestido Salvi,Azul,44,1499.0,0,25
2026-07-13,VEST-SALVI-AZU-44,Vestido Salvi,Azul,44,1499.0,1,24
2026-07-20,VEST-SALVI-AZU-44,Vestido Salvi,Azul,44,1499.0,2,22
2026-07-27,VEST-SALVI-AZU-44,Vestido Salvi,Azul,44,1499.0,2,20
2026-08-03,VEST-SALVI-AZU-44,Vestido Salvi,Azul,44,1499.0,0,20
2026-08-10,VEST-SALVI-AZU-44,Vestido Salvi,Azul,44,1499.0,4,16
2026-08-17,VEST-SALVI-AZU-44,Vestido Salvi,Azul,44,1499.0,5,11
2026-08-24,VEST-SALVI-AZU-44,Vestido Salvi,Azul,44,1499.0,3,8
2025-09-01,VEST-FONT-PRE-34,Vestido Fontaine,Preto,34,1699.0,7,49
2025-09-08,VEST-FONT-PRE-34,Vestido Fontaine,Preto,34,1699.0,11,38
2025-09-15,VEST-FONT-PRE-34,Vestido Fontaine,Preto,34,1699.0,8,30
2025-09-22,VEST-FONT-PRE-34,Vestido Fontaine,Preto,34,1699.0,13,17
2025-09-29,VEST-FONT-PRE-34,Vestido Fontaine,Preto,34,1699.0,15,18
2025-10-06,VEST-FONT-PRE-34,Vestido Fontaine,Preto,34,1699.0,10,8
2025-10-13,VEST-FONT-PRE-34,Vestido Fontaine,Preto,34,1699.0,12,0
2025-10-20,VEST-FONT-PRE-34,Vestido Fontaine,Preto,34,1699.0,7,0
2025-10-27,VEST-FONT-PRE-34,Vestido Fontaine,Preto,34,1699.0,7,0
2025-11-03,VEST-FONT-PRE-34,Vestido Fontaine,Preto,34,1699.0,6,0
2025-11-10,VEST-FONT-PRE-34,Vestido Fontaine,Preto,34,1699.0,12,18
2025-11-17,VEST-FONT-PRE-34,Vestido Fontaine,Preto,34,1699.0,9,9
2025-11-24,VEST-FONT-PRE-34,Vestido Fontaine,Preto,34,1699.0,14,0
2025-12-01,VEST-FONT-PRE-34,Vestido Fontaine,Preto,34,1699.0,14,0
2025-12-08,VEST-FONT-PRE-34,Vestido Fontaine,Preto,34,1699.0,9,14
2025-12-15,VEST-FONT-PRE-34,Vestido Fontaine,Preto,34,1699.0,13,1
2025-12-22,VEST-FONT-PRE-34,Vestido Fontaine,Preto,34,1699.0,10,0
2025-12-29,VEST-FONT-PRE-34,Vestido Fontaine,Preto,34,1699.0,7,0
2026-01-05,VEST-FONT-PRE-34,Vestido Fontaine,Preto,34,1699.0,8,0
2026-01-12,VEST-FONT-PRE-34,Vestido Fontaine,Preto,34,1699.0,4,0
2026-01-19,VEST-FONT-PRE-34,Vestido Fontaine,Preto,34,1699.0,6,0
2026-01-26,VEST-FONT-PRE-34,Vestido Fontaine,Preto,34,1699.0,9,0
2026-02-02,VEST-FONT-PRE-34,Vestido Fontaine,Preto,34,1699.0,6,0
2026-02-09,VEST-FONT-PRE-34,Vestido Fontaine,Preto,34,1699.0,9,0
2026-02-16,VEST-FONT-PRE-34,Vestido Fontaine,Preto,34,1699.0,15,12
2026-02-23,VEST-FONT-PRE-34,Vestido Fontaine,Preto,34,1699.0,10,2
2026-03-02,VEST-FONT-PRE-34,Vestido Fontaine,Preto,34,1699.0,2,34
2026-03-09,VEST-FONT-PRE-34,Vestido Fontaine,Preto,34,1699.0,5,29
2026-03-16,VEST-FONT-PRE-34,Vestido Fontaine,Preto,34,1699.0,6,23
2026-03-23,VEST-FONT-PRE-34,Vestido Fontaine,Preto,34,1699.0,5,18
2026-03-30,VEST-FONT-PRE-34,Vestido Fontaine,Preto,34,1699.0,4,14
2026-04-06,VEST-FONT-PRE-34,Vestido Fontaine,Preto,34,1699.0,6,8
2026-04-13,VEST-FONT-PRE-34,Vestido Fontaine,Preto,34,1699.0,5,3
2026-04-20,VEST-FONT-PRE-34,Vestido Fontaine,Preto,34,1699.0,3,18
2026-04-27,VEST-FONT-PRE-34,Vestido Fontaine,Preto,34,1699.0,11,19
2026-05-04,VEST-FONT-PRE-34,Vestido Fontaine,Preto,34,1699.0,7,12
2026-05-11,VEST-FONT-PRE-34,Vestido Fontaine,Preto,34,1699.0,6,6
2026-05-18,VEST-FONT-PRE-34,Vestido Fontaine,Preto,34,1699.0,5,1
2026-05-25,VEST-FONT-PRE-34,Vestido Fontaine,Preto,34,1699.0,6,16
2026-06-01,VEST-FONT-PRE-34,Vestido Fontaine,Preto,34,1699.0,4,12
2026-06-08,VEST-FONT-PRE-34,Vestido Fontaine,Preto,34,1699.0,5,7
2026-06-15,VEST-FONT-PRE-34,Vestido Fontaine,Preto,34,1699.0,4,35
2026-06-22,VEST-FONT-PRE-34,Vestido Fontaine,Preto,34,1699.0,9,26
2026-06-29,VEST-FONT-PRE-34,Vestido Fontaine,Preto,34,1699.0,4,22
2026-07-06,VEST-FONT-PRE-34,Vestido Fontaine,Preto,34,1699.0,3,19
2026-07-13,VEST-FONT-PRE-34,Vestido Fontaine,Preto,34,1699.0,6,13
2026-07-20,VEST-FONT-PRE-34,Vestido Fontaine,Preto,34,1699.0,5,8
2026-07-27,VEST-FONT-PRE-34,Vestido Fontaine,Preto,34,1699.0,1,27
2026-08-03,VEST-FONT-PRE-34,Vestido Fontaine,Preto,34,1699.0,4,23
2026-08-10,VEST-FONT-PRE-34,Vestido Fontaine,Preto,34,1699.0,8,15
2026-08-17,VEST-FONT-PRE-34,Vestido Fontaine,Preto,34,1699.0,11,4
2026-08-24,VEST-FONT-PRE-34,Vestido Fontaine,Preto,34,1699.0,9,0
2025-09-01,VEST-FONT-PRE-36,Vestido Fontaine,Preto,36,1699.0,11,35
2025-09-08,VEST-FONT-PRE-36,Vestido Fontaine,Preto,36,1699.0,10,25
2025-09-15,VEST-FONT-PRE-36,Vestido Fontaine,Preto,36,1699.0,5,20
2025-09-22,VEST-FONT-PRE-36,Vestido Fontaine,Preto,36,1699.0,8,12
2025-09-29,VEST-FONT-PRE-36,Vestido Fontaine,Preto,36,1699.0,8,4
2025-10-06,VEST-FONT-PRE-36,Vestido Fontaine,Preto,36,1699.0,9,0
2025-10-13,VEST-FONT-PRE-36,Vestido Fontaine,Preto,36,1699.0,8,12
2025-10-20,VEST-FONT-PRE-36,Vestido Fontaine,Preto,36,1699.0,6,25
2025-10-27,VEST-FONT-PRE-36,Vestido Fontaine,Preto,36,1699.0,9,16
2025-11-03,VEST-FONT-PRE-36,Vestido Fontaine,Preto,36,1699.0,5,11
2025-11-10,VEST-FONT-PRE-36,Vestido Fontaine,Preto,36,1699.0,11,29
2025-11-17,VEST-FONT-PRE-36,Vestido Fontaine,Preto,36,1699.0,4,25
2025-11-24,VEST-FONT-PRE-36,Vestido Fontaine,Preto,36,1699.0,18,23
2025-12-01,VEST-FONT-PRE-36,Vestido Fontaine,Preto,36,1699.0,11,12
2025-12-08,VEST-FONT-PRE-36,Vestido Fontaine,Preto,36,1699.0,12,0
2025-12-15,VEST-FONT-PRE-36,Vestido Fontaine,Preto,36,1699.0,15,29
2025-12-22,VEST-FONT-PRE-36,Vestido Fontaine,Preto,36,1699.0,8,21
2025-12-29,VEST-FONT-PRE-36,Vestido Fontaine,Preto,36,1699.0,10,11
2026-01-05,VEST-FONT-PRE-36,Vestido Fontaine,Preto,36,1699.0,5,31
2026-01-12,VEST-FONT-PRE-36,Vestido Fontaine,Preto,36,1699.0,15,16
2026-01-19,VEST-FONT-PRE-36,Vestido Fontaine,Preto,36,1699.0,2,14
2026-01-26,VEST-FONT-PRE-36,Vestido Fontaine,Preto,36,1699.0,3,11
2026-02-02,VEST-FONT-PRE-36,Vestido Fontaine,Preto,36,1699.0,5,6
2026-02-09,VEST-FONT-PRE-36,Vestido Fontaine,Preto,36,1699.0,9,25
2026-02-16,VEST-FONT-PRE-36,Vestido Fontaine,Preto,36,1699.0,4,21
2026-02-23,VEST-FONT-PRE-36,Vestido Fontaine,Preto,36,1699.0,9,12
2026-03-02,VEST-FONT-PRE-36,Vestido Fontaine,Preto,36,1699.0,7,5
2026-03-09,VEST-FONT-PRE-36,Vestido Fontaine,Preto,36,1699.0,5,17
2026-03-16,VEST-FONT-PRE-36,Vestido Fontaine,Preto,36,1699.0,7,10
2026-03-23,VEST-FONT-PRE-36,Vestido Fontaine,Preto,36,1699.0,5,5
2026-03-30,VEST-FONT-PRE-36,Vestido Fontaine,Preto,36,1699.0,8,14
2026-04-06,VEST-FONT-PRE-36,Vestido Fontaine,Preto,36,1699.0,7,23
2026-04-13,VEST-FONT-PRE-36,Vestido Fontaine,Preto,36,1699.0,1,22
2026-04-20,VEST-FONT-PRE-36,Vestido Fontaine,Preto,36,1699.0,3,19
2026-04-27,VEST-FONT-PRE-36,Vestido Fontaine,Preto,36,1699.0,2,17
2026-05-04,VEST-FONT-PRE-36,Vestido Fontaine,Preto,36,1699.0,5,12
2026-05-11,VEST-FONT-PRE-36,Vestido Fontaine,Preto,36,1699.0,7,23
2026-05-18,VEST-FONT-PRE-36,Vestido Fontaine,Preto,36,1699.0,6,17
2026-05-25,VEST-FONT-PRE-36,Vestido Fontaine,Preto,36,1699.0,4,13
2026-06-01,VEST-FONT-PRE-36,Vestido Fontaine,Preto,36,1699.0,3,10
2026-06-08,VEST-FONT-PRE-36,Vestido Fontaine,Preto,36,1699.0,4,6
2026-06-15,VEST-FONT-PRE-36,Vestido Fontaine,Preto,36,1699.0,10,0
2026-06-22,VEST-FONT-PRE-36,Vestido Fontaine,Preto,36,1699.0,4,0
2026-06-29,VEST-FONT-PRE-36,Vestido Fontaine,Preto,36,1699.0,6,0
2026-07-06,VEST-FONT-PRE-36,Vestido Fontaine,Preto,36,1699.0,4,33
2026-07-13,VEST-FONT-PRE-36,Vestido Fontaine,Preto,36,1699.0,6,27
2026-07-20,VEST-FONT-PRE-36,Vestido Fontaine,Preto,36,1699.0,2,25
2026-07-27,VEST-FONT-PRE-36,Vestido Fontaine,Preto,36,1699.0,4,21
2026-08-03,VEST-FONT-PRE-36,Vestido Fontaine,Preto,36,1699.0,8,13
2026-08-10,VEST-FONT-PRE-36,Vestido Fontaine,Preto,36,1699.0,1,12
2026-08-17,VEST-FONT-PRE-36,Vestido Fontaine,Preto,36,1699.0,5,7
2026-08-24,VEST-FONT-PRE-36,Vestido Fontaine,Preto,36,1699.0,8,17
2025-09-01,VEST-FONT-PRE-38,Vestido Fontaine,Preto,38,1699.0,3,25
2025-09-08,VEST-FONT-PRE-38,Vestido Fontaine,Preto,38,1699.0,0,25
2025-09-15,VEST-FONT-PRE-38,Vestido Fontaine,Preto,38,1699.0,3,22
2025-09-22,VEST-FONT-PRE-38,Vestido Fontaine,Preto,38,1699.0,2,20
2025-09-29,VEST-FONT-PRE-38,Vestido Fontaine,Preto,38,1699.0,7,13
2025-10-06,VEST-FONT-PRE-38,Vestido Fontaine,Preto,38,1699.0,8,5
2025-10-13,VEST-FONT-PRE-38,Vestido Fontaine,Preto,38,1699.0,3,2
2025-10-20,VEST-FONT-PRE-38,Vestido Fontaine,Preto,38,1699.0,6,0
2025-10-27,VEST-FONT-PRE-38,Vestido Fontaine,Preto,38,1699.0,2,0
2025-11-03,VEST-FONT-PRE-38,Vestido Fontaine,Preto,38,1699.0,3,31
2025-11-10,VEST-FONT-PRE-38,Vestido Fontaine,Preto,38,1699.0,6,25
2025-11-17,VEST-FONT-PRE-38,Vestido Fontaine,Preto,38,1699.0,5,20
2025-11-24,VEST-FONT-PRE-38,Vestido Fontaine,Preto,38,1699.0,4,16
2025-12-01,VEST-FONT-PRE-38,Vestido Fontaine,Preto,38,1699.0,4,12
2025-12-08,VEST-FONT-PRE-38,Vestido Fontaine,Preto,38,1699.0,8,4
2025-12-15,VEST-FONT-PRE-38,Vestido Fontaine,Preto,38,1699.0,3,1
2025-12-22,VEST-FONT-PRE-38,Vestido Fontaine,Preto,38,1699.0,6,28
2025-12-29,VEST-FONT-PRE-38,Vestido Fontaine,Preto,38,1699.0,3,25
2026-01-05,VEST-FONT-PRE-38,Vestido Fontaine,Preto,38,1699.0,5,20
2026-01-12,VEST-FONT-PRE-38,Vestido Fontaine,Preto,38,1699.0,7,13
2026-01-19,VEST-FONT-PRE-38,Vestido Fontaine,Preto,38,1699.0,4,9
2026-01-26,VEST-FONT-PRE-38,Vestido Fontaine,Preto,38,1699.0,4,18
2026-02-02,VEST-FONT-PRE-38,Vestido Fontaine,Preto,38,1699.0,4,14
2026-02-09,VEST-FONT-PRE-38,Vestido Fontaine,Preto,38,1699.0,3,11
2026-02-16,VEST-FONT-PRE-38,Vestido Fontaine,Preto,38,1699.0,5,18
2026-02-23,VEST-FONT-PRE-38,Vestido Fontaine,Preto,38,1699.0,8,10
2026-03-02,VEST-FONT-PRE-38,Vestido Fontaine,Preto,38,1699.0,2,8
2026-03-09,VEST-FONT-PRE-38,Vestido Fontaine,Preto,38,1699.0,4,21
2026-03-16,VEST-FONT-PRE-38,Vestido Fontaine,Preto,38,1699.0,2,19
2026-03-23,VEST-FONT-PRE-38,Vestido Fontaine,Preto,38,1699.0,2,17
2026-03-30,VEST-FONT-PRE-38,Vestido Fontaine,Preto,38,1699.0,4,13
2026-04-06,VEST-FONT-PRE-38,Vestido Fontaine,Preto,38,1699.0,4,9
2026-04-13,VEST-FONT-PRE-38,Vestido Fontaine,Preto,38,1699.0,3,6
2026-04-20,VEST-FONT-PRE-38,Vestido Fontaine,Preto,38,1699.0,2,4
2026-04-27,VEST-FONT-PRE-38,Vestido Fontaine,Preto,38,1699.0,1,3
2026-05-04,VEST-FONT-PRE-38,Vestido Fontaine,Preto,38,1699.0,4,30
2026-05-11,VEST-FONT-PRE-38,Vestido Fontaine,Preto,38,1699.0,1,29
2026-05-18,VEST-FONT-PRE-38,Vestido Fontaine,Preto,38,1699.0,3,26
2026-05-25,VEST-FONT-PRE-38,Vestido Fontaine,Preto,38,1699.0,2,24
2026-06-01,VEST-FONT-PRE-38,Vestido Fontaine,Preto,38,1699.0,4,20
2026-06-08,VEST-FONT-PRE-38,Vestido Fontaine,Preto,38,1699.0,0,20
2026-06-15,VEST-FONT-PRE-38,Vestido Fontaine,Preto,38,1699.0,1,19
2026-06-22,VEST-FONT-PRE-38,Vestido Fontaine,Preto,38,1699.0,1,18
2026-06-29,VEST-FONT-PRE-38,Vestido Fontaine,Preto,38,1699.0,4,14
2026-07-06,VEST-FONT-PRE-38,Vestido Fontaine,Preto,38,1699.0,0,14
2026-07-13,VEST-FONT-PRE-38,Vestido Fontaine,Preto,38,1699.0,3,11
2026-07-20,VEST-FONT-PRE-38,Vestido Fontaine,Preto,38,1699.0,2,9
2026-07-27,VEST-FONT-PRE-38,Vestido Fontaine,Preto,38,1699.0,6,3
2026-08-03,VEST-FONT-PRE-38,Vestido Fontaine,Preto,38,1699.0,2,1
2026-08-10,VEST-FONT-PRE-38,Vestido Fontaine,Preto,38,1699.0,1,12
2026-08-17,VEST-FONT-PRE-38,Vestido Fontaine,Preto,38,1699.0,4,8
2026-08-24,VEST-FONT-PRE-38,Vestido Fontaine,Preto,38,1699.0,4,4
2025-09-01,VEST-FONT-PRE-40,Vestido Fontaine,Preto,40,1699.0,11,15
2025-09-08,VEST-FONT-PRE-40,Vestido Fontaine,Preto,40,1699.0,9,37
2025-09-15,VEST-FONT-PRE-40,Vestido Fontaine,Preto,40,1699.0,7,30
2025-09-22,VEST-FONT-PRE-40,Vestido Fontaine,Preto,40,1699.0,14,16
2025-09-29,VEST-FONT-PRE-40,Vestido Fontaine,Preto,40,1699.0,17,12
2025-10-06,VEST-FONT-PRE-40,Vestido Fontaine,Preto,40,1699.0,12,13
2025-10-13,VEST-FONT-PRE-40,Vestido Fontaine,Preto,40,1699.0,15,0
2025-10-20,VEST-FONT-PRE-40,Vestido Fontaine,Preto,40,1699.0,13,0
2025-10-27,VEST-FONT-PRE-40,Vestido Fontaine,Preto,40,1699.0,18,0
2025-11-03,VEST-FONT-PRE-40,Vestido Fontaine,Preto,40,1699.0,15,23
2025-11-10,VEST-FONT-PRE-40,Vestido Fontaine,Preto,40,1699.0,16,7
2025-11-17,VEST-FONT-PRE-40,Vestido Fontaine,Preto,40,1699.0,12,24
2025-11-24,VEST-FONT-PRE-40,Vestido Fontaine,Preto,40,1699.0,13,11
2025-12-01,VEST-FONT-PRE-40,Vestido Fontaine,Preto,40,1699.0,10,1
2025-12-08,VEST-FONT-PRE-40,Vestido Fontaine,Preto,40,1699.0,17,20
2025-12-15,VEST-FONT-PRE-40,Vestido Fontaine,Preto,40,1699.0,8,12
2025-12-22,VEST-FONT-PRE-40,Vestido Fontaine,Preto,40,1699.0,12,28
2025-12-29,VEST-FONT-PRE-40,Vestido Fontaine,Preto,40,1699.0,14,14
2026-01-05,VEST-FONT-PRE-40,Vestido Fontaine,Preto,40,1699.0,8,6
2026-01-12,VEST-FONT-PRE-40,Vestido Fontaine,Preto,40,1699.0,12,0
2026-01-19,VEST-FONT-PRE-40,Vestido Fontaine,Preto,40,1699.0,13,0
2026-01-26,VEST-FONT-PRE-40,Vestido Fontaine,Preto,40,1699.0,5,34
2026-02-02,VEST-FONT-PRE-40,Vestido Fontaine,Preto,40,1699.0,17,17
2026-02-09,VEST-FONT-PRE-40,Vestido Fontaine,Preto,40,1699.0,9,8
2026-02-16,VEST-FONT-PRE-40,Vestido Fontaine,Preto,40,1699.0,9,0
2026-02-23,VEST-FONT-PRE-40,Vestido Fontaine,Preto,40,1699.0,9,0
2026-03-02,VEST-FONT-PRE-40,Vestido Fontaine,Preto,40,1699.0,5,33
2026-03-09,VEST-FONT-PRE-40,Vestido Fontaine,Preto,40,1699.0,4,29
2026-03-16,VEST-FONT-PRE-40,Vestido Fontaine,Preto,40,1699.0,15,14
2026-03-23,VEST-FONT-PRE-40,Vestido Fontaine,Preto,40,1699.0,16,0
2026-03-30,VEST-FONT-PRE-40,Vestido Fontaine,Preto,40,1699.0,9,34
2026-04-06,VEST-FONT-PRE-40,Vestido Fontaine,Preto,40,1699.0,9,25
2026-04-13,VEST-FONT-PRE-40,Vestido Fontaine,Preto,40,1699.0,9,16
2026-04-20,VEST-FONT-PRE-40,Vestido Fontaine,Preto,40,1699.0,7,9
2026-04-27,VEST-FONT-PRE-40,Vestido Fontaine,Preto,40,1699.0,10,0
2026-05-04,VEST-FONT-PRE-40,Vestido Fontaine,Preto,40,1699.0,10,0
2026-05-11,VEST-FONT-PRE-40,Vestido Fontaine,Preto,40,1699.0,10,0
2026-05-18,VEST-FONT-PRE-40,Vestido Fontaine,Preto,40,1699.0,4,0
2026-05-25,VEST-FONT-PRE-40,Vestido Fontaine,Preto,40,1699.0,6,0
2026-06-01,VEST-FONT-PRE-40,Vestido Fontaine,Preto,40,1699.0,8,16
2026-06-08,VEST-FONT-PRE-40,Vestido Fontaine,Preto,40,1699.0,6,10
2026-06-15,VEST-FONT-PRE-40,Vestido Fontaine,Preto,40,1699.0,4,24
2026-06-22,VEST-FONT-PRE-40,Vestido Fontaine,Preto,40,1699.0,7,17
2026-06-29,VEST-FONT-PRE-40,Vestido Fontaine,Preto,40,1699.0,10,7
2026-07-06,VEST-FONT-PRE-40,Vestido Fontaine,Preto,40,1699.0,9,22
2026-07-13,VEST-FONT-PRE-40,Vestido Fontaine,Preto,40,1699.0,5,17
2026-07-20,VEST-FONT-PRE-40,Vestido Fontaine,Preto,40,1699.0,6,11
2026-07-27,VEST-FONT-PRE-40,Vestido Fontaine,Preto,40,1699.0,10,1
2026-08-03,VEST-FONT-PRE-40,Vestido Fontaine,Preto,40,1699.0,13,25
2026-08-10,VEST-FONT-PRE-40,Vestido Fontaine,Preto,40,1699.0,9,16
2026-08-17,VEST-FONT-PRE-40,Vestido Fontaine,Preto,40,1699.0,12,29
2026-08-24,VEST-FONT-PRE-40,Vestido Fontaine,Preto,40,1699.0,10,19
2025-09-01,VEST-FONT-PRE-42,Vestido Fontaine,Preto,42,1699.0,4,60
2025-09-08,VEST-FONT-PRE-42,Vestido Fontaine,Preto,42,1699.0,1,59
2025-09-15,VEST-FONT-PRE-42,Vestido Fontaine,Preto,42,1699.0,1,58
2025-09-22,VEST-FONT-PRE-42,Vestido Fontaine,Preto,42,1699.0,2,56
2025-09-29,VEST-FONT-PRE-42,Vestido Fontaine,Preto,42,1699.0,5,51
2025-10-06,VEST-FONT-PRE-42,Vestido Fontaine,Preto,42,1699.0,2,49
2025-10-13,VEST-FONT-PRE-42,Vestido Fontaine,Preto,42,1699.0,3,46
2025-10-20,VEST-FONT-PRE-42,Vestido Fontaine,Preto,42,1699.0,3,43
2025-10-27,VEST-FONT-PRE-42,Vestido Fontaine,Preto,42,1699.0,0,43
2025-11-03,VEST-FONT-PRE-42,Vestido Fontaine,Preto,42,1699.0,3,40
2025-11-10,VEST-FONT-PRE-42,Vestido Fontaine,Preto,42,1699.0,1,39
2025-11-17,VEST-FONT-PRE-42,Vestido Fontaine,Preto,42,1699.0,2,37
2025-11-24,VEST-FONT-PRE-42,Vestido Fontaine,Preto,42,1699.0,5,32
2025-12-01,VEST-FONT-PRE-42,Vestido Fontaine,Preto,42,1699.0,2,30
2025-12-08,VEST-FONT-PRE-42,Vestido Fontaine,Preto,42,1699.0,2,28
2025-12-15,VEST-FONT-PRE-42,Vestido Fontaine,Preto,42,1699.0,4,24
2025-12-22,VEST-FONT-PRE-42,Vestido Fontaine,Preto,42,1699.0,3,21
2025-12-29,VEST-FONT-PRE-42,Vestido Fontaine,Preto,42,1699.0,2,19
2026-01-05,VEST-FONT-PRE-42,Vestido Fontaine,Preto,42,1699.0,5,14
2026-01-12,VEST-FONT-PRE-42,Vestido Fontaine,Preto,42,1699.0,5,9
2026-01-19,VEST-FONT-PRE-42,Vestido Fontaine,Preto,42,1699.0,5,4
2026-01-26,VEST-FONT-PRE-42,Vestido Fontaine,Preto,42,1699.0,6,28
2026-02-02,VEST-FONT-PRE-42,Vestido Fontaine,Preto,42,1699.0,0,28
2026-02-09,VEST-FONT-PRE-42,Vestido Fontaine,Preto,42,1699.0,3,25
2026-02-16,VEST-FONT-PRE-42,Vestido Fontaine,Preto,42,1699.0,2,23
2026-02-23,VEST-FONT-PRE-42,Vestido Fontaine,Preto,42,1699.0,1,22
2026-03-02,VEST-FONT-PRE-42,Vestido Fontaine,Preto,42,1699.0,2,20
2026-03-09,VEST-FONT-PRE-42,Vestido Fontaine,Preto,42,1699.0,4,16
2026-03-16,VEST-FONT-PRE-42,Vestido Fontaine,Preto,42,1699.0,4,12
2026-03-23,VEST-FONT-PRE-42,Vestido Fontaine,Preto,42,1699.0,2,10
2026-03-30,VEST-FONT-PRE-42,Vestido Fontaine,Preto,42,1699.0,3,29
2026-04-06,VEST-FONT-PRE-42,Vestido Fontaine,Preto,42,1699.0,2,27
2026-04-13,VEST-FONT-PRE-42,Vestido Fontaine,Preto,42,1699.0,2,25
2026-04-20,VEST-FONT-PRE-42,Vestido Fontaine,Preto,42,1699.0,3,22
2026-04-27,VEST-FONT-PRE-42,Vestido Fontaine,Preto,42,1699.0,0,22
2026-05-04,VEST-FONT-PRE-42,Vestido Fontaine,Preto,42,1699.0,1,21
2026-05-11,VEST-FONT-PRE-42,Vestido Fontaine,Preto,42,1699.0,1,20
2026-05-18,VEST-FONT-PRE-42,Vestido Fontaine,Preto,42,1699.0,6,14
2026-05-25,VEST-FONT-PRE-42,Vestido Fontaine,Preto,42,1699.0,4,10
2026-06-01,VEST-FONT-PRE-42,Vestido Fontaine,Preto,42,1699.0,6,4
2026-06-08,VEST-FONT-PRE-42,Vestido Fontaine,Preto,42,1699.0,0,23
2026-06-15,VEST-FONT-PRE-42,Vestido Fontaine,Preto,42,1699.0,1,22
2026-06-22,VEST-FONT-PRE-42,Vestido Fontaine,Preto,42,1699.0,3,19
2026-06-29,VEST-FONT-PRE-42,Vestido Fontaine,Preto,42,1699.0,0,19
2026-07-06,VEST-FONT-PRE-42,Vestido Fontaine,Preto,42,1699.0,5,14
2026-07-13,VEST-FONT-PRE-42,Vestido Fontaine,Preto,42,1699.0,4,10
2026-07-20,VEST-FONT-PRE-42,Vestido Fontaine,Preto,42,1699.0,3,7
2026-07-27,VEST-FONT-PRE-42,Vestido Fontaine,Preto,42,1699.0,1,6
2026-08-03,VEST-FONT-PRE-42,Vestido Fontaine,Preto,42,1699.0,1,5
2026-08-10,VEST-FONT-PRE-42,Vestido Fontaine,Preto,42,1699.0,5,0
2026-08-17,VEST-FONT-PRE-42,Vestido Fontaine,Preto,42,1699.0,1,0
2026-08-24,VEST-FONT-PRE-42,Vestido Fontaine,Preto,42,1699.0,2,0
2025-09-01,VEST-FONT-PRE-44,Vestido Fontaine,Preto,44,1699.0,4,20
2025-09-08,VEST-FONT-PRE-44,Vestido Fontaine,Preto,44,1699.0,4,16
2025-09-15,VEST-FONT-PRE-44,Vestido Fontaine,Preto,44,1699.0,6,10
2025-09-22,VEST-FONT-PRE-44,Vestido Fontaine,Preto,44,1699.0,4,6
2025-09-29,VEST-FONT-PRE-44,Vestido Fontaine,Preto,44,1699.0,2,4
2025-10-06,VEST-FONT-PRE-44,Vestido Fontaine,Preto,44,1699.0,2,2
2025-10-13,VEST-FONT-PRE-44,Vestido Fontaine,Preto,44,1699.0,3,30
2025-10-20,VEST-FONT-PRE-44,Vestido Fontaine,Preto,44,1699.0,4,26
2025-10-27,VEST-FONT-PRE-44,Vestido Fontaine,Preto,44,1699.0,2,24
2025-11-03,VEST-FONT-PRE-44,Vestido Fontaine,Preto,44,1699.0,3,21
2025-11-10,VEST-FONT-PRE-44,Vestido Fontaine,Preto,44,1699.0,1,20
2025-11-17,VEST-FONT-PRE-44,Vestido Fontaine,Preto,44,1699.0,2,18
2025-11-24,VEST-FONT-PRE-44,Vestido Fontaine,Preto,44,1699.0,2,16
2025-12-01,VEST-FONT-PRE-44,Vestido Fontaine,Preto,44,1699.0,3,13
2025-12-08,VEST-FONT-PRE-44,Vestido Fontaine,Preto,44,1699.0,3,10
2025-12-15,VEST-FONT-PRE-44,Vestido Fontaine,Preto,44,1699.0,4,23
2025-12-22,VEST-FONT-PRE-44,Vestido Fontaine,Preto,44,1699.0,4,19
2025-12-29,VEST-FONT-PRE-44,Vestido Fontaine,Preto,44,1699.0,3,16
2026-01-05,VEST-FONT-PRE-44,Vestido Fontaine,Preto,44,1699.0,4,12
2026-01-12,VEST-FONT-PRE-44,Vestido Fontaine,Preto,44,1699.0,4,8
2026-01-19,VEST-FONT-PRE-44,Vestido Fontaine,Preto,44,1699.0,4,4
2026-01-26,VEST-FONT-PRE-44,Vestido Fontaine,Preto,44,1699.0,0,4
2026-02-02,VEST-FONT-PRE-44,Vestido Fontaine,Preto,44,1699.0,2,29
2026-02-09,VEST-FONT-PRE-44,Vestido Fontaine,Preto,44,1699.0,2,27
2026-02-16,VEST-FONT-PRE-44,Vestido Fontaine,Preto,44,1699.0,2,25
2026-02-23,VEST-FONT-PRE-44,Vestido Fontaine,Preto,44,1699.0,4,21
2026-03-02,VEST-FONT-PRE-44,Vestido Fontaine,Preto,44,1699.0,3,18
2026-03-09,VEST-FONT-PRE-44,Vestido Fontaine,Preto,44,1699.0,2,16
2026-03-16,VEST-FONT-PRE-44,Vestido Fontaine,Preto,44,1699.0,1,15
2026-03-23,VEST-FONT-PRE-44,Vestido Fontaine,Preto,44,1699.0,4,11
2026-03-30,VEST-FONT-PRE-44,Vestido Fontaine,Preto,44,1699.0,3,8
2026-04-06,VEST-FONT-PRE-44,Vestido Fontaine,Preto,44,1699.0,1,7
2026-04-13,VEST-FONT-PRE-44,Vestido Fontaine,Preto,44,1699.0,2,5
2026-04-20,VEST-FONT-PRE-44,Vestido Fontaine,Preto,44,1699.0,1,4
2026-04-27,VEST-FONT-PRE-44,Vestido Fontaine,Preto,44,1699.0,0,4
2026-05-04,VEST-FONT-PRE-44,Vestido Fontaine,Preto,44,1699.0,2,2
2026-05-11,VEST-FONT-PRE-44,Vestido Fontaine,Preto,44,1699.0,3,0
2026-05-18,VEST-FONT-PRE-44,Vestido Fontaine,Preto,44,1699.0,3,0
2026-05-25,VEST-FONT-PRE-44,Vestido Fontaine,Preto,44,1699.0,0,19
2026-06-01,VEST-FONT-PRE-44,Vestido Fontaine,Preto,44,1699.0,2,17
2026-06-08,VEST-FONT-PRE-44,Vestido Fontaine,Preto,44,1699.0,1,16
2026-06-15,VEST-FONT-PRE-44,Vestido Fontaine,Preto,44,1699.0,1,15
2026-06-22,VEST-FONT-PRE-44,Vestido Fontaine,Preto,44,1699.0,4,11
2026-06-29,VEST-FONT-PRE-44,Vestido Fontaine,Preto,44,1699.0,1,10
2026-07-06,VEST-FONT-PRE-44,Vestido Fontaine,Preto,44,1699.0,0,10
2026-07-13,VEST-FONT-PRE-44,Vestido Fontaine,Preto,44,1699.0,2,8
2026-07-20,VEST-FONT-PRE-44,Vestido Fontaine,Preto,44,1699.0,2,20
2026-07-27,VEST-FONT-PRE-44,Vestido Fontaine,Preto,44,1699.0,1,19
2026-08-03,VEST-FONT-PRE-44,Vestido Fontaine,Preto,44,1699.0,1,18
2026-08-10,VEST-FONT-PRE-44,Vestido Fontaine,Preto,44,1699.0,2,16
2026-08-17,VEST-FONT-PRE-44,Vestido Fontaine,Preto,44,1699.0,2,14
2026-08-24,VEST-FONT-PRE-44,Vestido Fontaine,Preto,44,1699.0,1,13
2025-09-01,VEST-FONT-VER-34,Vestido Fontaine,Vermelho,34,1699.0,8,53
2025-09-08,VEST-FONT-VER-34,Vestido Fontaine,Vermelho,34,1699.0,3,50
2025-09-15,VEST-FONT-VER-34,Vestido Fontaine,Vermelho,34,1699.0,9,41
2025-09-22,VEST-FONT-VER-34,Vestido Fontaine,Vermelho,34,1699.0,10,31
2025-09-29,VEST-FONT-VER-34,Vestido Fontaine,Vermelho,34,1699.0,11,20
2025-10-06,VEST-FONT-VER-34,Vestido Fontaine,Vermelho,34,1699.0,7,13
2025-10-13,VEST-FONT-VER-34,Vestido Fontaine,Vermelho,34,1699.0,7,40
2025-10-20,VEST-FONT-VER-34,Vestido Fontaine,Vermelho,34,1699.0,11,29
2025-10-27,VEST-FONT-VER-34,Vestido Fontaine,Vermelho,34,1699.0,8,21
2025-11-03,VEST-FONT-VER-34,Vestido Fontaine,Vermelho,34,1699.0,10,11
2025-11-10,VEST-FONT-VER-34,Vestido Fontaine,Vermelho,34,1699.0,10,1
2025-11-17,VEST-FONT-VER-34,Vestido Fontaine,Vermelho,34,1699.0,4,0
2025-11-24,VEST-FONT-VER-34,Vestido Fontaine,Vermelho,34,1699.0,11,0
2025-12-01,VEST-FONT-VER-34,Vestido Fontaine,Vermelho,34,1699.0,9,0
2025-12-08,VEST-FONT-VER-34,Vestido Fontaine,Vermelho,34,1699.0,10,0
2025-12-15,VEST-FONT-VER-34,Vestido Fontaine,Vermelho,34,1699.0,13,28
2025-12-22,VEST-FONT-VER-34,Vestido Fontaine,Vermelho,34,1699.0,16,12
2025-12-29,VEST-FONT-VER-34,Vestido Fontaine,Vermelho,34,1699.0,11,23
2026-01-05,VEST-FONT-VER-34,Vestido Fontaine,Vermelho,34,1699.0,12,11
2026-01-12,VEST-FONT-VER-34,Vestido Fontaine,Vermelho,34,1699.0,8,35
2026-01-19,VEST-FONT-VER-34,Vestido Fontaine,Vermelho,34,1699.0,17,18
2026-01-26,VEST-FONT-VER-34,Vestido Fontaine,Vermelho,34,1699.0,6,12
2026-02-02,VEST-FONT-VER-34,Vestido Fontaine,Vermelho,34,1699.0,11,1
2026-02-09,VEST-FONT-VER-34,Vestido Fontaine,Vermelho,34,1699.0,5,31
2026-02-16,VEST-FONT-VER-34,Vestido Fontaine,Vermelho,34,1699.0,9,22
2026-02-23,VEST-FONT-VER-34,Vestido Fontaine,Vermelho,34,1699.0,8,14
2026-03-02,VEST-FONT-VER-34,Vestido Fontaine,Vermelho,34,1699.0,10,33
2026-03-09,VEST-FONT-VER-34,Vestido Fontaine,Vermelho,34,1699.0,6,27
2026-03-16,VEST-FONT-VER-34,Vestido Fontaine,Vermelho,34,1699.0,1,26
2026-03-23,VEST-FONT-VER-34,Vestido Fontaine,Vermelho,34,1699.0,12,14
2026-03-30,VEST-FONT-VER-34,Vestido Fontaine,Vermelho,34,1699.0,6,8
2026-04-06,VEST-FONT-VER-34,Vestido Fontaine,Vermelho,34,1699.0,10,0
2026-04-13,VEST-FONT-VER-34,Vestido Fontaine,Vermelho,34,1699.0,3,0
2026-04-20,VEST-FONT-VER-34,Vestido Fontaine,Vermelho,34,1699.0,4,0
2026-04-27,VEST-FONT-VER-34,Vestido Fontaine,Vermelho,34,1699.0,5,20
2026-05-04,VEST-FONT-VER-34,Vestido Fontaine,Vermelho,34,1699.0,5,15
2026-05-11,VEST-FONT-VER-34,Vestido Fontaine,Vermelho,34,1699.0,3,12
2026-05-18,VEST-FONT-VER-34,Vestido Fontaine,Vermelho,34,1699.0,6,38
2026-05-25,VEST-FONT-VER-34,Vestido Fontaine,Vermelho,34,1699.0,3,35
2026-06-01,VEST-FONT-VER-34,Vestido Fontaine,Vermelho,34,1699.0,7,28
2026-06-08,VEST-FONT-VER-34,Vestido Fontaine,Vermelho,34,1699.0,3,25
2026-06-15,VEST-FONT-VER-34,Vestido Fontaine,Vermelho,34,1699.0,5,20
2026-06-22,VEST-FONT-VER-34,Vestido Fontaine,Vermelho,34,1699.0,3,17
2026-06-29,VEST-FONT-VER-34,Vestido Fontaine,Vermelho,34,1699.0,2,15
2026-07-06,VEST-FONT-VER-34,Vestido Fontaine,Vermelho,34,1699.0,3,12
2026-07-13,VEST-FONT-VER-34,Vestido Fontaine,Vermelho,34,1699.0,6,6
2026-07-20,VEST-FONT-VER-34,Vestido Fontaine,Vermelho,34,1699.0,4,2
2026-07-27,VEST-FONT-VER-34,Vestido Fontaine,Vermelho,34,1699.0,6,0
2026-08-03,VEST-FONT-VER-34,Vestido Fontaine,Vermelho,34,1699.0,7,22
2026-08-10,VEST-FONT-VER-34,Vestido Fontaine,Vermelho,34,1699.0,9,13
2026-08-17,VEST-FONT-VER-34,Vestido Fontaine,Vermelho,34,1699.0,5,8
2026-08-24,VEST-FONT-VER-34,Vestido Fontaine,Vermelho,34,1699.0,1,7
2025-09-01,VEST-FONT-VER-36,Vestido Fontaine,Vermelho,36,1699.0,3,49
2025-09-08,VEST-FONT-VER-36,Vestido Fontaine,Vermelho,36,1699.0,6,43
2025-09-15,VEST-FONT-VER-36,Vestido Fontaine,Vermelho,36,1699.0,2,41
2025-09-22,VEST-FONT-VER-36,Vestido Fontaine,Vermelho,36,1699.0,4,37
2025-09-29,VEST-FONT-VER-36,Vestido Fontaine,Vermelho,36,1699.0,2,35
2025-10-06,VEST-FONT-VER-36,Vestido Fontaine,Vermelho,36,1699.0,10,25
2025-10-13,VEST-FONT-VER-36,Vestido Fontaine,Vermelho,36,1699.0,8,17
2025-10-20,VEST-FONT-VER-36,Vestido Fontaine,Vermelho,36,1699.0,5,12
2025-10-27,VEST-FONT-VER-36,Vestido Fontaine,Vermelho,36,1699.0,12,15
2025-11-03,VEST-FONT-VER-36,Vestido Fontaine,Vermelho,36,1699.0,9,27
2025-11-10,VEST-FONT-VER-36,Vestido Fontaine,Vermelho,36,1699.0,11,16
2025-11-17,VEST-FONT-VER-36,Vestido Fontaine,Vermelho,36,1699.0,14,2
2025-11-24,VEST-FONT-VER-36,Vestido Fontaine,Vermelho,36,1699.0,5,0
2025-12-01,VEST-FONT-VER-36,Vestido Fontaine,Vermelho,36,1699.0,15,0
2025-12-08,VEST-FONT-VER-36,Vestido Fontaine,Vermelho,36,1699.0,10,0
2025-12-15,VEST-FONT-VER-36,Vestido Fontaine,Vermelho,36,1699.0,7,32
2025-12-22,VEST-FONT-VER-36,Vestido Fontaine,Vermelho,36,1699.0,11,21
2025-12-29,VEST-FONT-VER-36,Vestido Fontaine,Vermelho,36,1699.0,8,13
2026-01-05,VEST-FONT-VER-36,Vestido Fontaine,Vermelho,36,1699.0,7,6
2026-01-12,VEST-FONT-VER-36,Vestido Fontaine,Vermelho,36,1699.0,5,1
2026-01-19,VEST-FONT-VER-36,Vestido Fontaine,Vermelho,36,1699.0,5,0
2026-01-26,VEST-FONT-VER-36,Vestido Fontaine,Vermelho,36,1699.0,7,25
2026-02-02,VEST-FONT-VER-36,Vestido Fontaine,Vermelho,36,1699.0,8,17
2026-02-09,VEST-FONT-VER-36,Vestido Fontaine,Vermelho,36,1699.0,8,9
2026-02-16,VEST-FONT-VER-36,Vestido Fontaine,Vermelho,36,1699.0,7,29
2026-02-23,VEST-FONT-VER-36,Vestido Fontaine,Vermelho,36,1699.0,7,22
2026-03-02,VEST-FONT-VER-36,Vestido Fontaine,Vermelho,36,1699.0,5,17
2026-03-09,VEST-FONT-VER-36,Vestido Fontaine,Vermelho,36,1699.0,3,14
2026-03-16,VEST-FONT-VER-36,Vestido Fontaine,Vermelho,36,1699.0,6,8
2026-03-23,VEST-FONT-VER-36,Vestido Fontaine,Vermelho,36,1699.0,7,23
2026-03-30,VEST-FONT-VER-36,Vestido Fontaine,Vermelho,36,1699.0,6,17
2026-04-06,VEST-FONT-VER-36,Vestido Fontaine,Vermelho,36,1699.0,7,10
2026-04-13,VEST-FONT-VER-36,Vestido Fontaine,Vermelho,36,1699.0,2,8
2026-04-20,VEST-FONT-VER-36,Vestido Fontaine,Vermelho,36,1699.0,9,0
2026-04-27,VEST-FONT-VER-36,Vestido Fontaine,Vermelho,36,1699.0,2,31
2026-05-04,VEST-FONT-VER-36,Vestido Fontaine,Vermelho,36,1699.0,8,23
2026-05-11,VEST-FONT-VER-36,Vestido Fontaine,Vermelho,36,1699.0,1,22
2026-05-18,VEST-FONT-VER-36,Vestido Fontaine,Vermelho,36,1699.0,0,22
2026-05-25,VEST-FONT-VER-36,Vestido Fontaine,Vermelho,36,1699.0,4,18
2026-06-01,VEST-FONT-VER-36,Vestido Fontaine,Vermelho,36,1699.0,8,10
2026-06-08,VEST-FONT-VER-36,Vestido Fontaine,Vermelho,36,1699.0,9,16
2026-06-15,VEST-FONT-VER-36,Vestido Fontaine,Vermelho,36,1699.0,5,11
2026-06-22,VEST-FONT-VER-36,Vestido Fontaine,Vermelho,36,1699.0,3,8
2026-06-29,VEST-FONT-VER-36,Vestido Fontaine,Vermelho,36,1699.0,2,6
2026-07-06,VEST-FONT-VER-36,Vestido Fontaine,Vermelho,36,1699.0,2,4
2026-07-13,VEST-FONT-VER-36,Vestido Fontaine,Vermelho,36,1699.0,8,0
2026-07-20,VEST-FONT-VER-36,Vestido Fontaine,Vermelho,36,1699.0,6,0
2026-07-27,VEST-FONT-VER-36,Vestido Fontaine,Vermelho,36,1699.0,5,0
2026-08-03,VEST-FONT-VER-36,Vestido Fontaine,Vermelho,36,1699.0,5,30
2026-08-10,VEST-FONT-VER-36,Vestido Fontaine,Vermelho,36,1699.0,3,27
2026-08-17,VEST-FONT-VER-36,Vestido Fontaine,Vermelho,36,1699.0,5,22
2026-08-24,VEST-FONT-VER-36,Vestido Fontaine,Vermelho,36,1699.0,4,18
2025-09-01,VEST-FONT-VER-38,Vestido Fontaine,Vermelho,38,1699.0,9,30
2025-09-08,VEST-FONT-VER-38,Vestido Fontaine,Vermelho,38,1699.0,9,21
2025-09-15,VEST-FONT-VER-38,Vestido Fontaine,Vermelho,38,1699.0,12,9
2025-09-22,VEST-FONT-VER-38,Vestido Fontaine,Vermelho,38,1699.0,4,5
2025-09-29,VEST-FONT-VER-38,Vestido Fontaine,Vermelho,38,1699.0,7,34
2025-10-06,VEST-FONT-VER-38,Vestido Fontaine,Vermelho,38,1699.0,5,29
2025-10-13,VEST-FONT-VER-38,Vestido Fontaine,Vermelho,38,1699.0,8,21
2025-10-20,VEST-FONT-VER-38,Vestido Fontaine,Vermelho,38,1699.0,8,13
2025-10-27,VEST-FONT-VER-38,Vestido Fontaine,Vermelho,38,1699.0,4,9
2025-11-03,VEST-FONT-VER-38,Vestido Fontaine,Vermelho,38,1699.0,6,3
2025-11-10,VEST-FONT-VER-38,Vestido Fontaine,Vermelho,38,1699.0,12,0
2025-11-17,VEST-FONT-VER-38,Vestido Fontaine,Vermelho,38,1699.0,7,0
2025-11-24,VEST-FONT-VER-38,Vestido Fontaine,Vermelho,38,1699.0,7,28
2025-12-01,VEST-FONT-VER-38,Vestido Fontaine,Vermelho,38,1699.0,10,18
2025-12-08,VEST-FONT-VER-38,Vestido Fontaine,Vermelho,38,1699.0,9,9
2025-12-15,VEST-FONT-VER-38,Vestido Fontaine,Vermelho,38,1699.0,7,2
2025-12-22,VEST-FONT-VER-38,Vestido Fontaine,Vermelho,38,1699.0,11,0
2025-12-29,VEST-FONT-VER-38,Vestido Fontaine,Vermelho,38,1699.0,11,28
2026-01-05,VEST-FONT-VER-38,Vestido Fontaine,Vermelho,38,1699.0,6,22
2026-01-12,VEST-FONT-VER-38,Vestido Fontaine,Vermelho,38,1699.0,10,12
2026-01-19,VEST-FONT-VER-38,Vestido Fontaine,Vermelho,38,1699.0,6,6
2026-01-26,VEST-FONT-VER-38,Vestido Fontaine,Vermelho,38,1699.0,6,0
2026-02-02,VEST-FONT-VER-38,Vestido Fontaine,Vermelho,38,1699.0,8,0
2026-02-09,VEST-FONT-VER-38,Vestido Fontaine,Vermelho,38,1699.0,6,0
2026-02-16,VEST-FONT-VER-38,Vestido Fontaine,Vermelho,38,1699.0,4,0
2026-02-23,VEST-FONT-VER-38,Vestido Fontaine,Vermelho,38,1699.0,6,0
2026-03-02,VEST-FONT-VER-38,Vestido Fontaine,Vermelho,38,1699.0,3,0
2026-03-09,VEST-FONT-VER-38,Vestido Fontaine,Vermelho,38,1699.0,6,0
2026-03-16,VEST-FONT-VER-38,Vestido Fontaine,Vermelho,38,1699.0,8,29
2026-03-23,VEST-FONT-VER-38,Vestido Fontaine,Vermelho,38,1699.0,10,19
2026-03-30,VEST-FONT-VER-38,Vestido Fontaine,Vermelho,38,1699.0,6,13
2026-04-06,VEST-FONT-VER-38,Vestido Fontaine,Vermelho,38,1699.0,5,8
2026-04-13,VEST-FONT-VER-38,Vestido Fontaine,Vermelho,38,1699.0,4,4
2026-04-20,VEST-FONT-VER-38,Vestido Fontaine,Vermelho,38,1699.0,9,0
2026-04-27,VEST-FONT-VER-38,Vestido Fontaine,Vermelho,38,1699.0,5,0
2026-05-04,VEST-FONT-VER-38,Vestido Fontaine,Vermelho,38,1699.0,6,0
2026-05-11,VEST-FONT-VER-38,Vestido Fontaine,Vermelho,38,1699.0,4,0
2026-05-18,VEST-FONT-VER-38,Vestido Fontaine,Vermelho,38,1699.0,3,0
2026-05-25,VEST-FONT-VER-38,Vestido Fontaine,Vermelho,38,1699.0,5,0
2026-06-01,VEST-FONT-VER-38,Vestido Fontaine,Vermelho,38,1699.0,4,0
2026-06-08,VEST-FONT-VER-38,Vestido Fontaine,Vermelho,38,1699.0,6,20
2026-06-15,VEST-FONT-VER-38,Vestido Fontaine,Vermelho,38,1699.0,5,15
2026-06-22,VEST-FONT-VER-38,Vestido Fontaine,Vermelho,38,1699.0,5,10
2026-06-29,VEST-FONT-VER-38,Vestido Fontaine,Vermelho,38,1699.0,3,27
2026-07-06,VEST-FONT-VER-38,Vestido Fontaine,Vermelho,38,1699.0,4,23
2026-07-13,VEST-FONT-VER-38,Vestido Fontaine,Vermelho,38,1699.0,1,22
2026-07-20,VEST-FONT-VER-38,Vestido Fontaine,Vermelho,38,1699.0,9,13
2026-07-27,VEST-FONT-VER-38,Vestido Fontaine,Vermelho,38,1699.0,10,32
2026-08-03,VEST-FONT-VER-38,Vestido Fontaine,Vermelho,38,1699.0,5,27
2026-08-10,VEST-FONT-VER-38,Vestido Fontaine,Vermelho,38,1699.0,6,21
2026-08-17,VEST-FONT-VER-38,Vestido Fontaine,Vermelho,38,1699.0,7,14
2026-08-24,VEST-FONT-VER-38,Vestido Fontaine,Vermelho,38,1699.0,4,10
2025-09-01,VEST-FONT-VER-40,Vestido Fontaine,Vermelho,40,1699.0,5,16
2025-09-08,VEST-FONT-VER-40,Vestido Fontaine,Vermelho,40,1699.0,9,7
2025-09-15,VEST-FONT-VER-40,Vestido Fontaine,Vermelho,40,1699.0,10,0
2025-09-22,VEST-FONT-VER-40,Vestido Fontaine,Vermelho,40,1699.0,2,0
2025-09-29,VEST-FONT-VER-40,Vestido Fontaine,Vermelho,40,1699.0,7,0
2025-10-06,VEST-FONT-VER-40,Vestido Fontaine,Vermelho,40,1699.0,6,0
2025-10-13,VEST-FONT-VER-40,Vestido Fontaine,Vermelho,40,1699.0,5,0
2025-10-20,VEST-FONT-VER-40,Vestido Fontaine,Vermelho,40,1699.0,8,0
2025-10-27,VEST-FONT-VER-40,Vestido Fontaine,Vermelho,40,1699.0,9,17
2025-11-03,VEST-FONT-VER-40,Vestido Fontaine,Vermelho,40,1699.0,11,6
2025-11-10,VEST-FONT-VER-40,Vestido Fontaine,Vermelho,40,1699.0,4,2
2025-11-17,VEST-FONT-VER-40,Vestido Fontaine,Vermelho,40,1699.0,13,0
2025-11-24,VEST-FONT-VER-40,Vestido Fontaine,Vermelho,40,1699.0,10,27
2025-12-01,VEST-FONT-VER-40,Vestido Fontaine,Vermelho,40,1699.0,11,16
2025-12-08,VEST-FONT-VER-40,Vestido Fontaine,Vermelho,40,1699.0,14,2
2025-12-15,VEST-FONT-VER-40,Vestido Fontaine,Vermelho,40,1699.0,7,22
2025-12-22,VEST-FONT-VER-40,Vestido Fontaine,Vermelho,40,1699.0,6,16
2025-12-29,VEST-FONT-VER-40,Vestido Fontaine,Vermelho,40,1699.0,6,10
2026-01-05,VEST-FONT-VER-40,Vestido Fontaine,Vermelho,40,1699.0,10,0
2026-01-12,VEST-FONT-VER-40,Vestido Fontaine,Vermelho,40,1699.0,3,31
2026-01-19,VEST-FONT-VER-40,Vestido Fontaine,Vermelho,40,1699.0,8,23
2026-01-26,VEST-FONT-VER-40,Vestido Fontaine,Vermelho,40,1699.0,7,16
2026-02-02,VEST-FONT-VER-40,Vestido Fontaine,Vermelho,40,1699.0,6,10
2026-02-09,VEST-FONT-VER-40,Vestido Fontaine,Vermelho,40,1699.0,11,0
2026-02-16,VEST-FONT-VER-40,Vestido Fontaine,Vermelho,40,1699.0,6,0
2026-02-23,VEST-FONT-VER-40,Vestido Fontaine,Vermelho,40,1699.0,6,0
2026-03-02,VEST-FONT-VER-40,Vestido Fontaine,Vermelho,40,1699.0,7,0
2026-03-09,VEST-FONT-VER-40,Vestido Fontaine,Vermelho,40,1699.0,6,0
2026-03-16,VEST-FONT-VER-40,Vestido Fontaine,Vermelho,40,1699.0,4,24
2026-03-23,VEST-FONT-VER-40,Vestido Fontaine,Vermelho,40,1699.0,2,22
2026-03-30,VEST-FONT-VER-40,Vestido Fontaine,Vermelho,40,1699.0,2,20
2026-04-06,VEST-FONT-VER-40,Vestido Fontaine,Vermelho,40,1699.0,6,14
2026-04-13,VEST-FONT-VER-40,Vestido Fontaine,Vermelho,40,1699.0,5,9
2026-04-20,VEST-FONT-VER-40,Vestido Fontaine,Vermelho,40,1699.0,2,23
2026-04-27,VEST-FONT-VER-40,Vestido Fontaine,Vermelho,40,1699.0,7,16
2026-05-04,VEST-FONT-VER-40,Vestido Fontaine,Vermelho,40,1699.0,7,9
2026-05-11,VEST-FONT-VER-40,Vestido Fontaine,Vermelho,40,1699.0,1,8
2026-05-18,VEST-FONT-VER-40,Vestido Fontaine,Vermelho,40,1699.0,5,37
2026-05-25,VEST-FONT-VER-40,Vestido Fontaine,Vermelho,40,1699.0,4,33
2026-06-01,VEST-FONT-VER-40,Vestido Fontaine,Vermelho,40,1699.0,1,32
2026-06-08,VEST-FONT-VER-40,Vestido Fontaine,Vermelho,40,1699.0,3,29
2026-06-15,VEST-FONT-VER-40,Vestido Fontaine,Vermelho,40,1699.0,4,25
2026-06-22,VEST-FONT-VER-40,Vestido Fontaine,Vermelho,40,1699.0,2,23
2026-06-29,VEST-FONT-VER-40,Vestido Fontaine,Vermelho,40,1699.0,3,20
2026-07-06,VEST-FONT-VER-40,Vestido Fontaine,Vermelho,40,1699.0,3,17
2026-07-13,VEST-FONT-VER-40,Vestido Fontaine,Vermelho,40,1699.0,5,12
2026-07-20,VEST-FONT-VER-40,Vestido Fontaine,Vermelho,40,1699.0,4,8
2026-07-27,VEST-FONT-VER-40,Vestido Fontaine,Vermelho,40,1699.0,6,2
2026-08-03,VEST-FONT-VER-40,Vestido Fontaine,Vermelho,40,1699.0,2,0
2026-08-10,VEST-FONT-VER-40,Vestido Fontaine,Vermelho,40,1699.0,9,0
2026-08-17,VEST-FONT-VER-40,Vestido Fontaine,Vermelho,40,1699.0,8,26
2026-08-24,VEST-FONT-VER-40,Vestido Fontaine,Vermelho,40,1699.0,5,21
2025-09-01,VEST-FONT-VER-42,Vestido Fontaine,Vermelho,42,1699.0,1,42
2025-09-08,VEST-FONT-VER-42,Vestido Fontaine,Vermelho,42,1699.0,4,38
2025-09-15,VEST-FONT-VER-42,Vestido Fontaine,Vermelho,42,1699.0,3,35
2025-09-22,VEST-FONT-VER-42,Vestido Fontaine,Vermelho,42,1699.0,7,28
2025-09-29,VEST-FONT-VER-42,Vestido Fontaine,Vermelho,42,1699.0,3,25
2025-10-06,VEST-FONT-VER-42,Vestido Fontaine,Vermelho,42,1699.0,4,21
2025-10-13,VEST-FONT-VER-42,Vestido Fontaine,Vermelho,42,1699.0,8,13
2025-10-20,VEST-FONT-VER-42,Vestido Fontaine,Vermelho,42,1699.0,4,9
2025-10-27,VEST-FONT-VER-42,Vestido Fontaine,Vermelho,42,1699.0,2,32
2025-11-03,VEST-FONT-VER-42,Vestido Fontaine,Vermelho,42,1699.0,6,26
2025-11-10,VEST-FONT-VER-42,Vestido Fontaine,Vermelho,42,1699.0,4,22
2025-11-17,VEST-FONT-VER-42,Vestido Fontaine,Vermelho,42,1699.0,7,15
2025-11-24,VEST-FONT-VER-42,Vestido Fontaine,Vermelho,42,1699.0,4,11
2025-12-01,VEST-FONT-VER-42,Vestido Fontaine,Vermelho,42,1699.0,5,6
2025-12-08,VEST-FONT-VER-42,Vestido Fontaine,Vermelho,42,1699.0,3,23
2025-12-15,VEST-FONT-VER-42,Vestido Fontaine,Vermelho,42,1699.0,5,18
2025-12-22,VEST-FONT-VER-42,Vestido Fontaine,Vermelho,42,1699.0,5,13
2025-12-29,VEST-FONT-VER-42,Vestido Fontaine,Vermelho,42,1699.0,5,8
2026-01-05,VEST-FONT-VER-42,Vestido Fontaine,Vermelho,42,1699.0,8,0
2026-01-12,VEST-FONT-VER-42,Vestido Fontaine,Vermelho,42,1699.0,5,0
2026-01-19,VEST-FONT-VER-42,Vestido Fontaine,Vermelho,42,1699.0,8,21
2026-01-26,VEST-FONT-VER-42,Vestido Fontaine,Vermelho,42,1699.0,4,17
2026-02-02,VEST-FONT-VER-42,Vestido Fontaine,Vermelho,42,1699.0,7,10
2026-02-09,VEST-FONT-VER-42,Vestido Fontaine,Vermelho,42,1699.0,5,5
2026-02-16,VEST-FONT-VER-42,Vestido Fontaine,Vermelho,42,1699.0,5,0
2026-02-23,VEST-FONT-VER-42,Vestido Fontaine,Vermelho,42,1699.0,5,0
2026-03-02,VEST-FONT-VER-42,Vestido Fontaine,Vermelho,42,1699.0,5,24
2026-03-09,VEST-FONT-VER-42,Vestido Fontaine,Vermelho,42,1699.0,4,20
2026-03-16,VEST-FONT-VER-42,Vestido Fontaine,Vermelho,42,1699.0,7,13
2026-03-23,VEST-FONT-VER-42,Vestido Fontaine,Vermelho,42,1699.0,5,8
2026-03-30,VEST-FONT-VER-42,Vestido Fontaine,Vermelho,42,1699.0,1,7
2026-04-06,VEST-FONT-VER-42,Vestido Fontaine,Vermelho,42,1699.0,4,29
2026-04-13,VEST-FONT-VER-42,Vestido Fontaine,Vermelho,42,1699.0,1,28
2026-04-20,VEST-FONT-VER-42,Vestido Fontaine,Vermelho,42,1699.0,2,26
2026-04-27,VEST-FONT-VER-42,Vestido Fontaine,Vermelho,42,1699.0,3,23
2026-05-04,VEST-FONT-VER-42,Vestido Fontaine,Vermelho,42,1699.0,2,21
2026-05-11,VEST-FONT-VER-42,Vestido Fontaine,Vermelho,42,1699.0,4,17
2026-05-18,VEST-FONT-VER-42,Vestido Fontaine,Vermelho,42,1699.0,0,17
2026-05-25,VEST-FONT-VER-42,Vestido Fontaine,Vermelho,42,1699.0,0,17
2026-06-01,VEST-FONT-VER-42,Vestido Fontaine,Vermelho,42,1699.0,2,15
2026-06-08,VEST-FONT-VER-42,Vestido Fontaine,Vermelho,42,1699.0,2,13
2026-06-15,VEST-FONT-VER-42,Vestido Fontaine,Vermelho,42,1699.0,1,12
2026-06-22,VEST-FONT-VER-42,Vestido Fontaine,Vermelho,42,1699.0,3,9
2026-06-29,VEST-FONT-VER-42,Vestido Fontaine,Vermelho,42,1699.0,2,7
2026-07-06,VEST-FONT-VER-42,Vestido Fontaine,Vermelho,42,1699.0,3,4
2026-07-13,VEST-FONT-VER-42,Vestido Fontaine,Vermelho,42,1699.0,2,2
2026-07-20,VEST-FONT-VER-42,Vestido Fontaine,Vermelho,42,1699.0,5,0
2026-07-27,VEST-FONT-VER-42,Vestido Fontaine,Vermelho,42,1699.0,3,0
2026-08-03,VEST-FONT-VER-42,Vestido Fontaine,Vermelho,42,1699.0,4,20
2026-08-10,VEST-FONT-VER-42,Vestido Fontaine,Vermelho,42,1699.0,2,18
2026-08-17,VEST-FONT-VER-42,Vestido Fontaine,Vermelho,42,1699.0,3,15
2026-08-24,VEST-FONT-VER-42,Vestido Fontaine,Vermelho,42,1699.0,2,13
2025-09-01,VEST-FONT-VER-44,Vestido Fontaine,Vermelho,44,1699.0,10,10
2025-09-08,VEST-FONT-VER-44,Vestido Fontaine,Vermelho,44,1699.0,3,7
2025-09-15,VEST-FONT-VER-44,Vestido Fontaine,Vermelho,44,1699.0,4,21
2025-09-22,VEST-FONT-VER-44,Vestido Fontaine,Vermelho,44,1699.0,9,12
2025-09-29,VEST-FONT-VER-44,Vestido Fontaine,Vermelho,44,1699.0,9,3
2025-10-06,VEST-FONT-VER-44,Vestido Fontaine,Vermelho,44,1699.0,3,13
2025-10-13,VEST-FONT-VER-44,Vestido Fontaine,Vermelho,44,1699.0,8,5
2025-10-20,VEST-FONT-VER-44,Vestido Fontaine,Vermelho,44,1699.0,10,0
2025-10-27,VEST-FONT-VER-44,Vestido Fontaine,Vermelho,44,1699.0,9,0
2025-11-03,VEST-FONT-VER-44,Vestido Fontaine,Vermelho,44,1699.0,11,13
2025-11-10,VEST-FONT-VER-44,Vestido Fontaine,Vermelho,44,1699.0,12,1
2025-11-17,VEST-FONT-VER-44,Vestido Fontaine,Vermelho,44,1699.0,5,0
2025-11-24,VEST-FONT-VER-44,Vestido Fontaine,Vermelho,44,1699.0,12,29
2025-12-01,VEST-FONT-VER-44,Vestido Fontaine,Vermelho,44,1699.0,7,22
2025-12-08,VEST-FONT-VER-44,Vestido Fontaine,Vermelho,44,1699.0,13,9
2025-12-15,VEST-FONT-VER-44,Vestido Fontaine,Vermelho,44,1699.0,15,32
2025-12-22,VEST-FONT-VER-44,Vestido Fontaine,Vermelho,44,1699.0,6,26
2025-12-29,VEST-FONT-VER-44,Vestido Fontaine,Vermelho,44,1699.0,8,18
2026-01-05,VEST-FONT-VER-44,Vestido Fontaine,Vermelho,44,1699.0,12,36
2026-01-12,VEST-FONT-VER-44,Vestido Fontaine,Vermelho,44,1699.0,12,24
2026-01-19,VEST-FONT-VER-44,Vestido Fontaine,Vermelho,44,1699.0,6,18
2026-01-26,VEST-FONT-VER-44,Vestido Fontaine,Vermelho,44,1699.0,3,15
2026-02-02,VEST-FONT-VER-44,Vestido Fontaine,Vermelho,44,1699.0,7,8
2026-02-09,VEST-FONT-VER-44,Vestido Fontaine,Vermelho,44,1699.0,4,28
2026-02-16,VEST-FONT-VER-44,Vestido Fontaine,Vermelho,44,1699.0,9,19
2026-02-23,VEST-FONT-VER-44,Vestido Fontaine,Vermelho,44,1699.0,4,15
2026-03-02,VEST-FONT-VER-44,Vestido Fontaine,Vermelho,44,1699.0,9,6
2026-03-09,VEST-FONT-VER-44,Vestido Fontaine,Vermelho,44,1699.0,4,36
2026-03-16,VEST-FONT-VER-44,Vestido Fontaine,Vermelho,44,1699.0,7,29
2026-03-23,VEST-FONT-VER-44,Vestido Fontaine,Vermelho,44,1699.0,5,24
2026-03-30,VEST-FONT-VER-44,Vestido Fontaine,Vermelho,44,1699.0,5,19
2026-04-06,VEST-FONT-VER-44,Vestido Fontaine,Vermelho,44,1699.0,11,8
2026-04-13,VEST-FONT-VER-44,Vestido Fontaine,Vermelho,44,1699.0,2,6
2026-04-20,VEST-FONT-VER-44,Vestido Fontaine,Vermelho,44,1699.0,4,2
2026-04-27,VEST-FONT-VER-44,Vestido Fontaine,Vermelho,44,1699.0,5,19
2026-05-04,VEST-FONT-VER-44,Vestido Fontaine,Vermelho,44,1699.0,4,15
2026-05-11,VEST-FONT-VER-44,Vestido Fontaine,Vermelho,44,1699.0,6,9
2026-05-18,VEST-FONT-VER-44,Vestido Fontaine,Vermelho,44,1699.0,4,32
2026-05-25,VEST-FONT-VER-44,Vestido Fontaine,Vermelho,44,1699.0,8,24
2026-06-01,VEST-FONT-VER-44,Vestido Fontaine,Vermelho,44,1699.0,7,17
2026-06-08,VEST-FONT-VER-44,Vestido Fontaine,Vermelho,44,1699.0,3,14
2026-06-15,VEST-FONT-VER-44,Vestido Fontaine,Vermelho,44,1699.0,4,10
2026-06-22,VEST-FONT-VER-44,Vestido Fontaine,Vermelho,44,1699.0,4,6
2026-06-29,VEST-FONT-VER-44,Vestido Fontaine,Vermelho,44,1699.0,8,0
2026-07-06,VEST-FONT-VER-44,Vestido Fontaine,Vermelho,44,1699.0,4,0
2026-07-13,VEST-FONT-VER-44,Vestido Fontaine,Vermelho,44,1699.0,6,0
2026-07-20,VEST-FONT-VER-44,Vestido Fontaine,Vermelho,44,1699.0,6,0
2026-07-27,VEST-FONT-VER-44,Vestido Fontaine,Vermelho,44,1699.0,10,16
2026-08-03,VEST-FONT-VER-44,Vestido Fontaine,Vermelho,44,1699.0,7,9
2026-08-10,VEST-FONT-VER-44,Vestido Fontaine,Vermelho,44,1699.0,6,3
2026-08-17,VEST-FONT-VER-44,Vestido Fontaine,Vermelho,44,1699.0,6,0
2026-08-24,VEST-FONT-VER-44,Vestido Fontaine,Vermelho,44,1699.0,12,0
2025-09-01,VEST-FONT-OFF-34,Vestido Fontaine,Off White,34,1699.0,2,57
2025-09-08,VEST-FONT-OFF-34,Vestido Fontaine,Off White,34,1699.0,4,53
2025-09-15,VEST-FONT-OFF-34,Vestido Fontaine,Off White,34,1699.0,4,49
2025-09-22,VEST-FONT-OFF-34,Vestido Fontaine,Off White,34,1699.0,2,47
2025-09-29,VEST-FONT-OFF-34,Vestido Fontaine,Off White,34,1699.0,1,46
2025-10-06,VEST-FONT-OFF-34,Vestido Fontaine,Off White,34,1699.0,5,41
2025-10-13,VEST-FONT-OFF-34,Vestido Fontaine,Off White,34,1699.0,3,38
2025-10-20,VEST-FONT-OFF-34,Vestido Fontaine,Off White,34,1699.0,11,27
2025-10-27,VEST-FONT-OFF-34,Vestido Fontaine,Off White,34,1699.0,1,26
2025-11-03,VEST-FONT-OFF-34,Vestido Fontaine,Off White,34,1699.0,6,20
2025-11-10,VEST-FONT-OFF-34,Vestido Fontaine,Off White,34,1699.0,3,17
2025-11-17,VEST-FONT-OFF-34,Vestido Fontaine,Off White,34,1699.0,8,9
2025-11-24,VEST-FONT-OFF-34,Vestido Fontaine,Off White,34,1699.0,4,5
2025-12-01,VEST-FONT-OFF-34,Vestido Fontaine,Off White,34,1699.0,2,25
2025-12-08,VEST-FONT-OFF-34,Vestido Fontaine,Off White,34,1699.0,6,19
2025-12-15,VEST-FONT-OFF-34,Vestido Fontaine,Off White,34,1699.0,5,14
2025-12-22,VEST-FONT-OFF-34,Vestido Fontaine,Off White,34,1699.0,4,10
2025-12-29,VEST-FONT-OFF-34,Vestido Fontaine,Off White,34,1699.0,6,38
2026-01-05,VEST-FONT-OFF-34,Vestido Fontaine,Off White,34,1699.0,4,34
2026-01-12,VEST-FONT-OFF-34,Vestido Fontaine,Off White,34,1699.0,6,28
2026-01-19,VEST-FONT-OFF-34,Vestido Fontaine,Off White,34,1699.0,4,24
2026-01-26,VEST-FONT-OFF-34,Vestido Fontaine,Off White,34,1699.0,2,22
2026-02-02,VEST-FONT-OFF-34,Vestido Fontaine,Off White,34,1699.0,3,19
2026-02-09,VEST-FONT-OFF-34,Vestido Fontaine,Off White,34,1699.0,5,14
2026-02-16,VEST-FONT-OFF-34,Vestido Fontaine,Off White,34,1699.0,5,9
2026-02-23,VEST-FONT-OFF-34,Vestido Fontaine,Off White,34,1699.0,1,8
2026-03-02,VEST-FONT-OFF-34,Vestido Fontaine,Off White,34,1699.0,5,3
2026-03-09,VEST-FONT-OFF-34,Vestido Fontaine,Off White,34,1699.0,3,30
2026-03-16,VEST-FONT-OFF-34,Vestido Fontaine,Off White,34,1699.0,1,29
2026-03-23,VEST-FONT-OFF-34,Vestido Fontaine,Off White,34,1699.0,3,26
2026-03-30,VEST-FONT-OFF-34,Vestido Fontaine,Off White,34,1699.0,3,23
2026-04-06,VEST-FONT-OFF-34,Vestido Fontaine,Off White,34,1699.0,2,21
2026-04-13,VEST-FONT-OFF-34,Vestido Fontaine,Off White,34,1699.0,0,21
2026-04-20,VEST-FONT-OFF-34,Vestido Fontaine,Off White,34,1699.0,3,18
2026-04-27,VEST-FONT-OFF-34,Vestido Fontaine,Off White,34,1699.0,1,17
2026-05-04,VEST-FONT-OFF-34,Vestido Fontaine,Off White,34,1699.0,1,16
2026-05-11,VEST-FONT-OFF-34,Vestido Fontaine,Off White,34,1699.0,3,13
2026-05-18,VEST-FONT-OFF-34,Vestido Fontaine,Off White,34,1699.0,3,10
2026-05-25,VEST-FONT-OFF-34,Vestido Fontaine,Off White,34,1699.0,2,8
2026-06-01,VEST-FONT-OFF-34,Vestido Fontaine,Off White,34,1699.0,0,8
2026-06-08,VEST-FONT-OFF-34,Vestido Fontaine,Off White,34,1699.0,2,6
2026-06-15,VEST-FONT-OFF-34,Vestido Fontaine,Off White,34,1699.0,2,4
2026-06-22,VEST-FONT-OFF-34,Vestido Fontaine,Off White,34,1699.0,3,1
2026-06-29,VEST-FONT-OFF-34,Vestido Fontaine,Off White,34,1699.0,2,0
2026-07-06,VEST-FONT-OFF-34,Vestido Fontaine,Off White,34,1699.0,4,0
2026-07-13,VEST-FONT-OFF-34,Vestido Fontaine,Off White,34,1699.0,3,17
2026-07-20,VEST-FONT-OFF-34,Vestido Fontaine,Off White,34,1699.0,2,15
2026-07-27,VEST-FONT-OFF-34,Vestido Fontaine,Off White,34,1699.0,0,15
2026-08-03,VEST-FONT-OFF-34,Vestido Fontaine,Off White,34,1699.0,3,12
2026-08-10,VEST-FONT-OFF-34,Vestido Fontaine,Off White,34,1699.0,4,8
2026-08-17,VEST-FONT-OFF-34,Vestido Fontaine,Off White,34,1699.0,3,5
2026-08-24,VEST-FONT-OFF-34,Vestido Fontaine,Off White,34,1699.0,6,28
2025-09-01,VEST-FONT-OFF-36,Vestido Fontaine,Off White,36,1699.0,6,25
2025-09-08,VEST-FONT-OFF-36,Vestido Fontaine,Off White,36,1699.0,1,24
2025-09-15,VEST-FONT-OFF-36,Vestido Fontaine,Off White,36,1699.0,3,21
2025-09-22,VEST-FONT-OFF-36,Vestido Fontaine,Off White,36,1699.0,2,19
2025-09-29,VEST-FONT-OFF-36,Vestido Fontaine,Off White,36,1699.0,10,9
2025-10-06,VEST-FONT-OFF-36,Vestido Fontaine,Off White,36,1699.0,0,9
2025-10-13,VEST-FONT-OFF-36,Vestido Fontaine,Off White,36,1699.0,5,4
2025-10-20,VEST-FONT-OFF-36,Vestido Fontaine,Off White,36,1699.0,7,34
2025-10-27,VEST-FONT-OFF-36,Vestido Fontaine,Off White,36,1699.0,11,23
2025-11-03,VEST-FONT-OFF-36,Vestido Fontaine,Off White,36,1699.0,8,15
2025-11-10,VEST-FONT-OFF-36,Vestido Fontaine,Off White,36,1699.0,5,10
2025-11-17,VEST-FONT-OFF-36,Vestido Fontaine,Off White,36,1699.0,5,5
2025-11-24,VEST-FONT-OFF-36,Vestido Fontaine,Off White,36,1699.0,6,0
2025-12-01,VEST-FONT-OFF-36,Vestido Fontaine,Off White,36,1699.0,3,30
2025-12-08,VEST-FONT-OFF-36,Vestido Fontaine,Off White,36,1699.0,4,26
2025-12-15,VEST-FONT-OFF-36,Vestido Fontaine,Off White,36,1699.0,7,19
2025-12-22,VEST-FONT-OFF-36,Vestido Fontaine,Off White,36,1699.0,4,15
2025-12-29,VEST-FONT-OFF-36,Vestido Fontaine,Off White,36,1699.0,6,9
2026-01-05,VEST-FONT-OFF-36,Vestido Fontaine,Off White,36,1699.0,8,32
2026-01-12,VEST-FONT-OFF-36,Vestido Fontaine,Off White,36,1699.0,6,26
2026-01-19,VEST-FONT-OFF-36,Vestido Fontaine,Off White,36,1699.0,6,20
2026-01-26,VEST-FONT-OFF-36,Vestido Fontaine,Off White,36,1699.0,8,12
2026-02-02,VEST-FONT-OFF-36,Vestido Fontaine,Off White,36,1699.0,5,34
2026-02-09,VEST-FONT-OFF-36,Vestido Fontaine,Off White,36,1699.0,3,31
2026-02-16,VEST-FONT-OFF-36,Vestido Fontaine,Off White,36,1699.0,3,28
2026-02-23,VEST-FONT-OFF-36,Vestido Fontaine,Off White,36,1699.0,2,26
2026-03-02,VEST-FONT-OFF-36,Vestido Fontaine,Off White,36,1699.0,2,24
2026-03-09,VEST-FONT-OFF-36,Vestido Fontaine,Off White,36,1699.0,3,21
2026-03-16,VEST-FONT-OFF-36,Vestido Fontaine,Off White,36,1699.0,3,18
2026-03-23,VEST-FONT-OFF-36,Vestido Fontaine,Off White,36,1699.0,4,14
2026-03-30,VEST-FONT-OFF-36,Vestido Fontaine,Off White,36,1699.0,3,11
2026-04-06,VEST-FONT-OFF-36,Vestido Fontaine,Off White,36,1699.0,3,8
2026-04-13,VEST-FONT-OFF-36,Vestido Fontaine,Off White,36,1699.0,6,2
2026-04-20,VEST-FONT-OFF-36,Vestido Fontaine,Off White,36,1699.0,1,1
2026-04-27,VEST-FONT-OFF-36,Vestido Fontaine,Off White,36,1699.0,0,1
2026-05-04,VEST-FONT-OFF-36,Vestido Fontaine,Off White,36,1699.0,1,0
2026-05-11,VEST-FONT-OFF-36,Vestido Fontaine,Off White,36,1699.0,0,0
2026-05-18,VEST-FONT-OFF-36,Vestido Fontaine,Off White,36,1699.0,2,0
2026-05-25,VEST-FONT-OFF-36,Vestido Fontaine,Off White,36,1699.0,2,0
2026-06-01,VEST-FONT-OFF-36,Vestido Fontaine,Off White,36,1699.0,1,0
2026-06-08,VEST-FONT-OFF-36,Vestido Fontaine,Off White,36,1699.0,2,0
2026-06-15,VEST-FONT-OFF-36,Vestido Fontaine,Off White,36,1699.0,4,15
2026-06-22,VEST-FONT-OFF-36,Vestido Fontaine,Off White,36,1699.0,1,14
2026-06-29,VEST-FONT-OFF-36,Vestido Fontaine,Off White,36,1699.0,1,13
2026-07-06,VEST-FONT-OFF-36,Vestido Fontaine,Off White,36,1699.0,2,11
2026-07-13,VEST-FONT-OFF-36,Vestido Fontaine,Off White,36,1699.0,5,6
2026-07-20,VEST-FONT-OFF-36,Vestido Fontaine,Off White,36,1699.0,1,38
2026-07-27,VEST-FONT-OFF-36,Vestido Fontaine,Off White,36,1699.0,1,37
2026-08-03,VEST-FONT-OFF-36,Vestido Fontaine,Off White,36,1699.0,2,35
2026-08-10,VEST-FONT-OFF-36,Vestido Fontaine,Off White,36,1699.0,0,35
2026-08-17,VEST-FONT-OFF-36,Vestido Fontaine,Off White,36,1699.0,2,33
2026-08-24,VEST-FONT-OFF-36,Vestido Fontaine,Off White,36,1699.0,1,32
2025-09-01,VEST-FONT-OFF-38,Vestido Fontaine,Off White,38,1699.0,5,51
2025-09-08,VEST-FONT-OFF-38,Vestido Fontaine,Off White,38,1699.0,7,44
2025-09-15,VEST-FONT-OFF-38,Vestido Fontaine,Off White,38,1699.0,11,33
2025-09-22,VEST-FONT-OFF-38,Vestido Fontaine,Off White,38,1699.0,4,29
2025-09-29,VEST-FONT-OFF-38,Vestido Fontaine,Off White,38,1699.0,9,20
2025-10-06,VEST-FONT-OFF-38,Vestido Fontaine,Off White,38,1699.0,3,17
2025-10-13,VEST-FONT-OFF-38,Vestido Fontaine,Off White,38,1699.0,6,11
2025-10-20,VEST-FONT-OFF-38,Vestido Fontaine,Off White,38,1699.0,7,20
2025-10-27,VEST-FONT-OFF-38,Vestido Fontaine,Off White,38,1699.0,9,11
2025-11-03,VEST-FONT-OFF-38,Vestido Fontaine,Off White,38,1699.0,10,1
2025-11-10,VEST-FONT-OFF-38,Vestido Fontaine,Off White,38,1699.0,10,0
2025-11-17,VEST-FONT-OFF-38,Vestido Fontaine,Off White,38,1699.0,7,0
2025-11-24,VEST-FONT-OFF-38,Vestido Fontaine,Off White,38,1699.0,8,21
2025-12-01,VEST-FONT-OFF-38,Vestido Fontaine,Off White,38,1699.0,6,15
2025-12-08,VEST-FONT-OFF-38,Vestido Fontaine,Off White,38,1699.0,6,9
2025-12-15,VEST-FONT-OFF-38,Vestido Fontaine,Off White,38,1699.0,15,0
2025-12-22,VEST-FONT-OFF-38,Vestido Fontaine,Off White,38,1699.0,9,0
2025-12-29,VEST-FONT-OFF-38,Vestido Fontaine,Off White,38,1699.0,5,0
2026-01-05,VEST-FONT-OFF-38,Vestido Fontaine,Off White,38,1699.0,8,0
2026-01-12,VEST-FONT-OFF-38,Vestido Fontaine,Off White,38,1699.0,7,0
2026-01-19,VEST-FONT-OFF-38,Vestido Fontaine,Off White,38,1699.0,9,0
2026-01-26,VEST-FONT-OFF-38,Vestido Fontaine,Off White,38,1699.0,4,0
2026-02-02,VEST-FONT-OFF-38,Vestido Fontaine,Off White,38,1699.0,8,0
2026-02-09,VEST-FONT-OFF-38,Vestido Fontaine,Off White,38,1699.0,9,16
2026-02-16,VEST-FONT-OFF-38,Vestido Fontaine,Off White,38,1699.0,8,8
2026-02-23,VEST-FONT-OFF-38,Vestido Fontaine,Off White,38,1699.0,5,3
2026-03-02,VEST-FONT-OFF-38,Vestido Fontaine,Off White,38,1699.0,11,0
2026-03-09,VEST-FONT-OFF-38,Vestido Fontaine,Off White,38,1699.0,6,0
2026-03-16,VEST-FONT-OFF-38,Vestido Fontaine,Off White,38,1699.0,10,20
2026-03-23,VEST-FONT-OFF-38,Vestido Fontaine,Off White,38,1699.0,4,16
2026-03-30,VEST-FONT-OFF-38,Vestido Fontaine,Off White,38,1699.0,5,11
2026-04-06,VEST-FONT-OFF-38,Vestido Fontaine,Off White,38,1699.0,6,32
2026-04-13,VEST-FONT-OFF-38,Vestido Fontaine,Off White,38,1699.0,3,29
2026-04-20,VEST-FONT-OFF-38,Vestido Fontaine,Off White,38,1699.0,6,23
2026-04-27,VEST-FONT-OFF-38,Vestido Fontaine,Off White,38,1699.0,3,20
2026-05-04,VEST-FONT-OFF-38,Vestido Fontaine,Off White,38,1699.0,7,13
2026-05-11,VEST-FONT-OFF-38,Vestido Fontaine,Off White,38,1699.0,4,9
2026-05-18,VEST-FONT-OFF-38,Vestido Fontaine,Off White,38,1699.0,1,8
2026-05-25,VEST-FONT-OFF-38,Vestido Fontaine,Off White,38,1699.0,1,7
2026-06-01,VEST-FONT-OFF-38,Vestido Fontaine,Off White,38,1699.0,6,1
2026-06-08,VEST-FONT-OFF-38,Vestido Fontaine,Off White,38,1699.0,5,34
2026-06-15,VEST-FONT-OFF-38,Vestido Fontaine,Off White,38,1699.0,2,32
2026-06-22,VEST-FONT-OFF-38,Vestido Fontaine,Off White,38,1699.0,8,24
2026-06-29,VEST-FONT-OFF-38,Vestido Fontaine,Off White,38,1699.0,1,23
2026-07-06,VEST-FONT-OFF-38,Vestido Fontaine,Off White,38,1699.0,5,18
2026-07-13,VEST-FONT-OFF-38,Vestido Fontaine,Off White,38,1699.0,5,13
2026-07-20,VEST-FONT-OFF-38,Vestido Fontaine,Off White,38,1699.0,3,10
2026-07-27,VEST-FONT-OFF-38,Vestido Fontaine,Off White,38,1699.0,7,18
2026-08-03,VEST-FONT-OFF-38,Vestido Fontaine,Off White,38,1699.0,4,14
2026-08-10,VEST-FONT-OFF-38,Vestido Fontaine,Off White,38,1699.0,8,27
2026-08-17,VEST-FONT-OFF-38,Vestido Fontaine,Off White,38,1699.0,6,21
2026-08-24,VEST-FONT-OFF-38,Vestido Fontaine,Off White,38,1699.0,8,13
2025-09-01,VEST-FONT-OFF-40,Vestido Fontaine,Off White,40,1699.0,9,21
2025-09-08,VEST-FONT-OFF-40,Vestido Fontaine,Off White,40,1699.0,6,15
2025-09-15,VEST-FONT-OFF-40,Vestido Fontaine,Off White,40,1699.0,5,10
2025-09-22,VEST-FONT-OFF-40,Vestido Fontaine,Off White,40,1699.0,5,38
2025-09-29,VEST-FONT-OFF-40,Vestido Fontaine,Off White,40,1699.0,4,34
2025-10-06,VEST-FONT-OFF-40,Vestido Fontaine,Off White,40,1699.0,4,30
2025-10-13,VEST-FONT-OFF-40,Vestido Fontaine,Off White,40,1699.0,2,28
2025-10-20,VEST-FONT-OFF-40,Vestido Fontaine,Off White,40,1699.0,5,23
2025-10-27,VEST-FONT-OFF-40,Vestido Fontaine,Off White,40,1699.0,4,19
2025-11-03,VEST-FONT-OFF-40,Vestido Fontaine,Off White,40,1699.0,7,12
2025-11-10,VEST-FONT-OFF-40,Vestido Fontaine,Off White,40,1699.0,6,6
2025-11-17,VEST-FONT-OFF-40,Vestido Fontaine,Off White,40,1699.0,8,0
2025-11-24,VEST-FONT-OFF-40,Vestido Fontaine,Off White,40,1699.0,7,0
2025-12-01,VEST-FONT-OFF-40,Vestido Fontaine,Off White,40,1699.0,7,0
2025-12-08,VEST-FONT-OFF-40,Vestido Fontaine,Off White,40,1699.0,9,20
2025-12-15,VEST-FONT-OFF-40,Vestido Fontaine,Off White,40,1699.0,10,10
2025-12-22,VEST-FONT-OFF-40,Vestido Fontaine,Off White,40,1699.0,6,28
2025-12-29,VEST-FONT-OFF-40,Vestido Fontaine,Off White,40,1699.0,8,20
2026-01-05,VEST-FONT-OFF-40,Vestido Fontaine,Off White,40,1699.0,6,14
2026-01-12,VEST-FONT-OFF-40,Vestido Fontaine,Off White,40,1699.0,7,38
2026-01-19,VEST-FONT-OFF-40,Vestido Fontaine,Off White,40,1699.0,4,34
2026-01-26,VEST-FONT-OFF-40,Vestido Fontaine,Off White,40,1699.0,7,27
2026-02-02,VEST-FONT-OFF-40,Vestido Fontaine,Off White,40,1699.0,10,17
2026-02-09,VEST-FONT-OFF-40,Vestido Fontaine,Off White,40,1699.0,6,11
2026-02-16,VEST-FONT-OFF-40,Vestido Fontaine,Off White,40,1699.0,8,3
2026-02-23,VEST-FONT-OFF-40,Vestido Fontaine,Off White,40,1699.0,3,0
2026-03-02,VEST-FONT-OFF-40,Vestido Fontaine,Off White,40,1699.0,1,28
2026-03-09,VEST-FONT-OFF-40,Vestido Fontaine,Off White,40,1699.0,4,24
2026-03-16,VEST-FONT-OFF-40,Vestido Fontaine,Off White,40,1699.0,0,24
2026-03-23,VEST-FONT-OFF-40,Vestido Fontaine,Off White,40,1699.0,3,21
2026-03-30,VEST-FONT-OFF-40,Vestido Fontaine,Off White,40,1699.0,4,17
2026-04-06,VEST-FONT-OFF-40,Vestido Fontaine,Off White,40,1699.0,4,13
2026-04-13,VEST-FONT-OFF-40,Vestido Fontaine,Off White,40,1699.0,5,8
2026-04-20,VEST-FONT-OFF-40,Vestido Fontaine,Off White,40,1699.0,2,6
2026-04-27,VEST-FONT-OFF-40,Vestido Fontaine,Off White,40,1699.0,6,20
2026-05-04,VEST-FONT-OFF-40,Vestido Fontaine,Off White,40,1699.0,8,12
2026-05-11,VEST-FONT-OFF-40,Vestido Fontaine,Off White,40,1699.0,1,11
2026-05-18,VEST-FONT-OFF-40,Vestido Fontaine,Off White,40,1699.0,5,6
2026-05-25,VEST-FONT-OFF-40,Vestido Fontaine,Off White,40,1699.0,1,18
2026-06-01,VEST-FONT-OFF-40,Vestido Fontaine,Off White,40,1699.0,3,15
2026-06-08,VEST-FONT-OFF-40,Vestido Fontaine,Off White,40,1699.0,4,11
2026-06-15,VEST-FONT-OFF-40,Vestido Fontaine,Off White,40,1699.0,6,5
2026-06-22,VEST-FONT-OFF-40,Vestido Fontaine,Off White,40,1699.0,1,18
2026-06-29,VEST-FONT-OFF-40,Vestido Fontaine,Off White,40,1699.0,3,15
2026-07-06,VEST-FONT-OFF-40,Vestido Fontaine,Off White,40,1699.0,3,12
2026-07-13,VEST-FONT-OFF-40,Vestido Fontaine,Off White,40,1699.0,7,5
2026-07-20,VEST-FONT-OFF-40,Vestido Fontaine,Off White,40,1699.0,2,3
2026-07-27,VEST-FONT-OFF-40,Vestido Fontaine,Off White,40,1699.0,1,2
2026-08-03,VEST-FONT-OFF-40,Vestido Fontaine,Off White,40,1699.0,2,28
2026-08-10,VEST-FONT-OFF-40,Vestido Fontaine,Off White,40,1699.0,7,21
2026-08-17,VEST-FONT-OFF-40,Vestido Fontaine,Off White,40,1699.0,1,20
2026-08-24,VEST-FONT-OFF-40,Vestido Fontaine,Off White,40,1699.0,4,16
2025-09-01,VEST-FONT-OFF-42,Vestido Fontaine,Off White,42,1699.0,1,46
2025-09-08,VEST-FONT-OFF-42,Vestido Fontaine,Off White,42,1699.0,2,44
2025-09-15,VEST-FONT-OFF-42,Vestido Fontaine,Off White,42,1699.0,2,42
2025-09-22,VEST-FONT-OFF-42,Vestido Fontaine,Off White,42,1699.0,2,40
2025-09-29,VEST-FONT-OFF-42,Vestido Fontaine,Off White,42,1699.0,5,35
2025-10-06,VEST-FONT-OFF-42,Vestido Fontaine,Off White,42,1699.0,4,31
2025-10-13,VEST-FONT-OFF-42,Vestido Fontaine,Off White,42,1699.0,5,26
2025-10-20,VEST-FONT-OFF-42,Vestido Fontaine,Off White,42,1699.0,1,25
2025-10-27,VEST-FONT-OFF-42,Vestido Fontaine,Off White,42,1699.0,5,20
2025-11-03,VEST-FONT-OFF-42,Vestido Fontaine,Off White,42,1699.0,1,19
2025-11-10,VEST-FONT-OFF-42,Vestido Fontaine,Off White,42,1699.0,6,13
2025-11-17,VEST-FONT-OFF-42,Vestido Fontaine,Off White,42,1699.0,1,12
2025-11-24,VEST-FONT-OFF-42,Vestido Fontaine,Off White,42,1699.0,1,11
2025-12-01,VEST-FONT-OFF-42,Vestido Fontaine,Off White,42,1699.0,1,10
2025-12-08,VEST-FONT-OFF-42,Vestido Fontaine,Off White,42,1699.0,2,8
2025-12-15,VEST-FONT-OFF-42,Vestido Fontaine,Off White,42,1699.0,2,6
2025-12-22,VEST-FONT-OFF-42,Vestido Fontaine,Off White,42,1699.0,3,3
2025-12-29,VEST-FONT-OFF-42,Vestido Fontaine,Off White,42,1699.0,1,14
2026-01-05,VEST-FONT-OFF-42,Vestido Fontaine,Off White,42,1699.0,1,13
2026-01-12,VEST-FONT-OFF-42,Vestido Fontaine,Off White,42,1699.0,0,13
2026-01-19,VEST-FONT-OFF-42,Vestido Fontaine,Off White,42,1699.0,2,11
2026-01-26,VEST-FONT-OFF-42,Vestido Fontaine,Off White,42,1699.0,2,9
2026-02-02,VEST-FONT-OFF-42,Vestido Fontaine,Off White,42,1699.0,2,36
2026-02-09,VEST-FONT-OFF-42,Vestido Fontaine,Off White,42,1699.0,0,36
2026-02-16,VEST-FONT-OFF-42,Vestido Fontaine,Off White,42,1699.0,1,35
2026-02-23,VEST-FONT-OFF-42,Vestido Fontaine,Off White,42,1699.0,2,33
2026-03-02,VEST-FONT-OFF-42,Vestido Fontaine,Off White,42,1699.0,1,32
2026-03-09,VEST-FONT-OFF-42,Vestido Fontaine,Off White,42,1699.0,0,32
2026-03-16,VEST-FONT-OFF-42,Vestido Fontaine,Off White,42,1699.0,1,31
2026-03-23,VEST-FONT-OFF-42,Vestido Fontaine,Off White,42,1699.0,0,31
2026-03-30,VEST-FONT-OFF-42,Vestido Fontaine,Off White,42,1699.0,3,28
2026-04-06,VEST-FONT-OFF-42,Vestido Fontaine,Off White,42,1699.0,2,26
2026-04-13,VEST-FONT-OFF-42,Vestido Fontaine,Off White,42,1699.0,1,25
2026-04-20,VEST-FONT-OFF-42,Vestido Fontaine,Off White,42,1699.0,2,23
2026-04-27,VEST-FONT-OFF-42,Vestido Fontaine,Off White,42,1699.0,1,22
2026-05-04,VEST-FONT-OFF-42,Vestido Fontaine,Off White,42,1699.0,0,22
2026-05-11,VEST-FONT-OFF-42,Vestido Fontaine,Off White,42,1699.0,1,21
2026-05-18,VEST-FONT-OFF-42,Vestido Fontaine,Off White,42,1699.0,0,21
2026-05-25,VEST-FONT-OFF-42,Vestido Fontaine,Off White,42,1699.0,0,21
2026-06-01,VEST-FONT-OFF-42,Vestido Fontaine,Off White,42,1699.0,2,19
2026-06-08,VEST-FONT-OFF-42,Vestido Fontaine,Off White,42,1699.0,1,18
2026-06-15,VEST-FONT-OFF-42,Vestido Fontaine,Off White,42,1699.0,1,17
2026-06-22,VEST-FONT-OFF-42,Vestido Fontaine,Off White,42,1699.0,1,16
2026-06-29,VEST-FONT-OFF-42,Vestido Fontaine,Off White,42,1699.0,3,13
2026-07-06,VEST-FONT-OFF-42,Vestido Fontaine,Off White,42,1699.0,0,13
2026-07-13,VEST-FONT-OFF-42,Vestido Fontaine,Off White,42,1699.0,1,12
2026-07-20,VEST-FONT-OFF-42,Vestido Fontaine,Off White,42,1699.0,0,12
2026-07-27,VEST-FONT-OFF-42,Vestido Fontaine,Off White,42,1699.0,3,9
2026-08-03,VEST-FONT-OFF-42,Vestido Fontaine,Off White,42,1699.0,1,8
2026-08-10,VEST-FONT-OFF-42,Vestido Fontaine,Off White,42,1699.0,0,8
2026-08-17,VEST-FONT-OFF-42,Vestido Fontaine,Off White,42,1699.0,2,36
2026-08-24,VEST-FONT-OFF-42,Vestido Fontaine,Off White,42,1699.0,2,34
2025-09-01,VEST-FONT-OFF-44,Vestido Fontaine,Off White,44,1699.0,3,55
2025-09-08,VEST-FONT-OFF-44,Vestido Fontaine,Off White,44,1699.0,4,51
2025-09-15,VEST-FONT-OFF-44,Vestido Fontaine,Off White,44,1699.0,3,48
2025-09-22,VEST-FONT-OFF-44,Vestido Fontaine,Off White,44,1699.0,7,41
2025-09-29,VEST-FONT-OFF-44,Vestido Fontaine,Off White,44,1699.0,5,36
2025-10-06,VEST-FONT-OFF-44,Vestido Fontaine,Off White,44,1699.0,4,32
2025-10-13,VEST-FONT-OFF-44,Vestido Fontaine,Off White,44,1699.0,2,30
2025-10-20,VEST-FONT-OFF-44,Vestido Fontaine,Off White,44,1699.0,7,23
2025-10-27,VEST-FONT-OFF-44,Vestido Fontaine,Off White,44,1699.0,5,18
2025-11-03,VEST-FONT-OFF-44,Vestido Fontaine,Off White,44,1699.0,5,13
2025-11-10,VEST-FONT-OFF-44,Vestido Fontaine,Off White,44,1699.0,5,8
2025-11-17,VEST-FONT-OFF-44,Vestido Fontaine,Off White,44,1699.0,6,14
2025-11-24,VEST-FONT-OFF-44,Vestido Fontaine,Off White,44,1699.0,5,9
2025-12-01,VEST-FONT-OFF-44,Vestido Fontaine,Off White,44,1699.0,4,5
2025-12-08,VEST-FONT-OFF-44,Vestido Fontaine,Off White,44,1699.0,6,0
2025-12-15,VEST-FONT-OFF-44,Vestido Fontaine,Off White,44,1699.0,6,0
2025-12-22,VEST-FONT-OFF-44,Vestido Fontaine,Off White,44,1699.0,7,0
2025-12-29,VEST-FONT-OFF-44,Vestido Fontaine,Off White,44,1699.0,3,0
2026-01-05,VEST-FONT-OFF-44,Vestido Fontaine,Off White,44,1699.0,6,0
2026-01-12,VEST-FONT-OFF-44,Vestido Fontaine,Off White,44,1699.0,2,0
2026-01-19,VEST-FONT-OFF-44,Vestido Fontaine,Off White,44,1699.0,1,0
2026-01-26,VEST-FONT-OFF-44,Vestido Fontaine,Off White,44,1699.0,8,0
2026-02-02,VEST-FONT-OFF-44,Vestido Fontaine,Off White,44,1699.0,7,0
2026-02-09,VEST-FONT-OFF-44,Vestido Fontaine,Off White,44,1699.0,0,12
2026-02-16,VEST-FONT-OFF-44,Vestido Fontaine,Off White,44,1699.0,2,10
2026-02-23,VEST-FONT-OFF-44,Vestido Fontaine,Off White,44,1699.0,1,9
2026-03-02,VEST-FONT-OFF-44,Vestido Fontaine,Off White,44,1699.0,2,34
2026-03-09,VEST-FONT-OFF-44,Vestido Fontaine,Off White,44,1699.0,8,26
2026-03-16,VEST-FONT-OFF-44,Vestido Fontaine,Off White,44,1699.0,2,24
2026-03-23,VEST-FONT-OFF-44,Vestido Fontaine,Off White,44,1699.0,2,22
2026-03-30,VEST-FONT-OFF-44,Vestido Fontaine,Off White,44,1699.0,2,20
2026-04-06,VEST-FONT-OFF-44,Vestido Fontaine,Off White,44,1699.0,5,15
2026-04-13,VEST-FONT-OFF-44,Vestido Fontaine,Off White,44,1699.0,2,13
2026-04-20,VEST-FONT-OFF-44,Vestido Fontaine,Off White,44,1699.0,1,12
2026-04-27,VEST-FONT-OFF-44,Vestido Fontaine,Off White,44,1699.0,5,24
2026-05-04,VEST-FONT-OFF-44,Vestido Fontaine,Off White,44,1699.0,6,18
2026-05-11,VEST-FONT-OFF-44,Vestido Fontaine,Off White,44,1699.0,4,14
2026-05-18,VEST-FONT-OFF-44,Vestido Fontaine,Off White,44,1699.0,3,11
2026-05-25,VEST-FONT-OFF-44,Vestido Fontaine,Off White,44,1699.0,1,10
2026-06-01,VEST-FONT-OFF-44,Vestido Fontaine,Off White,44,1699.0,1,9
2026-06-08,VEST-FONT-OFF-44,Vestido Fontaine,Off White,44,1699.0,0,9
2026-06-15,VEST-FONT-OFF-44,Vestido Fontaine,Off White,44,1699.0,2,34
2026-06-22,VEST-FONT-OFF-44,Vestido Fontaine,Off White,44,1699.0,3,31
2026-06-29,VEST-FONT-OFF-44,Vestido Fontaine,Off White,44,1699.0,2,29
2026-07-06,VEST-FONT-OFF-44,Vestido Fontaine,Off White,44,1699.0,1,28
2026-07-13,VEST-FONT-OFF-44,Vestido Fontaine,Off White,44,1699.0,2,26
2026-07-20,VEST-FONT-OFF-44,Vestido Fontaine,Off White,44,1699.0,1,25
2026-07-27,VEST-FONT-OFF-44,Vestido Fontaine,Off White,44,1699.0,6,19
2026-08-03,VEST-FONT-OFF-44,Vestido Fontaine,Off White,44,1699.0,4,15
2026-08-10,VEST-FONT-OFF-44,Vestido Fontaine,Off White,44,1699.0,6,9
2026-08-17,VEST-FONT-OFF-44,Vestido Fontaine,Off White,44,1699.0,4,34
2026-08-24,VEST-FONT-OFF-44,Vestido Fontaine,Off White,44,1699.0,1,33
2025-09-01,VEST-FONT-AZU-34,Vestido Fontaine,Azul,34,1699.0,3,61
2025-09-08,VEST-FONT-AZU-34,Vestido Fontaine,Azul,34,1699.0,5,56
2025-09-15,VEST-FONT-AZU-34,Vestido Fontaine,Azul,34,1699.0,5,51
2025-09-22,VEST-FONT-AZU-34,Vestido Fontaine,Azul,34,1699.0,3,48
2025-09-29,VEST-FONT-AZU-34,Vestido Fontaine,Azul,34,1699.0,3,45
2025-10-06,VEST-FONT-AZU-34,Vestido Fontaine,Azul,34,1699.0,2,43
2025-10-13,VEST-FONT-AZU-34,Vestido Fontaine,Azul,34,1699.0,4,39
2025-10-20,VEST-FONT-AZU-34,Vestido Fontaine,Azul,34,1699.0,3,36
2025-10-27,VEST-FONT-AZU-34,Vestido Fontaine,Azul,34,1699.0,6,30
2025-11-03,VEST-FONT-AZU-34,Vestido Fontaine,Azul,34,1699.0,3,27
2025-11-10,VEST-FONT-AZU-34,Vestido Fontaine,Azul,34,1699.0,5,22
2025-11-17,VEST-FONT-AZU-34,Vestido Fontaine,Azul,34,1699.0,4,18
2025-11-24,VEST-FONT-AZU-34,Vestido Fontaine,Azul,34,1699.0,6,12
2025-12-01,VEST-FONT-AZU-34,Vestido Fontaine,Azul,34,1699.0,4,8
2025-12-08,VEST-FONT-AZU-34,Vestido Fontaine,Azul,34,1699.0,0,8
2025-12-15,VEST-FONT-AZU-34,Vestido Fontaine,Azul,34,1699.0,2,6
2025-12-22,VEST-FONT-AZU-34,Vestido Fontaine,Azul,34,1699.0,6,0
2025-12-29,VEST-FONT-AZU-34,Vestido Fontaine,Azul,34,1699.0,5,0
2026-01-05,VEST-FONT-AZU-34,Vestido Fontaine,Azul,34,1699.0,1,0
2026-01-12,VEST-FONT-AZU-34,Vestido Fontaine,Azul,34,1699.0,2,0
2026-01-19,VEST-FONT-AZU-34,Vestido Fontaine,Azul,34,1699.0,7,0
2026-01-26,VEST-FONT-AZU-34,Vestido Fontaine,Azul,34,1699.0,8,0
2026-02-02,VEST-FONT-AZU-34,Vestido Fontaine,Azul,34,1699.0,2,0
2026-02-09,VEST-FONT-AZU-34,Vestido Fontaine,Azul,34,1699.0,0,32
2026-02-16,VEST-FONT-AZU-34,Vestido Fontaine,Azul,34,1699.0,0,32
2026-02-23,VEST-FONT-AZU-34,Vestido Fontaine,Azul,34,1699.0,6,26
2026-03-02,VEST-FONT-AZU-34,Vestido Fontaine,Azul,34,1699.0,3,23
2026-03-09,VEST-FONT-AZU-34,Vestido Fontaine,Azul,34,1699.0,0,23
2026-03-16,VEST-FONT-AZU-34,Vestido Fontaine,Azul,34,1699.0,4,19
2026-03-23,VEST-FONT-AZU-34,Vestido Fontaine,Azul,34,1699.0,2,17
2026-03-30,VEST-FONT-AZU-34,Vestido Fontaine,Azul,34,1699.0,4,13
2026-04-06,VEST-FONT-AZU-34,Vestido Fontaine,Azul,34,1699.0,5,8
2026-04-13,VEST-FONT-AZU-34,Vestido Fontaine,Azul,34,1699.0,2,6
2026-04-20,VEST-FONT-AZU-34,Vestido Fontaine,Azul,34,1699.0,1,31
2026-04-27,VEST-FONT-AZU-34,Vestido Fontaine,Azul,34,1699.0,2,29
2026-05-04,VEST-FONT-AZU-34,Vestido Fontaine,Azul,34,1699.0,1,28
2026-05-11,VEST-FONT-AZU-34,Vestido Fontaine,Azul,34,1699.0,2,26
2026-05-18,VEST-FONT-AZU-34,Vestido Fontaine,Azul,34,1699.0,0,26
2026-05-25,VEST-FONT-AZU-34,Vestido Fontaine,Azul,34,1699.0,5,21
2026-06-01,VEST-FONT-AZU-34,Vestido Fontaine,Azul,34,1699.0,2,19
2026-06-08,VEST-FONT-AZU-34,Vestido Fontaine,Azul,34,1699.0,3,16
2026-06-15,VEST-FONT-AZU-34,Vestido Fontaine,Azul,34,1699.0,2,14
2026-06-22,VEST-FONT-AZU-34,Vestido Fontaine,Azul,34,1699.0,0,14
2026-06-29,VEST-FONT-AZU-34,Vestido Fontaine,Azul,34,1699.0,2,12
2026-07-06,VEST-FONT-AZU-34,Vestido Fontaine,Azul,34,1699.0,3,9
2026-07-13,VEST-FONT-AZU-34,Vestido Fontaine,Azul,34,1699.0,1,8
2026-07-20,VEST-FONT-AZU-34,Vestido Fontaine,Azul,34,1699.0,1,38
2026-07-27,VEST-FONT-AZU-34,Vestido Fontaine,Azul,34,1699.0,2,36
2026-08-03,VEST-FONT-AZU-34,Vestido Fontaine,Azul,34,1699.0,4,32
2026-08-10,VEST-FONT-AZU-34,Vestido Fontaine,Azul,34,1699.0,1,31
2026-08-17,VEST-FONT-AZU-34,Vestido Fontaine,Azul,34,1699.0,4,27
2026-08-24,VEST-FONT-AZU-34,Vestido Fontaine,Azul,34,1699.0,1,26
2025-09-01,VEST-FONT-AZU-36,Vestido Fontaine,Azul,36,1699.0,5,54
2025-09-08,VEST-FONT-AZU-36,Vestido Fontaine,Azul,36,1699.0,3,51
2025-09-15,VEST-FONT-AZU-36,Vestido Fontaine,Azul,36,1699.0,5,46
2025-09-22,VEST-FONT-AZU-36,Vestido Fontaine,Azul,36,1699.0,5,41
2025-09-29,VEST-FONT-AZU-36,Vestido Fontaine,Azul,36,1699.0,4,37
2025-10-06,VEST-FONT-AZU-36,Vestido Fontaine,Azul,36,1699.0,7,30
2025-10-13,VEST-FONT-AZU-36,Vestido Fontaine,Azul,36,1699.0,4,26
2025-10-20,VEST-FONT-AZU-36,Vestido Fontaine,Azul,36,1699.0,7,19
2025-10-27,VEST-FONT-AZU-36,Vestido Fontaine,Azul,36,1699.0,8,11
2025-11-03,VEST-FONT-AZU-36,Vestido Fontaine,Azul,36,1699.0,6,29
2025-11-10,VEST-FONT-AZU-36,Vestido Fontaine,Azul,36,1699.0,12,17
2025-11-17,VEST-FONT-AZU-36,Vestido Fontaine,Azul,36,1699.0,8,9
2025-11-24,VEST-FONT-AZU-36,Vestido Fontaine,Azul,36,1699.0,5,4
2025-12-01,VEST-FONT-AZU-36,Vestido Fontaine,Azul,36,1699.0,11,15
2025-12-08,VEST-FONT-AZU-36,Vestido Fontaine,Azul,36,1699.0,6,9
2025-12-15,VEST-FONT-AZU-36,Vestido Fontaine,Azul,36,1699.0,7,2
2025-12-22,VEST-FONT-AZU-36,Vestido Fontaine,Azul,36,1699.0,4,0
2025-12-29,VEST-FONT-AZU-36,Vestido Fontaine,Azul,36,1699.0,4,0
2026-01-05,VEST-FONT-AZU-36,Vestido Fontaine,Azul,36,1699.0,7,28
2026-01-12,VEST-FONT-AZU-36,Vestido Fontaine,Azul,36,1699.0,7,21
2026-01-19,VEST-FONT-AZU-36,Vestido Fontaine,Azul,36,1699.0,3,18
2026-01-26,VEST-FONT-AZU-36,Vestido Fontaine,Azul,36,1699.0,4,14
2026-02-02,VEST-FONT-AZU-36,Vestido Fontaine,Azul,36,1699.0,4,10
2026-02-09,VEST-FONT-AZU-36,Vestido Fontaine,Azul,36,1699.0,8,2
2026-02-16,VEST-FONT-AZU-36,Vestido Fontaine,Azul,36,1699.0,7,33
2026-02-23,VEST-FONT-AZU-36,Vestido Fontaine,Azul,36,1699.0,5,28
2026-03-02,VEST-FONT-AZU-36,Vestido Fontaine,Azul,36,1699.0,4,24
2026-03-09,VEST-FONT-AZU-36,Vestido Fontaine,Azul,36,1699.0,2,22
2026-03-16,VEST-FONT-AZU-36,Vestido Fontaine,Azul,36,1699.0,2,20
2026-03-23,VEST-FONT-AZU-36,Vestido Fontaine,Azul,36,1699.0,5,15
2026-03-30,VEST-FONT-AZU-36,Vestido Fontaine,Azul,36,1699.0,6,9
2026-04-06,VEST-FONT-AZU-36,Vestido Fontaine,Azul,36,1699.0,3,6
2026-04-13,VEST-FONT-AZU-36,Vestido Fontaine,Azul,36,1699.0,3,3
2026-04-20,VEST-FONT-AZU-36,Vestido Fontaine,Azul,36,1699.0,2,1
2026-04-27,VEST-FONT-AZU-36,Vestido Fontaine,Azul,36,1699.0,3,19
2026-05-04,VEST-FONT-AZU-36,Vestido Fontaine,Azul,36,1699.0,4,15
2026-05-11,VEST-FONT-AZU-36,Vestido Fontaine,Azul,36,1699.0,2,13
2026-05-18,VEST-FONT-AZU-36,Vestido Fontaine,Azul,36,1699.0,1,12
2026-05-25,VEST-FONT-AZU-36,Vestido Fontaine,Azul,36,1699.0,2,10
2026-06-01,VEST-FONT-AZU-36,Vestido Fontaine,Azul,36,1699.0,2,8
2026-06-08,VEST-FONT-AZU-36,Vestido Fontaine,Azul,36,1699.0,1,26
2026-06-15,VEST-FONT-AZU-36,Vestido Fontaine,Azul,36,1699.0,2,24
2026-06-22,VEST-FONT-AZU-36,Vestido Fontaine,Azul,36,1699.0,4,20
2026-06-29,VEST-FONT-AZU-36,Vestido Fontaine,Azul,36,1699.0,5,15
2026-07-06,VEST-FONT-AZU-36,Vestido Fontaine,Azul,36,1699.0,1,14
2026-07-13,VEST-FONT-AZU-36,Vestido Fontaine,Azul,36,1699.0,3,11
2026-07-20,VEST-FONT-AZU-36,Vestido Fontaine,Azul,36,1699.0,4,19
2026-07-27,VEST-FONT-AZU-36,Vestido Fontaine,Azul,36,1699.0,6,13
2026-08-03,VEST-FONT-AZU-36,Vestido Fontaine,Azul,36,1699.0,1,12
2026-08-10,VEST-FONT-AZU-36,Vestido Fontaine,Azul,36,1699.0,2,10
2026-08-17,VEST-FONT-AZU-36,Vestido Fontaine,Azul,36,1699.0,5,31
2026-08-24,VEST-FONT-AZU-36,Vestido Fontaine,Azul,36,1699.0,5,26
2025-09-01,VEST-FONT-AZU-38,Vestido Fontaine,Azul,38,1699.0,2,46
2025-09-08,VEST-FONT-AZU-38,Vestido Fontaine,Azul,38,1699.0,3,43
2025-09-15,VEST-FONT-AZU-38,Vestido Fontaine,Azul,38,1699.0,6,37
2025-09-22,VEST-FONT-AZU-38,Vestido Fontaine,Azul,38,1699.0,3,34
2025-09-29,VEST-FONT-AZU-38,Vestido Fontaine,Azul,38,1699.0,7,27
2025-10-06,VEST-FONT-AZU-38,Vestido Fontaine,Azul,38,1699.0,5,22
2025-10-13,VEST-FONT-AZU-38,Vestido Fontaine,Azul,38,1699.0,5,17
2025-10-20,VEST-FONT-AZU-38,Vestido Fontaine,Azul,38,1699.0,3,14
2025-10-27,VEST-FONT-AZU-38,Vestido Fontaine,Azul,38,1699.0,6,8
2025-11-03,VEST-FONT-AZU-38,Vestido Fontaine,Azul,38,1699.0,7,1
2025-11-10,VEST-FONT-AZU-38,Vestido Fontaine,Azul,38,1699.0,6,14
2025-11-17,VEST-FONT-AZU-38,Vestido Fontaine,Azul,38,1699.0,8,6
2025-11-24,VEST-FONT-AZU-38,Vestido Fontaine,Azul,38,1699.0,2,29
2025-12-01,VEST-FONT-AZU-38,Vestido Fontaine,Azul,38,1699.0,7,22
2025-12-08,VEST-FONT-AZU-38,Vestido Fontaine,Azul,38,1699.0,5,17
2025-12-15,VEST-FONT-AZU-38,Vestido Fontaine,Azul,38,1699.0,2,15
2025-12-22,VEST-FONT-AZU-38,Vestido Fontaine,Azul,38,1699.0,8,7
2025-12-29,VEST-FONT-AZU-38,Vestido Fontaine,Azul,38,1699.0,7,0
2026-01-05,VEST-FONT-AZU-38,Vestido Fontaine,Azul,38,1699.0,4,0
2026-01-12,VEST-FONT-AZU-38,Vestido Fontaine,Azul,38,1699.0,6,0
2026-01-19,VEST-FONT-AZU-38,Vestido Fontaine,Azul,38,1699.0,6,0
2026-01-26,VEST-FONT-AZU-38,Vestido Fontaine,Azul,38,1699.0,4,32
2026-02-02,VEST-FONT-AZU-38,Vestido Fontaine,Azul,38,1699.0,4,28
2026-02-09,VEST-FONT-AZU-38,Vestido Fontaine,Azul,38,1699.0,5,23
2026-02-16,VEST-FONT-AZU-38,Vestido Fontaine,Azul,38,1699.0,4,19
2026-02-23,VEST-FONT-AZU-38,Vestido Fontaine,Azul,38,1699.0,6,13
2026-03-02,VEST-FONT-AZU-38,Vestido Fontaine,Azul,38,1699.0,6,7
2026-03-09,VEST-FONT-AZU-38,Vestido Fontaine,Azul,38,1699.0,6,28
2026-03-16,VEST-FONT-AZU-38,Vestido Fontaine,Azul,38,1699.0,4,24
2026-03-23,VEST-FONT-AZU-38,Vestido Fontaine,Azul,38,1699.0,3,21
2026-03-30,VEST-FONT-AZU-38,Vestido Fontaine,Azul,38,1699.0,1,20
2026-04-06,VEST-FONT-AZU-38,Vestido Fontaine,Azul,38,1699.0,3,17
2026-04-13,VEST-FONT-AZU-38,Vestido Fontaine,Azul,38,1699.0,1,16
2026-04-20,VEST-FONT-AZU-38,Vestido Fontaine,Azul,38,1699.0,1,15
2026-04-27,VEST-FONT-AZU-38,Vestido Fontaine,Azul,38,1699.0,3,12
2026-05-04,VEST-FONT-AZU-38,Vestido Fontaine,Azul,38,1699.0,3,9
2026-05-11,VEST-FONT-AZU-38,Vestido Fontaine,Azul,38,1699.0,6,21
2026-05-18,VEST-FONT-AZU-38,Vestido Fontaine,Azul,38,1699.0,1,20
2026-05-25,VEST-FONT-AZU-38,Vestido Fontaine,Azul,38,1699.0,2,18
2026-06-01,VEST-FONT-AZU-38,Vestido Fontaine,Azul,38,1699.0,3,15
2026-06-08,VEST-FONT-AZU-38,Vestido Fontaine,Azul,38,1699.0,4,11
2026-06-15,VEST-FONT-AZU-38,Vestido Fontaine,Azul,38,1699.0,2,9
2026-06-22,VEST-FONT-AZU-38,Vestido Fontaine,Azul,38,1699.0,2,7
2026-06-29,VEST-FONT-AZU-38,Vestido Fontaine,Azul,38,1699.0,1,6
2026-07-06,VEST-FONT-AZU-38,Vestido Fontaine,Azul,38,1699.0,5,32
2026-07-13,VEST-FONT-AZU-38,Vestido Fontaine,Azul,38,1699.0,4,28
2026-07-20,VEST-FONT-AZU-38,Vestido Fontaine,Azul,38,1699.0,6,22
2026-07-27,VEST-FONT-AZU-38,Vestido Fontaine,Azul,38,1699.0,1,21
2026-08-03,VEST-FONT-AZU-38,Vestido Fontaine,Azul,38,1699.0,3,18
2026-08-10,VEST-FONT-AZU-38,Vestido Fontaine,Azul,38,1699.0,3,15
2026-08-17,VEST-FONT-AZU-38,Vestido Fontaine,Azul,38,1699.0,4,11
2026-08-24,VEST-FONT-AZU-38,Vestido Fontaine,Azul,38,1699.0,2,9
2025-09-01,VEST-FONT-AZU-40,Vestido Fontaine,Azul,40,1699.0,4,37
2025-09-08,VEST-FONT-AZU-40,Vestido Fontaine,Azul,40,1699.0,1,36
2025-09-15,VEST-FONT-AZU-40,Vestido Fontaine,Azul,40,1699.0,3,33
2025-09-22,VEST-FONT-AZU-40,Vestido Fontaine,Azul,40,1699.0,3,30
2025-09-29,VEST-FONT-AZU-40,Vestido Fontaine,Azul,40,1699.0,3,27
2025-10-06,VEST-FONT-AZU-40,Vestido Fontaine,Azul,40,1699.0,0,27
2025-10-13,VEST-FONT-AZU-40,Vestido Fontaine,Azul,40,1699.0,1,26
2025-10-20,VEST-FONT-AZU-40,Vestido Fontaine,Azul,40,1699.0,1,25
2025-10-27,VEST-FONT-AZU-40,Vestido Fontaine,Azul,40,1699.0,2,23
2025-11-03,VEST-FONT-AZU-40,Vestido Fontaine,Azul,40,1699.0,2,21
2025-11-10,VEST-FONT-AZU-40,Vestido Fontaine,Azul,40,1699.0,0,21
2025-11-17,VEST-FONT-AZU-40,Vestido Fontaine,Azul,40,1699.0,2,19
2025-11-24,VEST-FONT-AZU-40,Vestido Fontaine,Azul,40,1699.0,3,16
2025-12-01,VEST-FONT-AZU-40,Vestido Fontaine,Azul,40,1699.0,4,12
2025-12-08,VEST-FONT-AZU-40,Vestido Fontaine,Azul,40,1699.0,1,11
2025-12-15,VEST-FONT-AZU-40,Vestido Fontaine,Azul,40,1699.0,0,11
2025-12-22,VEST-FONT-AZU-40,Vestido Fontaine,Azul,40,1699.0,2,9
2025-12-29,VEST-FONT-AZU-40,Vestido Fontaine,Azul,40,1699.0,2,21
2026-01-05,VEST-FONT-AZU-40,Vestido Fontaine,Azul,40,1699.0,1,20
2026-01-12,VEST-FONT-AZU-40,Vestido Fontaine,Azul,40,1699.0,3,17
2026-01-19,VEST-FONT-AZU-40,Vestido Fontaine,Azul,40,1699.0,1,16
2026-01-26,VEST-FONT-AZU-40,Vestido Fontaine,Azul,40,1699.0,2,14
2026-02-02,VEST-FONT-AZU-40,Vestido Fontaine,Azul,40,1699.0,3,11
2026-02-09,VEST-FONT-AZU-40,Vestido Fontaine,Azul,40,1699.0,1,10
2026-02-16,VEST-FONT-AZU-40,Vestido Fontaine,Azul,40,1699.0,1,9
2026-02-23,VEST-FONT-AZU-40,Vestido Fontaine,Azul,40,1699.0,0,9
2026-03-02,VEST-FONT-AZU-40,Vestido Fontaine,Azul,40,1699.0,0,9
2026-03-09,VEST-FONT-AZU-40,Vestido Fontaine,Azul,40,1699.0,3,6
2026-03-16,VEST-FONT-AZU-40,Vestido Fontaine,Azul,40,1699.0,1,5
2026-03-23,VEST-FONT-AZU-40,Vestido Fontaine,Azul,40,1699.0,1,4
2026-03-30,VEST-FONT-AZU-40,Vestido Fontaine,Azul,40,1699.0,1,3
2026-04-06,VEST-FONT-AZU-40,Vestido Fontaine,Azul,40,1699.0,1,2
2026-04-13,VEST-FONT-AZU-40,Vestido Fontaine,Azul,40,1699.0,2,0
2026-04-20,VEST-FONT-AZU-40,Vestido Fontaine,Azul,40,1699.0,1,0
2026-04-27,VEST-FONT-AZU-40,Vestido Fontaine,Azul,40,1699.0,2,0
2026-05-04,VEST-FONT-AZU-40,Vestido Fontaine,Azul,40,1699.0,2,0
2026-05-11,VEST-FONT-AZU-40,Vestido Fontaine,Azul,40,1699.0,2,0
2026-05-18,VEST-FONT-AZU-40,Vestido Fontaine,Azul,40,1699.0,1,0
2026-05-25,VEST-FONT-AZU-40,Vestido Fontaine,Azul,40,1699.0,0,0
2026-06-01,VEST-FONT-AZU-40,Vestido Fontaine,Azul,40,1699.0,1,0
2026-06-08,VEST-FONT-AZU-40,Vestido Fontaine,Azul,40,1699.0,2,20
2026-06-15,VEST-FONT-AZU-40,Vestido Fontaine,Azul,40,1699.0,0,20
2026-06-22,VEST-FONT-AZU-40,Vestido Fontaine,Azul,40,1699.0,0,20
2026-06-29,VEST-FONT-AZU-40,Vestido Fontaine,Azul,40,1699.0,0,20
2026-07-06,VEST-FONT-AZU-40,Vestido Fontaine,Azul,40,1699.0,2,18
2026-07-13,VEST-FONT-AZU-40,Vestido Fontaine,Azul,40,1699.0,1,17
2026-07-20,VEST-FONT-AZU-40,Vestido Fontaine,Azul,40,1699.0,1,16
2026-07-27,VEST-FONT-AZU-40,Vestido Fontaine,Azul,40,1699.0,1,15
2026-08-03,VEST-FONT-AZU-40,Vestido Fontaine,Azul,40,1699.0,1,14
2026-08-10,VEST-FONT-AZU-40,Vestido Fontaine,Azul,40,1699.0,1,13
2026-08-17,VEST-FONT-AZU-40,Vestido Fontaine,Azul,40,1699.0,1,12
2026-08-24,VEST-FONT-AZU-40,Vestido Fontaine,Azul,40,1699.0,2,10
2025-09-01,VEST-FONT-AZU-42,Vestido Fontaine,Azul,42,1699.0,4,45
2025-09-08,VEST-FONT-AZU-42,Vestido Fontaine,Azul,42,1699.0,8,37
2025-09-15,VEST-FONT-AZU-42,Vestido Fontaine,Azul,42,1699.0,7,30
2025-09-22,VEST-FONT-AZU-42,Vestido Fontaine,Azul,42,1699.0,12,18
2025-09-29,VEST-FONT-AZU-42,Vestido Fontaine,Azul,42,1699.0,10,8
2025-10-06,VEST-FONT-AZU-42,Vestido Fontaine,Azul,42,1699.0,6,2
2025-10-13,VEST-FONT-AZU-42,Vestido Fontaine,Azul,42,1699.0,5,32
2025-10-20,VEST-FONT-AZU-42,Vestido Fontaine,Azul,42,1699.0,8,24
2025-10-27,VEST-FONT-AZU-42,Vestido Fontaine,Azul,42,1699.0,7,17
2025-11-03,VEST-FONT-AZU-42,Vestido Fontaine,Azul,42,1699.0,2,15
2025-11-10,VEST-FONT-AZU-42,Vestido Fontaine,Azul,42,1699.0,2,13
2025-11-17,VEST-FONT-AZU-42,Vestido Fontaine,Azul,42,1699.0,13,12
2025-11-24,VEST-FONT-AZU-42,Vestido Fontaine,Azul,42,1699.0,4,8
2025-12-01,VEST-FONT-AZU-42,Vestido Fontaine,Azul,42,1699.0,5,3
2025-12-08,VEST-FONT-AZU-42,Vestido Fontaine,Azul,42,1699.0,8,0
2025-12-15,VEST-FONT-AZU-42,Vestido Fontaine,Azul,42,1699.0,4,0
2025-12-22,VEST-FONT-AZU-42,Vestido Fontaine,Azul,42,1699.0,8,0
2025-12-29,VEST-FONT-AZU-42,Vestido Fontaine,Azul,42,1699.0,6,0
2026-01-05,VEST-FONT-AZU-42,Vestido Fontaine,Azul,42,1699.0,5,0
2026-01-12,VEST-FONT-AZU-42,Vestido Fontaine,Azul,42,1699.0,6,0
2026-01-19,VEST-FONT-AZU-42,Vestido Fontaine,Azul,42,1699.0,11,0
2026-01-26,VEST-FONT-AZU-42,Vestido Fontaine,Azul,42,1699.0,6,18
2026-02-02,VEST-FONT-AZU-42,Vestido Fontaine,Azul,42,1699.0,6,12
2026-02-09,VEST-FONT-AZU-42,Vestido Fontaine,Azul,42,1699.0,6,6
2026-02-16,VEST-FONT-AZU-42,Vestido Fontaine,Azul,42,1699.0,5,1
2026-02-23,VEST-FONT-AZU-42,Vestido Fontaine,Azul,42,1699.0,3,21
2026-03-02,VEST-FONT-AZU-42,Vestido Fontaine,Azul,42,1699.0,3,18
2026-03-09,VEST-FONT-AZU-42,Vestido Fontaine,Azul,42,1699.0,7,11
2026-03-16,VEST-FONT-AZU-42,Vestido Fontaine,Azul,42,1699.0,4,21
2026-03-23,VEST-FONT-AZU-42,Vestido Fontaine,Azul,42,1699.0,7,14
2026-03-30,VEST-FONT-AZU-42,Vestido Fontaine,Azul,42,1699.0,4,10
2026-04-06,VEST-FONT-AZU-42,Vestido Fontaine,Azul,42,1699.0,3,31
2026-04-13,VEST-FONT-AZU-42,Vestido Fontaine,Azul,42,1699.0,6,25
2026-04-20,VEST-FONT-AZU-42,Vestido Fontaine,Azul,42,1699.0,3,22
2026-04-27,VEST-FONT-AZU-42,Vestido Fontaine,Azul,42,1699.0,5,17
2026-05-04,VEST-FONT-AZU-42,Vestido Fontaine,Azul,42,1699.0,2,15
2026-05-11,VEST-FONT-AZU-42,Vestido Fontaine,Azul,42,1699.0,4,11
2026-05-18,VEST-FONT-AZU-42,Vestido Fontaine,Azul,42,1699.0,6,5
2026-05-25,VEST-FONT-AZU-42,Vestido Fontaine,Azul,42,1699.0,2,30
2026-06-01,VEST-FONT-AZU-42,Vestido Fontaine,Azul,42,1699.0,4,26
2026-06-08,VEST-FONT-AZU-42,Vestido Fontaine,Azul,42,1699.0,2,24
2026-06-15,VEST-FONT-AZU-42,Vestido Fontaine,Azul,42,1699.0,7,17
2026-06-22,VEST-FONT-AZU-42,Vestido Fontaine,Azul,42,1699.0,2,15
2026-06-29,VEST-FONT-AZU-42,Vestido Fontaine,Azul,42,1699.0,4,11
2026-07-06,VEST-FONT-AZU-42,Vestido Fontaine,Azul,42,1699.0,2,9
2026-07-13,VEST-FONT-AZU-42,Vestido Fontaine,Azul,42,1699.0,8,15
2026-07-20,VEST-FONT-AZU-42,Vestido Fontaine,Azul,42,1699.0,8,7
2026-07-27,VEST-FONT-AZU-42,Vestido Fontaine,Azul,42,1699.0,4,3
2026-08-03,VEST-FONT-AZU-42,Vestido Fontaine,Azul,42,1699.0,3,0
2026-08-10,VEST-FONT-AZU-42,Vestido Fontaine,Azul,42,1699.0,3,0
2026-08-17,VEST-FONT-AZU-42,Vestido Fontaine,Azul,42,1699.0,7,21
2026-08-24,VEST-FONT-AZU-42,Vestido Fontaine,Azul,42,1699.0,2,19
2025-09-01,VEST-FONT-AZU-44,Vestido Fontaine,Azul,44,1699.0,3,61
2025-09-08,VEST-FONT-AZU-44,Vestido Fontaine,Azul,44,1699.0,4,57
2025-09-15,VEST-FONT-AZU-44,Vestido Fontaine,Azul,44,1699.0,4,53
2025-09-22,VEST-FONT-AZU-44,Vestido Fontaine,Azul,44,1699.0,0,53
2025-09-29,VEST-FONT-AZU-44,Vestido Fontaine,Azul,44,1699.0,3,50
2025-10-06,VEST-FONT-AZU-44,Vestido Fontaine,Azul,44,1699.0,3,47
2025-10-13,VEST-FONT-AZU-44,Vestido Fontaine,Azul,44,1699.0,6,41
2025-10-20,VEST-FONT-AZU-44,Vestido Fontaine,Azul,44,1699.0,3,38
2025-10-27,VEST-FONT-AZU-44,Vestido Fontaine,Azul,44,1699.0,7,31
2025-11-03,VEST-FONT-AZU-44,Vestido Fontaine,Azul,44,1699.0,9,22
2025-11-10,VEST-FONT-AZU-44,Vestido Fontaine,Azul,44,1699.0,5,17
2025-11-17,VEST-FONT-AZU-44,Vestido Fontaine,Azul,44,1699.0,2,15
2025-11-24,VEST-FONT-AZU-44,Vestido Fontaine,Azul,44,1699.0,4,11
2025-12-01,VEST-FONT-AZU-44,Vestido Fontaine,Azul,44,1699.0,2,9
2025-12-08,VEST-FONT-AZU-44,Vestido Fontaine,Azul,44,1699.0,3,25
2025-12-15,VEST-FONT-AZU-44,Vestido Fontaine,Azul,44,1699.0,2,23
2025-12-22,VEST-FONT-AZU-44,Vestido Fontaine,Azul,44,1699.0,4,19
2025-12-29,VEST-FONT-AZU-44,Vestido Fontaine,Azul,44,1699.0,4,15
2026-01-05,VEST-FONT-AZU-44,Vestido Fontaine,Azul,44,1699.0,5,10
2026-01-12,VEST-FONT-AZU-44,Vestido Fontaine,Azul,44,1699.0,3,7
2026-01-19,VEST-FONT-AZU-44,Vestido Fontaine,Azul,44,1699.0,7,0
2026-01-26,VEST-FONT-AZU-44,Vestido Fontaine,Azul,44,1699.0,7,0
2026-02-02,VEST-FONT-AZU-44,Vestido Fontaine,Azul,44,1699.0,9,0
2026-02-09,VEST-FONT-AZU-44,Vestido Fontaine,Azul,44,1699.0,4,0
2026-02-16,VEST-FONT-AZU-44,Vestido Fontaine,Azul,44,1699.0,4,0
2026-02-23,VEST-FONT-AZU-44,Vestido Fontaine,Azul,44,1699.0,5,15
2026-03-02,VEST-FONT-AZU-44,Vestido Fontaine,Azul,44,1699.0,6,9
2026-03-09,VEST-FONT-AZU-44,Vestido Fontaine,Azul,44,1699.0,4,5
2026-03-16,VEST-FONT-AZU-44,Vestido Fontaine,Azul,44,1699.0,1,4
2026-03-23,VEST-FONT-AZU-44,Vestido Fontaine,Azul,44,1699.0,3,1
2026-03-30,VEST-FONT-AZU-44,Vestido Fontaine,Azul,44,1699.0,4,0
2026-04-06,VEST-FONT-AZU-44,Vestido Fontaine,Azul,44,1699.0,0,0
2026-04-13,VEST-FONT-AZU-44,Vestido Fontaine,Azul,44,1699.0,2,0
2026-04-20,VEST-FONT-AZU-44,Vestido Fontaine,Azul,44,1699.0,1,0
2026-04-27,VEST-FONT-AZU-44,Vestido Fontaine,Azul,44,1699.0,0,22
2026-05-04,VEST-FONT-AZU-44,Vestido Fontaine,Azul,44,1699.0,2,20
2026-05-11,VEST-FONT-AZU-44,Vestido Fontaine,Azul,44,1699.0,5,15
2026-05-18,VEST-FONT-AZU-44,Vestido Fontaine,Azul,44,1699.0,5,10
2026-05-25,VEST-FONT-AZU-44,Vestido Fontaine,Azul,44,1699.0,1,9
2026-06-01,VEST-FONT-AZU-44,Vestido Fontaine,Azul,44,1699.0,3,25
2026-06-08,VEST-FONT-AZU-44,Vestido Fontaine,Azul,44,1699.0,1,24
2026-06-15,VEST-FONT-AZU-44,Vestido Fontaine,Azul,44,1699.0,5,19
2026-06-22,VEST-FONT-AZU-44,Vestido Fontaine,Azul,44,1699.0,2,17
2026-06-29,VEST-FONT-AZU-44,Vestido Fontaine,Azul,44,1699.0,4,13
2026-07-06,VEST-FONT-AZU-44,Vestido Fontaine,Azul,44,1699.0,3,10
2026-07-13,VEST-FONT-AZU-44,Vestido Fontaine,Azul,44,1699.0,2,8
2026-07-20,VEST-FONT-AZU-44,Vestido Fontaine,Azul,44,1699.0,2,6
2026-07-27,VEST-FONT-AZU-44,Vestido Fontaine,Azul,44,1699.0,4,2
2026-08-03,VEST-FONT-AZU-44,Vestido Fontaine,Azul,44,1699.0,2,0
2026-08-10,VEST-FONT-AZU-44,Vestido Fontaine,Azul,44,1699.0,3,0
2026-08-17,VEST-FONT-AZU-44,Vestido Fontaine,Azul,44,1699.0,4,15
2026-08-24,VEST-FONT-AZU-44,Vestido Fontaine,Azul,44,1699.0,3,12
2025-09-01,VEST-WILL-PRE-34,Vestido Willow,Preto,34,1449.0,5,49
2025-09-08,VEST-WILL-PRE-34,Vestido Willow,Preto,34,1449.0,6,43
2025-09-15,VEST-WILL-PRE-34,Vestido Willow,Preto,34,1449.0,3,40
2025-09-22,VEST-WILL-PRE-34,Vestido Willow,Preto,34,1449.0,3,37
2025-09-29,VEST-WILL-PRE-34,Vestido Willow,Preto,34,1449.0,5,32
2025-10-06,VEST-WILL-PRE-34,Vestido Willow,Preto,34,1449.0,0,32
2025-10-13,VEST-WILL-PRE-34,Vestido Willow,Preto,34,1449.0,4,28
2025-10-20,VEST-WILL-PRE-34,Vestido Willow,Preto,34,1449.0,8,20
2025-10-27,VEST-WILL-PRE-34,Vestido Willow,Preto,34,1449.0,7,13
2025-11-03,VEST-WILL-PRE-34,Vestido Willow,Preto,34,1449.0,8,17
2025-11-10,VEST-WILL-PRE-34,Vestido Willow,Preto,34,1449.0,4,13
2025-11-17,VEST-WILL-PRE-34,Vestido Willow,Preto,34,1449.0,9,4
2025-11-24,VEST-WILL-PRE-34,Vestido Willow,Preto,34,1449.0,7,0
2025-12-01,VEST-WILL-PRE-34,Vestido Willow,Preto,34,1449.0,2,0
2025-12-08,VEST-WILL-PRE-34,Vestido Willow,Preto,34,1449.0,7,0
2025-12-15,VEST-WILL-PRE-34,Vestido Willow,Preto,34,1449.0,6,0
2025-12-22,VEST-WILL-PRE-34,Vestido Willow,Preto,34,1449.0,0,0
2025-12-29,VEST-WILL-PRE-34,Vestido Willow,Preto,34,1449.0,3,0
2026-01-05,VEST-WILL-PRE-34,Vestido Willow,Preto,34,1449.0,5,13
2026-01-12,VEST-WILL-PRE-34,Vestido Willow,Preto,34,1449.0,12,1
2026-01-19,VEST-WILL-PRE-34,Vestido Willow,Preto,34,1449.0,6,0
2026-01-26,VEST-WILL-PRE-34,Vestido Willow,Preto,34,1449.0,6,0
2026-02-02,VEST-WILL-PRE-34,Vestido Willow,Preto,34,1449.0,7,0
2026-02-09,VEST-WILL-PRE-34,Vestido Willow,Preto,34,1449.0,5,20
2026-02-16,VEST-WILL-PRE-34,Vestido Willow,Preto,34,1449.0,3,17
2026-02-23,VEST-WILL-PRE-34,Vestido Willow,Preto,34,1449.0,2,15
2026-03-02,VEST-WILL-PRE-34,Vestido Willow,Preto,34,1449.0,1,14
2026-03-09,VEST-WILL-PRE-34,Vestido Willow,Preto,34,1449.0,3,11
2026-03-16,VEST-WILL-PRE-34,Vestido Willow,Preto,34,1449.0,8,3
2026-03-23,VEST-WILL-PRE-34,Vestido Willow,Preto,34,1449.0,2,1
2026-03-30,VEST-WILL-PRE-34,Vestido Willow,Preto,34,1449.0,2,31
2026-04-06,VEST-WILL-PRE-34,Vestido Willow,Preto,34,1449.0,3,28
2026-04-13,VEST-WILL-PRE-34,Vestido Willow,Preto,34,1449.0,1,27
2026-04-20,VEST-WILL-PRE-34,Vestido Willow,Preto,34,1449.0,2,25
2026-04-27,VEST-WILL-PRE-34,Vestido Willow,Preto,34,1449.0,2,23
2026-05-04,VEST-WILL-PRE-34,Vestido Willow,Preto,34,1449.0,2,21
2026-05-11,VEST-WILL-PRE-34,Vestido Willow,Preto,34,1449.0,2,19
2026-05-18,VEST-WILL-PRE-34,Vestido Willow,Preto,34,1449.0,4,15
2026-05-25,VEST-WILL-PRE-34,Vestido Willow,Preto,34,1449.0,2,13
2026-06-01,VEST-WILL-PRE-34,Vestido Willow,Preto,34,1449.0,4,9
2026-06-08,VEST-WILL-PRE-34,Vestido Willow,Preto,34,1449.0,1,8
2026-06-15,VEST-WILL-PRE-34,Vestido Willow,Preto,34,1449.0,1,7
2026-06-22,VEST-WILL-PRE-34,Vestido Willow,Preto,34,1449.0,2,5
2026-06-29,VEST-WILL-PRE-34,Vestido Willow,Preto,34,1449.0,4,1
2026-07-06,VEST-WILL-PRE-34,Vestido Willow,Preto,34,1449.0,5,0
2026-07-13,VEST-WILL-PRE-34,Vestido Willow,Preto,34,1449.0,4,33
2026-07-20,VEST-WILL-PRE-34,Vestido Willow,Preto,34,1449.0,6,27
2026-07-27,VEST-WILL-PRE-34,Vestido Willow,Preto,34,1449.0,3,24
2026-08-03,VEST-WILL-PRE-34,Vestido Willow,Preto,34,1449.0,7,17
2026-08-10,VEST-WILL-PRE-34,Vestido Willow,Preto,34,1449.0,3,14
2026-08-17,VEST-WILL-PRE-34,Vestido Willow,Preto,34,1449.0,5,9
2026-08-24,VEST-WILL-PRE-34,Vestido Willow,Preto,34,1449.0,3,6
2025-09-01,VEST-WILL-PRE-36,Vestido Willow,Preto,36,1449.0,9,39
2025-09-08,VEST-WILL-PRE-36,Vestido Willow,Preto,36,1449.0,17,22
2025-09-15,VEST-WILL-PRE-36,Vestido Willow,Preto,36,1449.0,3,19
2025-09-22,VEST-WILL-PRE-36,Vestido Willow,Preto,36,1449.0,14,38
2025-09-29,VEST-WILL-PRE-36,Vestido Willow,Preto,36,1449.0,9,29
2025-10-06,VEST-WILL-PRE-36,Vestido Willow,Preto,36,1449.0,16,13
2025-10-13,VEST-WILL-PRE-36,Vestido Willow,Preto,36,1449.0,14,0
2025-10-20,VEST-WILL-PRE-36,Vestido Willow,Preto,36,1449.0,10,0
2025-10-27,VEST-WILL-PRE-36,Vestido Willow,Preto,36,1449.0,15,0
2025-11-03,VEST-WILL-PRE-36,Vestido Willow,Preto,36,1449.0,9,18
2025-11-10,VEST-WILL-PRE-36,Vestido Willow,Preto,36,1449.0,9,9
2025-11-17,VEST-WILL-PRE-36,Vestido Willow,Preto,36,1449.0,20,0
2025-11-24,VEST-WILL-PRE-36,Vestido Willow,Preto,36,1449.0,10,0
2025-12-01,VEST-WILL-PRE-36,Vestido Willow,Preto,36,1449.0,14,12
2025-12-08,VEST-WILL-PRE-36,Vestido Willow,Preto,36,1449.0,15,0
2025-12-15,VEST-WILL-PRE-36,Vestido Willow,Preto,36,1449.0,20,0
2025-12-22,VEST-WILL-PRE-36,Vestido Willow,Preto,36,1449.0,12,0
2025-12-29,VEST-WILL-PRE-36,Vestido Willow,Preto,36,1449.0,14,22
2026-01-05,VEST-WILL-PRE-36,Vestido Willow,Preto,36,1449.0,14,8
2026-01-12,VEST-WILL-PRE-36,Vestido Willow,Preto,36,1449.0,13,0
2026-01-19,VEST-WILL-PRE-36,Vestido Willow,Preto,36,1449.0,14,34
2026-01-26,VEST-WILL-PRE-36,Vestido Willow,Preto,36,1449.0,11,23
2026-02-02,VEST-WILL-PRE-36,Vestido Willow,Preto,36,1449.0,13,10
2026-02-09,VEST-WILL-PRE-36,Vestido Willow,Preto,36,1449.0,7,29
2026-02-16,VEST-WILL-PRE-36,Vestido Willow,Preto,36,1449.0,9,20
2026-02-23,VEST-WILL-PRE-36,Vestido Willow,Preto,36,1449.0,13,7
2026-03-02,VEST-WILL-PRE-36,Vestido Willow,Preto,36,1449.0,8,0
2026-03-09,VEST-WILL-PRE-36,Vestido Willow,Preto,36,1449.0,12,0
2026-03-16,VEST-WILL-PRE-36,Vestido Willow,Preto,36,1449.0,4,22
2026-03-23,VEST-WILL-PRE-36,Vestido Willow,Preto,36,1449.0,9,13
2026-03-30,VEST-WILL-PRE-36,Vestido Willow,Preto,36,1449.0,4,9
2026-04-06,VEST-WILL-PRE-36,Vestido Willow,Preto,36,1449.0,8,15
2026-04-13,VEST-WILL-PRE-36,Vestido Willow,Preto,36,1449.0,12,27
2026-04-20,VEST-WILL-PRE-36,Vestido Willow,Preto,36,1449.0,8,19
2026-04-27,VEST-WILL-PRE-36,Vestido Willow,Preto,36,1449.0,6,13
2026-05-04,VEST-WILL-PRE-36,Vestido Willow,Preto,36,1449.0,6,7
2026-05-11,VEST-WILL-PRE-36,Vestido Willow,Preto,36,1449.0,8,0
2026-05-18,VEST-WILL-PRE-36,Vestido Willow,Preto,36,1449.0,1,21
2026-05-25,VEST-WILL-PRE-36,Vestido Willow,Preto,36,1449.0,7,14
2026-06-01,VEST-WILL-PRE-36,Vestido Willow,Preto,36,1449.0,6,8
2026-06-08,VEST-WILL-PRE-36,Vestido Willow,Preto,36,1449.0,6,2
2026-06-15,VEST-WILL-PRE-36,Vestido Willow,Preto,36,1449.0,6,17
2026-06-22,VEST-WILL-PRE-36,Vestido Willow,Preto,36,1449.0,10,33
2026-06-29,VEST-WILL-PRE-36,Vestido Willow,Preto,36,1449.0,9,24
2026-07-06,VEST-WILL-PRE-36,Vestido Willow,Preto,36,1449.0,4,20
2026-07-13,VEST-WILL-PRE-36,Vestido Willow,Preto,36,1449.0,4,16
2026-07-20,VEST-WILL-PRE-36,Vestido Willow,Preto,36,1449.0,9,7
2026-07-27,VEST-WILL-PRE-36,Vestido Willow,Preto,36,1449.0,10,0
2026-08-03,VEST-WILL-PRE-36,Vestido Willow,Preto,36,1449.0,12,0
2026-08-10,VEST-WILL-PRE-36,Vestido Willow,Preto,36,1449.0,6,25
2026-08-17,VEST-WILL-PRE-36,Vestido Willow,Preto,36,1449.0,9,16
2026-08-24,VEST-WILL-PRE-36,Vestido Willow,Preto,36,1449.0,14,18
2025-09-01,VEST-WILL-PRE-38,Vestido Willow,Preto,38,1449.0,0,55
2025-09-08,VEST-WILL-PRE-38,Vestido Willow,Preto,38,1449.0,3,52
2025-09-15,VEST-WILL-PRE-38,Vestido Willow,Preto,38,1449.0,0,52
2025-09-22,VEST-WILL-PRE-38,Vestido Willow,Preto,38,1449.0,1,51
2025-09-29,VEST-WILL-PRE-38,Vestido Willow,Preto,38,1449.0,4,47
2025-10-06,VEST-WILL-PRE-38,Vestido Willow,Preto,38,1449.0,3,44
2025-10-13,VEST-WILL-PRE-38,Vestido Willow,Preto,38,1449.0,3,41
2025-10-20,VEST-WILL-PRE-38,Vestido Willow,Preto,38,1449.0,1,40
2025-10-27,VEST-WILL-PRE-38,Vestido Willow,Preto,38,1449.0,1,39
2025-11-03,VEST-WILL-PRE-38,Vestido Willow,Preto,38,1449.0,1,38
2025-11-10,VEST-WILL-PRE-38,Vestido Willow,Preto,38,1449.0,1,37
2025-11-17,VEST-WILL-PRE-38,Vestido Willow,Preto,38,1449.0,3,34
2025-11-24,VEST-WILL-PRE-38,Vestido Willow,Preto,38,1449.0,3,31
2025-12-01,VEST-WILL-PRE-38,Vestido Willow,Preto,38,1449.0,6,25
2025-12-08,VEST-WILL-PRE-38,Vestido Willow,Preto,38,1449.0,2,23
2025-12-15,VEST-WILL-PRE-38,Vestido Willow,Preto,38,1449.0,7,16
2025-12-22,VEST-WILL-PRE-38,Vestido Willow,Preto,38,1449.0,2,14
2025-12-29,VEST-WILL-PRE-38,Vestido Willow,Preto,38,1449.0,1,13
2026-01-05,VEST-WILL-PRE-38,Vestido Willow,Preto,38,1449.0,2,11
2026-01-12,VEST-WILL-PRE-38,Vestido Willow,Preto,38,1449.0,1,10
2026-01-19,VEST-WILL-PRE-38,Vestido Willow,Preto,38,1449.0,2,8
2026-01-26,VEST-WILL-PRE-38,Vestido Willow,Preto,38,1449.0,1,7
2026-02-02,VEST-WILL-PRE-38,Vestido Willow,Preto,38,1449.0,3,4
2026-02-09,VEST-WILL-PRE-38,Vestido Willow,Preto,38,1449.0,3,19
2026-02-16,VEST-WILL-PRE-38,Vestido Willow,Preto,38,1449.0,2,17
2026-02-23,VEST-WILL-PRE-38,Vestido Willow,Preto,38,1449.0,3,14
2026-03-02,VEST-WILL-PRE-38,Vestido Willow,Preto,38,1449.0,5,9
2026-03-09,VEST-WILL-PRE-38,Vestido Willow,Preto,38,1449.0,4,5
2026-03-16,VEST-WILL-PRE-38,Vestido Willow,Preto,38,1449.0,0,5
2026-03-23,VEST-WILL-PRE-38,Vestido Willow,Preto,38,1449.0,1,36
2026-03-30,VEST-WILL-PRE-38,Vestido Willow,Preto,38,1449.0,1,35
2026-04-06,VEST-WILL-PRE-38,Vestido Willow,Preto,38,1449.0,0,35
2026-04-13,VEST-WILL-PRE-38,Vestido Willow,Preto,38,1449.0,2,33
2026-04-20,VEST-WILL-PRE-38,Vestido Willow,Preto,38,1449.0,1,32
2026-04-27,VEST-WILL-PRE-38,Vestido Willow,Preto,38,1449.0,1,31
2026-05-04,VEST-WILL-PRE-38,Vestido Willow,Preto,38,1449.0,1,30
2026-05-11,VEST-WILL-PRE-38,Vestido Willow,Preto,38,1449.0,0,30
2026-05-18,VEST-WILL-PRE-38,Vestido Willow,Preto,38,1449.0,1,29
2026-05-25,VEST-WILL-PRE-38,Vestido Willow,Preto,38,1449.0,1,28
2026-06-01,VEST-WILL-PRE-38,Vestido Willow,Preto,38,1449.0,1,27
2026-06-08,VEST-WILL-PRE-38,Vestido Willow,Preto,38,1449.0,2,25
2026-06-15,VEST-WILL-PRE-38,Vestido Willow,Preto,38,1449.0,4,21
2026-06-22,VEST-WILL-PRE-38,Vestido Willow,Preto,38,1449.0,2,19
2026-06-29,VEST-WILL-PRE-38,Vestido Willow,Preto,38,1449.0,4,15
2026-07-06,VEST-WILL-PRE-38,Vestido Willow,Preto,38,1449.0,1,14
2026-07-13,VEST-WILL-PRE-38,Vestido Willow,Preto,38,1449.0,2,12
2026-07-20,VEST-WILL-PRE-38,Vestido Willow,Preto,38,1449.0,2,10
2026-07-27,VEST-WILL-PRE-38,Vestido Willow,Preto,38,1449.0,3,41
2026-08-03,VEST-WILL-PRE-38,Vestido Willow,Preto,38,1449.0,0,41
2026-08-10,VEST-WILL-PRE-38,Vestido Willow,Preto,38,1449.0,1,40
2026-08-17,VEST-WILL-PRE-38,Vestido Willow,Preto,38,1449.0,2,38
2026-08-24,VEST-WILL-PRE-38,Vestido Willow,Preto,38,1449.0,2,36
2025-09-01,VEST-WILL-PRE-40,Vestido Willow,Preto,40,1449.0,8,44
2025-09-08,VEST-WILL-PRE-40,Vestido Willow,Preto,40,1449.0,9,35
2025-09-15,VEST-WILL-PRE-40,Vestido Willow,Preto,40,1449.0,15,20
2025-09-22,VEST-WILL-PRE-40,Vestido Willow,Preto,40,1449.0,9,11
2025-09-29,VEST-WILL-PRE-40,Vestido Willow,Preto,40,1449.0,7,17
2025-10-06,VEST-WILL-PRE-40,Vestido Willow,Preto,40,1449.0,9,8
2025-10-13,VEST-WILL-PRE-40,Vestido Willow,Preto,40,1449.0,17,0
2025-10-20,VEST-WILL-PRE-40,Vestido Willow,Preto,40,1449.0,11,0
2025-10-27,VEST-WILL-PRE-40,Vestido Willow,Preto,40,1449.0,8,0
2025-11-03,VEST-WILL-PRE-40,Vestido Willow,Preto,40,1449.0,13,30
2025-11-10,VEST-WILL-PRE-40,Vestido Willow,Preto,40,1449.0,8,22
2025-11-17,VEST-WILL-PRE-40,Vestido Willow,Preto,40,1449.0,10,12
2025-11-24,VEST-WILL-PRE-40,Vestido Willow,Preto,40,1449.0,17,0
2025-12-01,VEST-WILL-PRE-40,Vestido Willow,Preto,40,1449.0,10,0
2025-12-08,VEST-WILL-PRE-40,Vestido Willow,Preto,40,1449.0,6,0
2025-12-15,VEST-WILL-PRE-40,Vestido Willow,Preto,40,1449.0,10,0
2025-12-22,VEST-WILL-PRE-40,Vestido Willow,Preto,40,1449.0,8,0
2025-12-29,VEST-WILL-PRE-40,Vestido Willow,Preto,40,1449.0,11,0
2026-01-05,VEST-WILL-PRE-40,Vestido Willow,Preto,40,1449.0,3,0
2026-01-12,VEST-WILL-PRE-40,Vestido Willow,Preto,40,1449.0,8,25
2026-01-19,VEST-WILL-PRE-40,Vestido Willow,Preto,40,1449.0,8,17
2026-01-26,VEST-WILL-PRE-40,Vestido Willow,Preto,40,1449.0,9,8
2026-02-02,VEST-WILL-PRE-40,Vestido Willow,Preto,40,1449.0,3,5
2026-02-09,VEST-WILL-PRE-40,Vestido Willow,Preto,40,1449.0,11,0
2026-02-16,VEST-WILL-PRE-40,Vestido Willow,Preto,40,1449.0,10,0
2026-02-23,VEST-WILL-PRE-40,Vestido Willow,Preto,40,1449.0,4,0
2026-03-02,VEST-WILL-PRE-40,Vestido Willow,Preto,40,1449.0,7,0
2026-03-09,VEST-WILL-PRE-40,Vestido Willow,Preto,40,1449.0,6,0
2026-03-16,VEST-WILL-PRE-40,Vestido Willow,Preto,40,1449.0,7,0
2026-03-23,VEST-WILL-PRE-40,Vestido Willow,Preto,40,1449.0,7,0
2026-03-30,VEST-WILL-PRE-40,Vestido Willow,Preto,40,1449.0,2,0
2026-04-06,VEST-WILL-PRE-40,Vestido Willow,Preto,40,1449.0,7,0
2026-04-13,VEST-WILL-PRE-40,Vestido Willow,Preto,40,1449.0,8,22
2026-04-20,VEST-WILL-PRE-40,Vestido Willow,Preto,40,1449.0,3,19
2026-04-27,VEST-WILL-PRE-40,Vestido Willow,Preto,40,1449.0,11,8
2026-05-04,VEST-WILL-PRE-40,Vestido Willow,Preto,40,1449.0,5,3
2026-05-11,VEST-WILL-PRE-40,Vestido Willow,Preto,40,1449.0,10,32
2026-05-18,VEST-WILL-PRE-40,Vestido Willow,Preto,40,1449.0,6,26
2026-05-25,VEST-WILL-PRE-40,Vestido Willow,Preto,40,1449.0,4,22
2026-06-01,VEST-WILL-PRE-40,Vestido Willow,Preto,40,1449.0,5,17
2026-06-08,VEST-WILL-PRE-40,Vestido Willow,Preto,40,1449.0,6,11
2026-06-15,VEST-WILL-PRE-40,Vestido Willow,Preto,40,1449.0,10,1
2026-06-22,VEST-WILL-PRE-40,Vestido Willow,Preto,40,1449.0,4,0
2026-06-29,VEST-WILL-PRE-40,Vestido Willow,Preto,40,1449.0,5,0
2026-07-06,VEST-WILL-PRE-40,Vestido Willow,Preto,40,1449.0,9,0
2026-07-13,VEST-WILL-PRE-40,Vestido Willow,Preto,40,1449.0,8,0
2026-07-20,VEST-WILL-PRE-40,Vestido Willow,Preto,40,1449.0,5,0
2026-07-27,VEST-WILL-PRE-40,Vestido Willow,Preto,40,1449.0,7,0
2026-08-03,VEST-WILL-PRE-40,Vestido Willow,Preto,40,1449.0,7,0
2026-08-10,VEST-WILL-PRE-40,Vestido Willow,Preto,40,1449.0,10,0
2026-08-17,VEST-WILL-PRE-40,Vestido Willow,Preto,40,1449.0,5,0
2026-08-24,VEST-WILL-PRE-40,Vestido Willow,Preto,40,1449.0,7,0
2025-09-01,VEST-WILL-PRE-42,Vestido Willow,Preto,42,1449.0,3,29
2025-09-08,VEST-WILL-PRE-42,Vestido Willow,Preto,42,1449.0,4,25
2025-09-15,VEST-WILL-PRE-42,Vestido Willow,Preto,42,1449.0,4,21
2025-09-22,VEST-WILL-PRE-42,Vestido Willow,Preto,42,1449.0,3,18
2025-09-29,VEST-WILL-PRE-42,Vestido Willow,Preto,42,1449.0,4,14
2025-10-06,VEST-WILL-PRE-42,Vestido Willow,Preto,42,1449.0,5,9
2025-10-13,VEST-WILL-PRE-42,Vestido Willow,Preto,42,1449.0,4,5
2025-10-20,VEST-WILL-PRE-42,Vestido Willow,Preto,42,1449.0,5,21
2025-10-27,VEST-WILL-PRE-42,Vestido Willow,Preto,42,1449.0,4,17
2025-11-03,VEST-WILL-PRE-42,Vestido Willow,Preto,42,1449.0,5,12
2025-11-10,VEST-WILL-PRE-42,Vestido Willow,Preto,42,1449.0,4,8
2025-11-17,VEST-WILL-PRE-42,Vestido Willow,Preto,42,1449.0,8,0
2025-11-24,VEST-WILL-PRE-42,Vestido Willow,Preto,42,1449.0,2,30
2025-12-01,VEST-WILL-PRE-42,Vestido Willow,Preto,42,1449.0,5,25
2025-12-08,VEST-WILL-PRE-42,Vestido Willow,Preto,42,1449.0,5,20
2025-12-15,VEST-WILL-PRE-42,Vestido Willow,Preto,42,1449.0,9,11
2025-12-22,VEST-WILL-PRE-42,Vestido Willow,Preto,42,1449.0,3,8
2025-12-29,VEST-WILL-PRE-42,Vestido Willow,Preto,42,1449.0,6,21
2026-01-05,VEST-WILL-PRE-42,Vestido Willow,Preto,42,1449.0,6,15
2026-01-12,VEST-WILL-PRE-42,Vestido Willow,Preto,42,1449.0,5,10
2026-01-19,VEST-WILL-PRE-42,Vestido Willow,Preto,42,1449.0,8,19
2026-01-26,VEST-WILL-PRE-42,Vestido Willow,Preto,42,1449.0,3,16
2026-02-02,VEST-WILL-PRE-42,Vestido Willow,Preto,42,1449.0,2,14
2026-02-09,VEST-WILL-PRE-42,Vestido Willow,Preto,42,1449.0,2,12
2026-02-16,VEST-WILL-PRE-42,Vestido Willow,Preto,42,1449.0,4,8
2026-02-23,VEST-WILL-PRE-42,Vestido Willow,Preto,42,1449.0,2,35
2026-03-02,VEST-WILL-PRE-42,Vestido Willow,Preto,42,1449.0,2,33
2026-03-09,VEST-WILL-PRE-42,Vestido Willow,Preto,42,1449.0,8,25
2026-03-16,VEST-WILL-PRE-42,Vestido Willow,Preto,42,1449.0,3,22
2026-03-23,VEST-WILL-PRE-42,Vestido Willow,Preto,42,1449.0,4,18
2026-03-30,VEST-WILL-PRE-42,Vestido Willow,Preto,42,1449.0,2,16
2026-04-06,VEST-WILL-PRE-42,Vestido Willow,Preto,42,1449.0,2,14
2026-04-13,VEST-WILL-PRE-42,Vestido Willow,Preto,42,1449.0,1,13
2026-04-20,VEST-WILL-PRE-42,Vestido Willow,Preto,42,1449.0,2,11
2026-04-27,VEST-WILL-PRE-42,Vestido Willow,Preto,42,1449.0,2,9
2026-05-04,VEST-WILL-PRE-42,Vestido Willow,Preto,42,1449.0,4,5
2026-05-11,VEST-WILL-PRE-42,Vestido Willow,Preto,42,1449.0,4,1
2026-05-18,VEST-WILL-PRE-42,Vestido Willow,Preto,42,1449.0,0,1
2026-05-25,VEST-WILL-PRE-42,Vestido Willow,Preto,42,1449.0,1,0
2026-06-01,VEST-WILL-PRE-42,Vestido Willow,Preto,42,1449.0,1,0
2026-06-08,VEST-WILL-PRE-42,Vestido Willow,Preto,42,1449.0,2,0
2026-06-15,VEST-WILL-PRE-42,Vestido Willow,Preto,42,1449.0,3,0
2026-06-22,VEST-WILL-PRE-42,Vestido Willow,Preto,42,1449.0,1,0
2026-06-29,VEST-WILL-PRE-42,Vestido Willow,Preto,42,1449.0,3,0
2026-07-06,VEST-WILL-PRE-42,Vestido Willow,Preto,42,1449.0,2,0
2026-07-13,VEST-WILL-PRE-42,Vestido Willow,Preto,42,1449.0,3,28
2026-07-20,VEST-WILL-PRE-42,Vestido Willow,Preto,42,1449.0,3,25
2026-07-27,VEST-WILL-PRE-42,Vestido Willow,Preto,42,1449.0,0,25
2026-08-03,VEST-WILL-PRE-42,Vestido Willow,Preto,42,1449.0,4,21
2026-08-10,VEST-WILL-PRE-42,Vestido Willow,Preto,42,1449.0,7,14
2026-08-17,VEST-WILL-PRE-42,Vestido Willow,Preto,42,1449.0,3,11
2026-08-24,VEST-WILL-PRE-42,Vestido Willow,Preto,42,1449.0,3,8
2025-09-01,VEST-WILL-PRE-44,Vestido Willow,Preto,44,1449.0,5,40
2025-09-08,VEST-WILL-PRE-44,Vestido Willow,Preto,44,1449.0,2,38
2025-09-15,VEST-WILL-PRE-44,Vestido Willow,Preto,44,1449.0,3,35
2025-09-22,VEST-WILL-PRE-44,Vestido Willow,Preto,44,1449.0,5,30
2025-09-29,VEST-WILL-PRE-44,Vestido Willow,Preto,44,1449.0,4,26
2025-10-06,VEST-WILL-PRE-44,Vestido Willow,Preto,44,1449.0,4,22
2025-10-13,VEST-WILL-PRE-44,Vestido Willow,Preto,44,1449.0,6,16
2025-10-20,VEST-WILL-PRE-44,Vestido Willow,Preto,44,1449.0,4,12
2025-10-27,VEST-WILL-PRE-44,Vestido Willow,Preto,44,1449.0,3,9
2025-11-03,VEST-WILL-PRE-44,Vestido Willow,Preto,44,1449.0,4,5
2025-11-10,VEST-WILL-PRE-44,Vestido Willow,Preto,44,1449.0,6,0
2025-11-17,VEST-WILL-PRE-44,Vestido Willow,Preto,44,1449.0,7,0
2025-11-24,VEST-WILL-PRE-44,Vestido Willow,Preto,44,1449.0,6,29
2025-12-01,VEST-WILL-PRE-44,Vestido Willow,Preto,44,1449.0,7,22
2025-12-08,VEST-WILL-PRE-44,Vestido Willow,Preto,44,1449.0,3,19
2025-12-15,VEST-WILL-PRE-44,Vestido Willow,Preto,44,1449.0,2,17
2025-12-22,VEST-WILL-PRE-44,Vestido Willow,Preto,44,1449.0,7,10
2025-12-29,VEST-WILL-PRE-44,Vestido Willow,Preto,44,1449.0,2,8
2026-01-05,VEST-WILL-PRE-44,Vestido Willow,Preto,44,1449.0,2,6
2026-01-12,VEST-WILL-PRE-44,Vestido Willow,Preto,44,1449.0,5,1
2026-01-19,VEST-WILL-PRE-44,Vestido Willow,Preto,44,1449.0,5,33
2026-01-26,VEST-WILL-PRE-44,Vestido Willow,Preto,44,1449.0,8,25
2026-02-02,VEST-WILL-PRE-44,Vestido Willow,Preto,44,1449.0,2,23
2026-02-09,VEST-WILL-PRE-44,Vestido Willow,Preto,44,1449.0,3,20
2026-02-16,VEST-WILL-PRE-44,Vestido Willow,Preto,44,1449.0,4,16
2026-02-23,VEST-WILL-PRE-44,Vestido Willow,Preto,44,1449.0,3,13
2026-03-02,VEST-WILL-PRE-44,Vestido Willow,Preto,44,1449.0,4,9
2026-03-09,VEST-WILL-PRE-44,Vestido Willow,Preto,44,1449.0,5,4
2026-03-16,VEST-WILL-PRE-44,Vestido Willow,Preto,44,1449.0,0,4
2026-03-23,VEST-WILL-PRE-44,Vestido Willow,Preto,44,1449.0,3,1
2026-03-30,VEST-WILL-PRE-44,Vestido Willow,Preto,44,1449.0,3,0
2026-04-06,VEST-WILL-PRE-44,Vestido Willow,Preto,44,1449.0,5,0
2026-04-13,VEST-WILL-PRE-44,Vestido Willow,Preto,44,1449.0,2,0
2026-04-20,VEST-WILL-PRE-44,Vestido Willow,Preto,44,1449.0,0,0
2026-04-27,VEST-WILL-PRE-44,Vestido Willow,Preto,44,1449.0,6,27
2026-05-04,VEST-WILL-PRE-44,Vestido Willow,Preto,44,1449.0,3,24
2026-05-11,VEST-WILL-PRE-44,Vestido Willow,Preto,44,1449.0,2,22
2026-05-18,VEST-WILL-PRE-44,Vestido Willow,Preto,44,1449.0,2,20
2026-05-25,VEST-WILL-PRE-44,Vestido Willow,Preto,44,1449.0,2,18
2026-06-01,VEST-WILL-PRE-44,Vestido Willow,Preto,44,1449.0,2,16
2026-06-08,VEST-WILL-PRE-44,Vestido Willow,Preto,44,1449.0,1,15
2026-06-15,VEST-WILL-PRE-44,Vestido Willow,Preto,44,1449.0,2,13
2026-06-22,VEST-WILL-PRE-44,Vestido Willow,Preto,44,1449.0,3,10
2026-06-29,VEST-WILL-PRE-44,Vestido Willow,Preto,44,1449.0,0,10
2026-07-06,VEST-WILL-PRE-44,Vestido Willow,Preto,44,1449.0,3,24
2026-07-13,VEST-WILL-PRE-44,Vestido Willow,Preto,44,1449.0,1,23
2026-07-20,VEST-WILL-PRE-44,Vestido Willow,Preto,44,1449.0,2,21
2026-07-27,VEST-WILL-PRE-44,Vestido Willow,Preto,44,1449.0,2,19
2026-08-03,VEST-WILL-PRE-44,Vestido Willow,Preto,44,1449.0,1,18
2026-08-10,VEST-WILL-PRE-44,Vestido Willow,Preto,44,1449.0,1,17
2026-08-17,VEST-WILL-PRE-44,Vestido Willow,Preto,44,1449.0,4,13
2026-08-24,VEST-WILL-PRE-44,Vestido Willow,Preto,44,1449.0,3,10
2025-09-01,VEST-WILL-VER-34,Vestido Willow,Vermelho,34,1449.0,7,23
2025-09-08,VEST-WILL-VER-34,Vestido Willow,Vermelho,34,1449.0,7,16
2025-09-15,VEST-WILL-VER-34,Vestido Willow,Vermelho,34,1449.0,2,14
2025-09-22,VEST-WILL-VER-34,Vestido Willow,Vermelho,34,1449.0,9,17
2025-09-29,VEST-WILL-VER-34,Vestido Willow,Vermelho,34,1449.0,13,20
2025-10-06,VEST-WILL-VER-34,Vestido Willow,Vermelho,34,1449.0,4,16
2025-10-13,VEST-WILL-VER-34,Vestido Willow,Vermelho,34,1449.0,6,10
2025-10-20,VEST-WILL-VER-34,Vestido Willow,Vermelho,34,1449.0,7,33
2025-10-27,VEST-WILL-VER-34,Vestido Willow,Vermelho,34,1449.0,7,26
2025-11-03,VEST-WILL-VER-34,Vestido Willow,Vermelho,34,1449.0,9,17
2025-11-10,VEST-WILL-VER-34,Vestido Willow,Vermelho,34,1449.0,11,6
2025-11-17,VEST-WILL-VER-34,Vestido Willow,Vermelho,34,1449.0,13,0
2025-11-24,VEST-WILL-VER-34,Vestido Willow,Vermelho,34,1449.0,7,0
2025-12-01,VEST-WILL-VER-34,Vestido Willow,Vermelho,34,1449.0,8,23
2025-12-08,VEST-WILL-VER-34,Vestido Willow,Vermelho,34,1449.0,8,15
2025-12-15,VEST-WILL-VER-34,Vestido Willow,Vermelho,34,1449.0,6,9
2025-12-22,VEST-WILL-VER-34,Vestido Willow,Vermelho,34,1449.0,6,3
2025-12-29,VEST-WILL-VER-34,Vestido Willow,Vermelho,34,1449.0,5,0
2026-01-05,VEST-WILL-VER-34,Vestido Willow,Vermelho,34,1449.0,9,0
2026-01-12,VEST-WILL-VER-34,Vestido Willow,Vermelho,34,1449.0,8,13
2026-01-19,VEST-WILL-VER-34,Vestido Willow,Vermelho,34,1449.0,8,5
2026-01-26,VEST-WILL-VER-34,Vestido Willow,Vermelho,34,1449.0,9,0
2026-02-02,VEST-WILL-VER-34,Vestido Willow,Vermelho,34,1449.0,5,0
2026-02-09,VEST-WILL-VER-34,Vestido Willow,Vermelho,34,1449.0,8,12
2026-02-16,VEST-WILL-VER-34,Vestido Willow,Vermelho,34,1449.0,8,4
2026-02-23,VEST-WILL-VER-34,Vestido Willow,Vermelho,34,1449.0,8,0
2026-03-02,VEST-WILL-VER-34,Vestido Willow,Vermelho,34,1449.0,11,0
2026-03-09,VEST-WILL-VER-34,Vestido Willow,Vermelho,34,1449.0,7,34
2026-03-16,VEST-WILL-VER-34,Vestido Willow,Vermelho,34,1449.0,6,28
2026-03-23,VEST-WILL-VER-34,Vestido Willow,Vermelho,34,1449.0,2,26
2026-03-30,VEST-WILL-VER-34,Vestido Willow,Vermelho,34,1449.0,4,22
2026-04-06,VEST-WILL-VER-34,Vestido Willow,Vermelho,34,1449.0,5,17
2026-04-13,VEST-WILL-VER-34,Vestido Willow,Vermelho,34,1449.0,3,14
2026-04-20,VEST-WILL-VER-34,Vestido Willow,Vermelho,34,1449.0,4,10
2026-04-27,VEST-WILL-VER-34,Vestido Willow,Vermelho,34,1449.0,6,4
2026-05-04,VEST-WILL-VER-34,Vestido Willow,Vermelho,34,1449.0,3,1
2026-05-11,VEST-WILL-VER-34,Vestido Willow,Vermelho,34,1449.0,1,0
2026-05-18,VEST-WILL-VER-34,Vestido Willow,Vermelho,34,1449.0,4,29
2026-05-25,VEST-WILL-VER-34,Vestido Willow,Vermelho,34,1449.0,2,27
2026-06-01,VEST-WILL-VER-34,Vestido Willow,Vermelho,34,1449.0,4,23
2026-06-08,VEST-WILL-VER-34,Vestido Willow,Vermelho,34,1449.0,6,17
2026-06-15,VEST-WILL-VER-34,Vestido Willow,Vermelho,34,1449.0,5,12
2026-06-22,VEST-WILL-VER-34,Vestido Willow,Vermelho,34,1449.0,3,9
2026-06-29,VEST-WILL-VER-34,Vestido Willow,Vermelho,34,1449.0,6,3
2026-07-06,VEST-WILL-VER-34,Vestido Willow,Vermelho,34,1449.0,3,28
2026-07-13,VEST-WILL-VER-34,Vestido Willow,Vermelho,34,1449.0,3,25
2026-07-20,VEST-WILL-VER-34,Vestido Willow,Vermelho,34,1449.0,4,21
2026-07-27,VEST-WILL-VER-34,Vestido Willow,Vermelho,34,1449.0,6,15
2026-08-03,VEST-WILL-VER-34,Vestido Willow,Vermelho,34,1449.0,5,10
2026-08-10,VEST-WILL-VER-34,Vestido Willow,Vermelho,34,1449.0,6,4
2026-08-17,VEST-WILL-VER-34,Vestido Willow,Vermelho,34,1449.0,4,0
2026-08-24,VEST-WILL-VER-34,Vestido Willow,Vermelho,34,1449.0,14,14
2025-09-01,VEST-WILL-VER-36,Vestido Willow,Vermelho,36,1449.0,9,21
2025-09-08,VEST-WILL-VER-36,Vestido Willow,Vermelho,36,1449.0,10,11
2025-09-15,VEST-WILL-VER-36,Vestido Willow,Vermelho,36,1449.0,13,0
2025-09-22,VEST-WILL-VER-36,Vestido Willow,Vermelho,36,1449.0,13,0
2025-09-29,VEST-WILL-VER-36,Vestido Willow,Vermelho,36,1449.0,16,0
2025-10-06,VEST-WILL-VER-36,Vestido Willow,Vermelho,36,1449.0,11,28
2025-10-13,VEST-WILL-VER-36,Vestido Willow,Vermelho,36,1449.0,11,17
2025-10-20,VEST-WILL-VER-36,Vestido Willow,Vermelho,36,1449.0,20,0
2025-10-27,VEST-WILL-VER-36,Vestido Willow,Vermelho,36,1449.0,10,25
2025-11-03,VEST-WILL-VER-36,Vestido Willow,Vermelho,36,1449.0,12,13
2025-11-10,VEST-WILL-VER-36,Vestido Willow,Vermelho,36,1449.0,11,2
2025-11-17,VEST-WILL-VER-36,Vestido Willow,Vermelho,36,1449.0,7,27
2025-11-24,VEST-WILL-VER-36,Vestido Willow,Vermelho,36,1449.0,10,17
2025-12-01,VEST-WILL-VER-36,Vestido Willow,Vermelho,36,1449.0,15,2
2025-12-08,VEST-WILL-VER-36,Vestido Willow,Vermelho,36,1449.0,14,13
2025-12-15,VEST-WILL-VER-36,Vestido Willow,Vermelho,36,1449.0,15,33
2025-12-22,VEST-WILL-VER-36,Vestido Willow,Vermelho,36,1449.0,9,24
2025-12-29,VEST-WILL-VER-36,Vestido Willow,Vermelho,36,1449.0,21,3
2026-01-05,VEST-WILL-VER-36,Vestido Willow,Vermelho,36,1449.0,6,0
2026-01-12,VEST-WILL-VER-36,Vestido Willow,Vermelho,36,1449.0,14,34
2026-01-19,VEST-WILL-VER-36,Vestido Willow,Vermelho,36,1449.0,11,23
2026-01-26,VEST-WILL-VER-36,Vestido Willow,Vermelho,36,1449.0,9,14
2026-02-02,VEST-WILL-VER-36,Vestido Willow,Vermelho,36,1449.0,12,2
2026-02-09,VEST-WILL-VER-36,Vestido Willow,Vermelho,36,1449.0,17,27
2026-02-16,VEST-WILL-VER-36,Vestido Willow,Vermelho,36,1449.0,12,15
2026-02-23,VEST-WILL-VER-36,Vestido Willow,Vermelho,36,1449.0,15,0
2026-03-02,VEST-WILL-VER-36,Vestido Willow,Vermelho,36,1449.0,8,33
2026-03-09,VEST-WILL-VER-36,Vestido Willow,Vermelho,36,1449.0,9,24
2026-03-16,VEST-WILL-VER-36,Vestido Willow,Vermelho,36,1449.0,7,17
2026-03-23,VEST-WILL-VER-36,Vestido Willow,Vermelho,36,1449.0,8,9
2026-03-30,VEST-WILL-VER-36,Vestido Willow,Vermelho,36,1449.0,7,2
2026-04-06,VEST-WILL-VER-36,Vestido Willow,Vermelho,36,1449.0,9,24
2026-04-13,VEST-WILL-VER-36,Vestido Willow,Vermelho,36,1449.0,8,16
2026-04-20,VEST-WILL-VER-36,Vestido Willow,Vermelho,36,1449.0,6,10
2026-04-27,VEST-WILL-VER-36,Vestido Willow,Vermelho,36,1449.0,6,4
2026-05-04,VEST-WILL-VER-36,Vestido Willow,Vermelho,36,1449.0,2,2
2026-05-11,VEST-WILL-VER-36,Vestido Willow,Vermelho,36,1449.0,10,0
2026-05-18,VEST-WILL-VER-36,Vestido Willow,Vermelho,36,1449.0,8,0
2026-05-25,VEST-WILL-VER-36,Vestido Willow,Vermelho,36,1449.0,6,25
2026-06-01,VEST-WILL-VER-36,Vestido Willow,Vermelho,36,1449.0,5,20
2026-06-08,VEST-WILL-VER-36,Vestido Willow,Vermelho,36,1449.0,4,16
2026-06-15,VEST-WILL-VER-36,Vestido Willow,Vermelho,36,1449.0,7,9
2026-06-22,VEST-WILL-VER-36,Vestido Willow,Vermelho,36,1449.0,9,20
2026-06-29,VEST-WILL-VER-36,Vestido Willow,Vermelho,36,1449.0,7,13
2026-07-06,VEST-WILL-VER-36,Vestido Willow,Vermelho,36,1449.0,6,21
2026-07-13,VEST-WILL-VER-36,Vestido Willow,Vermelho,36,1449.0,7,14
2026-07-20,VEST-WILL-VER-36,Vestido Willow,Vermelho,36,1449.0,14,0
2026-07-27,VEST-WILL-VER-36,Vestido Willow,Vermelho,36,1449.0,9,0
2026-08-03,VEST-WILL-VER-36,Vestido Willow,Vermelho,36,1449.0,8,18
2026-08-10,VEST-WILL-VER-36,Vestido Willow,Vermelho,36,1449.0,5,13
2026-08-17,VEST-WILL-VER-36,Vestido Willow,Vermelho,36,1449.0,6,7
2026-08-24,VEST-WILL-VER-36,Vestido Willow,Vermelho,36,1449.0,12,32
2025-09-01,VEST-WILL-VER-38,Vestido Willow,Vermelho,38,1449.0,8,41
2025-09-08,VEST-WILL-VER-38,Vestido Willow,Vermelho,38,1449.0,4,37
2025-09-15,VEST-WILL-VER-38,Vestido Willow,Vermelho,38,1449.0,5,32
2025-09-22,VEST-WILL-VER-38,Vestido Willow,Vermelho,38,1449.0,8,24
2025-09-29,VEST-WILL-VER-38,Vestido Willow,Vermelho,38,1449.0,9,15
2025-10-06,VEST-WILL-VER-38,Vestido Willow,Vermelho,38,1449.0,10,5
2025-10-13,VEST-WILL-VER-38,Vestido Willow,Vermelho,38,1449.0,7,23
2025-10-20,VEST-WILL-VER-38,Vestido Willow,Vermelho,38,1449.0,3,20
2025-10-27,VEST-WILL-VER-38,Vestido Willow,Vermelho,38,1449.0,10,10
2025-11-03,VEST-WILL-VER-38,Vestido Willow,Vermelho,38,1449.0,5,23
2025-11-10,VEST-WILL-VER-38,Vestido Willow,Vermelho,38,1449.0,9,14
2025-11-17,VEST-WILL-VER-38,Vestido Willow,Vermelho,38,1449.0,7,36
2025-11-24,VEST-WILL-VER-38,Vestido Willow,Vermelho,38,1449.0,13,23
2025-12-01,VEST-WILL-VER-38,Vestido Willow,Vermelho,38,1449.0,10,13
2025-12-08,VEST-WILL-VER-38,Vestido Willow,Vermelho,38,1449.0,8,5
2025-12-15,VEST-WILL-VER-38,Vestido Willow,Vermelho,38,1449.0,6,29
2025-12-22,VEST-WILL-VER-38,Vestido Willow,Vermelho,38,1449.0,9,20
2025-12-29,VEST-WILL-VER-38,Vestido Willow,Vermelho,38,1449.0,4,16
2026-01-05,VEST-WILL-VER-38,Vestido Willow,Vermelho,38,1449.0,5,11
2026-01-12,VEST-WILL-VER-38,Vestido Willow,Vermelho,38,1449.0,7,4
2026-01-19,VEST-WILL-VER-38,Vestido Willow,Vermelho,38,1449.0,7,0
2026-01-26,VEST-WILL-VER-38,Vestido Willow,Vermelho,38,1449.0,6,0
2026-02-02,VEST-WILL-VER-38,Vestido Willow,Vermelho,38,1449.0,5,0
2026-02-09,VEST-WILL-VER-38,Vestido Willow,Vermelho,38,1449.0,7,29
2026-02-16,VEST-WILL-VER-38,Vestido Willow,Vermelho,38,1449.0,2,27
2026-02-23,VEST-WILL-VER-38,Vestido Willow,Vermelho,38,1449.0,5,22
2026-03-02,VEST-WILL-VER-38,Vestido Willow,Vermelho,38,1449.0,9,13
2026-03-09,VEST-WILL-VER-38,Vestido Willow,Vermelho,38,1449.0,5,8
2026-03-16,VEST-WILL-VER-38,Vestido Willow,Vermelho,38,1449.0,3,5
2026-03-23,VEST-WILL-VER-38,Vestido Willow,Vermelho,38,1449.0,1,4
2026-03-30,VEST-WILL-VER-38,Vestido Willow,Vermelho,38,1449.0,4,0
2026-04-06,VEST-WILL-VER-38,Vestido Willow,Vermelho,38,1449.0,8,0
2026-04-13,VEST-WILL-VER-38,Vestido Willow,Vermelho,38,1449.0,3,13
2026-04-20,VEST-WILL-VER-38,Vestido Willow,Vermelho,38,1449.0,1,12
2026-04-27,VEST-WILL-VER-38,Vestido Willow,Vermelho,38,1449.0,5,7
2026-05-04,VEST-WILL-VER-38,Vestido Willow,Vermelho,38,1449.0,5,17
2026-05-11,VEST-WILL-VER-38,Vestido Willow,Vermelho,38,1449.0,6,11
2026-05-18,VEST-WILL-VER-38,Vestido Willow,Vermelho,38,1449.0,4,36
2026-05-25,VEST-WILL-VER-38,Vestido Willow,Vermelho,38,1449.0,3,33
2026-06-01,VEST-WILL-VER-38,Vestido Willow,Vermelho,38,1449.0,6,27
2026-06-08,VEST-WILL-VER-38,Vestido Willow,Vermelho,38,1449.0,6,21
2026-06-15,VEST-WILL-VER-38,Vestido Willow,Vermelho,38,1449.0,4,17
2026-06-22,VEST-WILL-VER-38,Vestido Willow,Vermelho,38,1449.0,5,12
2026-06-29,VEST-WILL-VER-38,Vestido Willow,Vermelho,38,1449.0,5,41
2026-07-06,VEST-WILL-VER-38,Vestido Willow,Vermelho,38,1449.0,4,37
2026-07-13,VEST-WILL-VER-38,Vestido Willow,Vermelho,38,1449.0,5,32
2026-07-20,VEST-WILL-VER-38,Vestido Willow,Vermelho,38,1449.0,4,28
2026-07-27,VEST-WILL-VER-38,Vestido Willow,Vermelho,38,1449.0,2,26
2026-08-03,VEST-WILL-VER-38,Vestido Willow,Vermelho,38,1449.0,5,21
2026-08-10,VEST-WILL-VER-38,Vestido Willow,Vermelho,38,1449.0,6,15
2026-08-17,VEST-WILL-VER-38,Vestido Willow,Vermelho,38,1449.0,6,9
2026-08-24,VEST-WILL-VER-38,Vestido Willow,Vermelho,38,1449.0,9,0
2025-09-01,VEST-WILL-VER-40,Vestido Willow,Vermelho,40,1449.0,9,28
2025-09-08,VEST-WILL-VER-40,Vestido Willow,Vermelho,40,1449.0,8,20
2025-09-15,VEST-WILL-VER-40,Vestido Willow,Vermelho,40,1449.0,10,10
2025-09-22,VEST-WILL-VER-40,Vestido Willow,Vermelho,40,1449.0,4,6
2025-09-29,VEST-WILL-VER-40,Vestido Willow,Vermelho,40,1449.0,8,0
2025-10-06,VEST-WILL-VER-40,Vestido Willow,Vermelho,40,1449.0,11,0
2025-10-13,VEST-WILL-VER-40,Vestido Willow,Vermelho,40,1449.0,15,0
2025-10-20,VEST-WILL-VER-40,Vestido Willow,Vermelho,40,1449.0,9,0
2025-10-27,VEST-WILL-VER-40,Vestido Willow,Vermelho,40,1449.0,9,0
2025-11-03,VEST-WILL-VER-40,Vestido Willow,Vermelho,40,1449.0,8,24
2025-11-10,VEST-WILL-VER-40,Vestido Willow,Vermelho,40,1449.0,7,17
2025-11-17,VEST-WILL-VER-40,Vestido Willow,Vermelho,40,1449.0,6,11
2025-11-24,VEST-WILL-VER-40,Vestido Willow,Vermelho,40,1449.0,10,1
2025-12-01,VEST-WILL-VER-40,Vestido Willow,Vermelho,40,1449.0,4,0
2025-12-08,VEST-WILL-VER-40,Vestido Willow,Vermelho,40,1449.0,9,0
2025-12-15,VEST-WILL-VER-40,Vestido Willow,Vermelho,40,1449.0,5,0
2025-12-22,VEST-WILL-VER-40,Vestido Willow,Vermelho,40,1449.0,10,0
2025-12-29,VEST-WILL-VER-40,Vestido Willow,Vermelho,40,1449.0,4,0
2026-01-05,VEST-WILL-VER-40,Vestido Willow,Vermelho,40,1449.0,12,0
2026-01-12,VEST-WILL-VER-40,Vestido Willow,Vermelho,40,1449.0,7,0
2026-01-19,VEST-WILL-VER-40,Vestido Willow,Vermelho,40,1449.0,9,24
2026-01-26,VEST-WILL-VER-40,Vestido Willow,Vermelho,40,1449.0,9,15
2026-02-02,VEST-WILL-VER-40,Vestido Willow,Vermelho,40,1449.0,12,16
2026-02-09,VEST-WILL-VER-40,Vestido Willow,Vermelho,40,1449.0,10,6
2026-02-16,VEST-WILL-VER-40,Vestido Willow,Vermelho,40,1449.0,9,0
2026-02-23,VEST-WILL-VER-40,Vestido Willow,Vermelho,40,1449.0,13,28
2026-03-02,VEST-WILL-VER-40,Vestido Willow,Vermelho,40,1449.0,10,18
2026-03-09,VEST-WILL-VER-40,Vestido Willow,Vermelho,40,1449.0,7,11
2026-03-16,VEST-WILL-VER-40,Vestido Willow,Vermelho,40,1449.0,7,4
2026-03-23,VEST-WILL-VER-40,Vestido Willow,Vermelho,40,1449.0,8,22
2026-03-30,VEST-WILL-VER-40,Vestido Willow,Vermelho,40,1449.0,6,16
2026-04-06,VEST-WILL-VER-40,Vestido Willow,Vermelho,40,1449.0,7,9
2026-04-13,VEST-WILL-VER-40,Vestido Willow,Vermelho,40,1449.0,4,5
2026-04-20,VEST-WILL-VER-40,Vestido Willow,Vermelho,40,1449.0,4,22
2026-04-27,VEST-WILL-VER-40,Vestido Willow,Vermelho,40,1449.0,1,21
2026-05-04,VEST-WILL-VER-40,Vestido Willow,Vermelho,40,1449.0,5,16
2026-05-11,VEST-WILL-VER-40,Vestido Willow,Vermelho,40,1449.0,6,10
2026-05-18,VEST-WILL-VER-40,Vestido Willow,Vermelho,40,1449.0,4,6
2026-05-25,VEST-WILL-VER-40,Vestido Willow,Vermelho,40,1449.0,4,2
2026-06-01,VEST-WILL-VER-40,Vestido Willow,Vermelho,40,1449.0,4,0
2026-06-08,VEST-WILL-VER-40,Vestido Willow,Vermelho,40,1449.0,8,30
2026-06-15,VEST-WILL-VER-40,Vestido Willow,Vermelho,40,1449.0,1,29
2026-06-22,VEST-WILL-VER-40,Vestido Willow,Vermelho,40,1449.0,3,26
2026-06-29,VEST-WILL-VER-40,Vestido Willow,Vermelho,40,1449.0,3,23
2026-07-06,VEST-WILL-VER-40,Vestido Willow,Vermelho,40,1449.0,9,14
2026-07-13,VEST-WILL-VER-40,Vestido Willow,Vermelho,40,1449.0,6,8
2026-07-20,VEST-WILL-VER-40,Vestido Willow,Vermelho,40,1449.0,10,0
2026-07-27,VEST-WILL-VER-40,Vestido Willow,Vermelho,40,1449.0,2,0
2026-08-03,VEST-WILL-VER-40,Vestido Willow,Vermelho,40,1449.0,7,0
2026-08-10,VEST-WILL-VER-40,Vestido Willow,Vermelho,40,1449.0,9,15
2026-08-17,VEST-WILL-VER-40,Vestido Willow,Vermelho,40,1449.0,6,9
2026-08-24,VEST-WILL-VER-40,Vestido Willow,Vermelho,40,1449.0,5,4
2025-09-01,VEST-WILL-VER-42,Vestido Willow,Vermelho,42,1449.0,5,57
2025-09-08,VEST-WILL-VER-42,Vestido Willow,Vermelho,42,1449.0,11,46
2025-09-15,VEST-WILL-VER-42,Vestido Willow,Vermelho,42,1449.0,8,38
2025-09-22,VEST-WILL-VER-42,Vestido Willow,Vermelho,42,1449.0,7,31
2025-09-29,VEST-WILL-VER-42,Vestido Willow,Vermelho,42,1449.0,7,24
2025-10-06,VEST-WILL-VER-42,Vestido Willow,Vermelho,42,1449.0,8,16
2025-10-13,VEST-WILL-VER-42,Vestido Willow,Vermelho,42,1449.0,9,7
2025-10-20,VEST-WILL-VER-42,Vestido Willow,Vermelho,42,1449.0,12,22
2025-10-27,VEST-WILL-VER-42,Vestido Willow,Vermelho,42,1449.0,12,10
2025-11-03,VEST-WILL-VER-42,Vestido Willow,Vermelho,42,1449.0,5,5
2025-11-10,VEST-WILL-VER-42,Vestido Willow,Vermelho,42,1449.0,10,0
2025-11-17,VEST-WILL-VER-42,Vestido Willow,Vermelho,42,1449.0,10,18
2025-11-24,VEST-WILL-VER-42,Vestido Willow,Vermelho,42,1449.0,7,11
2025-12-01,VEST-WILL-VER-42,Vestido Willow,Vermelho,42,1449.0,7,4
2025-12-08,VEST-WILL-VER-42,Vestido Willow,Vermelho,42,1449.0,9,0
2025-12-15,VEST-WILL-VER-42,Vestido Willow,Vermelho,42,1449.0,6,0
2025-12-22,VEST-WILL-VER-42,Vestido Willow,Vermelho,42,1449.0,16,0
2025-12-29,VEST-WILL-VER-42,Vestido Willow,Vermelho,42,1449.0,7,0
2026-01-05,VEST-WILL-VER-42,Vestido Willow,Vermelho,42,1449.0,8,0
2026-01-12,VEST-WILL-VER-42,Vestido Willow,Vermelho,42,1449.0,3,14
2026-01-19,VEST-WILL-VER-42,Vestido Willow,Vermelho,42,1449.0,2,12
2026-01-26,VEST-WILL-VER-42,Vestido Willow,Vermelho,42,1449.0,11,28
2026-02-02,VEST-WILL-VER-42,Vestido Willow,Vermelho,42,1449.0,4,24
2026-02-09,VEST-WILL-VER-42,Vestido Willow,Vermelho,42,1449.0,15,9
2026-02-16,VEST-WILL-VER-42,Vestido Willow,Vermelho,42,1449.0,7,2
2026-02-23,VEST-WILL-VER-42,Vestido Willow,Vermelho,42,1449.0,3,0
2026-03-02,VEST-WILL-VER-42,Vestido Willow,Vermelho,42,1449.0,8,26
2026-03-09,VEST-WILL-VER-42,Vestido Willow,Vermelho,42,1449.0,4,22
2026-03-16,VEST-WILL-VER-42,Vestido Willow,Vermelho,42,1449.0,4,18
2026-03-23,VEST-WILL-VER-42,Vestido Willow,Vermelho,42,1449.0,4,14
2026-03-30,VEST-WILL-VER-42,Vestido Willow,Vermelho,42,1449.0,5,9
2026-04-06,VEST-WILL-VER-42,Vestido Willow,Vermelho,42,1449.0,3,39
2026-04-13,VEST-WILL-VER-42,Vestido Willow,Vermelho,42,1449.0,5,34
2026-04-20,VEST-WILL-VER-42,Vestido Willow,Vermelho,42,1449.0,6,28
2026-04-27,VEST-WILL-VER-42,Vestido Willow,Vermelho,42,1449.0,3,25
2026-05-04,VEST-WILL-VER-42,Vestido Willow,Vermelho,42,1449.0,5,20
2026-05-11,VEST-WILL-VER-42,Vestido Willow,Vermelho,42,1449.0,5,15
2026-05-18,VEST-WILL-VER-42,Vestido Willow,Vermelho,42,1449.0,5,10
2026-05-25,VEST-WILL-VER-42,Vestido Willow,Vermelho,42,1449.0,8,2
2026-06-01,VEST-WILL-VER-42,Vestido Willow,Vermelho,42,1449.0,2,0
2026-06-08,VEST-WILL-VER-42,Vestido Willow,Vermelho,42,1449.0,3,0
2026-06-15,VEST-WILL-VER-42,Vestido Willow,Vermelho,42,1449.0,6,0
2026-06-22,VEST-WILL-VER-42,Vestido Willow,Vermelho,42,1449.0,5,0
2026-06-29,VEST-WILL-VER-42,Vestido Willow,Vermelho,42,1449.0,5,0
2026-07-06,VEST-WILL-VER-42,Vestido Willow,Vermelho,42,1449.0,5,19
2026-07-13,VEST-WILL-VER-42,Vestido Willow,Vermelho,42,1449.0,10,9
2026-07-20,VEST-WILL-VER-42,Vestido Willow,Vermelho,42,1449.0,4,5
2026-07-27,VEST-WILL-VER-42,Vestido Willow,Vermelho,42,1449.0,6,20
2026-08-03,VEST-WILL-VER-42,Vestido Willow,Vermelho,42,1449.0,5,15
2026-08-10,VEST-WILL-VER-42,Vestido Willow,Vermelho,42,1449.0,4,11
2026-08-17,VEST-WILL-VER-42,Vestido Willow,Vermelho,42,1449.0,3,8
2026-08-24,VEST-WILL-VER-42,Vestido Willow,Vermelho,42,1449.0,8,34
2025-09-01,VEST-WILL-VER-44,Vestido Willow,Vermelho,44,1449.0,6,43
2025-09-08,VEST-WILL-VER-44,Vestido Willow,Vermelho,44,1449.0,5,38
2025-09-15,VEST-WILL-VER-44,Vestido Willow,Vermelho,44,1449.0,3,35
2025-09-22,VEST-WILL-VER-44,Vestido Willow,Vermelho,44,1449.0,4,31
2025-09-29,VEST-WILL-VER-44,Vestido Willow,Vermelho,44,1449.0,3,28
2025-10-06,VEST-WILL-VER-44,Vestido Willow,Vermelho,44,1449.0,5,23
2025-10-13,VEST-WILL-VER-44,Vestido Willow,Vermelho,44,1449.0,2,21
2025-10-20,VEST-WILL-VER-44,Vestido Willow,Vermelho,44,1449.0,4,17
2025-10-27,VEST-WILL-VER-44,Vestido Willow,Vermelho,44,1449.0,6,11
2025-11-03,VEST-WILL-VER-44,Vestido Willow,Vermelho,44,1449.0,3,8
2025-11-10,VEST-WILL-VER-44,Vestido Willow,Vermelho,44,1449.0,14,20
2025-11-17,VEST-WILL-VER-44,Vestido Willow,Vermelho,44,1449.0,7,13
2025-11-24,VEST-WILL-VER-44,Vestido Willow,Vermelho,44,1449.0,5,8
2025-12-01,VEST-WILL-VER-44,Vestido Willow,Vermelho,44,1449.0,6,2
2025-12-08,VEST-WILL-VER-44,Vestido Willow,Vermelho,44,1449.0,4,34
2025-12-15,VEST-WILL-VER-44,Vestido Willow,Vermelho,44,1449.0,7,27
2025-12-22,VEST-WILL-VER-44,Vestido Willow,Vermelho,44,1449.0,10,17
2025-12-29,VEST-WILL-VER-44,Vestido Willow,Vermelho,44,1449.0,4,13
2026-01-05,VEST-WILL-VER-44,Vestido Willow,Vermelho,44,1449.0,3,10
2026-01-12,VEST-WILL-VER-44,Vestido Willow,Vermelho,44,1449.0,8,2
2026-01-19,VEST-WILL-VER-44,Vestido Willow,Vermelho,44,1449.0,8,0
2026-01-26,VEST-WILL-VER-44,Vestido Willow,Vermelho,44,1449.0,6,0
2026-02-02,VEST-WILL-VER-44,Vestido Willow,Vermelho,44,1449.0,6,0
2026-02-09,VEST-WILL-VER-44,Vestido Willow,Vermelho,44,1449.0,2,0
2026-02-16,VEST-WILL-VER-44,Vestido Willow,Vermelho,44,1449.0,5,0
2026-02-23,VEST-WILL-VER-44,Vestido Willow,Vermelho,44,1449.0,7,0
2026-03-02,VEST-WILL-VER-44,Vestido Willow,Vermelho,44,1449.0,5,0
2026-03-09,VEST-WILL-VER-44,Vestido Willow,Vermelho,44,1449.0,1,0
2026-03-16,VEST-WILL-VER-44,Vestido Willow,Vermelho,44,1449.0,4,0
2026-03-23,VEST-WILL-VER-44,Vestido Willow,Vermelho,44,1449.0,5,32
2026-03-30,VEST-WILL-VER-44,Vestido Willow,Vermelho,44,1449.0,3,29
2026-04-06,VEST-WILL-VER-44,Vestido Willow,Vermelho,44,1449.0,3,26
2026-04-13,VEST-WILL-VER-44,Vestido Willow,Vermelho,44,1449.0,3,23
2026-04-20,VEST-WILL-VER-44,Vestido Willow,Vermelho,44,1449.0,2,21
2026-04-27,VEST-WILL-VER-44,Vestido Willow,Vermelho,44,1449.0,1,20
2026-05-04,VEST-WILL-VER-44,Vestido Willow,Vermelho,44,1449.0,1,19
2026-05-11,VEST-WILL-VER-44,Vestido Willow,Vermelho,44,1449.0,4,15
2026-05-18,VEST-WILL-VER-44,Vestido Willow,Vermelho,44,1449.0,5,10
2026-05-25,VEST-WILL-VER-44,Vestido Willow,Vermelho,44,1449.0,3,7
2026-06-01,VEST-WILL-VER-44,Vestido Willow,Vermelho,44,1449.0,6,31
2026-06-08,VEST-WILL-VER-44,Vestido Willow,Vermelho,44,1449.0,3,28
2026-06-15,VEST-WILL-VER-44,Vestido Willow,Vermelho,44,1449.0,4,24
2026-06-22,VEST-WILL-VER-44,Vestido Willow,Vermelho,44,1449.0,3,21
2026-06-29,VEST-WILL-VER-44,Vestido Willow,Vermelho,44,1449.0,2,19
2026-07-06,VEST-WILL-VER-44,Vestido Willow,Vermelho,44,1449.0,2,17
2026-07-13,VEST-WILL-VER-44,Vestido Willow,Vermelho,44,1449.0,3,14
2026-07-20,VEST-WILL-VER-44,Vestido Willow,Vermelho,44,1449.0,5,9
2026-07-27,VEST-WILL-VER-44,Vestido Willow,Vermelho,44,1449.0,1,8
2026-08-03,VEST-WILL-VER-44,Vestido Willow,Vermelho,44,1449.0,4,4
2026-08-10,VEST-WILL-VER-44,Vestido Willow,Vermelho,44,1449.0,3,1
2026-08-17,VEST-WILL-VER-44,Vestido Willow,Vermelho,44,1449.0,2,0
2026-08-24,VEST-WILL-VER-44,Vestido Willow,Vermelho,44,1449.0,5,0
2025-09-01,VEST-WILL-OFF-34,Vestido Willow,Off White,34,1449.0,3,45
2025-09-08,VEST-WILL-OFF-34,Vestido Willow,Off White,34,1449.0,6,39
2025-09-15,VEST-WILL-OFF-34,Vestido Willow,Off White,34,1449.0,7,32
2025-09-22,VEST-WILL-OFF-34,Vestido Willow,Off White,34,1449.0,7,25
2025-09-29,VEST-WILL-OFF-34,Vestido Willow,Off White,34,1449.0,5,20
2025-10-06,VEST-WILL-OFF-34,Vestido Willow,Off White,34,1449.0,12,8
2025-10-13,VEST-WILL-OFF-34,Vestido Willow,Off White,34,1449.0,11,0
2025-10-20,VEST-WILL-OFF-34,Vestido Willow,Off White,34,1449.0,5,0
2025-10-27,VEST-WILL-OFF-34,Vestido Willow,Off White,34,1449.0,3,19
2025-11-03,VEST-WILL-OFF-34,Vestido Willow,Off White,34,1449.0,9,10
2025-11-10,VEST-WILL-OFF-34,Vestido Willow,Off White,34,1449.0,14,16
2025-11-17,VEST-WILL-OFF-34,Vestido Willow,Off White,34,1449.0,14,32
2025-11-24,VEST-WILL-OFF-34,Vestido Willow,Off White,34,1449.0,3,29
2025-12-01,VEST-WILL-OFF-34,Vestido Willow,Off White,34,1449.0,4,25
2025-12-08,VEST-WILL-OFF-34,Vestido Willow,Off White,34,1449.0,12,13
2025-12-15,VEST-WILL-OFF-34,Vestido Willow,Off White,34,1449.0,5,8
2025-12-22,VEST-WILL-OFF-34,Vestido Willow,Off White,34,1449.0,12,0
2025-12-29,VEST-WILL-OFF-34,Vestido Willow,Off White,34,1449.0,6,0
2026-01-05,VEST-WILL-OFF-34,Vestido Willow,Off White,34,1449.0,8,33
2026-01-12,VEST-WILL-OFF-34,Vestido Willow,Off White,34,1449.0,6,27
2026-01-19,VEST-WILL-OFF-34,Vestido Willow,Off White,34,1449.0,6,21
2026-01-26,VEST-WILL-OFF-34,Vestido Willow,Off White,34,1449.0,10,11
2026-02-02,VEST-WILL-OFF-34,Vestido Willow,Off White,34,1449.0,12,24
2026-02-09,VEST-WILL-OFF-34,Vestido Willow,Off White,34,1449.0,8,16
2026-02-16,VEST-WILL-OFF-34,Vestido Willow,Off White,34,1449.0,6,10
2026-02-23,VEST-WILL-OFF-34,Vestido Willow,Off White,34,1449.0,4,6
2026-03-02,VEST-WILL-OFF-34,Vestido Willow,Off White,34,1449.0,6,14
2026-03-09,VEST-WILL-OFF-34,Vestido Willow,Off White,34,1449.0,6,8
2026-03-16,VEST-WILL-OFF-34,Vestido Willow,Off White,34,1449.0,6,17
2026-03-23,VEST-WILL-OFF-34,Vestido Willow,Off White,34,1449.0,6,11
2026-03-30,VEST-WILL-OFF-34,Vestido Willow,Off White,34,1449.0,5,6
2026-04-06,VEST-WILL-OFF-34,Vestido Willow,Off White,34,1449.0,5,35
2026-04-13,VEST-WILL-OFF-34,Vestido Willow,Off White,34,1449.0,9,26
2026-04-20,VEST-WILL-OFF-34,Vestido Willow,Off White,34,1449.0,0,26
2026-04-27,VEST-WILL-OFF-34,Vestido Willow,Off White,34,1449.0,9,17
2026-05-04,VEST-WILL-OFF-34,Vestido Willow,Off White,34,1449.0,1,16
2026-05-11,VEST-WILL-OFF-34,Vestido Willow,Off White,34,1449.0,6,10
2026-05-18,VEST-WILL-OFF-34,Vestido Willow,Off White,34,1449.0,3,7
2026-05-25,VEST-WILL-OFF-34,Vestido Willow,Off White,34,1449.0,2,5
2026-06-01,VEST-WILL-OFF-34,Vestido Willow,Off White,34,1449.0,2,26
2026-06-08,VEST-WILL-OFF-34,Vestido Willow,Off White,34,1449.0,3,23
2026-06-15,VEST-WILL-OFF-34,Vestido Willow,Off White,34,1449.0,2,21
2026-06-22,VEST-WILL-OFF-34,Vestido Willow,Off White,34,1449.0,3,18
2026-06-29,VEST-WILL-OFF-34,Vestido Willow,Off White,34,1449.0,1,17
2026-07-06,VEST-WILL-OFF-34,Vestido Willow,Off White,34,1449.0,5,12
2026-07-13,VEST-WILL-OFF-34,Vestido Willow,Off White,34,1449.0,2,10
2026-07-20,VEST-WILL-OFF-34,Vestido Willow,Off White,34,1449.0,6,4
2026-07-27,VEST-WILL-OFF-34,Vestido Willow,Off White,34,1449.0,1,18
2026-08-03,VEST-WILL-OFF-34,Vestido Willow,Off White,34,1449.0,7,11
2026-08-10,VEST-WILL-OFF-34,Vestido Willow,Off White,34,1449.0,3,8
2026-08-17,VEST-WILL-OFF-34,Vestido Willow,Off White,34,1449.0,6,21
2026-08-24,VEST-WILL-OFF-34,Vestido Willow,Off White,34,1449.0,6,15
2025-09-01,VEST-WILL-OFF-36,Vestido Willow,Off White,36,1449.0,9,35
2025-09-08,VEST-WILL-OFF-36,Vestido Willow,Off White,36,1449.0,7,28
2025-09-15,VEST-WILL-OFF-36,Vestido Willow,Off White,36,1449.0,7,21
2025-09-22,VEST-WILL-OFF-36,Vestido Willow,Off White,36,1449.0,9,12
2025-09-29,VEST-WILL-OFF-36,Vestido Willow,Off White,36,1449.0,8,4
2025-10-06,VEST-WILL-OFF-36,Vestido Willow,Off White,36,1449.0,7,0
2025-10-13,VEST-WILL-OFF-36,Vestido Willow,Off White,36,1449.0,3,0
2025-10-20,VEST-WILL-OFF-36,Vestido Willow,Off White,36,1449.0,9,0
2025-10-27,VEST-WILL-OFF-36,Vestido Willow,Off White,36,1449.0,11,0
2025-11-03,VEST-WILL-OFF-36,Vestido Willow,Off White,36,1449.0,10,27
2025-11-10,VEST-WILL-OFF-36,Vestido Willow,Off White,36,1449.0,5,22
2025-11-17,VEST-WILL-OFF-36,Vestido Willow,Off White,36,1449.0,8,14
2025-11-24,VEST-WILL-OFF-36,Vestido Willow,Off White,36,1449.0,9,18
2025-12-01,VEST-WILL-OFF-36,Vestido Willow,Off White,36,1449.0,10,8
2025-12-08,VEST-WILL-OFF-36,Vestido Willow,Off White,36,1449.0,9,0
2025-12-15,VEST-WILL-OFF-36,Vestido Willow,Off White,36,1449.0,7,25
2025-12-22,VEST-WILL-OFF-36,Vestido Willow,Off White,36,1449.0,8,17
2025-12-29,VEST-WILL-OFF-36,Vestido Willow,Off White,36,1449.0,14,16
2026-01-05,VEST-WILL-OFF-36,Vestido Willow,Off White,36,1449.0,6,10
2026-01-12,VEST-WILL-OFF-36,Vestido Willow,Off White,36,1449.0,13,34
2026-01-19,VEST-WILL-OFF-36,Vestido Willow,Off White,36,1449.0,11,23
2026-01-26,VEST-WILL-OFF-36,Vestido Willow,Off White,36,1449.0,10,13
2026-02-02,VEST-WILL-OFF-36,Vestido Willow,Off White,36,1449.0,6,7
2026-02-09,VEST-WILL-OFF-36,Vestido Willow,Off White,36,1449.0,9,0
2026-02-16,VEST-WILL-OFF-36,Vestido Willow,Off White,36,1449.0,14,0
2026-02-23,VEST-WILL-OFF-36,Vestido Willow,Off White,36,1449.0,5,13
2026-03-02,VEST-WILL-OFF-36,Vestido Willow,Off White,36,1449.0,5,8
2026-03-09,VEST-WILL-OFF-36,Vestido Willow,Off White,36,1449.0,7,1
2026-03-16,VEST-WILL-OFF-36,Vestido Willow,Off White,36,1449.0,8,0
2026-03-23,VEST-WILL-OFF-36,Vestido Willow,Off White,36,1449.0,9,0
2026-03-30,VEST-WILL-OFF-36,Vestido Willow,Off White,36,1449.0,10,0
2026-04-06,VEST-WILL-OFF-36,Vestido Willow,Off White,36,1449.0,5,0
2026-04-13,VEST-WILL-OFF-36,Vestido Willow,Off White,36,1449.0,3,26
2026-04-20,VEST-WILL-OFF-36,Vestido Willow,Off White,36,1449.0,0,26
2026-04-27,VEST-WILL-OFF-36,Vestido Willow,Off White,36,1449.0,4,22
2026-05-04,VEST-WILL-OFF-36,Vestido Willow,Off White,36,1449.0,2,20
2026-05-11,VEST-WILL-OFF-36,Vestido Willow,Off White,36,1449.0,4,16
2026-05-18,VEST-WILL-OFF-36,Vestido Willow,Off White,36,1449.0,4,12
2026-05-25,VEST-WILL-OFF-36,Vestido Willow,Off White,36,1449.0,8,4
2026-06-01,VEST-WILL-OFF-36,Vestido Willow,Off White,36,1449.0,4,0
2026-06-08,VEST-WILL-OFF-36,Vestido Willow,Off White,36,1449.0,4,0
2026-06-15,VEST-WILL-OFF-36,Vestido Willow,Off White,36,1449.0,3,0
2026-06-22,VEST-WILL-OFF-36,Vestido Willow,Off White,36,1449.0,6,0
2026-06-29,VEST-WILL-OFF-36,Vestido Willow,Off White,36,1449.0,5,12
2026-07-06,VEST-WILL-OFF-36,Vestido Willow,Off White,36,1449.0,6,6
2026-07-13,VEST-WILL-OFF-36,Vestido Willow,Off White,36,1449.0,5,1
2026-07-20,VEST-WILL-OFF-36,Vestido Willow,Off White,36,1449.0,9,0
2026-07-27,VEST-WILL-OFF-36,Vestido Willow,Off White,36,1449.0,5,0
2026-08-03,VEST-WILL-OFF-36,Vestido Willow,Off White,36,1449.0,5,27
2026-08-10,VEST-WILL-OFF-36,Vestido Willow,Off White,36,1449.0,8,19
2026-08-17,VEST-WILL-OFF-36,Vestido Willow,Off White,36,1449.0,7,12
2026-08-24,VEST-WILL-OFF-36,Vestido Willow,Off White,36,1449.0,8,19
2025-09-01,VEST-WILL-OFF-38,Vestido Willow,Off White,38,1449.0,4,22
2025-09-08,VEST-WILL-OFF-38,Vestido Willow,Off White,38,1449.0,3,19
2025-09-15,VEST-WILL-OFF-38,Vestido Willow,Off White,38,1449.0,2,17
2025-09-22,VEST-WILL-OFF-38,Vestido Willow,Off White,38,1449.0,3,14
2025-09-29,VEST-WILL-OFF-38,Vestido Willow,Off White,38,1449.0,2,12
2025-10-06,VEST-WILL-OFF-38,Vestido Willow,Off White,38,1449.0,1,11
2025-10-13,VEST-WILL-OFF-38,Vestido Willow,Off White,38,1449.0,0,11
2025-10-20,VEST-WILL-OFF-38,Vestido Willow,Off White,38,1449.0,5,24
2025-10-27,VEST-WILL-OFF-38,Vestido Willow,Off White,38,1449.0,3,21
2025-11-03,VEST-WILL-OFF-38,Vestido Willow,Off White,38,1449.0,2,19
2025-11-10,VEST-WILL-OFF-38,Vestido Willow,Off White,38,1449.0,2,17
2025-11-17,VEST-WILL-OFF-38,Vestido Willow,Off White,38,1449.0,1,16
2025-11-24,VEST-WILL-OFF-38,Vestido Willow,Off White,38,1449.0,4,12
2025-12-01,VEST-WILL-OFF-38,Vestido Willow,Off White,38,1449.0,5,7
2025-12-08,VEST-WILL-OFF-38,Vestido Willow,Off White,38,1449.0,2,25
2025-12-15,VEST-WILL-OFF-38,Vestido Willow,Off White,38,1449.0,0,25
2025-12-22,VEST-WILL-OFF-38,Vestido Willow,Off White,38,1449.0,3,22
2025-12-29,VEST-WILL-OFF-38,Vestido Willow,Off White,38,1449.0,1,21
2026-01-05,VEST-WILL-OFF-38,Vestido Willow,Off White,38,1449.0,2,19
2026-01-12,VEST-WILL-OFF-38,Vestido Willow,Off White,38,1449.0,8,11
2026-01-19,VEST-WILL-OFF-38,Vestido Willow,Off White,38,1449.0,3,8
2026-01-26,VEST-WILL-OFF-38,Vestido Willow,Off White,38,1449.0,1,7
2026-02-02,VEST-WILL-OFF-38,Vestido Willow,Off White,38,1449.0,3,4
2026-02-09,VEST-WILL-OFF-38,Vestido Willow,Off White,38,1449.0,4,0
2026-02-16,VEST-WILL-OFF-38,Vestido Willow,Off White,38,1449.0,2,0
2026-02-23,VEST-WILL-OFF-38,Vestido Willow,Off White,38,1449.0,4,27
2026-03-02,VEST-WILL-OFF-38,Vestido Willow,Off White,38,1449.0,3,24
2026-03-09,VEST-WILL-OFF-38,Vestido Willow,Off White,38,1449.0,4,20
2026-03-16,VEST-WILL-OFF-38,Vestido Willow,Off White,38,1449.0,1,19
2026-03-23,VEST-WILL-OFF-38,Vestido Willow,Off White,38,1449.0,1,18
2026-03-30,VEST-WILL-OFF-38,Vestido Willow,Off White,38,1449.0,3,15
2026-04-06,VEST-WILL-OFF-38,Vestido Willow,Off White,38,1449.0,0,15
2026-04-13,VEST-WILL-OFF-38,Vestido Willow,Off White,38,1449.0,1,14
2026-04-20,VEST-WILL-OFF-38,Vestido Willow,Off White,38,1449.0,3,11
2026-04-27,VEST-WILL-OFF-38,Vestido Willow,Off White,38,1449.0,1,10
2026-05-04,VEST-WILL-OFF-38,Vestido Willow,Off White,38,1449.0,3,7
2026-05-11,VEST-WILL-OFF-38,Vestido Willow,Off White,38,1449.0,2,5
2026-05-18,VEST-WILL-OFF-38,Vestido Willow,Off White,38,1449.0,0,5
2026-05-25,VEST-WILL-OFF-38,Vestido Willow,Off White,38,1449.0,2,27
2026-06-01,VEST-WILL-OFF-38,Vestido Willow,Off White,38,1449.0,1,26
2026-06-08,VEST-WILL-OFF-38,Vestido Willow,Off White,38,1449.0,0,26
2026-06-15,VEST-WILL-OFF-38,Vestido Willow,Off White,38,1449.0,1,25
2026-06-22,VEST-WILL-OFF-38,Vestido Willow,Off White,38,1449.0,2,23
2026-06-29,VEST-WILL-OFF-38,Vestido Willow,Off White,38,1449.0,1,22
2026-07-06,VEST-WILL-OFF-38,Vestido Willow,Off White,38,1449.0,0,22
2026-07-13,VEST-WILL-OFF-38,Vestido Willow,Off White,38,1449.0,2,20
2026-07-20,VEST-WILL-OFF-38,Vestido Willow,Off White,38,1449.0,2,18
2026-07-27,VEST-WILL-OFF-38,Vestido Willow,Off White,38,1449.0,3,15
2026-08-03,VEST-WILL-OFF-38,Vestido Willow,Off White,38,1449.0,2,13
2026-08-10,VEST-WILL-OFF-38,Vestido Willow,Off White,38,1449.0,2,11
2026-08-17,VEST-WILL-OFF-38,Vestido Willow,Off White,38,1449.0,6,36
2026-08-24,VEST-WILL-OFF-38,Vestido Willow,Off White,38,1449.0,3,33
2025-09-01,VEST-WILL-OFF-40,Vestido Willow,Off White,40,1449.0,2,29
2025-09-08,VEST-WILL-OFF-40,Vestido Willow,Off White,40,1449.0,4,25
2025-09-15,VEST-WILL-OFF-40,Vestido Willow,Off White,40,1449.0,2,23
2025-09-22,VEST-WILL-OFF-40,Vestido Willow,Off White,40,1449.0,2,21
2025-09-29,VEST-WILL-OFF-40,Vestido Willow,Off White,40,1449.0,2,19
2025-10-06,VEST-WILL-OFF-40,Vestido Willow,Off White,40,1449.0,4,15
2025-10-13,VEST-WILL-OFF-40,Vestido Willow,Off White,40,1449.0,6,9
2025-10-20,VEST-WILL-OFF-40,Vestido Willow,Off White,40,1449.0,4,26
2025-10-27,VEST-WILL-OFF-40,Vestido Willow,Off White,40,1449.0,5,21
2025-11-03,VEST-WILL-OFF-40,Vestido Willow,Off White,40,1449.0,3,18
2025-11-10,VEST-WILL-OFF-40,Vestido Willow,Off White,40,1449.0,3,15
2025-11-17,VEST-WILL-OFF-40,Vestido Willow,Off White,40,1449.0,3,12
2025-11-24,VEST-WILL-OFF-40,Vestido Willow,Off White,40,1449.0,6,31
2025-12-01,VEST-WILL-OFF-40,Vestido Willow,Off White,40,1449.0,2,29
2025-12-08,VEST-WILL-OFF-40,Vestido Willow,Off White,40,1449.0,2,27
2025-12-15,VEST-WILL-OFF-40,Vestido Willow,Off White,40,1449.0,2,25
2025-12-22,VEST-WILL-OFF-40,Vestido Willow,Off White,40,1449.0,3,22
2025-12-29,VEST-WILL-OFF-40,Vestido Willow,Off White,40,1449.0,0,22
2026-01-05,VEST-WILL-OFF-40,Vestido Willow,Off White,40,1449.0,3,19
2026-01-12,VEST-WILL-OFF-40,Vestido Willow,Off White,40,1449.0,3,16
2026-01-19,VEST-WILL-OFF-40,Vestido Willow,Off White,40,1449.0,6,10
2026-01-26,VEST-WILL-OFF-40,Vestido Willow,Off White,40,1449.0,1,9
2026-02-02,VEST-WILL-OFF-40,Vestido Willow,Off White,40,1449.0,7,2
2026-02-09,VEST-WILL-OFF-40,Vestido Willow,Off White,40,1449.0,2,0
2026-02-16,VEST-WILL-OFF-40,Vestido Willow,Off White,40,1449.0,3,34
2026-02-23,VEST-WILL-OFF-40,Vestido Willow,Off White,40,1449.0,6,28
2026-03-02,VEST-WILL-OFF-40,Vestido Willow,Off White,40,1449.0,1,27
2026-03-09,VEST-WILL-OFF-40,Vestido Willow,Off White,40,1449.0,7,20
2026-03-16,VEST-WILL-OFF-40,Vestido Willow,Off White,40,1449.0,1,19
2026-03-23,VEST-WILL-OFF-40,Vestido Willow,Off White,40,1449.0,4,15
2026-03-30,VEST-WILL-OFF-40,Vestido Willow,Off White,40,1449.0,3,12
2026-04-06,VEST-WILL-OFF-40,Vestido Willow,Off White,40,1449.0,2,10
2026-04-13,VEST-WILL-OFF-40,Vestido Willow,Off White,40,1449.0,1,9
2026-04-20,VEST-WILL-OFF-40,Vestido Willow,Off White,40,1449.0,1,8
2026-04-27,VEST-WILL-OFF-40,Vestido Willow,Off White,40,1449.0,2,23
2026-05-04,VEST-WILL-OFF-40,Vestido Willow,Off White,40,1449.0,2,21
2026-05-11,VEST-WILL-OFF-40,Vestido Willow,Off White,40,1449.0,3,18
2026-05-18,VEST-WILL-OFF-40,Vestido Willow,Off White,40,1449.0,4,14
2026-05-25,VEST-WILL-OFF-40,Vestido Willow,Off White,40,1449.0,3,11
2026-06-01,VEST-WILL-OFF-40,Vestido Willow,Off White,40,1449.0,0,11
2026-06-08,VEST-WILL-OFF-40,Vestido Willow,Off White,40,1449.0,2,9
2026-06-15,VEST-WILL-OFF-40,Vestido Willow,Off White,40,1449.0,2,7
2026-06-22,VEST-WILL-OFF-40,Vestido Willow,Off White,40,1449.0,2,5
2026-06-29,VEST-WILL-OFF-40,Vestido Willow,Off White,40,1449.0,2,3
2026-07-06,VEST-WILL-OFF-40,Vestido Willow,Off White,40,1449.0,1,2
2026-07-13,VEST-WILL-OFF-40,Vestido Willow,Off White,40,1449.0,1,1
2026-07-20,VEST-WILL-OFF-40,Vestido Willow,Off White,40,1449.0,1,13
2026-07-27,VEST-WILL-OFF-40,Vestido Willow,Off White,40,1449.0,3,10
2026-08-03,VEST-WILL-OFF-40,Vestido Willow,Off White,40,1449.0,1,9
2026-08-10,VEST-WILL-OFF-40,Vestido Willow,Off White,40,1449.0,3,6
2026-08-17,VEST-WILL-OFF-40,Vestido Willow,Off White,40,1449.0,2,17
2026-08-24,VEST-WILL-OFF-40,Vestido Willow,Off White,40,1449.0,3,14
2025-09-01,VEST-WILL-OFF-42,Vestido Willow,Off White,42,1449.0,1,47
2025-09-08,VEST-WILL-OFF-42,Vestido Willow,Off White,42,1449.0,2,45
2025-09-15,VEST-WILL-OFF-42,Vestido Willow,Off White,42,1449.0,2,43
2025-09-22,VEST-WILL-OFF-42,Vestido Willow,Off White,42,1449.0,4,39
2025-09-29,VEST-WILL-OFF-42,Vestido Willow,Off White,42,1449.0,3,36
2025-10-06,VEST-WILL-OFF-42,Vestido Willow,Off White,42,1449.0,7,29
2025-10-13,VEST-WILL-OFF-42,Vestido Willow,Off White,42,1449.0,2,27
2025-10-20,VEST-WILL-OFF-42,Vestido Willow,Off White,42,1449.0,2,25
2025-10-27,VEST-WILL-OFF-42,Vestido Willow,Off White,42,1449.0,5,20
2025-11-03,VEST-WILL-OFF-42,Vestido Willow,Off White,42,1449.0,4,16
2025-11-10,VEST-WILL-OFF-42,Vestido Willow,Off White,42,1449.0,7,9
2025-11-17,VEST-WILL-OFF-42,Vestido Willow,Off White,42,1449.0,3,6
2025-11-24,VEST-WILL-OFF-42,Vestido Willow,Off White,42,1449.0,2,4
2025-12-01,VEST-WILL-OFF-42,Vestido Willow,Off White,42,1449.0,4,0
2025-12-08,VEST-WILL-OFF-42,Vestido Willow,Off White,42,1449.0,8,16
2025-12-15,VEST-WILL-OFF-42,Vestido Willow,Off White,42,1449.0,5,11
2025-12-22,VEST-WILL-OFF-42,Vestido Willow,Off White,42,1449.0,3,8
2025-12-29,VEST-WILL-OFF-42,Vestido Willow,Off White,42,1449.0,6,2
2026-01-05,VEST-WILL-OFF-42,Vestido Willow,Off White,42,1449.0,6,12
2026-01-12,VEST-WILL-OFF-42,Vestido Willow,Off White,42,1449.0,2,10
2026-01-19,VEST-WILL-OFF-42,Vestido Willow,Off White,42,1449.0,2,8
2026-01-26,VEST-WILL-OFF-42,Vestido Willow,Off White,42,1449.0,5,3
2026-02-02,VEST-WILL-OFF-42,Vestido Willow,Off White,42,1449.0,3,0
2026-02-09,VEST-WILL-OFF-42,Vestido Willow,Off White,42,1449.0,3,25
2026-02-16,VEST-WILL-OFF-42,Vestido Willow,Off White,42,1449.0,2,23
2026-02-23,VEST-WILL-OFF-42,Vestido Willow,Off White,42,1449.0,2,21
2026-03-02,VEST-WILL-OFF-42,Vestido Willow,Off White,42,1449.0,1,20
2026-03-09,VEST-WILL-OFF-42,Vestido Willow,Off White,42,1449.0,0,20
2026-03-16,VEST-WILL-OFF-42,Vestido Willow,Off White,42,1449.0,3,17
2026-03-23,VEST-WILL-OFF-42,Vestido Willow,Off White,42,1449.0,3,14
2026-03-30,VEST-WILL-OFF-42,Vestido Willow,Off White,42,1449.0,0,14
2026-04-06,VEST-WILL-OFF-42,Vestido Willow,Off White,42,1449.0,4,10
2026-04-13,VEST-WILL-OFF-42,Vestido Willow,Off White,42,1449.0,0,10
2026-04-20,VEST-WILL-OFF-42,Vestido Willow,Off White,42,1449.0,0,10
2026-04-27,VEST-WILL-OFF-42,Vestido Willow,Off White,42,1449.0,1,9
2026-05-04,VEST-WILL-OFF-42,Vestido Willow,Off White,42,1449.0,0,9
2026-05-11,VEST-WILL-OFF-42,Vestido Willow,Off White,42,1449.0,0,9
2026-05-18,VEST-WILL-OFF-42,Vestido Willow,Off White,42,1449.0,0,9
2026-05-25,VEST-WILL-OFF-42,Vestido Willow,Off White,42,1449.0,2,7
2026-06-01,VEST-WILL-OFF-42,Vestido Willow,Off White,42,1449.0,2,34
2026-06-08,VEST-WILL-OFF-42,Vestido Willow,Off White,42,1449.0,2,32
2026-06-15,VEST-WILL-OFF-42,Vestido Willow,Off White,42,1449.0,0,32
2026-06-22,VEST-WILL-OFF-42,Vestido Willow,Off White,42,1449.0,0,32
2026-06-29,VEST-WILL-OFF-42,Vestido Willow,Off White,42,1449.0,2,30
2026-07-06,VEST-WILL-OFF-42,Vestido Willow,Off White,42,1449.0,0,30
2026-07-13,VEST-WILL-OFF-42,Vestido Willow,Off White,42,1449.0,1,29
2026-07-20,VEST-WILL-OFF-42,Vestido Willow,Off White,42,1449.0,3,26
2026-07-27,VEST-WILL-OFF-42,Vestido Willow,Off White,42,1449.0,5,21
2026-08-03,VEST-WILL-OFF-42,Vestido Willow,Off White,42,1449.0,1,20
2026-08-10,VEST-WILL-OFF-42,Vestido Willow,Off White,42,1449.0,1,19
2026-08-17,VEST-WILL-OFF-42,Vestido Willow,Off White,42,1449.0,4,15
2026-08-24,VEST-WILL-OFF-42,Vestido Willow,Off White,42,1449.0,1,14
2025-09-01,VEST-WILL-OFF-44,Vestido Willow,Off White,44,1449.0,4,54
2025-09-08,VEST-WILL-OFF-44,Vestido Willow,Off White,44,1449.0,1,53
2025-09-15,VEST-WILL-OFF-44,Vestido Willow,Off White,44,1449.0,1,52
2025-09-22,VEST-WILL-OFF-44,Vestido Willow,Off White,44,1449.0,7,45
2025-09-29,VEST-WILL-OFF-44,Vestido Willow,Off White,44,1449.0,11,34
2025-10-06,VEST-WILL-OFF-44,Vestido Willow,Off White,44,1449.0,3,31
2025-10-13,VEST-WILL-OFF-44,Vestido Willow,Off White,44,1449.0,3,28
2025-10-20,VEST-WILL-OFF-44,Vestido Willow,Off White,44,1449.0,3,25
2025-10-27,VEST-WILL-OFF-44,Vestido Willow,Off White,44,1449.0,6,19
2025-11-03,VEST-WILL-OFF-44,Vestido Willow,Off White,44,1449.0,12,40
2025-11-10,VEST-WILL-OFF-44,Vestido Willow,Off White,44,1449.0,5,35
2025-11-17,VEST-WILL-OFF-44,Vestido Willow,Off White,44,1449.0,3,32
2025-11-24,VEST-WILL-OFF-44,Vestido Willow,Off White,44,1449.0,5,27
2025-12-01,VEST-WILL-OFF-44,Vestido Willow,Off White,44,1449.0,10,17
2025-12-08,VEST-WILL-OFF-44,Vestido Willow,Off White,44,1449.0,6,11
2025-12-15,VEST-WILL-OFF-44,Vestido Willow,Off White,44,1449.0,9,2
2025-12-22,VEST-WILL-OFF-44,Vestido Willow,Off White,44,1449.0,6,0
2025-12-29,VEST-WILL-OFF-44,Vestido Willow,Off White,44,1449.0,5,31
2026-01-05,VEST-WILL-OFF-44,Vestido Willow,Off White,44,1449.0,4,27
2026-01-12,VEST-WILL-OFF-44,Vestido Willow,Off White,44,1449.0,6,21
2026-01-19,VEST-WILL-OFF-44,Vestido Willow,Off White,44,1449.0,6,15
2026-01-26,VEST-WILL-OFF-44,Vestido Willow,Off White,44,1449.0,3,12
2026-02-02,VEST-WILL-OFF-44,Vestido Willow,Off White,44,1449.0,7,32
2026-02-09,VEST-WILL-OFF-44,Vestido Willow,Off White,44,1449.0,6,26
2026-02-16,VEST-WILL-OFF-44,Vestido Willow,Off White,44,1449.0,7,19
2026-02-23,VEST-WILL-OFF-44,Vestido Willow,Off White,44,1449.0,5,14
2026-03-02,VEST-WILL-OFF-44,Vestido Willow,Off White,44,1449.0,2,12
2026-03-09,VEST-WILL-OFF-44,Vestido Willow,Off White,44,1449.0,6,6
2026-03-16,VEST-WILL-OFF-44,Vestido Willow,Off White,44,1449.0,3,20
2026-03-23,VEST-WILL-OFF-44,Vestido Willow,Off White,44,1449.0,3,17
2026-03-30,VEST-WILL-OFF-44,Vestido Willow,Off White,44,1449.0,0,17
2026-04-06,VEST-WILL-OFF-44,Vestido Willow,Off White,44,1449.0,3,14
2026-04-13,VEST-WILL-OFF-44,Vestido Willow,Off White,44,1449.0,1,13
2026-04-20,VEST-WILL-OFF-44,Vestido Willow,Off White,44,1449.0,4,9
2026-04-27,VEST-WILL-OFF-44,Vestido Willow,Off White,44,1449.0,4,5
2026-05-04,VEST-WILL-OFF-44,Vestido Willow,Off White,44,1449.0,4,1
2026-05-11,VEST-WILL-OFF-44,Vestido Willow,Off White,44,1449.0,0,1
2026-05-18,VEST-WILL-OFF-44,Vestido Willow,Off White,44,1449.0,2,0
2026-05-25,VEST-WILL-OFF-44,Vestido Willow,Off White,44,1449.0,3,0
2026-06-01,VEST-WILL-OFF-44,Vestido Willow,Off White,44,1449.0,0,0
2026-06-08,VEST-WILL-OFF-44,Vestido Willow,Off White,44,1449.0,1,22
2026-06-15,VEST-WILL-OFF-44,Vestido Willow,Off White,44,1449.0,2,20
2026-06-22,VEST-WILL-OFF-44,Vestido Willow,Off White,44,1449.0,0,20
2026-06-29,VEST-WILL-OFF-44,Vestido Willow,Off White,44,1449.0,1,19
2026-07-06,VEST-WILL-OFF-44,Vestido Willow,Off White,44,1449.0,1,18
2026-07-13,VEST-WILL-OFF-44,Vestido Willow,Off White,44,1449.0,8,10
2026-07-20,VEST-WILL-OFF-44,Vestido Willow,Off White,44,1449.0,3,19
2026-07-27,VEST-WILL-OFF-44,Vestido Willow,Off White,44,1449.0,2,17
2026-08-03,VEST-WILL-OFF-44,Vestido Willow,Off White,44,1449.0,2,15
2026-08-10,VEST-WILL-OFF-44,Vestido Willow,Off White,44,1449.0,2,13
2026-08-17,VEST-WILL-OFF-44,Vestido Willow,Off White,44,1449.0,2,11
2026-08-24,VEST-WILL-OFF-44,Vestido Willow,Off White,44,1449.0,5,37
2025-09-01,VEST-WILL-AZU-34,Vestido Willow,Azul,34,1449.0,4,40
2025-09-08,VEST-WILL-AZU-34,Vestido Willow,Azul,34,1449.0,4,36
2025-09-15,VEST-WILL-AZU-34,Vestido Willow,Azul,34,1449.0,3,33
2025-09-22,VEST-WILL-AZU-34,Vestido Willow,Azul,34,1449.0,4,29
2025-09-29,VEST-WILL-AZU-34,Vestido Willow,Azul,34,1449.0,5,24
2025-10-06,VEST-WILL-AZU-34,Vestido Willow,Azul,34,1449.0,3,21
2025-10-13,VEST-WILL-AZU-34,Vestido Willow,Azul,34,1449.0,8,13
2025-10-20,VEST-WILL-AZU-34,Vestido Willow,Azul,34,1449.0,4,9
2025-10-27,VEST-WILL-AZU-34,Vestido Willow,Azul,34,1449.0,1,8
2025-11-03,VEST-WILL-AZU-34,Vestido Willow,Azul,34,1449.0,4,4
2025-11-10,VEST-WILL-AZU-34,Vestido Willow,Azul,34,1449.0,6,20
2025-11-17,VEST-WILL-AZU-34,Vestido Willow,Azul,34,1449.0,5,15
2025-11-24,VEST-WILL-AZU-34,Vestido Willow,Azul,34,1449.0,3,12
2025-12-01,VEST-WILL-AZU-34,Vestido Willow,Azul,34,1449.0,3,9
2025-12-08,VEST-WILL-AZU-34,Vestido Willow,Azul,34,1449.0,5,18
2025-12-15,VEST-WILL-AZU-34,Vestido Willow,Azul,34,1449.0,4,14
2025-12-22,VEST-WILL-AZU-34,Vestido Willow,Azul,34,1449.0,3,11
2025-12-29,VEST-WILL-AZU-34,Vestido Willow,Azul,34,1449.0,7,30
2026-01-05,VEST-WILL-AZU-34,Vestido Willow,Azul,34,1449.0,3,27
2026-01-12,VEST-WILL-AZU-34,Vestido Willow,Azul,34,1449.0,6,21
2026-01-19,VEST-WILL-AZU-34,Vestido Willow,Azul,34,1449.0,0,21
2026-01-26,VEST-WILL-AZU-34,Vestido Willow,Azul,34,1449.0,2,19
2026-02-02,VEST-WILL-AZU-34,Vestido Willow,Azul,34,1449.0,6,13
2026-02-09,VEST-WILL-AZU-34,Vestido Willow,Azul,34,1449.0,3,10
2026-02-16,VEST-WILL-AZU-34,Vestido Willow,Azul,34,1449.0,2,8
2026-02-23,VEST-WILL-AZU-34,Vestido Willow,Azul,34,1449.0,3,5
2026-03-02,VEST-WILL-AZU-34,Vestido Willow,Azul,34,1449.0,5,0
2026-03-09,VEST-WILL-AZU-34,Vestido Willow,Azul,34,1449.0,2,26
2026-03-16,VEST-WILL-AZU-34,Vestido Willow,Azul,34,1449.0,3,23
2026-03-23,VEST-WILL-AZU-34,Vestido Willow,Azul,34,1449.0,1,22
2026-03-30,VEST-WILL-AZU-34,Vestido Willow,Azul,34,1449.0,3,19
2026-04-06,VEST-WILL-AZU-34,Vestido Willow,Azul,34,1449.0,2,17
2026-04-13,VEST-WILL-AZU-34,Vestido Willow,Azul,34,1449.0,6,11
2026-04-20,VEST-WILL-AZU-34,Vestido Willow,Azul,34,1449.0,3,8
2026-04-27,VEST-WILL-AZU-34,Vestido Willow,Azul,34,1449.0,0,8
2026-05-04,VEST-WILL-AZU-34,Vestido Willow,Azul,34,1449.0,1,7
2026-05-11,VEST-WILL-AZU-34,Vestido Willow,Azul,34,1449.0,1,37
2026-05-18,VEST-WILL-AZU-34,Vestido Willow,Azul,34,1449.0,1,36
2026-05-25,VEST-WILL-AZU-34,Vestido Willow,Azul,34,1449.0,2,34
2026-06-01,VEST-WILL-AZU-34,Vestido Willow,Azul,34,1449.0,1,33
2026-06-08,VEST-WILL-AZU-34,Vestido Willow,Azul,34,1449.0,0,33
2026-06-15,VEST-WILL-AZU-34,Vestido Willow,Azul,34,1449.0,3,30
2026-06-22,VEST-WILL-AZU-34,Vestido Willow,Azul,34,1449.0,1,29
2026-06-29,VEST-WILL-AZU-34,Vestido Willow,Azul,34,1449.0,2,27
2026-07-06,VEST-WILL-AZU-34,Vestido Willow,Azul,34,1449.0,3,24
2026-07-13,VEST-WILL-AZU-34,Vestido Willow,Azul,34,1449.0,2,22
2026-07-20,VEST-WILL-AZU-34,Vestido Willow,Azul,34,1449.0,3,19
2026-07-27,VEST-WILL-AZU-34,Vestido Willow,Azul,34,1449.0,3,16
2026-08-03,VEST-WILL-AZU-34,Vestido Willow,Azul,34,1449.0,4,12
2026-08-10,VEST-WILL-AZU-34,Vestido Willow,Azul,34,1449.0,2,10
2026-08-17,VEST-WILL-AZU-34,Vestido Willow,Azul,34,1449.0,4,24
2026-08-24,VEST-WILL-AZU-34,Vestido Willow,Azul,34,1449.0,4,20
2025-09-01,VEST-WILL-AZU-36,Vestido Willow,Azul,36,1449.0,8,44
2025-09-08,VEST-WILL-AZU-36,Vestido Willow,Azul,36,1449.0,7,37
2025-09-15,VEST-WILL-AZU-36,Vestido Willow,Azul,36,1449.0,7,30
2025-09-22,VEST-WILL-AZU-36,Vestido Willow,Azul,36,1449.0,5,25
2025-09-29,VEST-WILL-AZU-36,Vestido Willow,Azul,36,1449.0,9,16
2025-10-06,VEST-WILL-AZU-36,Vestido Willow,Azul,36,1449.0,6,10
2025-10-13,VEST-WILL-AZU-36,Vestido Willow,Azul,36,1449.0,3,38
2025-10-20,VEST-WILL-AZU-36,Vestido Willow,Azul,36,1449.0,3,35
2025-10-27,VEST-WILL-AZU-36,Vestido Willow,Azul,36,1449.0,6,29
2025-11-03,VEST-WILL-AZU-36,Vestido Willow,Azul,36,1449.0,5,24
2025-11-10,VEST-WILL-AZU-36,Vestido Willow,Azul,36,1449.0,7,17
2025-11-17,VEST-WILL-AZU-36,Vestido Willow,Azul,36,1449.0,4,13
2025-11-24,VEST-WILL-AZU-36,Vestido Willow,Azul,36,1449.0,5,8
2025-12-01,VEST-WILL-AZU-36,Vestido Willow,Azul,36,1449.0,5,3
2025-12-08,VEST-WILL-AZU-36,Vestido Willow,Azul,36,1449.0,7,0
2025-12-15,VEST-WILL-AZU-36,Vestido Willow,Azul,36,1449.0,6,23
2025-12-22,VEST-WILL-AZU-36,Vestido Willow,Azul,36,1449.0,3,20
2025-12-29,VEST-WILL-AZU-36,Vestido Willow,Azul,36,1449.0,8,12
2026-01-05,VEST-WILL-AZU-36,Vestido Willow,Azul,36,1449.0,3,9
2026-01-12,VEST-WILL-AZU-36,Vestido Willow,Azul,36,1449.0,6,3
2026-01-19,VEST-WILL-AZU-36,Vestido Willow,Azul,36,1449.0,7,19
2026-01-26,VEST-WILL-AZU-36,Vestido Willow,Azul,36,1449.0,6,13
2026-02-02,VEST-WILL-AZU-36,Vestido Willow,Azul,36,1449.0,6,7
2026-02-09,VEST-WILL-AZU-36,Vestido Willow,Azul,36,1449.0,6,1
2026-02-16,VEST-WILL-AZU-36,Vestido Willow,Azul,36,1449.0,2,0
2026-02-23,VEST-WILL-AZU-36,Vestido Willow,Azul,36,1449.0,4,0
2026-03-02,VEST-WILL-AZU-36,Vestido Willow,Azul,36,1449.0,3,30
2026-03-09,VEST-WILL-AZU-36,Vestido Willow,Azul,36,1449.0,6,24
2026-03-16,VEST-WILL-AZU-36,Vestido Willow,Azul,36,1449.0,3,21
2026-03-23,VEST-WILL-AZU-36,Vestido Willow,Azul,36,1449.0,3,18
2026-03-30,VEST-WILL-AZU-36,Vestido Willow,Azul,36,1449.0,4,14
2026-04-06,VEST-WILL-AZU-36,Vestido Willow,Azul,36,1449.0,2,12
2026-04-13,VEST-WILL-AZU-36,Vestido Willow,Azul,36,1449.0,3,9
2026-04-20,VEST-WILL-AZU-36,Vestido Willow,Azul,36,1449.0,3,28
2026-04-27,VEST-WILL-AZU-36,Vestido Willow,Azul,36,1449.0,4,24
2026-05-04,VEST-WILL-AZU-36,Vestido Willow,Azul,36,1449.0,1,23
2026-05-11,VEST-WILL-AZU-36,Vestido Willow,Azul,36,1449.0,5,18
2026-05-18,VEST-WILL-AZU-36,Vestido Willow,Azul,36,1449.0,0,18
2026-05-25,VEST-WILL-AZU-36,Vestido Willow,Azul,36,1449.0,0,18
2026-06-01,VEST-WILL-AZU-36,Vestido Willow,Azul,36,1449.0,4,14
2026-06-08,VEST-WILL-AZU-36,Vestido Willow,Azul,36,1449.0,0,14
2026-06-15,VEST-WILL-AZU-36,Vestido Willow,Azul,36,1449.0,3,11
2026-06-22,VEST-WILL-AZU-36,Vestido Willow,Azul,36,1449.0,2,9
2026-06-29,VEST-WILL-AZU-36,Vestido Willow,Azul,36,1449.0,1,8
2026-07-06,VEST-WILL-AZU-36,Vestido Willow,Azul,36,1449.0,1,7
2026-07-13,VEST-WILL-AZU-36,Vestido Willow,Azul,36,1449.0,5,2
2026-07-20,VEST-WILL-AZU-36,Vestido Willow,Azul,36,1449.0,4,19
2026-07-27,VEST-WILL-AZU-36,Vestido Willow,Azul,36,1449.0,2,17
2026-08-03,VEST-WILL-AZU-36,Vestido Willow,Azul,36,1449.0,1,16
2026-08-10,VEST-WILL-AZU-36,Vestido Willow,Azul,36,1449.0,7,9
2026-08-17,VEST-WILL-AZU-36,Vestido Willow,Azul,36,1449.0,0,9
2026-08-24,VEST-WILL-AZU-36,Vestido Willow,Azul,36,1449.0,5,4
2025-09-01,VEST-WILL-AZU-38,Vestido Willow,Azul,38,1449.0,1,19
2025-09-08,VEST-WILL-AZU-38,Vestido Willow,Azul,38,1449.0,4,15
2025-09-15,VEST-WILL-AZU-38,Vestido Willow,Azul,38,1449.0,2,13
2025-09-22,VEST-WILL-AZU-38,Vestido Willow,Azul,38,1449.0,0,13
2025-09-29,VEST-WILL-AZU-38,Vestido Willow,Azul,38,1449.0,0,13
2025-10-06,VEST-WILL-AZU-38,Vestido Willow,Azul,38,1449.0,3,10
2025-10-13,VEST-WILL-AZU-38,Vestido Willow,Azul,38,1449.0,2,8
2025-10-20,VEST-WILL-AZU-38,Vestido Willow,Azul,38,1449.0,0,8
2025-10-27,VEST-WILL-AZU-38,Vestido Willow,Azul,38,1449.0,2,37
2025-11-03,VEST-WILL-AZU-38,Vestido Willow,Azul,38,1449.0,1,36
2025-11-10,VEST-WILL-AZU-38,Vestido Willow,Azul,38,1449.0,3,33
2025-11-17,VEST-WILL-AZU-38,Vestido Willow,Azul,38,1449.0,5,28
2025-11-24,VEST-WILL-AZU-38,Vestido Willow,Azul,38,1449.0,2,26
2025-12-01,VEST-WILL-AZU-38,Vestido Willow,Azul,38,1449.0,3,23
2025-12-08,VEST-WILL-AZU-38,Vestido Willow,Azul,38,1449.0,4,19
2025-12-15,VEST-WILL-AZU-38,Vestido Willow,Azul,38,1449.0,1,18
2025-12-22,VEST-WILL-AZU-38,Vestido Willow,Azul,38,1449.0,4,14
2025-12-29,VEST-WILL-AZU-38,Vestido Willow,Azul,38,1449.0,4,10
2026-01-05,VEST-WILL-AZU-38,Vestido Willow,Azul,38,1449.0,1,9
2026-01-12,VEST-WILL-AZU-38,Vestido Willow,Azul,38,1449.0,3,6
2026-01-19,VEST-WILL-AZU-38,Vestido Willow,Azul,38,1449.0,0,6
2026-01-26,VEST-WILL-AZU-38,Vestido Willow,Azul,38,1449.0,2,4
2026-02-02,VEST-WILL-AZU-38,Vestido Willow,Azul,38,1449.0,4,25
2026-02-09,VEST-WILL-AZU-38,Vestido Willow,Azul,38,1449.0,2,23
2026-02-16,VEST-WILL-AZU-38,Vestido Willow,Azul,38,1449.0,0,23
2026-02-23,VEST-WILL-AZU-38,Vestido Willow,Azul,38,1449.0,6,17
2026-03-02,VEST-WILL-AZU-38,Vestido Willow,Azul,38,1449.0,3,14
2026-03-09,VEST-WILL-AZU-38,Vestido Willow,Azul,38,1449.0,5,9
2026-03-16,VEST-WILL-AZU-38,Vestido Willow,Azul,38,1449.0,1,8
2026-03-23,VEST-WILL-AZU-38,Vestido Willow,Azul,38,1449.0,4,4
2026-03-30,VEST-WILL-AZU-38,Vestido Willow,Azul,38,1449.0,1,3
2026-04-06,VEST-WILL-AZU-38,Vestido Willow,Azul,38,1449.0,0,3
2026-04-13,VEST-WILL-AZU-38,Vestido Willow,Azul,38,1449.0,2,1
2026-04-20,VEST-WILL-AZU-38,Vestido Willow,Azul,38,1449.0,3,0
2026-04-27,VEST-WILL-AZU-38,Vestido Willow,Azul,38,1449.0,0,30
2026-05-04,VEST-WILL-AZU-38,Vestido Willow,Azul,38,1449.0,1,29
2026-05-11,VEST-WILL-AZU-38,Vestido Willow,Azul,38,1449.0,0,29
2026-05-18,VEST-WILL-AZU-38,Vestido Willow,Azul,38,1449.0,1,28
2026-05-25,VEST-WILL-AZU-38,Vestido Willow,Azul,38,1449.0,1,27
2026-06-01,VEST-WILL-AZU-38,Vestido Willow,Azul,38,1449.0,1,26
2026-06-08,VEST-WILL-AZU-38,Vestido Willow,Azul,38,1449.0,0,26
2026-06-15,VEST-WILL-AZU-38,Vestido Willow,Azul,38,1449.0,0,26
2026-06-22,VEST-WILL-AZU-38,Vestido Willow,Azul,38,1449.0,0,26
2026-06-29,VEST-WILL-AZU-38,Vestido Willow,Azul,38,1449.0,2,24
2026-07-06,VEST-WILL-AZU-38,Vestido Willow,Azul,38,1449.0,2,22
2026-07-13,VEST-WILL-AZU-38,Vestido Willow,Azul,38,1449.0,0,22
2026-07-20,VEST-WILL-AZU-38,Vestido Willow,Azul,38,1449.0,3,19
2026-07-27,VEST-WILL-AZU-38,Vestido Willow,Azul,38,1449.0,1,18
2026-08-03,VEST-WILL-AZU-38,Vestido Willow,Azul,38,1449.0,2,16
2026-08-10,VEST-WILL-AZU-38,Vestido Willow,Azul,38,1449.0,0,16
2026-08-17,VEST-WILL-AZU-38,Vestido Willow,Azul,38,1449.0,0,16
2026-08-24,VEST-WILL-AZU-38,Vestido Willow,Azul,38,1449.0,1,15
2025-09-01,VEST-WILL-AZU-40,Vestido Willow,Azul,40,1449.0,1,46
2025-09-08,VEST-WILL-AZU-40,Vestido Willow,Azul,40,1449.0,3,43
2025-09-15,VEST-WILL-AZU-40,Vestido Willow,Azul,40,1449.0,2,41
2025-09-22,VEST-WILL-AZU-40,Vestido Willow,Azul,40,1449.0,7,34
2025-09-29,VEST-WILL-AZU-40,Vestido Willow,Azul,40,1449.0,2,32
2025-10-06,VEST-WILL-AZU-40,Vestido Willow,Azul,40,1449.0,9,23
2025-10-13,VEST-WILL-AZU-40,Vestido Willow,Azul,40,1449.0,3,20
2025-10-20,VEST-WILL-AZU-40,Vestido Willow,Azul,40,1449.0,7,13
2025-10-27,VEST-WILL-AZU-40,Vestido Willow,Azul,40,1449.0,7,6
2025-11-03,VEST-WILL-AZU-40,Vestido Willow,Azul,40,1449.0,4,22
2025-11-10,VEST-WILL-AZU-40,Vestido Willow,Azul,40,1449.0,4,18
2025-11-17,VEST-WILL-AZU-40,Vestido Willow,Azul,40,1449.0,9,9
2025-11-24,VEST-WILL-AZU-40,Vestido Willow,Azul,40,1449.0,4,19
2025-12-01,VEST-WILL-AZU-40,Vestido Willow,Azul,40,1449.0,4,15
2025-12-08,VEST-WILL-AZU-40,Vestido Willow,Azul,40,1449.0,5,10
2025-12-15,VEST-WILL-AZU-40,Vestido Willow,Azul,40,1449.0,4,19
2025-12-22,VEST-WILL-AZU-40,Vestido Willow,Azul,40,1449.0,8,11
2025-12-29,VEST-WILL-AZU-40,Vestido Willow,Azul,40,1449.0,5,6
2026-01-05,VEST-WILL-AZU-40,Vestido Willow,Azul,40,1449.0,6,0
2026-01-12,VEST-WILL-AZU-40,Vestido Willow,Azul,40,1449.0,4,22
2026-01-19,VEST-WILL-AZU-40,Vestido Willow,Azul,40,1449.0,6,16
2026-01-26,VEST-WILL-AZU-40,Vestido Willow,Azul,40,1449.0,4,12
2026-02-02,VEST-WILL-AZU-40,Vestido Willow,Azul,40,1449.0,7,5
2026-02-09,VEST-WILL-AZU-40,Vestido Willow,Azul,40,1449.0,4,32
2026-02-16,VEST-WILL-AZU-40,Vestido Willow,Azul,40,1449.0,7,25
2026-02-23,VEST-WILL-AZU-40,Vestido Willow,Azul,40,1449.0,5,20
2026-03-02,VEST-WILL-AZU-40,Vestido Willow,Azul,40,1449.0,3,17
2026-03-09,VEST-WILL-AZU-40,Vestido Willow,Azul,40,1449.0,2,15
2026-03-16,VEST-WILL-AZU-40,Vestido Willow,Azul,40,1449.0,4,11
2026-03-23,VEST-WILL-AZU-40,Vestido Willow,Azul,40,1449.0,6,5
2026-03-30,VEST-WILL-AZU-40,Vestido Willow,Azul,40,1449.0,3,2
2026-04-06,VEST-WILL-AZU-40,Vestido Willow,Azul,40,1449.0,8,0
2026-04-13,VEST-WILL-AZU-40,Vestido Willow,Azul,40,1449.0,1,0
2026-04-20,VEST-WILL-AZU-40,Vestido Willow,Azul,40,1449.0,5,32
2026-04-27,VEST-WILL-AZU-40,Vestido Willow,Azul,40,1449.0,3,29
2026-05-04,VEST-WILL-AZU-40,Vestido Willow,Azul,40,1449.0,4,25
2026-05-11,VEST-WILL-AZU-40,Vestido Willow,Azul,40,1449.0,1,24
2026-05-18,VEST-WILL-AZU-40,Vestido Willow,Azul,40,1449.0,3,21
2026-05-25,VEST-WILL-AZU-40,Vestido Willow,Azul,40,1449.0,1,20
2026-06-01,VEST-WILL-AZU-40,Vestido Willow,Azul,40,1449.0,2,18
2026-06-08,VEST-WILL-AZU-40,Vestido Willow,Azul,40,1449.0,0,18
2026-06-15,VEST-WILL-AZU-40,Vestido Willow,Azul,40,1449.0,3,15
2026-06-22,VEST-WILL-AZU-40,Vestido Willow,Azul,40,1449.0,5,10
2026-06-29,VEST-WILL-AZU-40,Vestido Willow,Azul,40,1449.0,2,8
2026-07-06,VEST-WILL-AZU-40,Vestido Willow,Azul,40,1449.0,2,6
2026-07-13,VEST-WILL-AZU-40,Vestido Willow,Azul,40,1449.0,4,2
2026-07-20,VEST-WILL-AZU-40,Vestido Willow,Azul,40,1449.0,3,21
2026-07-27,VEST-WILL-AZU-40,Vestido Willow,Azul,40,1449.0,3,18
2026-08-03,VEST-WILL-AZU-40,Vestido Willow,Azul,40,1449.0,5,13
2026-08-10,VEST-WILL-AZU-40,Vestido Willow,Azul,40,1449.0,3,10
2026-08-17,VEST-WILL-AZU-40,Vestido Willow,Azul,40,1449.0,1,9
2026-08-24,VEST-WILL-AZU-40,Vestido Willow,Azul,40,1449.0,8,1
2025-09-01,VEST-WILL-AZU-42,Vestido Willow,Azul,42,1449.0,4,16
2025-09-08,VEST-WILL-AZU-42,Vestido Willow,Azul,42,1449.0,2,14
2025-09-15,VEST-WILL-AZU-42,Vestido Willow,Azul,42,1449.0,3,11
2025-09-22,VEST-WILL-AZU-42,Vestido Willow,Azul,42,1449.0,2,9
2025-09-29,VEST-WILL-AZU-42,Vestido Willow,Azul,42,1449.0,3,6
2025-10-06,VEST-WILL-AZU-42,Vestido Willow,Azul,42,1449.0,1,5
2025-10-13,VEST-WILL-AZU-42,Vestido Willow,Azul,42,1449.0,9,0
2025-10-20,VEST-WILL-AZU-42,Vestido Willow,Azul,42,1449.0,0,0
2025-10-27,VEST-WILL-AZU-42,Vestido Willow,Azul,42,1449.0,4,0
2025-11-03,VEST-WILL-AZU-42,Vestido Willow,Azul,42,1449.0,5,0
2025-11-10,VEST-WILL-AZU-42,Vestido Willow,Azul,42,1449.0,8,34
2025-11-17,VEST-WILL-AZU-42,Vestido Willow,Azul,42,1449.0,8,26
2025-11-24,VEST-WILL-AZU-42,Vestido Willow,Azul,42,1449.0,5,21
2025-12-01,VEST-WILL-AZU-42,Vestido Willow,Azul,42,1449.0,6,15
2025-12-08,VEST-WILL-AZU-42,Vestido Willow,Azul,42,1449.0,7,8
2025-12-15,VEST-WILL-AZU-42,Vestido Willow,Azul,42,1449.0,4,38
2025-12-22,VEST-WILL-AZU-42,Vestido Willow,Azul,42,1449.0,7,31
2025-12-29,VEST-WILL-AZU-42,Vestido Willow,Azul,42,1449.0,2,29
2026-01-05,VEST-WILL-AZU-42,Vestido Willow,Azul,42,1449.0,9,20
2026-01-12,VEST-WILL-AZU-42,Vestido Willow,Azul,42,1449.0,6,14
2026-01-19,VEST-WILL-AZU-42,Vestido Willow,Azul,42,1449.0,8,6
2026-01-26,VEST-WILL-AZU-42,Vestido Willow,Azul,42,1449.0,7,0
2026-02-02,VEST-WILL-AZU-42,Vestido Willow,Azul,42,1449.0,4,0
2026-02-09,VEST-WILL-AZU-42,Vestido Willow,Azul,42,1449.0,2,31
2026-02-16,VEST-WILL-AZU-42,Vestido Willow,Azul,42,1449.0,1,30
2026-02-23,VEST-WILL-AZU-42,Vestido Willow,Azul,42,1449.0,7,23
2026-03-02,VEST-WILL-AZU-42,Vestido Willow,Azul,42,1449.0,7,16
2026-03-09,VEST-WILL-AZU-42,Vestido Willow,Azul,42,1449.0,3,13
2026-03-16,VEST-WILL-AZU-42,Vestido Willow,Azul,42,1449.0,2,11
2026-03-23,VEST-WILL-AZU-42,Vestido Willow,Azul,42,1449.0,5,6
2026-03-30,VEST-WILL-AZU-42,Vestido Willow,Azul,42,1449.0,4,24
2026-04-06,VEST-WILL-AZU-42,Vestido Willow,Azul,42,1449.0,2,22
2026-04-13,VEST-WILL-AZU-42,Vestido Willow,Azul,42,1449.0,4,18
2026-04-20,VEST-WILL-AZU-42,Vestido Willow,Azul,42,1449.0,2,16
2026-04-27,VEST-WILL-AZU-42,Vestido Willow,Azul,42,1449.0,6,10
2026-05-04,VEST-WILL-AZU-42,Vestido Willow,Azul,42,1449.0,5,5
2026-05-11,VEST-WILL-AZU-42,Vestido Willow,Azul,42,1449.0,2,3
2026-05-18,VEST-WILL-AZU-42,Vestido Willow,Azul,42,1449.0,5,0
2026-05-25,VEST-WILL-AZU-42,Vestido Willow,Azul,42,1449.0,2,17
2026-06-01,VEST-WILL-AZU-42,Vestido Willow,Azul,42,1449.0,7,10
2026-06-08,VEST-WILL-AZU-42,Vestido Willow,Azul,42,1449.0,3,20
2026-06-15,VEST-WILL-AZU-42,Vestido Willow,Azul,42,1449.0,7,13
2026-06-22,VEST-WILL-AZU-42,Vestido Willow,Azul,42,1449.0,3,10
2026-06-29,VEST-WILL-AZU-42,Vestido Willow,Azul,42,1449.0,5,34
2026-07-06,VEST-WILL-AZU-42,Vestido Willow,Azul,42,1449.0,1,33
2026-07-13,VEST-WILL-AZU-42,Vestido Willow,Azul,42,1449.0,5,28
2026-07-20,VEST-WILL-AZU-42,Vestido Willow,Azul,42,1449.0,3,25
2026-07-27,VEST-WILL-AZU-42,Vestido Willow,Azul,42,1449.0,3,22
2026-08-03,VEST-WILL-AZU-42,Vestido Willow,Azul,42,1449.0,6,16
2026-08-10,VEST-WILL-AZU-42,Vestido Willow,Azul,42,1449.0,1,15
2026-08-17,VEST-WILL-AZU-42,Vestido Willow,Azul,42,1449.0,1,14
2026-08-24,VEST-WILL-AZU-42,Vestido Willow,Azul,42,1449.0,2,12
2025-09-01,VEST-WILL-AZU-44,Vestido Willow,Azul,44,1449.0,1,40
2025-09-08,VEST-WILL-AZU-44,Vestido Willow,Azul,44,1449.0,0,40
2025-09-15,VEST-WILL-AZU-44,Vestido Willow,Azul,44,1449.0,2,38
2025-09-22,VEST-WILL-AZU-44,Vestido Willow,Azul,44,1449.0,1,37
2025-09-29,VEST-WILL-AZU-44,Vestido Willow,Azul,44,1449.0,1,36
2025-10-06,VEST-WILL-AZU-44,Vestido Willow,Azul,44,1449.0,4,32
2025-10-13,VEST-WILL-AZU-44,Vestido Willow,Azul,44,1449.0,1,31
2025-10-20,VEST-WILL-AZU-44,Vestido Willow,Azul,44,1449.0,1,30
2025-10-27,VEST-WILL-AZU-44,Vestido Willow,Azul,44,1449.0,2,28
2025-11-03,VEST-WILL-AZU-44,Vestido Willow,Azul,44,1449.0,1,27
2025-11-10,VEST-WILL-AZU-44,Vestido Willow,Azul,44,1449.0,2,25
2025-11-17,VEST-WILL-AZU-44,Vestido Willow,Azul,44,1449.0,0,25
2025-11-24,VEST-WILL-AZU-44,Vestido Willow,Azul,44,1449.0,3,22
2025-12-01,VEST-WILL-AZU-44,Vestido Willow,Azul,44,1449.0,2,20
2025-12-08,VEST-WILL-AZU-44,Vestido Willow,Azul,44,1449.0,2,18
2025-12-15,VEST-WILL-AZU-44,Vestido Willow,Azul,44,1449.0,2,16
2025-12-22,VEST-WILL-AZU-44,Vestido Willow,Azul,44,1449.0,3,13
2025-12-29,VEST-WILL-AZU-44,Vestido Willow,Azul,44,1449.0,0,13
2026-01-05,VEST-WILL-AZU-44,Vestido Willow,Azul,44,1449.0,3,10
2026-01-12,VEST-WILL-AZU-44,Vestido Willow,Azul,44,1449.0,2,8
2026-01-19,VEST-WILL-AZU-44,Vestido Willow,Azul,44,1449.0,1,7
2026-01-26,VEST-WILL-AZU-44,Vestido Willow,Azul,44,1449.0,0,7
2026-02-02,VEST-WILL-AZU-44,Vestido Willow,Azul,44,1449.0,3,4
2026-02-09,VEST-WILL-AZU-44,Vestido Willow,Azul,44,1449.0,1,3
2026-02-16,VEST-WILL-AZU-44,Vestido Willow,Azul,44,1449.0,4,33
2026-02-23,VEST-WILL-AZU-44,Vestido Willow,Azul,44,1449.0,1,32
2026-03-02,VEST-WILL-AZU-44,Vestido Willow,Azul,44,1449.0,5,27
2026-03-09,VEST-WILL-AZU-44,Vestido Willow,Azul,44,1449.0,2,25
2026-03-16,VEST-WILL-AZU-44,Vestido Willow,Azul,44,1449.0,0,25
2026-03-23,VEST-WILL-AZU-44,Vestido Willow,Azul,44,1449.0,3,22
2026-03-30,VEST-WILL-AZU-44,Vestido Willow,Azul,44,1449.0,0,22
2026-04-06,VEST-WILL-AZU-44,Vestido Willow,Azul,44,1449.0,1,21
2026-04-13,VEST-WILL-AZU-44,Vestido Willow,Azul,44,1449.0,1,20
2026-04-20,VEST-WILL-AZU-44,Vestido Willow,Azul,44,1449.0,2,18
2026-04-27,VEST-WILL-AZU-44,Vestido Willow,Azul,44,1449.0,1,17
2026-05-04,VEST-WILL-AZU-44,Vestido Willow,Azul,44,1449.0,2,15
2026-05-11,VEST-WILL-AZU-44,Vestido Willow,Azul,44,1449.0,1,14
2026-05-18,VEST-WILL-AZU-44,Vestido Willow,Azul,44,1449.0,0,14
2026-05-25,VEST-WILL-AZU-44,Vestido Willow,Azul,44,1449.0,2,12
2026-06-01,VEST-WILL-AZU-44,Vestido Willow,Azul,44,1449.0,0,12
2026-06-08,VEST-WILL-AZU-44,Vestido Willow,Azul,44,1449.0,2,10
2026-06-15,VEST-WILL-AZU-44,Vestido Willow,Azul,44,1449.0,1,9
2026-06-22,VEST-WILL-AZU-44,Vestido Willow,Azul,44,1449.0,4,5
2026-06-29,VEST-WILL-AZU-44,Vestido Willow,Azul,44,1449.0,2,3
2026-07-06,VEST-WILL-AZU-44,Vestido Willow,Azul,44,1449.0,0,37
2026-07-13,VEST-WILL-AZU-44,Vestido Willow,Azul,44,1449.0,1,36
2026-07-20,VEST-WILL-AZU-44,Vestido Willow,Azul,44,1449.0,1,35
2026-07-27,VEST-WILL-AZU-44,Vestido Willow,Azul,44,1449.0,4,31
2026-08-03,VEST-WILL-AZU-44,Vestido Willow,Azul,44,1449.0,1,30
2026-08-10,VEST-WILL-AZU-44,Vestido Willow,Azul,44,1449.0,3,27
2026-08-17,VEST-WILL-AZU-44,Vestido Willow,Azul,44,1449.0,2,25
2026-08-24,VEST-WILL-AZU-44,Vestido Willow,Azul,44,1449.0,4,21
2025-09-01,BLAZ-ARIA-PRE-34,Blazer Aria,Preto,34,1299.0,8,32
2025-09-08,BLAZ-ARIA-PRE-34,Blazer Aria,Preto,34,1299.0,10,22
2025-09-15,BLAZ-ARIA-PRE-34,Blazer Aria,Preto,34,1299.0,10,12
2025-09-22,BLAZ-ARIA-PRE-34,Blazer Aria,Preto,34,1299.0,7,5
2025-09-29,BLAZ-ARIA-PRE-34,Blazer Aria,Preto,34,1299.0,10,18
2025-10-06,BLAZ-ARIA-PRE-34,Blazer Aria,Preto,34,1299.0,7,11
2025-10-13,BLAZ-ARIA-PRE-34,Blazer Aria,Preto,34,1299.0,10,30
2025-10-20,BLAZ-ARIA-PRE-34,Blazer Aria,Preto,34,1299.0,12,18
2025-10-27,BLAZ-ARIA-PRE-34,Blazer Aria,Preto,34,1299.0,6,12
2025-11-03,BLAZ-ARIA-PRE-34,Blazer Aria,Preto,34,1299.0,8,38
2025-11-10,BLAZ-ARIA-PRE-34,Blazer Aria,Preto,34,1299.0,9,29
2025-11-17,BLAZ-ARIA-PRE-34,Blazer Aria,Preto,34,1299.0,9,20
2025-11-24,BLAZ-ARIA-PRE-34,Blazer Aria,Preto,34,1299.0,10,10
2025-12-01,BLAZ-ARIA-PRE-34,Blazer Aria,Preto,34,1299.0,11,0
2025-12-08,BLAZ-ARIA-PRE-34,Blazer Aria,Preto,34,1299.0,9,0
2025-12-15,BLAZ-ARIA-PRE-34,Blazer Aria,Preto,34,1299.0,4,0
2025-12-22,BLAZ-ARIA-PRE-34,Blazer Aria,Preto,34,1299.0,6,0
2025-12-29,BLAZ-ARIA-PRE-34,Blazer Aria,Preto,34,1299.0,12,19
2026-01-05,BLAZ-ARIA-PRE-34,Blazer Aria,Preto,34,1299.0,9,10
2026-01-12,BLAZ-ARIA-PRE-34,Blazer Aria,Preto,34,1299.0,7,33
2026-01-19,BLAZ-ARIA-PRE-34,Blazer Aria,Preto,34,1299.0,6,27
2026-01-26,BLAZ-ARIA-PRE-34,Blazer Aria,Preto,34,1299.0,6,21
2026-02-02,BLAZ-ARIA-PRE-34,Blazer Aria,Preto,34,1299.0,7,14
2026-02-09,BLAZ-ARIA-PRE-34,Blazer Aria,Preto,34,1299.0,11,24
2026-02-16,BLAZ-ARIA-PRE-34,Blazer Aria,Preto,34,1299.0,5,19
2026-02-23,BLAZ-ARIA-PRE-34,Blazer Aria,Preto,34,1299.0,10,9
2026-03-02,BLAZ-ARIA-PRE-34,Blazer Aria,Preto,34,1299.0,8,1
2026-03-09,BLAZ-ARIA-PRE-34,Blazer Aria,Preto,34,1299.0,7,34
2026-03-16,BLAZ-ARIA-PRE-34,Blazer Aria,Preto,34,1299.0,6,28
2026-03-23,BLAZ-ARIA-PRE-34,Blazer Aria,Preto,34,1299.0,8,20
2026-03-30,BLAZ-ARIA-PRE-34,Blazer Aria,Preto,34,1299.0,7,13
2026-04-06,BLAZ-ARIA-PRE-34,Blazer Aria,Preto,34,1299.0,9,4
2026-04-13,BLAZ-ARIA-PRE-34,Blazer Aria,Preto,34,1299.0,8,0
2026-04-20,BLAZ-ARIA-PRE-34,Blazer Aria,Preto,34,1299.0,7,0
2026-04-27,BLAZ-ARIA-PRE-34,Blazer Aria,Preto,34,1299.0,3,0
2026-05-04,BLAZ-ARIA-PRE-34,Blazer Aria,Preto,34,1299.0,2,0
2026-05-11,BLAZ-ARIA-PRE-34,Blazer Aria,Preto,34,1299.0,2,32
2026-05-18,BLAZ-ARIA-PRE-34,Blazer Aria,Preto,34,1299.0,7,25
2026-05-25,BLAZ-ARIA-PRE-34,Blazer Aria,Preto,34,1299.0,5,20
2026-06-01,BLAZ-ARIA-PRE-34,Blazer Aria,Preto,34,1299.0,6,14
2026-06-08,BLAZ-ARIA-PRE-34,Blazer Aria,Preto,34,1299.0,4,10
2026-06-15,BLAZ-ARIA-PRE-34,Blazer Aria,Preto,34,1299.0,4,36
2026-06-22,BLAZ-ARIA-PRE-34,Blazer Aria,Preto,34,1299.0,2,34
2026-06-29,BLAZ-ARIA-PRE-34,Blazer Aria,Preto,34,1299.0,3,31
2026-07-06,BLAZ-ARIA-PRE-34,Blazer Aria,Preto,34,1299.0,3,28
2026-07-13,BLAZ-ARIA-PRE-34,Blazer Aria,Preto,34,1299.0,4,24
2026-07-20,BLAZ-ARIA-PRE-34,Blazer Aria,Preto,34,1299.0,12,12
2026-07-27,BLAZ-ARIA-PRE-34,Blazer Aria,Preto,34,1299.0,6,6
2026-08-03,BLAZ-ARIA-PRE-34,Blazer Aria,Preto,34,1299.0,6,21
2026-08-10,BLAZ-ARIA-PRE-34,Blazer Aria,Preto,34,1299.0,2,19
2026-08-17,BLAZ-ARIA-PRE-34,Blazer Aria,Preto,34,1299.0,8,11
2026-08-24,BLAZ-ARIA-PRE-34,Blazer Aria,Preto,34,1299.0,8,3
2025-09-01,BLAZ-ARIA-PRE-36,Blazer Aria,Preto,36,1299.0,6,33
2025-09-08,BLAZ-ARIA-PRE-36,Blazer Aria,Preto,36,1299.0,5,28
2025-09-15,BLAZ-ARIA-PRE-36,Blazer Aria,Preto,36,1299.0,6,22
2025-09-22,BLAZ-ARIA-PRE-36,Blazer Aria,Preto,36,1299.0,7,15
2025-09-29,BLAZ-ARIA-PRE-36,Blazer Aria,Preto,36,1299.0,7,8
2025-10-06,BLAZ-ARIA-PRE-36,Blazer Aria,Preto,36,1299.0,6,2
2025-10-13,BLAZ-ARIA-PRE-36,Blazer Aria,Preto,36,1299.0,13,0
2025-10-20,BLAZ-ARIA-PRE-36,Blazer Aria,Preto,36,1299.0,12,18
2025-10-27,BLAZ-ARIA-PRE-36,Blazer Aria,Preto,36,1299.0,2,16
2025-11-03,BLAZ-ARIA-PRE-36,Blazer Aria,Preto,36,1299.0,3,13
2025-11-10,BLAZ-ARIA-PRE-36,Blazer Aria,Preto,36,1299.0,5,8
2025-11-17,BLAZ-ARIA-PRE-36,Blazer Aria,Preto,36,1299.0,5,22
2025-11-24,BLAZ-ARIA-PRE-36,Blazer Aria,Preto,36,1299.0,5,17
2025-12-01,BLAZ-ARIA-PRE-36,Blazer Aria,Preto,36,1299.0,12,5
2025-12-08,BLAZ-ARIA-PRE-36,Blazer Aria,Preto,36,1299.0,7,0
2025-12-15,BLAZ-ARIA-PRE-36,Blazer Aria,Preto,36,1299.0,6,0
2025-12-22,BLAZ-ARIA-PRE-36,Blazer Aria,Preto,36,1299.0,9,0
2025-12-29,BLAZ-ARIA-PRE-36,Blazer Aria,Preto,36,1299.0,6,0
2026-01-05,BLAZ-ARIA-PRE-36,Blazer Aria,Preto,36,1299.0,3,0
2026-01-12,BLAZ-ARIA-PRE-36,Blazer Aria,Preto,36,1299.0,7,0
2026-01-19,BLAZ-ARIA-PRE-36,Blazer Aria,Preto,36,1299.0,4,0
2026-01-26,BLAZ-ARIA-PRE-36,Blazer Aria,Preto,36,1299.0,5,0
2026-02-02,BLAZ-ARIA-PRE-36,Blazer Aria,Preto,36,1299.0,5,0
2026-02-09,BLAZ-ARIA-PRE-36,Blazer Aria,Preto,36,1299.0,5,0
2026-02-16,BLAZ-ARIA-PRE-36,Blazer Aria,Preto,36,1299.0,3,0
2026-02-23,BLAZ-ARIA-PRE-36,Blazer Aria,Preto,36,1299.0,6,0
2026-03-02,BLAZ-ARIA-PRE-36,Blazer Aria,Preto,36,1299.0,5,14
2026-03-09,BLAZ-ARIA-PRE-36,Blazer Aria,Preto,36,1299.0,3,11
2026-03-16,BLAZ-ARIA-PRE-36,Blazer Aria,Preto,36,1299.0,5,6
2026-03-23,BLAZ-ARIA-PRE-36,Blazer Aria,Preto,36,1299.0,8,0
2026-03-30,BLAZ-ARIA-PRE-36,Blazer Aria,Preto,36,1299.0,3,19
2026-04-06,BLAZ-ARIA-PRE-36,Blazer Aria,Preto,36,1299.0,4,15
2026-04-13,BLAZ-ARIA-PRE-36,Blazer Aria,Preto,36,1299.0,7,8
2026-04-20,BLAZ-ARIA-PRE-36,Blazer Aria,Preto,36,1299.0,4,4
2026-04-27,BLAZ-ARIA-PRE-36,Blazer Aria,Preto,36,1299.0,4,18
2026-05-04,BLAZ-ARIA-PRE-36,Blazer Aria,Preto,36,1299.0,6,12
2026-05-11,BLAZ-ARIA-PRE-36,Blazer Aria,Preto,36,1299.0,2,10
2026-05-18,BLAZ-ARIA-PRE-36,Blazer Aria,Preto,36,1299.0,1,9
2026-05-25,BLAZ-ARIA-PRE-36,Blazer Aria,Preto,36,1299.0,3,6
2026-06-01,BLAZ-ARIA-PRE-36,Blazer Aria,Preto,36,1299.0,7,0
2026-06-08,BLAZ-ARIA-PRE-36,Blazer Aria,Preto,36,1299.0,0,0
2026-06-15,BLAZ-ARIA-PRE-36,Blazer Aria,Preto,36,1299.0,7,31
2026-06-22,BLAZ-ARIA-PRE-36,Blazer Aria,Preto,36,1299.0,5,26
2026-06-29,BLAZ-ARIA-PRE-36,Blazer Aria,Preto,36,1299.0,3,23
2026-07-06,BLAZ-ARIA-PRE-36,Blazer Aria,Preto,36,1299.0,1,22
2026-07-13,BLAZ-ARIA-PRE-36,Blazer Aria,Preto,36,1299.0,0,22
2026-07-20,BLAZ-ARIA-PRE-36,Blazer Aria,Preto,36,1299.0,5,17
2026-07-27,BLAZ-ARIA-PRE-36,Blazer Aria,Preto,36,1299.0,8,9
2026-08-03,BLAZ-ARIA-PRE-36,Blazer Aria,Preto,36,1299.0,6,15
2026-08-10,BLAZ-ARIA-PRE-36,Blazer Aria,Preto,36,1299.0,5,10
2026-08-17,BLAZ-ARIA-PRE-36,Blazer Aria,Preto,36,1299.0,4,6
2026-08-24,BLAZ-ARIA-PRE-36,Blazer Aria,Preto,36,1299.0,7,0
2025-09-01,BLAZ-ARIA-PRE-38,Blazer Aria,Preto,38,1299.0,2,42
2025-09-08,BLAZ-ARIA-PRE-38,Blazer Aria,Preto,38,1299.0,1,41
2025-09-15,BLAZ-ARIA-PRE-38,Blazer Aria,Preto,38,1299.0,2,39
2025-09-22,BLAZ-ARIA-PRE-38,Blazer Aria,Preto,38,1299.0,5,34
2025-09-29,BLAZ-ARIA-PRE-38,Blazer Aria,Preto,38,1299.0,9,25
2025-10-06,BLAZ-ARIA-PRE-38,Blazer Aria,Preto,38,1299.0,2,23
2025-10-13,BLAZ-ARIA-PRE-38,Blazer Aria,Preto,38,1299.0,4,19
2025-10-20,BLAZ-ARIA-PRE-38,Blazer Aria,Preto,38,1299.0,7,12
2025-10-27,BLAZ-ARIA-PRE-38,Blazer Aria,Preto,38,1299.0,3,9
2025-11-03,BLAZ-ARIA-PRE-38,Blazer Aria,Preto,38,1299.0,7,2
2025-11-10,BLAZ-ARIA-PRE-38,Blazer Aria,Preto,38,1299.0,5,0
2025-11-17,BLAZ-ARIA-PRE-38,Blazer Aria,Preto,38,1299.0,6,30
2025-11-24,BLAZ-ARIA-PRE-38,Blazer Aria,Preto,38,1299.0,4,26
2025-12-01,BLAZ-ARIA-PRE-38,Blazer Aria,Preto,38,1299.0,5,21
2025-12-08,BLAZ-ARIA-PRE-38,Blazer Aria,Preto,38,1299.0,3,18
2025-12-15,BLAZ-ARIA-PRE-38,Blazer Aria,Preto,38,1299.0,2,16
2025-12-22,BLAZ-ARIA-PRE-38,Blazer Aria,Preto,38,1299.0,5,11
2025-12-29,BLAZ-ARIA-PRE-38,Blazer Aria,Preto,38,1299.0,5,6
2026-01-05,BLAZ-ARIA-PRE-38,Blazer Aria,Preto,38,1299.0,2,4
2026-01-12,BLAZ-ARIA-PRE-38,Blazer Aria,Preto,38,1299.0,4,0
2026-01-19,BLAZ-ARIA-PRE-38,Blazer Aria,Preto,38,1299.0,3,30
2026-01-26,BLAZ-ARIA-PRE-38,Blazer Aria,Preto,38,1299.0,0,30
2026-02-02,BLAZ-ARIA-PRE-38,Blazer Aria,Preto,38,1299.0,5,25
2026-02-09,BLAZ-ARIA-PRE-38,Blazer Aria,Preto,38,1299.0,5,20
2026-02-16,BLAZ-ARIA-PRE-38,Blazer Aria,Preto,38,1299.0,3,17
2026-02-23,BLAZ-ARIA-PRE-38,Blazer Aria,Preto,38,1299.0,3,14
2026-03-02,BLAZ-ARIA-PRE-38,Blazer Aria,Preto,38,1299.0,3,11
2026-03-09,BLAZ-ARIA-PRE-38,Blazer Aria,Preto,38,1299.0,0,11
2026-03-16,BLAZ-ARIA-PRE-38,Blazer Aria,Preto,38,1299.0,3,8
2026-03-23,BLAZ-ARIA-PRE-38,Blazer Aria,Preto,38,1299.0,2,37
2026-03-30,BLAZ-ARIA-PRE-38,Blazer Aria,Preto,38,1299.0,3,34
2026-04-06,BLAZ-ARIA-PRE-38,Blazer Aria,Preto,38,1299.0,1,33
2026-04-13,BLAZ-ARIA-PRE-38,Blazer Aria,Preto,38,1299.0,2,31
2026-04-20,BLAZ-ARIA-PRE-38,Blazer Aria,Preto,38,1299.0,2,29
2026-04-27,BLAZ-ARIA-PRE-38,Blazer Aria,Preto,38,1299.0,1,28
2026-05-04,BLAZ-ARIA-PRE-38,Blazer Aria,Preto,38,1299.0,1,27
2026-05-11,BLAZ-ARIA-PRE-38,Blazer Aria,Preto,38,1299.0,0,27
2026-05-18,BLAZ-ARIA-PRE-38,Blazer Aria,Preto,38,1299.0,0,27
2026-05-25,BLAZ-ARIA-PRE-38,Blazer Aria,Preto,38,1299.0,0,27
2026-06-01,BLAZ-ARIA-PRE-38,Blazer Aria,Preto,38,1299.0,1,26
2026-06-08,BLAZ-ARIA-PRE-38,Blazer Aria,Preto,38,1299.0,2,24
2026-06-15,BLAZ-ARIA-PRE-38,Blazer Aria,Preto,38,1299.0,2,22
2026-06-22,BLAZ-ARIA-PRE-38,Blazer Aria,Preto,38,1299.0,2,20
2026-06-29,BLAZ-ARIA-PRE-38,Blazer Aria,Preto,38,1299.0,0,20
2026-07-06,BLAZ-ARIA-PRE-38,Blazer Aria,Preto,38,1299.0,6,14
2026-07-13,BLAZ-ARIA-PRE-38,Blazer Aria,Preto,38,1299.0,2,12
2026-07-20,BLAZ-ARIA-PRE-38,Blazer Aria,Preto,38,1299.0,2,10
2026-07-27,BLAZ-ARIA-PRE-38,Blazer Aria,Preto,38,1299.0,3,26
2026-08-03,BLAZ-ARIA-PRE-38,Blazer Aria,Preto,38,1299.0,4,22
2026-08-10,BLAZ-ARIA-PRE-38,Blazer Aria,Preto,38,1299.0,4,18
2026-08-17,BLAZ-ARIA-PRE-38,Blazer Aria,Preto,38,1299.0,4,14
2026-08-24,BLAZ-ARIA-PRE-38,Blazer Aria,Preto,38,1299.0,4,10
2025-09-01,BLAZ-ARIA-PRE-40,Blazer Aria,Preto,40,1299.0,3,35
2025-09-08,BLAZ-ARIA-PRE-40,Blazer Aria,Preto,40,1299.0,7,28
2025-09-15,BLAZ-ARIA-PRE-40,Blazer Aria,Preto,40,1299.0,7,21
2025-09-22,BLAZ-ARIA-PRE-40,Blazer Aria,Preto,40,1299.0,6,15
2025-09-29,BLAZ-ARIA-PRE-40,Blazer Aria,Preto,40,1299.0,9,18
2025-10-06,BLAZ-ARIA-PRE-40,Blazer Aria,Preto,40,1299.0,5,13
2025-10-13,BLAZ-ARIA-PRE-40,Blazer Aria,Preto,40,1299.0,8,5
2025-10-20,BLAZ-ARIA-PRE-40,Blazer Aria,Preto,40,1299.0,5,13
2025-10-27,BLAZ-ARIA-PRE-40,Blazer Aria,Preto,40,1299.0,6,37
2025-11-03,BLAZ-ARIA-PRE-40,Blazer Aria,Preto,40,1299.0,9,28
2025-11-10,BLAZ-ARIA-PRE-40,Blazer Aria,Preto,40,1299.0,3,25
2025-11-17,BLAZ-ARIA-PRE-40,Blazer Aria,Preto,40,1299.0,6,19
2025-11-24,BLAZ-ARIA-PRE-40,Blazer Aria,Preto,40,1299.0,5,14
2025-12-01,BLAZ-ARIA-PRE-40,Blazer Aria,Preto,40,1299.0,6,8
2025-12-08,BLAZ-ARIA-PRE-40,Blazer Aria,Preto,40,1299.0,8,29
2025-12-15,BLAZ-ARIA-PRE-40,Blazer Aria,Preto,40,1299.0,5,24
2025-12-22,BLAZ-ARIA-PRE-40,Blazer Aria,Preto,40,1299.0,8,16
2025-12-29,BLAZ-ARIA-PRE-40,Blazer Aria,Preto,40,1299.0,1,15
2026-01-05,BLAZ-ARIA-PRE-40,Blazer Aria,Preto,40,1299.0,7,8
2026-01-12,BLAZ-ARIA-PRE-40,Blazer Aria,Preto,40,1299.0,4,4
2026-01-19,BLAZ-ARIA-PRE-40,Blazer Aria,Preto,40,1299.0,2,16
2026-01-26,BLAZ-ARIA-PRE-40,Blazer Aria,Preto,40,1299.0,0,16
2026-02-02,BLAZ-ARIA-PRE-40,Blazer Aria,Preto,40,1299.0,4,12
2026-02-09,BLAZ-ARIA-PRE-40,Blazer Aria,Preto,40,1299.0,5,7
2026-02-16,BLAZ-ARIA-PRE-40,Blazer Aria,Preto,40,1299.0,3,4
2026-02-23,BLAZ-ARIA-PRE-40,Blazer Aria,Preto,40,1299.0,4,0
2026-03-02,BLAZ-ARIA-PRE-40,Blazer Aria,Preto,40,1299.0,4,15
2026-03-09,BLAZ-ARIA-PRE-40,Blazer Aria,Preto,40,1299.0,3,12
2026-03-16,BLAZ-ARIA-PRE-40,Blazer Aria,Preto,40,1299.0,7,23
2026-03-23,BLAZ-ARIA-PRE-40,Blazer Aria,Preto,40,1299.0,3,20
2026-03-30,BLAZ-ARIA-PRE-40,Blazer Aria,Preto,40,1299.0,3,17
2026-04-06,BLAZ-ARIA-PRE-40,Blazer Aria,Preto,40,1299.0,2,15
2026-04-13,BLAZ-ARIA-PRE-40,Blazer Aria,Preto,40,1299.0,8,21
2026-04-20,BLAZ-ARIA-PRE-40,Blazer Aria,Preto,40,1299.0,7,14
2026-04-27,BLAZ-ARIA-PRE-40,Blazer Aria,Preto,40,1299.0,2,12
2026-05-04,BLAZ-ARIA-PRE-40,Blazer Aria,Preto,40,1299.0,2,10
2026-05-11,BLAZ-ARIA-PRE-40,Blazer Aria,Preto,40,1299.0,4,6
2026-05-18,BLAZ-ARIA-PRE-40,Blazer Aria,Preto,40,1299.0,5,1
2026-05-25,BLAZ-ARIA-PRE-40,Blazer Aria,Preto,40,1299.0,0,15
2026-06-01,BLAZ-ARIA-PRE-40,Blazer Aria,Preto,40,1299.0,3,12
2026-06-08,BLAZ-ARIA-PRE-40,Blazer Aria,Preto,40,1299.0,2,10
2026-06-15,BLAZ-ARIA-PRE-40,Blazer Aria,Preto,40,1299.0,3,7
2026-06-22,BLAZ-ARIA-PRE-40,Blazer Aria,Preto,40,1299.0,1,6
2026-06-29,BLAZ-ARIA-PRE-40,Blazer Aria,Preto,40,1299.0,2,4
2026-07-06,BLAZ-ARIA-PRE-40,Blazer Aria,Preto,40,1299.0,7,0
2026-07-13,BLAZ-ARIA-PRE-40,Blazer Aria,Preto,40,1299.0,4,0
2026-07-20,BLAZ-ARIA-PRE-40,Blazer Aria,Preto,40,1299.0,4,0
2026-07-27,BLAZ-ARIA-PRE-40,Blazer Aria,Preto,40,1299.0,4,0
2026-08-03,BLAZ-ARIA-PRE-40,Blazer Aria,Preto,40,1299.0,3,0
2026-08-10,BLAZ-ARIA-PRE-40,Blazer Aria,Preto,40,1299.0,2,0
2026-08-17,BLAZ-ARIA-PRE-40,Blazer Aria,Preto,40,1299.0,6,0
2026-08-24,BLAZ-ARIA-PRE-40,Blazer Aria,Preto,40,1299.0,6,0
2025-09-01,BLAZ-ARIA-PRE-42,Blazer Aria,Preto,42,1299.0,5,14
2025-09-08,BLAZ-ARIA-PRE-42,Blazer Aria,Preto,42,1299.0,3,11
2025-09-15,BLAZ-ARIA-PRE-42,Blazer Aria,Preto,42,1299.0,5,6
2025-09-22,BLAZ-ARIA-PRE-42,Blazer Aria,Preto,42,1299.0,6,0
2025-09-29,BLAZ-ARIA-PRE-42,Blazer Aria,Preto,42,1299.0,5,32
2025-10-06,BLAZ-ARIA-PRE-42,Blazer Aria,Preto,42,1299.0,6,26
2025-10-13,BLAZ-ARIA-PRE-42,Blazer Aria,Preto,42,1299.0,8,18
2025-10-20,BLAZ-ARIA-PRE-42,Blazer Aria,Preto,42,1299.0,8,10
2025-10-27,BLAZ-ARIA-PRE-42,Blazer Aria,Preto,42,1299.0,4,6
2025-11-03,BLAZ-ARIA-PRE-42,Blazer Aria,Preto,42,1299.0,11,16
2025-11-10,BLAZ-ARIA-PRE-42,Blazer Aria,Preto,42,1299.0,6,10
2025-11-17,BLAZ-ARIA-PRE-42,Blazer Aria,Preto,42,1299.0,5,18
2025-11-24,BLAZ-ARIA-PRE-42,Blazer Aria,Preto,42,1299.0,4,14
2025-12-01,BLAZ-ARIA-PRE-42,Blazer Aria,Preto,42,1299.0,5,9
2025-12-08,BLAZ-ARIA-PRE-42,Blazer Aria,Preto,42,1299.0,4,5
2025-12-15,BLAZ-ARIA-PRE-42,Blazer Aria,Preto,42,1299.0,3,2
2025-12-22,BLAZ-ARIA-PRE-42,Blazer Aria,Preto,42,1299.0,10,30
2025-12-29,BLAZ-ARIA-PRE-42,Blazer Aria,Preto,42,1299.0,3,27
2026-01-05,BLAZ-ARIA-PRE-42,Blazer Aria,Preto,42,1299.0,9,18
2026-01-12,BLAZ-ARIA-PRE-42,Blazer Aria,Preto,42,1299.0,7,11
2026-01-19,BLAZ-ARIA-PRE-42,Blazer Aria,Preto,42,1299.0,7,29
2026-01-26,BLAZ-ARIA-PRE-42,Blazer Aria,Preto,42,1299.0,5,24
2026-02-02,BLAZ-ARIA-PRE-42,Blazer Aria,Preto,42,1299.0,4,20
2026-02-09,BLAZ-ARIA-PRE-42,Blazer Aria,Preto,42,1299.0,3,17
2026-02-16,BLAZ-ARIA-PRE-42,Blazer Aria,Preto,42,1299.0,8,9
2026-02-23,BLAZ-ARIA-PRE-42,Blazer Aria,Preto,42,1299.0,4,5
2026-03-02,BLAZ-ARIA-PRE-42,Blazer Aria,Preto,42,1299.0,5,22
2026-03-09,BLAZ-ARIA-PRE-42,Blazer Aria,Preto,42,1299.0,6,16
2026-03-16,BLAZ-ARIA-PRE-42,Blazer Aria,Preto,42,1299.0,2,14
2026-03-23,BLAZ-ARIA-PRE-42,Blazer Aria,Preto,42,1299.0,4,10
2026-03-30,BLAZ-ARIA-PRE-42,Blazer Aria,Preto,42,1299.0,3,7
2026-04-06,BLAZ-ARIA-PRE-42,Blazer Aria,Preto,42,1299.0,1,6
2026-04-13,BLAZ-ARIA-PRE-42,Blazer Aria,Preto,42,1299.0,4,2
2026-04-20,BLAZ-ARIA-PRE-42,Blazer Aria,Preto,42,1299.0,4,0
2026-04-27,BLAZ-ARIA-PRE-42,Blazer Aria,Preto,42,1299.0,0,0
2026-05-04,BLAZ-ARIA-PRE-42,Blazer Aria,Preto,42,1299.0,2,0
2026-05-11,BLAZ-ARIA-PRE-42,Blazer Aria,Preto,42,1299.0,5,26
2026-05-18,BLAZ-ARIA-PRE-42,Blazer Aria,Preto,42,1299.0,3,23
2026-05-25,BLAZ-ARIA-PRE-42,Blazer Aria,Preto,42,1299.0,2,21
2026-06-01,BLAZ-ARIA-PRE-42,Blazer Aria,Preto,42,1299.0,5,16
2026-06-08,BLAZ-ARIA-PRE-42,Blazer Aria,Preto,42,1299.0,0,16
2026-06-15,BLAZ-ARIA-PRE-42,Blazer Aria,Preto,42,1299.0,2,14
2026-06-22,BLAZ-ARIA-PRE-42,Blazer Aria,Preto,42,1299.0,1,13
2026-06-29,BLAZ-ARIA-PRE-42,Blazer Aria,Preto,42,1299.0,1,12
2026-07-06,BLAZ-ARIA-PRE-42,Blazer Aria,Preto,42,1299.0,3,9
2026-07-13,BLAZ-ARIA-PRE-42,Blazer Aria,Preto,42,1299.0,3,6
2026-07-20,BLAZ-ARIA-PRE-42,Blazer Aria,Preto,42,1299.0,2,4
2026-07-27,BLAZ-ARIA-PRE-42,Blazer Aria,Preto,42,1299.0,8,34
2026-08-03,BLAZ-ARIA-PRE-42,Blazer Aria,Preto,42,1299.0,6,28
2026-08-10,BLAZ-ARIA-PRE-42,Blazer Aria,Preto,42,1299.0,6,22
2026-08-17,BLAZ-ARIA-PRE-42,Blazer Aria,Preto,42,1299.0,4,18
2026-08-24,BLAZ-ARIA-PRE-42,Blazer Aria,Preto,42,1299.0,3,15
2025-09-01,BLAZ-ARIA-PRE-44,Blazer Aria,Preto,44,1299.0,7,18
2025-09-08,BLAZ-ARIA-PRE-44,Blazer Aria,Preto,44,1299.0,6,12
2025-09-15,BLAZ-ARIA-PRE-44,Blazer Aria,Preto,44,1299.0,7,23
2025-09-22,BLAZ-ARIA-PRE-44,Blazer Aria,Preto,44,1299.0,8,15
2025-09-29,BLAZ-ARIA-PRE-44,Blazer Aria,Preto,44,1299.0,4,11
2025-10-06,BLAZ-ARIA-PRE-44,Blazer Aria,Preto,44,1299.0,9,2
2025-10-13,BLAZ-ARIA-PRE-44,Blazer Aria,Preto,44,1299.0,8,0
2025-10-20,BLAZ-ARIA-PRE-44,Blazer Aria,Preto,44,1299.0,3,16
2025-10-27,BLAZ-ARIA-PRE-44,Blazer Aria,Preto,44,1299.0,10,6
2025-11-03,BLAZ-ARIA-PRE-44,Blazer Aria,Preto,44,1299.0,11,0
2025-11-10,BLAZ-ARIA-PRE-44,Blazer Aria,Preto,44,1299.0,8,32
2025-11-17,BLAZ-ARIA-PRE-44,Blazer Aria,Preto,44,1299.0,6,26
2025-11-24,BLAZ-ARIA-PRE-44,Blazer Aria,Preto,44,1299.0,7,19
2025-12-01,BLAZ-ARIA-PRE-44,Blazer Aria,Preto,44,1299.0,5,14
2025-12-08,BLAZ-ARIA-PRE-44,Blazer Aria,Preto,44,1299.0,9,5
2025-12-15,BLAZ-ARIA-PRE-44,Blazer Aria,Preto,44,1299.0,13,0
2025-12-22,BLAZ-ARIA-PRE-44,Blazer Aria,Preto,44,1299.0,7,0
2025-12-29,BLAZ-ARIA-PRE-44,Blazer Aria,Preto,44,1299.0,7,0
2026-01-05,BLAZ-ARIA-PRE-44,Blazer Aria,Preto,44,1299.0,13,0
2026-01-12,BLAZ-ARIA-PRE-44,Blazer Aria,Preto,44,1299.0,8,0
2026-01-19,BLAZ-ARIA-PRE-44,Blazer Aria,Preto,44,1299.0,12,0
2026-01-26,BLAZ-ARIA-PRE-44,Blazer Aria,Preto,44,1299.0,6,23
2026-02-02,BLAZ-ARIA-PRE-44,Blazer Aria,Preto,44,1299.0,4,19
2026-02-09,BLAZ-ARIA-PRE-44,Blazer Aria,Preto,44,1299.0,6,13
2026-02-16,BLAZ-ARIA-PRE-44,Blazer Aria,Preto,44,1299.0,5,8
2026-02-23,BLAZ-ARIA-PRE-44,Blazer Aria,Preto,44,1299.0,7,1
2026-03-02,BLAZ-ARIA-PRE-44,Blazer Aria,Preto,44,1299.0,4,31
2026-03-09,BLAZ-ARIA-PRE-44,Blazer Aria,Preto,44,1299.0,5,26
2026-03-16,BLAZ-ARIA-PRE-44,Blazer Aria,Preto,44,1299.0,5,21
2026-03-23,BLAZ-ARIA-PRE-44,Blazer Aria,Preto,44,1299.0,4,17
2026-03-30,BLAZ-ARIA-PRE-44,Blazer Aria,Preto,44,1299.0,2,15
2026-04-06,BLAZ-ARIA-PRE-44,Blazer Aria,Preto,44,1299.0,1,14
2026-04-13,BLAZ-ARIA-PRE-44,Blazer Aria,Preto,44,1299.0,9,5
2026-04-20,BLAZ-ARIA-PRE-44,Blazer Aria,Preto,44,1299.0,6,33
2026-04-27,BLAZ-ARIA-PRE-44,Blazer Aria,Preto,44,1299.0,3,30
2026-05-04,BLAZ-ARIA-PRE-44,Blazer Aria,Preto,44,1299.0,2,28
2026-05-11,BLAZ-ARIA-PRE-44,Blazer Aria,Preto,44,1299.0,1,27
2026-05-18,BLAZ-ARIA-PRE-44,Blazer Aria,Preto,44,1299.0,4,23
2026-05-25,BLAZ-ARIA-PRE-44,Blazer Aria,Preto,44,1299.0,2,21
2026-06-01,BLAZ-ARIA-PRE-44,Blazer Aria,Preto,44,1299.0,0,21
2026-06-08,BLAZ-ARIA-PRE-44,Blazer Aria,Preto,44,1299.0,6,15
2026-06-15,BLAZ-ARIA-PRE-44,Blazer Aria,Preto,44,1299.0,3,12
2026-06-22,BLAZ-ARIA-PRE-44,Blazer Aria,Preto,44,1299.0,2,10
2026-06-29,BLAZ-ARIA-PRE-44,Blazer Aria,Preto,44,1299.0,2,8
2026-07-06,BLAZ-ARIA-PRE-44,Blazer Aria,Preto,44,1299.0,4,16
2026-07-13,BLAZ-ARIA-PRE-44,Blazer Aria,Preto,44,1299.0,6,10
2026-07-20,BLAZ-ARIA-PRE-44,Blazer Aria,Preto,44,1299.0,2,8
2026-07-27,BLAZ-ARIA-PRE-44,Blazer Aria,Preto,44,1299.0,3,5
2026-08-03,BLAZ-ARIA-PRE-44,Blazer Aria,Preto,44,1299.0,6,14
2026-08-10,BLAZ-ARIA-PRE-44,Blazer Aria,Preto,44,1299.0,6,8
2026-08-17,BLAZ-ARIA-PRE-44,Blazer Aria,Preto,44,1299.0,4,4
2026-08-24,BLAZ-ARIA-PRE-44,Blazer Aria,Preto,44,1299.0,6,0
2025-09-01,BLAZ-ARIA-VER-34,Blazer Aria,Vermelho,34,1299.0,8,35
2025-09-08,BLAZ-ARIA-VER-34,Blazer Aria,Vermelho,34,1299.0,9,26
2025-09-15,BLAZ-ARIA-VER-34,Blazer Aria,Vermelho,34,1299.0,10,16
2025-09-22,BLAZ-ARIA-VER-34,Blazer Aria,Vermelho,34,1299.0,4,12
2025-09-29,BLAZ-ARIA-VER-34,Blazer Aria,Vermelho,34,1299.0,8,24
2025-10-06,BLAZ-ARIA-VER-34,Blazer Aria,Vermelho,34,1299.0,9,15
2025-10-13,BLAZ-ARIA-VER-34,Blazer Aria,Vermelho,34,1299.0,3,12
2025-10-20,BLAZ-ARIA-VER-34,Blazer Aria,Vermelho,34,1299.0,5,7
2025-10-27,BLAZ-ARIA-VER-34,Blazer Aria,Vermelho,34,1299.0,6,1
2025-11-03,BLAZ-ARIA-VER-34,Blazer Aria,Vermelho,34,1299.0,10,0
2025-11-10,BLAZ-ARIA-VER-34,Blazer Aria,Vermelho,34,1299.0,7,0
2025-11-17,BLAZ-ARIA-VER-34,Blazer Aria,Vermelho,34,1299.0,11,0
2025-11-24,BLAZ-ARIA-VER-34,Blazer Aria,Vermelho,34,1299.0,7,0
2025-12-01,BLAZ-ARIA-VER-34,Blazer Aria,Vermelho,34,1299.0,1,0
2025-12-08,BLAZ-ARIA-VER-34,Blazer Aria,Vermelho,34,1299.0,11,22
2025-12-15,BLAZ-ARIA-VER-34,Blazer Aria,Vermelho,34,1299.0,9,13
2025-12-22,BLAZ-ARIA-VER-34,Blazer Aria,Vermelho,34,1299.0,6,7
2025-12-29,BLAZ-ARIA-VER-34,Blazer Aria,Vermelho,34,1299.0,12,0
2026-01-05,BLAZ-ARIA-VER-34,Blazer Aria,Vermelho,34,1299.0,8,31
2026-01-12,BLAZ-ARIA-VER-34,Blazer Aria,Vermelho,34,1299.0,9,22
2026-01-19,BLAZ-ARIA-VER-34,Blazer Aria,Vermelho,34,1299.0,16,6
2026-01-26,BLAZ-ARIA-VER-34,Blazer Aria,Vermelho,34,1299.0,10,21
2026-02-02,BLAZ-ARIA-VER-34,Blazer Aria,Vermelho,34,1299.0,8,13
2026-02-09,BLAZ-ARIA-VER-34,Blazer Aria,Vermelho,34,1299.0,9,27
2026-02-16,BLAZ-ARIA-VER-34,Blazer Aria,Vermelho,34,1299.0,3,24
2026-02-23,BLAZ-ARIA-VER-34,Blazer Aria,Vermelho,34,1299.0,6,18
2026-03-02,BLAZ-ARIA-VER-34,Blazer Aria,Vermelho,34,1299.0,6,12
2026-03-09,BLAZ-ARIA-VER-34,Blazer Aria,Vermelho,34,1299.0,7,5
2026-03-16,BLAZ-ARIA-VER-34,Blazer Aria,Vermelho,34,1299.0,5,0
2026-03-23,BLAZ-ARIA-VER-34,Blazer Aria,Vermelho,34,1299.0,3,0
2026-03-30,BLAZ-ARIA-VER-34,Blazer Aria,Vermelho,34,1299.0,4,0
2026-04-06,BLAZ-ARIA-VER-34,Blazer Aria,Vermelho,34,1299.0,5,0
2026-04-13,BLAZ-ARIA-VER-34,Blazer Aria,Vermelho,34,1299.0,5,0
2026-04-20,BLAZ-ARIA-VER-34,Blazer Aria,Vermelho,34,1299.0,2,12
2026-04-27,BLAZ-ARIA-VER-34,Blazer Aria,Vermelho,34,1299.0,2,10
2026-05-04,BLAZ-ARIA-VER-34,Blazer Aria,Vermelho,34,1299.0,3,7
2026-05-11,BLAZ-ARIA-VER-34,Blazer Aria,Vermelho,34,1299.0,10,27
2026-05-18,BLAZ-ARIA-VER-34,Blazer Aria,Vermelho,34,1299.0,6,21
2026-05-25,BLAZ-ARIA-VER-34,Blazer Aria,Vermelho,34,1299.0,5,16
2026-06-01,BLAZ-ARIA-VER-34,Blazer Aria,Vermelho,34,1299.0,3,13
2026-06-08,BLAZ-ARIA-VER-34,Blazer Aria,Vermelho,34,1299.0,4,9
2026-06-15,BLAZ-ARIA-VER-34,Blazer Aria,Vermelho,34,1299.0,1,8
2026-06-22,BLAZ-ARIA-VER-34,Blazer Aria,Vermelho,34,1299.0,5,3
2026-06-29,BLAZ-ARIA-VER-34,Blazer Aria,Vermelho,34,1299.0,2,1
2026-07-06,BLAZ-ARIA-VER-34,Blazer Aria,Vermelho,34,1299.0,9,33
2026-07-13,BLAZ-ARIA-VER-34,Blazer Aria,Vermelho,34,1299.0,3,30
2026-07-20,BLAZ-ARIA-VER-34,Blazer Aria,Vermelho,34,1299.0,5,25
2026-07-27,BLAZ-ARIA-VER-34,Blazer Aria,Vermelho,34,1299.0,3,22
2026-08-03,BLAZ-ARIA-VER-34,Blazer Aria,Vermelho,34,1299.0,4,18
2026-08-10,BLAZ-ARIA-VER-34,Blazer Aria,Vermelho,34,1299.0,6,12
2026-08-17,BLAZ-ARIA-VER-34,Blazer Aria,Vermelho,34,1299.0,5,7
2026-08-24,BLAZ-ARIA-VER-34,Blazer Aria,Vermelho,34,1299.0,3,28
2025-09-01,BLAZ-ARIA-VER-36,Blazer Aria,Vermelho,36,1299.0,8,54
2025-09-08,BLAZ-ARIA-VER-36,Blazer Aria,Vermelho,36,1299.0,8,46
2025-09-15,BLAZ-ARIA-VER-36,Blazer Aria,Vermelho,36,1299.0,4,42
2025-09-22,BLAZ-ARIA-VER-36,Blazer Aria,Vermelho,36,1299.0,8,34
2025-09-29,BLAZ-ARIA-VER-36,Blazer Aria,Vermelho,36,1299.0,5,29
2025-10-06,BLAZ-ARIA-VER-36,Blazer Aria,Vermelho,36,1299.0,6,23
2025-10-13,BLAZ-ARIA-VER-36,Blazer Aria,Vermelho,36,1299.0,10,13
2025-10-20,BLAZ-ARIA-VER-36,Blazer Aria,Vermelho,36,1299.0,1,12
2025-10-27,BLAZ-ARIA-VER-36,Blazer Aria,Vermelho,36,1299.0,6,6
2025-11-03,BLAZ-ARIA-VER-36,Blazer Aria,Vermelho,36,1299.0,12,28
2025-11-10,BLAZ-ARIA-VER-36,Blazer Aria,Vermelho,36,1299.0,12,16
2025-11-17,BLAZ-ARIA-VER-36,Blazer Aria,Vermelho,36,1299.0,8,8
2025-11-24,BLAZ-ARIA-VER-36,Blazer Aria,Vermelho,36,1299.0,5,24
2025-12-01,BLAZ-ARIA-VER-36,Blazer Aria,Vermelho,36,1299.0,6,18
2025-12-08,BLAZ-ARIA-VER-36,Blazer Aria,Vermelho,36,1299.0,5,13
2025-12-15,BLAZ-ARIA-VER-36,Blazer Aria,Vermelho,36,1299.0,3,10
2025-12-22,BLAZ-ARIA-VER-36,Blazer Aria,Vermelho,36,1299.0,7,3
2025-12-29,BLAZ-ARIA-VER-36,Blazer Aria,Vermelho,36,1299.0,11,0
2026-01-05,BLAZ-ARIA-VER-36,Blazer Aria,Vermelho,36,1299.0,13,22
2026-01-12,BLAZ-ARIA-VER-36,Blazer Aria,Vermelho,36,1299.0,5,17
2026-01-19,BLAZ-ARIA-VER-36,Blazer Aria,Vermelho,36,1299.0,7,10
2026-01-26,BLAZ-ARIA-VER-36,Blazer Aria,Vermelho,36,1299.0,7,3
2026-02-02,BLAZ-ARIA-VER-36,Blazer Aria,Vermelho,36,1299.0,5,0
2026-02-09,BLAZ-ARIA-VER-36,Blazer Aria,Vermelho,36,1299.0,10,0
2026-02-16,BLAZ-ARIA-VER-36,Blazer Aria,Vermelho,36,1299.0,5,29
2026-02-23,BLAZ-ARIA-VER-36,Blazer Aria,Vermelho,36,1299.0,7,22
2026-03-02,BLAZ-ARIA-VER-36,Blazer Aria,Vermelho,36,1299.0,4,18
2026-03-09,BLAZ-ARIA-VER-36,Blazer Aria,Vermelho,36,1299.0,8,10
2026-03-16,BLAZ-ARIA-VER-36,Blazer Aria,Vermelho,36,1299.0,7,3
2026-03-23,BLAZ-ARIA-VER-36,Blazer Aria,Vermelho,36,1299.0,4,0
2026-03-30,BLAZ-ARIA-VER-36,Blazer Aria,Vermelho,36,1299.0,6,14
2026-04-06,BLAZ-ARIA-VER-36,Blazer Aria,Vermelho,36,1299.0,8,6
2026-04-13,BLAZ-ARIA-VER-36,Blazer Aria,Vermelho,36,1299.0,2,22
2026-04-20,BLAZ-ARIA-VER-36,Blazer Aria,Vermelho,36,1299.0,6,16
2026-04-27,BLAZ-ARIA-VER-36,Blazer Aria,Vermelho,36,1299.0,4,12
2026-05-04,BLAZ-ARIA-VER-36,Blazer Aria,Vermelho,36,1299.0,3,9
2026-05-11,BLAZ-ARIA-VER-36,Blazer Aria,Vermelho,36,1299.0,5,4
2026-05-18,BLAZ-ARIA-VER-36,Blazer Aria,Vermelho,36,1299.0,3,1
2026-05-25,BLAZ-ARIA-VER-36,Blazer Aria,Vermelho,36,1299.0,4,0
2026-06-01,BLAZ-ARIA-VER-36,Blazer Aria,Vermelho,36,1299.0,4,16
2026-06-08,BLAZ-ARIA-VER-36,Blazer Aria,Vermelho,36,1299.0,2,14
2026-06-15,BLAZ-ARIA-VER-36,Blazer Aria,Vermelho,36,1299.0,0,14
2026-06-22,BLAZ-ARIA-VER-36,Blazer Aria,Vermelho,36,1299.0,3,11
2026-06-29,BLAZ-ARIA-VER-36,Blazer Aria,Vermelho,36,1299.0,2,9
2026-07-06,BLAZ-ARIA-VER-36,Blazer Aria,Vermelho,36,1299.0,6,3
2026-07-13,BLAZ-ARIA-VER-36,Blazer Aria,Vermelho,36,1299.0,0,3
2026-07-20,BLAZ-ARIA-VER-36,Blazer Aria,Vermelho,36,1299.0,0,32
2026-07-27,BLAZ-ARIA-VER-36,Blazer Aria,Vermelho,36,1299.0,5,27
2026-08-03,BLAZ-ARIA-VER-36,Blazer Aria,Vermelho,36,1299.0,6,21
2026-08-10,BLAZ-ARIA-VER-36,Blazer Aria,Vermelho,36,1299.0,3,18
2026-08-17,BLAZ-ARIA-VER-36,Blazer Aria,Vermelho,36,1299.0,3,15
2026-08-24,BLAZ-ARIA-VER-36,Blazer Aria,Vermelho,36,1299.0,6,9
2025-09-01,BLAZ-ARIA-VER-38,Blazer Aria,Vermelho,38,1299.0,11,37
2025-09-08,BLAZ-ARIA-VER-38,Blazer Aria,Vermelho,38,1299.0,10,27
2025-09-15,BLAZ-ARIA-VER-38,Blazer Aria,Vermelho,38,1299.0,4,23
2025-09-22,BLAZ-ARIA-VER-38,Blazer Aria,Vermelho,38,1299.0,11,12
2025-09-29,BLAZ-ARIA-VER-38,Blazer Aria,Vermelho,38,1299.0,12,0
2025-10-06,BLAZ-ARIA-VER-38,Blazer Aria,Vermelho,38,1299.0,13,0
2025-10-13,BLAZ-ARIA-VER-38,Blazer Aria,Vermelho,38,1299.0,13,0
2025-10-20,BLAZ-ARIA-VER-38,Blazer Aria,Vermelho,38,1299.0,8,33
2025-10-27,BLAZ-ARIA-VER-38,Blazer Aria,Vermelho,38,1299.0,13,20
2025-11-03,BLAZ-ARIA-VER-38,Blazer Aria,Vermelho,38,1299.0,11,9
2025-11-10,BLAZ-ARIA-VER-38,Blazer Aria,Vermelho,38,1299.0,13,0
2025-11-17,BLAZ-ARIA-VER-38,Blazer Aria,Vermelho,38,1299.0,13,0
2025-11-24,BLAZ-ARIA-VER-38,Blazer Aria,Vermelho,38,1299.0,17,12
2025-12-01,BLAZ-ARIA-VER-38,Blazer Aria,Vermelho,38,1299.0,15,0
2025-12-08,BLAZ-ARIA-VER-38,Blazer Aria,Vermelho,38,1299.0,13,0
2025-12-15,BLAZ-ARIA-VER-38,Blazer Aria,Vermelho,38,1299.0,18,0
2025-12-22,BLAZ-ARIA-VER-38,Blazer Aria,Vermelho,38,1299.0,12,32
2025-12-29,BLAZ-ARIA-VER-38,Blazer Aria,Vermelho,38,1299.0,17,15
2026-01-05,BLAZ-ARIA-VER-38,Blazer Aria,Vermelho,38,1299.0,15,0
2026-01-12,BLAZ-ARIA-VER-38,Blazer Aria,Vermelho,38,1299.0,9,22
2026-01-19,BLAZ-ARIA-VER-38,Blazer Aria,Vermelho,38,1299.0,12,10
2026-01-26,BLAZ-ARIA-VER-38,Blazer Aria,Vermelho,38,1299.0,14,0
2026-02-02,BLAZ-ARIA-VER-38,Blazer Aria,Vermelho,38,1299.0,17,26
2026-02-09,BLAZ-ARIA-VER-38,Blazer Aria,Vermelho,38,1299.0,8,18
2026-02-16,BLAZ-ARIA-VER-38,Blazer Aria,Vermelho,38,1299.0,8,10
2026-02-23,BLAZ-ARIA-VER-38,Blazer Aria,Vermelho,38,1299.0,15,0
2026-03-02,BLAZ-ARIA-VER-38,Blazer Aria,Vermelho,38,1299.0,13,13
2026-03-09,BLAZ-ARIA-VER-38,Blazer Aria,Vermelho,38,1299.0,12,1
2026-03-16,BLAZ-ARIA-VER-38,Blazer Aria,Vermelho,38,1299.0,13,12
2026-03-23,BLAZ-ARIA-VER-38,Blazer Aria,Vermelho,38,1299.0,5,31
2026-03-30,BLAZ-ARIA-VER-38,Blazer Aria,Vermelho,38,1299.0,10,21
2026-04-06,BLAZ-ARIA-VER-38,Blazer Aria,Vermelho,38,1299.0,12,9
2026-04-13,BLAZ-ARIA-VER-38,Blazer Aria,Vermelho,38,1299.0,9,0
2026-04-20,BLAZ-ARIA-VER-38,Blazer Aria,Vermelho,38,1299.0,11,0
2026-04-27,BLAZ-ARIA-VER-38,Blazer Aria,Vermelho,38,1299.0,6,0
2026-05-04,BLAZ-ARIA-VER-38,Blazer Aria,Vermelho,38,1299.0,10,29
2026-05-11,BLAZ-ARIA-VER-38,Blazer Aria,Vermelho,38,1299.0,7,22
2026-05-18,BLAZ-ARIA-VER-38,Blazer Aria,Vermelho,38,1299.0,7,15
2026-05-25,BLAZ-ARIA-VER-38,Blazer Aria,Vermelho,38,1299.0,8,7
2026-06-01,BLAZ-ARIA-VER-38,Blazer Aria,Vermelho,38,1299.0,5,35
2026-06-08,BLAZ-ARIA-VER-38,Blazer Aria,Vermelho,38,1299.0,3,32
2026-06-15,BLAZ-ARIA-VER-38,Blazer Aria,Vermelho,38,1299.0,5,27
2026-06-22,BLAZ-ARIA-VER-38,Blazer Aria,Vermelho,38,1299.0,4,23
2026-06-29,BLAZ-ARIA-VER-38,Blazer Aria,Vermelho,38,1299.0,8,15
2026-07-06,BLAZ-ARIA-VER-38,Blazer Aria,Vermelho,38,1299.0,8,7
2026-07-13,BLAZ-ARIA-VER-38,Blazer Aria,Vermelho,38,1299.0,9,0
2026-07-20,BLAZ-ARIA-VER-38,Blazer Aria,Vermelho,38,1299.0,10,32
2026-07-27,BLAZ-ARIA-VER-38,Blazer Aria,Vermelho,38,1299.0,6,26
2026-08-03,BLAZ-ARIA-VER-38,Blazer Aria,Vermelho,38,1299.0,7,19
2026-08-10,BLAZ-ARIA-VER-38,Blazer Aria,Vermelho,38,1299.0,6,13
2026-08-17,BLAZ-ARIA-VER-38,Blazer Aria,Vermelho,38,1299.0,12,1
2026-08-24,BLAZ-ARIA-VER-38,Blazer Aria,Vermelho,38,1299.0,9,0
2025-09-01,BLAZ-ARIA-VER-40,Blazer Aria,Vermelho,40,1299.0,7,11
2025-09-08,BLAZ-ARIA-VER-40,Blazer Aria,Vermelho,40,1299.0,7,18
2025-09-15,BLAZ-ARIA-VER-40,Blazer Aria,Vermelho,40,1299.0,11,7
2025-09-22,BLAZ-ARIA-VER-40,Blazer Aria,Vermelho,40,1299.0,7,0
2025-09-29,BLAZ-ARIA-VER-40,Blazer Aria,Vermelho,40,1299.0,10,0
2025-10-06,BLAZ-ARIA-VER-40,Blazer Aria,Vermelho,40,1299.0,15,27
2025-10-13,BLAZ-ARIA-VER-40,Blazer Aria,Vermelho,40,1299.0,17,10
2025-10-20,BLAZ-ARIA-VER-40,Blazer Aria,Vermelho,40,1299.0,11,12
2025-10-27,BLAZ-ARIA-VER-40,Blazer Aria,Vermelho,40,1299.0,11,34
2025-11-03,BLAZ-ARIA-VER-40,Blazer Aria,Vermelho,40,1299.0,9,25
2025-11-10,BLAZ-ARIA-VER-40,Blazer Aria,Vermelho,40,1299.0,17,8
2025-11-17,BLAZ-ARIA-VER-40,Blazer Aria,Vermelho,40,1299.0,10,27
2025-11-24,BLAZ-ARIA-VER-40,Blazer Aria,Vermelho,40,1299.0,13,14
2025-12-01,BLAZ-ARIA-VER-40,Blazer Aria,Vermelho,40,1299.0,14,0
2025-12-08,BLAZ-ARIA-VER-40,Blazer Aria,Vermelho,40,1299.0,14,20
2025-12-15,BLAZ-ARIA-VER-40,Blazer Aria,Vermelho,40,1299.0,11,9
2025-12-22,BLAZ-ARIA-VER-40,Blazer Aria,Vermelho,40,1299.0,14,0
2025-12-29,BLAZ-ARIA-VER-40,Blazer Aria,Vermelho,40,1299.0,12,19
2026-01-05,BLAZ-ARIA-VER-40,Blazer Aria,Vermelho,40,1299.0,13,6
2026-01-12,BLAZ-ARIA-VER-40,Blazer Aria,Vermelho,40,1299.0,4,24
2026-01-19,BLAZ-ARIA-VER-40,Blazer Aria,Vermelho,40,1299.0,11,13
2026-01-26,BLAZ-ARIA-VER-40,Blazer Aria,Vermelho,40,1299.0,11,2
2026-02-02,BLAZ-ARIA-VER-40,Blazer Aria,Vermelho,40,1299.0,8,0
2026-02-09,BLAZ-ARIA-VER-40,Blazer Aria,Vermelho,40,1299.0,10,0
2026-02-16,BLAZ-ARIA-VER-40,Blazer Aria,Vermelho,40,1299.0,11,0
2026-02-23,BLAZ-ARIA-VER-40,Blazer Aria,Vermelho,40,1299.0,12,23
2026-03-02,BLAZ-ARIA-VER-40,Blazer Aria,Vermelho,40,1299.0,8,15
2026-03-09,BLAZ-ARIA-VER-40,Blazer Aria,Vermelho,40,1299.0,9,36
2026-03-16,BLAZ-ARIA-VER-40,Blazer Aria,Vermelho,40,1299.0,3,33
2026-03-23,BLAZ-ARIA-VER-40,Blazer Aria,Vermelho,40,1299.0,13,20
2026-03-30,BLAZ-ARIA-VER-40,Blazer Aria,Vermelho,40,1299.0,8,12
2026-04-06,BLAZ-ARIA-VER-40,Blazer Aria,Vermelho,40,1299.0,7,5
2026-04-13,BLAZ-ARIA-VER-40,Blazer Aria,Vermelho,40,1299.0,7,0
2026-04-20,BLAZ-ARIA-VER-40,Blazer Aria,Vermelho,40,1299.0,7,0
2026-04-27,BLAZ-ARIA-VER-40,Blazer Aria,Vermelho,40,1299.0,6,0
2026-05-04,BLAZ-ARIA-VER-40,Blazer Aria,Vermelho,40,1299.0,5,17
2026-05-11,BLAZ-ARIA-VER-40,Blazer Aria,Vermelho,40,1299.0,4,13
2026-05-18,BLAZ-ARIA-VER-40,Blazer Aria,Vermelho,40,1299.0,3,10
2026-05-25,BLAZ-ARIA-VER-40,Blazer Aria,Vermelho,40,1299.0,6,24
2026-06-01,BLAZ-ARIA-VER-40,Blazer Aria,Vermelho,40,1299.0,2,22
2026-06-08,BLAZ-ARIA-VER-40,Blazer Aria,Vermelho,40,1299.0,4,18
2026-06-15,BLAZ-ARIA-VER-40,Blazer Aria,Vermelho,40,1299.0,4,14
2026-06-22,BLAZ-ARIA-VER-40,Blazer Aria,Vermelho,40,1299.0,4,10
2026-06-29,BLAZ-ARIA-VER-40,Blazer Aria,Vermelho,40,1299.0,14,0
2026-07-06,BLAZ-ARIA-VER-40,Blazer Aria,Vermelho,40,1299.0,7,0
2026-07-13,BLAZ-ARIA-VER-40,Blazer Aria,Vermelho,40,1299.0,4,0
2026-07-20,BLAZ-ARIA-VER-40,Blazer Aria,Vermelho,40,1299.0,4,0
2026-07-27,BLAZ-ARIA-VER-40,Blazer Aria,Vermelho,40,1299.0,16,0
2026-08-03,BLAZ-ARIA-VER-40,Blazer Aria,Vermelho,40,1299.0,3,0
2026-08-10,BLAZ-ARIA-VER-40,Blazer Aria,Vermelho,40,1299.0,13,12
2026-08-17,BLAZ-ARIA-VER-40,Blazer Aria,Vermelho,40,1299.0,8,4
2026-08-24,BLAZ-ARIA-VER-40,Blazer Aria,Vermelho,40,1299.0,13,0
2025-09-01,BLAZ-ARIA-VER-42,Blazer Aria,Vermelho,42,1299.0,10,22
2025-09-08,BLAZ-ARIA-VER-42,Blazer Aria,Vermelho,42,1299.0,6,16
2025-09-15,BLAZ-ARIA-VER-42,Blazer Aria,Vermelho,42,1299.0,7,9
2025-09-22,BLAZ-ARIA-VER-42,Blazer Aria,Vermelho,42,1299.0,5,4
2025-09-29,BLAZ-ARIA-VER-42,Blazer Aria,Vermelho,42,1299.0,4,0
2025-10-06,BLAZ-ARIA-VER-42,Blazer Aria,Vermelho,42,1299.0,2,0
2025-10-13,BLAZ-ARIA-VER-42,Blazer Aria,Vermelho,42,1299.0,4,0
2025-10-20,BLAZ-ARIA-VER-42,Blazer Aria,Vermelho,42,1299.0,6,0
2025-10-27,BLAZ-ARIA-VER-42,Blazer Aria,Vermelho,42,1299.0,4,0
2025-11-03,BLAZ-ARIA-VER-42,Blazer Aria,Vermelho,42,1299.0,3,22
2025-11-10,BLAZ-ARIA-VER-42,Blazer Aria,Vermelho,42,1299.0,8,14
2025-11-17,BLAZ-ARIA-VER-42,Blazer Aria,Vermelho,42,1299.0,3,11
2025-11-24,BLAZ-ARIA-VER-42,Blazer Aria,Vermelho,42,1299.0,9,2
2025-12-01,BLAZ-ARIA-VER-42,Blazer Aria,Vermelho,42,1299.0,4,0
2025-12-08,BLAZ-ARIA-VER-42,Blazer Aria,Vermelho,42,1299.0,3,18
2025-12-15,BLAZ-ARIA-VER-42,Blazer Aria,Vermelho,42,1299.0,7,11
2025-12-22,BLAZ-ARIA-VER-42,Blazer Aria,Vermelho,42,1299.0,3,8
2025-12-29,BLAZ-ARIA-VER-42,Blazer Aria,Vermelho,42,1299.0,3,5
2026-01-05,BLAZ-ARIA-VER-42,Blazer Aria,Vermelho,42,1299.0,5,0
2026-01-12,BLAZ-ARIA-VER-42,Blazer Aria,Vermelho,42,1299.0,6,0
2026-01-19,BLAZ-ARIA-VER-42,Blazer Aria,Vermelho,42,1299.0,6,0
2026-01-26,BLAZ-ARIA-VER-42,Blazer Aria,Vermelho,42,1299.0,7,0
2026-02-02,BLAZ-ARIA-VER-42,Blazer Aria,Vermelho,42,1299.0,2,0
2026-02-09,BLAZ-ARIA-VER-42,Blazer Aria,Vermelho,42,1299.0,7,23
2026-02-16,BLAZ-ARIA-VER-42,Blazer Aria,Vermelho,42,1299.0,7,16
2026-02-23,BLAZ-ARIA-VER-42,Blazer Aria,Vermelho,42,1299.0,6,10
2026-03-02,BLAZ-ARIA-VER-42,Blazer Aria,Vermelho,42,1299.0,1,9
2026-03-09,BLAZ-ARIA-VER-42,Blazer Aria,Vermelho,42,1299.0,4,5
2026-03-16,BLAZ-ARIA-VER-42,Blazer Aria,Vermelho,42,1299.0,2,3
2026-03-23,BLAZ-ARIA-VER-42,Blazer Aria,Vermelho,42,1299.0,2,1
2026-03-30,BLAZ-ARIA-VER-42,Blazer Aria,Vermelho,42,1299.0,4,0
2026-04-06,BLAZ-ARIA-VER-42,Blazer Aria,Vermelho,42,1299.0,5,0
2026-04-13,BLAZ-ARIA-VER-42,Blazer Aria,Vermelho,42,1299.0,1,0
2026-04-20,BLAZ-ARIA-VER-42,Blazer Aria,Vermelho,42,1299.0,2,0
2026-04-27,BLAZ-ARIA-VER-42,Blazer Aria,Vermelho,42,1299.0,4,0
2026-05-04,BLAZ-ARIA-VER-42,Blazer Aria,Vermelho,42,1299.0,3,0
2026-05-11,BLAZ-ARIA-VER-42,Blazer Aria,Vermelho,42,1299.0,2,0
2026-05-18,BLAZ-ARIA-VER-42,Blazer Aria,Vermelho,42,1299.0,3,0
2026-05-25,BLAZ-ARIA-VER-42,Blazer Aria,Vermelho,42,1299.0,1,13
2026-06-01,BLAZ-ARIA-VER-42,Blazer Aria,Vermelho,42,1299.0,1,12
2026-06-08,BLAZ-ARIA-VER-42,Blazer Aria,Vermelho,42,1299.0,1,11
2026-06-15,BLAZ-ARIA-VER-42,Blazer Aria,Vermelho,42,1299.0,2,9
2026-06-22,BLAZ-ARIA-VER-42,Blazer Aria,Vermelho,42,1299.0,2,7
2026-06-29,BLAZ-ARIA-VER-42,Blazer Aria,Vermelho,42,1299.0,0,7
2026-07-06,BLAZ-ARIA-VER-42,Blazer Aria,Vermelho,42,1299.0,2,5
2026-07-13,BLAZ-ARIA-VER-42,Blazer Aria,Vermelho,42,1299.0,1,4
2026-07-20,BLAZ-ARIA-VER-42,Blazer Aria,Vermelho,42,1299.0,1,21
2026-07-27,BLAZ-ARIA-VER-42,Blazer Aria,Vermelho,42,1299.0,1,20
2026-08-03,BLAZ-ARIA-VER-42,Blazer Aria,Vermelho,42,1299.0,4,16
2026-08-10,BLAZ-ARIA-VER-42,Blazer Aria,Vermelho,42,1299.0,5,11
2026-08-17,BLAZ-ARIA-VER-42,Blazer Aria,Vermelho,42,1299.0,8,3
2026-08-24,BLAZ-ARIA-VER-42,Blazer Aria,Vermelho,42,1299.0,1,33
2025-09-01,BLAZ-ARIA-VER-44,Blazer Aria,Vermelho,44,1299.0,1,34
2025-09-08,BLAZ-ARIA-VER-44,Blazer Aria,Vermelho,44,1299.0,3,31
2025-09-15,BLAZ-ARIA-VER-44,Blazer Aria,Vermelho,44,1299.0,2,29
2025-09-22,BLAZ-ARIA-VER-44,Blazer Aria,Vermelho,44,1299.0,3,26
2025-09-29,BLAZ-ARIA-VER-44,Blazer Aria,Vermelho,44,1299.0,5,21
2025-10-06,BLAZ-ARIA-VER-44,Blazer Aria,Vermelho,44,1299.0,4,17
2025-10-13,BLAZ-ARIA-VER-44,Blazer Aria,Vermelho,44,1299.0,3,14
2025-10-20,BLAZ-ARIA-VER-44,Blazer Aria,Vermelho,44,1299.0,3,11
2025-10-27,BLAZ-ARIA-VER-44,Blazer Aria,Vermelho,44,1299.0,1,10
2025-11-03,BLAZ-ARIA-VER-44,Blazer Aria,Vermelho,44,1299.0,5,5
2025-11-10,BLAZ-ARIA-VER-44,Blazer Aria,Vermelho,44,1299.0,5,0
2025-11-17,BLAZ-ARIA-VER-44,Blazer Aria,Vermelho,44,1299.0,5,0
2025-11-24,BLAZ-ARIA-VER-44,Blazer Aria,Vermelho,44,1299.0,6,0
2025-12-01,BLAZ-ARIA-VER-44,Blazer Aria,Vermelho,44,1299.0,3,28
2025-12-08,BLAZ-ARIA-VER-44,Blazer Aria,Vermelho,44,1299.0,6,22
2025-12-15,BLAZ-ARIA-VER-44,Blazer Aria,Vermelho,44,1299.0,7,15
2025-12-22,BLAZ-ARIA-VER-44,Blazer Aria,Vermelho,44,1299.0,3,12
2025-12-29,BLAZ-ARIA-VER-44,Blazer Aria,Vermelho,44,1299.0,6,6
2026-01-05,BLAZ-ARIA-VER-44,Blazer Aria,Vermelho,44,1299.0,3,27
2026-01-12,BLAZ-ARIA-VER-44,Blazer Aria,Vermelho,44,1299.0,4,23
2026-01-19,BLAZ-ARIA-VER-44,Blazer Aria,Vermelho,44,1299.0,2,21
2026-01-26,BLAZ-ARIA-VER-44,Blazer Aria,Vermelho,44,1299.0,5,16
2026-02-02,BLAZ-ARIA-VER-44,Blazer Aria,Vermelho,44,1299.0,2,14
2026-02-09,BLAZ-ARIA-VER-44,Blazer Aria,Vermelho,44,1299.0,2,12
2026-02-16,BLAZ-ARIA-VER-44,Blazer Aria,Vermelho,44,1299.0,2,10
2026-02-23,BLAZ-ARIA-VER-44,Blazer Aria,Vermelho,44,1299.0,1,9
2026-03-02,BLAZ-ARIA-VER-44,Blazer Aria,Vermelho,44,1299.0,3,6
2026-03-09,BLAZ-ARIA-VER-44,Blazer Aria,Vermelho,44,1299.0,8,30
2026-03-16,BLAZ-ARIA-VER-44,Blazer Aria,Vermelho,44,1299.0,1,29
2026-03-23,BLAZ-ARIA-VER-44,Blazer Aria,Vermelho,44,1299.0,1,28
2026-03-30,BLAZ-ARIA-VER-44,Blazer Aria,Vermelho,44,1299.0,2,26
2026-04-06,BLAZ-ARIA-VER-44,Blazer Aria,Vermelho,44,1299.0,5,21
2026-04-13,BLAZ-ARIA-VER-44,Blazer Aria,Vermelho,44,1299.0,2,19
2026-04-20,BLAZ-ARIA-VER-44,Blazer Aria,Vermelho,44,1299.0,1,18
2026-04-27,BLAZ-ARIA-VER-44,Blazer Aria,Vermelho,44,1299.0,4,14
2026-05-04,BLAZ-ARIA-VER-44,Blazer Aria,Vermelho,44,1299.0,3,11
2026-05-11,BLAZ-ARIA-VER-44,Blazer Aria,Vermelho,44,1299.0,3,8
2026-05-18,BLAZ-ARIA-VER-44,Blazer Aria,Vermelho,44,1299.0,2,6
2026-05-25,BLAZ-ARIA-VER-44,Blazer Aria,Vermelho,44,1299.0,3,3
2026-06-01,BLAZ-ARIA-VER-44,Blazer Aria,Vermelho,44,1299.0,4,28
2026-06-08,BLAZ-ARIA-VER-44,Blazer Aria,Vermelho,44,1299.0,2,26
2026-06-15,BLAZ-ARIA-VER-44,Blazer Aria,Vermelho,44,1299.0,1,25
2026-06-22,BLAZ-ARIA-VER-44,Blazer Aria,Vermelho,44,1299.0,2,23
2026-06-29,BLAZ-ARIA-VER-44,Blazer Aria,Vermelho,44,1299.0,6,17
2026-07-06,BLAZ-ARIA-VER-44,Blazer Aria,Vermelho,44,1299.0,2,15
2026-07-13,BLAZ-ARIA-VER-44,Blazer Aria,Vermelho,44,1299.0,2,13
2026-07-20,BLAZ-ARIA-VER-44,Blazer Aria,Vermelho,44,1299.0,2,11
2026-07-27,BLAZ-ARIA-VER-44,Blazer Aria,Vermelho,44,1299.0,2,9
2026-08-03,BLAZ-ARIA-VER-44,Blazer Aria,Vermelho,44,1299.0,4,39
2026-08-10,BLAZ-ARIA-VER-44,Blazer Aria,Vermelho,44,1299.0,5,34
2026-08-17,BLAZ-ARIA-VER-44,Blazer Aria,Vermelho,44,1299.0,1,33
2026-08-24,BLAZ-ARIA-VER-44,Blazer Aria,Vermelho,44,1299.0,2,31
2025-09-01,BLAZ-ARIA-OFF-34,Blazer Aria,Off White,34,1299.0,2,57
2025-09-08,BLAZ-ARIA-OFF-34,Blazer Aria,Off White,34,1299.0,3,54
2025-09-15,BLAZ-ARIA-OFF-34,Blazer Aria,Off White,34,1299.0,3,51
2025-09-22,BLAZ-ARIA-OFF-34,Blazer Aria,Off White,34,1299.0,5,46
2025-09-29,BLAZ-ARIA-OFF-34,Blazer Aria,Off White,34,1299.0,1,45
2025-10-06,BLAZ-ARIA-OFF-34,Blazer Aria,Off White,34,1299.0,3,42
2025-10-13,BLAZ-ARIA-OFF-34,Blazer Aria,Off White,34,1299.0,5,37
2025-10-20,BLAZ-ARIA-OFF-34,Blazer Aria,Off White,34,1299.0,4,33
2025-10-27,BLAZ-ARIA-OFF-34,Blazer Aria,Off White,34,1299.0,5,28
2025-11-03,BLAZ-ARIA-OFF-34,Blazer Aria,Off White,34,1299.0,4,24
2025-11-10,BLAZ-ARIA-OFF-34,Blazer Aria,Off White,34,1299.0,7,17
2025-11-17,BLAZ-ARIA-OFF-34,Blazer Aria,Off White,34,1299.0,1,16
2025-11-24,BLAZ-ARIA-OFF-34,Blazer Aria,Off White,34,1299.0,8,8
2025-12-01,BLAZ-ARIA-OFF-34,Blazer Aria,Off White,34,1299.0,5,3
2025-12-08,BLAZ-ARIA-OFF-34,Blazer Aria,Off White,34,1299.0,7,0
2025-12-15,BLAZ-ARIA-OFF-34,Blazer Aria,Off White,34,1299.0,7,23
2025-12-22,BLAZ-ARIA-OFF-34,Blazer Aria,Off White,34,1299.0,6,17
2025-12-29,BLAZ-ARIA-OFF-34,Blazer Aria,Off White,34,1299.0,12,28
2026-01-05,BLAZ-ARIA-OFF-34,Blazer Aria,Off White,34,1299.0,5,23
2026-01-12,BLAZ-ARIA-OFF-34,Blazer Aria,Off White,34,1299.0,3,20
2026-01-19,BLAZ-ARIA-OFF-34,Blazer Aria,Off White,34,1299.0,5,15
2026-01-26,BLAZ-ARIA-OFF-34,Blazer Aria,Off White,34,1299.0,6,9
2026-02-02,BLAZ-ARIA-OFF-34,Blazer Aria,Off White,34,1299.0,4,5
2026-02-09,BLAZ-ARIA-OFF-34,Blazer Aria,Off White,34,1299.0,2,3
2026-02-16,BLAZ-ARIA-OFF-34,Blazer Aria,Off White,34,1299.0,1,24
2026-02-23,BLAZ-ARIA-OFF-34,Blazer Aria,Off White,34,1299.0,6,18
2026-03-02,BLAZ-ARIA-OFF-34,Blazer Aria,Off White,34,1299.0,1,17
2026-03-09,BLAZ-ARIA-OFF-34,Blazer Aria,Off White,34,1299.0,6,11
2026-03-16,BLAZ-ARIA-OFF-34,Blazer Aria,Off White,34,1299.0,5,6
2026-03-23,BLAZ-ARIA-OFF-34,Blazer Aria,Off White,34,1299.0,5,31
2026-03-30,BLAZ-ARIA-OFF-34,Blazer Aria,Off White,34,1299.0,0,31
2026-04-06,BLAZ-ARIA-OFF-34,Blazer Aria,Off White,34,1299.0,3,28
2026-04-13,BLAZ-ARIA-OFF-34,Blazer Aria,Off White,34,1299.0,3,25
2026-04-20,BLAZ-ARIA-OFF-34,Blazer Aria,Off White,34,1299.0,5,20
2026-04-27,BLAZ-ARIA-OFF-34,Blazer Aria,Off White,34,1299.0,4,16
2026-05-04,BLAZ-ARIA-OFF-34,Blazer Aria,Off White,34,1299.0,3,13
2026-05-11,BLAZ-ARIA-OFF-34,Blazer Aria,Off White,34,1299.0,4,9
2026-05-18,BLAZ-ARIA-OFF-34,Blazer Aria,Off White,34,1299.0,4,5
2026-05-25,BLAZ-ARIA-OFF-34,Blazer Aria,Off White,34,1299.0,5,14
2026-06-01,BLAZ-ARIA-OFF-34,Blazer Aria,Off White,34,1299.0,0,14
2026-06-08,BLAZ-ARIA-OFF-34,Blazer Aria,Off White,34,1299.0,2,12
2026-06-15,BLAZ-ARIA-OFF-34,Blazer Aria,Off White,34,1299.0,3,9
2026-06-22,BLAZ-ARIA-OFF-34,Blazer Aria,Off White,34,1299.0,8,13
2026-06-29,BLAZ-ARIA-OFF-34,Blazer Aria,Off White,34,1299.0,7,6
2026-07-06,BLAZ-ARIA-OFF-34,Blazer Aria,Off White,34,1299.0,3,3
2026-07-13,BLAZ-ARIA-OFF-34,Blazer Aria,Off White,34,1299.0,6,29
2026-07-20,BLAZ-ARIA-OFF-34,Blazer Aria,Off White,34,1299.0,3,26
2026-07-27,BLAZ-ARIA-OFF-34,Blazer Aria,Off White,34,1299.0,1,25
2026-08-03,BLAZ-ARIA-OFF-34,Blazer Aria,Off White,34,1299.0,7,18
2026-08-10,BLAZ-ARIA-OFF-34,Blazer Aria,Off White,34,1299.0,1,17
2026-08-17,BLAZ-ARIA-OFF-34,Blazer Aria,Off White,34,1299.0,3,14
2026-08-24,BLAZ-ARIA-OFF-34,Blazer Aria,Off White,34,1299.0,5,9
2025-09-01,BLAZ-ARIA-OFF-36,Blazer Aria,Off White,36,1299.0,10,40
2025-09-08,BLAZ-ARIA-OFF-36,Blazer Aria,Off White,36,1299.0,7,33
2025-09-15,BLAZ-ARIA-OFF-36,Blazer Aria,Off White,36,1299.0,6,27
2025-09-22,BLAZ-ARIA-OFF-36,Blazer Aria,Off White,36,1299.0,10,17
2025-09-29,BLAZ-ARIA-OFF-36,Blazer Aria,Off White,36,1299.0,9,8
2025-10-06,BLAZ-ARIA-OFF-36,Blazer Aria,Off White,36,1299.0,9,27
2025-10-13,BLAZ-ARIA-OFF-36,Blazer Aria,Off White,36,1299.0,15,12
2025-10-20,BLAZ-ARIA-OFF-36,Blazer Aria,Off White,36,1299.0,20,0
2025-10-27,BLAZ-ARIA-OFF-36,Blazer Aria,Off White,36,1299.0,10,21
2025-11-03,BLAZ-ARIA-OFF-36,Blazer Aria,Off White,36,1299.0,12,9
2025-11-10,BLAZ-ARIA-OFF-36,Blazer Aria,Off White,36,1299.0,9,17
2025-11-17,BLAZ-ARIA-OFF-36,Blazer Aria,Off White,36,1299.0,12,5
2025-11-24,BLAZ-ARIA-OFF-36,Blazer Aria,Off White,36,1299.0,6,26
2025-12-01,BLAZ-ARIA-OFF-36,Blazer Aria,Off White,36,1299.0,11,15
2025-12-08,BLAZ-ARIA-OFF-36,Blazer Aria,Off White,36,1299.0,11,4
2025-12-15,BLAZ-ARIA-OFF-36,Blazer Aria,Off White,36,1299.0,9,0
2025-12-22,BLAZ-ARIA-OFF-36,Blazer Aria,Off White,36,1299.0,4,0
2025-12-29,BLAZ-ARIA-OFF-36,Blazer Aria,Off White,36,1299.0,7,0
2026-01-05,BLAZ-ARIA-OFF-36,Blazer Aria,Off White,36,1299.0,13,0
2026-01-12,BLAZ-ARIA-OFF-36,Blazer Aria,Off White,36,1299.0,5,26
2026-01-19,BLAZ-ARIA-OFF-36,Blazer Aria,Off White,36,1299.0,11,15
2026-01-26,BLAZ-ARIA-OFF-36,Blazer Aria,Off White,36,1299.0,5,10
2026-02-02,BLAZ-ARIA-OFF-36,Blazer Aria,Off White,36,1299.0,3,25
2026-02-09,BLAZ-ARIA-OFF-36,Blazer Aria,Off White,36,1299.0,4,21
2026-02-16,BLAZ-ARIA-OFF-36,Blazer Aria,Off White,36,1299.0,9,12
2026-02-23,BLAZ-ARIA-OFF-36,Blazer Aria,Off White,36,1299.0,10,2
2026-03-02,BLAZ-ARIA-OFF-36,Blazer Aria,Off White,36,1299.0,7,24
2026-03-09,BLAZ-ARIA-OFF-36,Blazer Aria,Off White,36,1299.0,5,19
2026-03-16,BLAZ-ARIA-OFF-36,Blazer Aria,Off White,36,1299.0,5,14
2026-03-23,BLAZ-ARIA-OFF-36,Blazer Aria,Off White,36,1299.0,6,8
2026-03-30,BLAZ-ARIA-OFF-36,Blazer Aria,Off White,36,1299.0,5,37
2026-04-06,BLAZ-ARIA-OFF-36,Blazer Aria,Off White,36,1299.0,5,32
2026-04-13,BLAZ-ARIA-OFF-36,Blazer Aria,Off White,36,1299.0,3,29
2026-04-20,BLAZ-ARIA-OFF-36,Blazer Aria,Off White,36,1299.0,3,26
2026-04-27,BLAZ-ARIA-OFF-36,Blazer Aria,Off White,36,1299.0,4,22
2026-05-04,BLAZ-ARIA-OFF-36,Blazer Aria,Off White,36,1299.0,5,17
2026-05-11,BLAZ-ARIA-OFF-36,Blazer Aria,Off White,36,1299.0,6,11
2026-05-18,BLAZ-ARIA-OFF-36,Blazer Aria,Off White,36,1299.0,1,10
2026-05-25,BLAZ-ARIA-OFF-36,Blazer Aria,Off White,36,1299.0,7,29
2026-06-01,BLAZ-ARIA-OFF-36,Blazer Aria,Off White,36,1299.0,7,22
2026-06-08,BLAZ-ARIA-OFF-36,Blazer Aria,Off White,36,1299.0,12,10
2026-06-15,BLAZ-ARIA-OFF-36,Blazer Aria,Off White,36,1299.0,3,7
2026-06-22,BLAZ-ARIA-OFF-36,Blazer Aria,Off White,36,1299.0,3,4
2026-06-29,BLAZ-ARIA-OFF-36,Blazer Aria,Off White,36,1299.0,3,1
2026-07-06,BLAZ-ARIA-OFF-36,Blazer Aria,Off White,36,1299.0,6,0
2026-07-13,BLAZ-ARIA-OFF-36,Blazer Aria,Off White,36,1299.0,7,0
2026-07-20,BLAZ-ARIA-OFF-36,Blazer Aria,Off White,36,1299.0,7,0
2026-07-27,BLAZ-ARIA-OFF-36,Blazer Aria,Off White,36,1299.0,11,12
2026-08-03,BLAZ-ARIA-OFF-36,Blazer Aria,Off White,36,1299.0,7,39
2026-08-10,BLAZ-ARIA-OFF-36,Blazer Aria,Off White,36,1299.0,4,35
2026-08-17,BLAZ-ARIA-OFF-36,Blazer Aria,Off White,36,1299.0,11,24
2026-08-24,BLAZ-ARIA-OFF-36,Blazer Aria,Off White,36,1299.0,8,16
2025-09-01,BLAZ-ARIA-OFF-38,Blazer Aria,Off White,38,1299.0,2,37
2025-09-08,BLAZ-ARIA-OFF-38,Blazer Aria,Off White,38,1299.0,2,35
2025-09-15,BLAZ-ARIA-OFF-38,Blazer Aria,Off White,38,1299.0,1,34
2025-09-22,BLAZ-ARIA-OFF-38,Blazer Aria,Off White,38,1299.0,1,33
2025-09-29,BLAZ-ARIA-OFF-38,Blazer Aria,Off White,38,1299.0,2,31
2025-10-06,BLAZ-ARIA-OFF-38,Blazer Aria,Off White,38,1299.0,3,28
2025-10-13,BLAZ-ARIA-OFF-38,Blazer Aria,Off White,38,1299.0,1,27
2025-10-20,BLAZ-ARIA-OFF-38,Blazer Aria,Off White,38,1299.0,4,23
2025-10-27,BLAZ-ARIA-OFF-38,Blazer Aria,Off White,38,1299.0,0,23
2025-11-03,BLAZ-ARIA-OFF-38,Blazer Aria,Off White,38,1299.0,2,21
2025-11-10,BLAZ-ARIA-OFF-38,Blazer Aria,Off White,38,1299.0,2,19
2025-11-17,BLAZ-ARIA-OFF-38,Blazer Aria,Off White,38,1299.0,0,19
2025-11-24,BLAZ-ARIA-OFF-38,Blazer Aria,Off White,38,1299.0,0,19
2025-12-01,BLAZ-ARIA-OFF-38,Blazer Aria,Off White,38,1299.0,0,19
2025-12-08,BLAZ-ARIA-OFF-38,Blazer Aria,Off White,38,1299.0,1,18
2025-12-15,BLAZ-ARIA-OFF-38,Blazer Aria,Off White,38,1299.0,3,15
2025-12-22,BLAZ-ARIA-OFF-38,Blazer Aria,Off White,38,1299.0,1,14
2025-12-29,BLAZ-ARIA-OFF-38,Blazer Aria,Off White,38,1299.0,1,13
2026-01-05,BLAZ-ARIA-OFF-38,Blazer Aria,Off White,38,1299.0,3,10
2026-01-12,BLAZ-ARIA-OFF-38,Blazer Aria,Off White,38,1299.0,1,9
2026-01-19,BLAZ-ARIA-OFF-38,Blazer Aria,Off White,38,1299.0,2,7
2026-01-26,BLAZ-ARIA-OFF-38,Blazer Aria,Off White,38,1299.0,2,5
2026-02-02,BLAZ-ARIA-OFF-38,Blazer Aria,Off White,38,1299.0,2,3
2026-02-09,BLAZ-ARIA-OFF-38,Blazer Aria,Off White,38,1299.0,1,21
2026-02-16,BLAZ-ARIA-OFF-38,Blazer Aria,Off White,38,1299.0,3,18
2026-02-23,BLAZ-ARIA-OFF-38,Blazer Aria,Off White,38,1299.0,3,15
2026-03-02,BLAZ-ARIA-OFF-38,Blazer Aria,Off White,38,1299.0,0,15
2026-03-09,BLAZ-ARIA-OFF-38,Blazer Aria,Off White,38,1299.0,4,11
2026-03-16,BLAZ-ARIA-OFF-38,Blazer Aria,Off White,38,1299.0,4,25
2026-03-23,BLAZ-ARIA-OFF-38,Blazer Aria,Off White,38,1299.0,1,24
2026-03-30,BLAZ-ARIA-OFF-38,Blazer Aria,Off White,38,1299.0,2,22
2026-04-06,BLAZ-ARIA-OFF-38,Blazer Aria,Off White,38,1299.0,4,18
2026-04-13,BLAZ-ARIA-OFF-38,Blazer Aria,Off White,38,1299.0,0,18
2026-04-20,BLAZ-ARIA-OFF-38,Blazer Aria,Off White,38,1299.0,2,16
2026-04-27,BLAZ-ARIA-OFF-38,Blazer Aria,Off White,38,1299.0,1,15
2026-05-04,BLAZ-ARIA-OFF-38,Blazer Aria,Off White,38,1299.0,0,15
2026-05-11,BLAZ-ARIA-OFF-38,Blazer Aria,Off White,38,1299.0,2,13
2026-05-18,BLAZ-ARIA-OFF-38,Blazer Aria,Off White,38,1299.0,0,13
2026-05-25,BLAZ-ARIA-OFF-38,Blazer Aria,Off White,38,1299.0,1,12
2026-06-01,BLAZ-ARIA-OFF-38,Blazer Aria,Off White,38,1299.0,0,12
2026-06-08,BLAZ-ARIA-OFF-38,Blazer Aria,Off White,38,1299.0,2,10
2026-06-15,BLAZ-ARIA-OFF-38,Blazer Aria,Off White,38,1299.0,2,8
2026-06-22,BLAZ-ARIA-OFF-38,Blazer Aria,Off White,38,1299.0,0,8
2026-06-29,BLAZ-ARIA-OFF-38,Blazer Aria,Off White,38,1299.0,0,8
2026-07-06,BLAZ-ARIA-OFF-38,Blazer Aria,Off White,38,1299.0,4,36
2026-07-13,BLAZ-ARIA-OFF-38,Blazer Aria,Off White,38,1299.0,0,36
2026-07-20,BLAZ-ARIA-OFF-38,Blazer Aria,Off White,38,1299.0,2,34
2026-07-27,BLAZ-ARIA-OFF-38,Blazer Aria,Off White,38,1299.0,1,33
2026-08-03,BLAZ-ARIA-OFF-38,Blazer Aria,Off White,38,1299.0,1,32
2026-08-10,BLAZ-ARIA-OFF-38,Blazer Aria,Off White,38,1299.0,2,30
2026-08-17,BLAZ-ARIA-OFF-38,Blazer Aria,Off White,38,1299.0,1,29
2026-08-24,BLAZ-ARIA-OFF-38,Blazer Aria,Off White,38,1299.0,1,28
2025-09-01,BLAZ-ARIA-OFF-40,Blazer Aria,Off White,40,1299.0,6,28
2025-09-08,BLAZ-ARIA-OFF-40,Blazer Aria,Off White,40,1299.0,7,21
2025-09-15,BLAZ-ARIA-OFF-40,Blazer Aria,Off White,40,1299.0,12,9
2025-09-22,BLAZ-ARIA-OFF-40,Blazer Aria,Off White,40,1299.0,10,0
2025-09-29,BLAZ-ARIA-OFF-40,Blazer Aria,Off White,40,1299.0,16,0
2025-10-06,BLAZ-ARIA-OFF-40,Blazer Aria,Off White,40,1299.0,20,0
2025-10-13,BLAZ-ARIA-OFF-40,Blazer Aria,Off White,40,1299.0,6,0
2025-10-20,BLAZ-ARIA-OFF-40,Blazer Aria,Off White,40,1299.0,11,0
2025-10-27,BLAZ-ARIA-OFF-40,Blazer Aria,Off White,40,1299.0,7,33
2025-11-03,BLAZ-ARIA-OFF-40,Blazer Aria,Off White,40,1299.0,12,21
2025-11-10,BLAZ-ARIA-OFF-40,Blazer Aria,Off White,40,1299.0,13,8
2025-11-17,BLAZ-ARIA-OFF-40,Blazer Aria,Off White,40,1299.0,6,28
2025-11-24,BLAZ-ARIA-OFF-40,Blazer Aria,Off White,40,1299.0,9,19
2025-12-01,BLAZ-ARIA-OFF-40,Blazer Aria,Off White,40,1299.0,11,8
2025-12-08,BLAZ-ARIA-OFF-40,Blazer Aria,Off White,40,1299.0,19,32
2025-12-15,BLAZ-ARIA-OFF-40,Blazer Aria,Off White,40,1299.0,13,19
2025-12-22,BLAZ-ARIA-OFF-40,Blazer Aria,Off White,40,1299.0,6,13
2025-12-29,BLAZ-ARIA-OFF-40,Blazer Aria,Off White,40,1299.0,11,2
2026-01-05,BLAZ-ARIA-OFF-40,Blazer Aria,Off White,40,1299.0,9,0
2026-01-12,BLAZ-ARIA-OFF-40,Blazer Aria,Off White,40,1299.0,15,0
2026-01-19,BLAZ-ARIA-OFF-40,Blazer Aria,Off White,40,1299.0,12,19
2026-01-26,BLAZ-ARIA-OFF-40,Blazer Aria,Off White,40,1299.0,8,11
2026-02-02,BLAZ-ARIA-OFF-40,Blazer Aria,Off White,40,1299.0,11,27
2026-02-09,BLAZ-ARIA-OFF-40,Blazer Aria,Off White,40,1299.0,10,17
2026-02-16,BLAZ-ARIA-OFF-40,Blazer Aria,Off White,40,1299.0,12,25
2026-02-23,BLAZ-ARIA-OFF-40,Blazer Aria,Off White,40,1299.0,19,6
2026-03-02,BLAZ-ARIA-OFF-40,Blazer Aria,Off White,40,1299.0,6,0
2026-03-09,BLAZ-ARIA-OFF-40,Blazer Aria,Off White,40,1299.0,12,0
2026-03-16,BLAZ-ARIA-OFF-40,Blazer Aria,Off White,40,1299.0,3,0
2026-03-23,BLAZ-ARIA-OFF-40,Blazer Aria,Off White,40,1299.0,5,0
2026-03-30,BLAZ-ARIA-OFF-40,Blazer Aria,Off White,40,1299.0,5,25
2026-04-06,BLAZ-ARIA-OFF-40,Blazer Aria,Off White,40,1299.0,8,17
2026-04-13,BLAZ-ARIA-OFF-40,Blazer Aria,Off White,40,1299.0,7,10
2026-04-20,BLAZ-ARIA-OFF-40,Blazer Aria,Off White,40,1299.0,5,5
2026-04-27,BLAZ-ARIA-OFF-40,Blazer Aria,Off White,40,1299.0,6,0
2026-05-04,BLAZ-ARIA-OFF-40,Blazer Aria,Off White,40,1299.0,6,27
2026-05-11,BLAZ-ARIA-OFF-40,Blazer Aria,Off White,40,1299.0,4,23
2026-05-18,BLAZ-ARIA-OFF-40,Blazer Aria,Off White,40,1299.0,4,19
2026-05-25,BLAZ-ARIA-OFF-40,Blazer Aria,Off White,40,1299.0,7,12
2026-06-01,BLAZ-ARIA-OFF-40,Blazer Aria,Off White,40,1299.0,3,9
2026-06-08,BLAZ-ARIA-OFF-40,Blazer Aria,Off White,40,1299.0,6,3
2026-06-15,BLAZ-ARIA-OFF-40,Blazer Aria,Off White,40,1299.0,6,0
2026-06-22,BLAZ-ARIA-OFF-40,Blazer Aria,Off White,40,1299.0,8,0
2026-06-29,BLAZ-ARIA-OFF-40,Blazer Aria,Off White,40,1299.0,2,21
2026-07-06,BLAZ-ARIA-OFF-40,Blazer Aria,Off White,40,1299.0,9,12
2026-07-13,BLAZ-ARIA-OFF-40,Blazer Aria,Off White,40,1299.0,1,11
2026-07-20,BLAZ-ARIA-OFF-40,Blazer Aria,Off White,40,1299.0,3,8
2026-07-27,BLAZ-ARIA-OFF-40,Blazer Aria,Off White,40,1299.0,6,2
2026-08-03,BLAZ-ARIA-OFF-40,Blazer Aria,Off White,40,1299.0,5,0
2026-08-10,BLAZ-ARIA-OFF-40,Blazer Aria,Off White,40,1299.0,14,0
2026-08-17,BLAZ-ARIA-OFF-40,Blazer Aria,Off White,40,1299.0,7,0
2026-08-24,BLAZ-ARIA-OFF-40,Blazer Aria,Off White,40,1299.0,10,0
2025-09-01,BLAZ-ARIA-OFF-42,Blazer Aria,Off White,42,1299.0,2,41
2025-09-08,BLAZ-ARIA-OFF-42,Blazer Aria,Off White,42,1299.0,4,37
2025-09-15,BLAZ-ARIA-OFF-42,Blazer Aria,Off White,42,1299.0,4,33
2025-09-22,BLAZ-ARIA-OFF-42,Blazer Aria,Off White,42,1299.0,7,26
2025-09-29,BLAZ-ARIA-OFF-42,Blazer Aria,Off White,42,1299.0,3,23
2025-10-06,BLAZ-ARIA-OFF-42,Blazer Aria,Off White,42,1299.0,2,21
2025-10-13,BLAZ-ARIA-OFF-42,Blazer Aria,Off White,42,1299.0,2,19
2025-10-20,BLAZ-ARIA-OFF-42,Blazer Aria,Off White,42,1299.0,4,15
2025-10-27,BLAZ-ARIA-OFF-42,Blazer Aria,Off White,42,1299.0,7,8
2025-11-03,BLAZ-ARIA-OFF-42,Blazer Aria,Off White,42,1299.0,3,36
2025-11-10,BLAZ-ARIA-OFF-42,Blazer Aria,Off White,42,1299.0,2,34
2025-11-17,BLAZ-ARIA-OFF-42,Blazer Aria,Off White,42,1299.0,4,30
2025-11-24,BLAZ-ARIA-OFF-42,Blazer Aria,Off White,42,1299.0,8,22
2025-12-01,BLAZ-ARIA-OFF-42,Blazer Aria,Off White,42,1299.0,5,17
2025-12-08,BLAZ-ARIA-OFF-42,Blazer Aria,Off White,42,1299.0,8,9
2025-12-15,BLAZ-ARIA-OFF-42,Blazer Aria,Off White,42,1299.0,3,6
2025-12-22,BLAZ-ARIA-OFF-42,Blazer Aria,Off White,42,1299.0,4,21
2025-12-29,BLAZ-ARIA-OFF-42,Blazer Aria,Off White,42,1299.0,5,16
2026-01-05,BLAZ-ARIA-OFF-42,Blazer Aria,Off White,42,1299.0,2,14
2026-01-12,BLAZ-ARIA-OFF-42,Blazer Aria,Off White,42,1299.0,5,9
2026-01-19,BLAZ-ARIA-OFF-42,Blazer Aria,Off White,42,1299.0,3,23
2026-01-26,BLAZ-ARIA-OFF-42,Blazer Aria,Off White,42,1299.0,4,19
2026-02-02,BLAZ-ARIA-OFF-42,Blazer Aria,Off White,42,1299.0,4,15
2026-02-09,BLAZ-ARIA-OFF-42,Blazer Aria,Off White,42,1299.0,3,12
2026-02-16,BLAZ-ARIA-OFF-42,Blazer Aria,Off White,42,1299.0,9,3
2026-02-23,BLAZ-ARIA-OFF-42,Blazer Aria,Off White,42,1299.0,7,29
2026-03-02,BLAZ-ARIA-OFF-42,Blazer Aria,Off White,42,1299.0,1,28
2026-03-09,BLAZ-ARIA-OFF-42,Blazer Aria,Off White,42,1299.0,1,27
2026-03-16,BLAZ-ARIA-OFF-42,Blazer Aria,Off White,42,1299.0,4,23
2026-03-23,BLAZ-ARIA-OFF-42,Blazer Aria,Off White,42,1299.0,4,19
2026-03-30,BLAZ-ARIA-OFF-42,Blazer Aria,Off White,42,1299.0,3,16
2026-04-06,BLAZ-ARIA-OFF-42,Blazer Aria,Off White,42,1299.0,1,15
2026-04-13,BLAZ-ARIA-OFF-42,Blazer Aria,Off White,42,1299.0,2,13
2026-04-20,BLAZ-ARIA-OFF-42,Blazer Aria,Off White,42,1299.0,4,9
2026-04-27,BLAZ-ARIA-OFF-42,Blazer Aria,Off White,42,1299.0,4,5
2026-05-04,BLAZ-ARIA-OFF-42,Blazer Aria,Off White,42,1299.0,10,0
2026-05-11,BLAZ-ARIA-OFF-42,Blazer Aria,Off White,42,1299.0,5,0
2026-05-18,BLAZ-ARIA-OFF-42,Blazer Aria,Off White,42,1299.0,4,0
2026-05-25,BLAZ-ARIA-OFF-42,Blazer Aria,Off White,42,1299.0,3,0
2026-06-01,BLAZ-ARIA-OFF-42,Blazer Aria,Off White,42,1299.0,4,0
2026-06-08,BLAZ-ARIA-OFF-42,Blazer Aria,Off White,42,1299.0,0,16
2026-06-15,BLAZ-ARIA-OFF-42,Blazer Aria,Off White,42,1299.0,3,13
2026-06-22,BLAZ-ARIA-OFF-42,Blazer Aria,Off White,42,1299.0,3,10
2026-06-29,BLAZ-ARIA-OFF-42,Blazer Aria,Off White,42,1299.0,6,28
2026-07-06,BLAZ-ARIA-OFF-42,Blazer Aria,Off White,42,1299.0,1,27
2026-07-13,BLAZ-ARIA-OFF-42,Blazer Aria,Off White,42,1299.0,3,24
2026-07-20,BLAZ-ARIA-OFF-42,Blazer Aria,Off White,42,1299.0,3,21
2026-07-27,BLAZ-ARIA-OFF-42,Blazer Aria,Off White,42,1299.0,4,17
2026-08-03,BLAZ-ARIA-OFF-42,Blazer Aria,Off White,42,1299.0,0,17
2026-08-10,BLAZ-ARIA-OFF-42,Blazer Aria,Off White,42,1299.0,3,14
2026-08-17,BLAZ-ARIA-OFF-42,Blazer Aria,Off White,42,1299.0,4,10
2026-08-24,BLAZ-ARIA-OFF-42,Blazer Aria,Off White,42,1299.0,5,5
2025-09-01,BLAZ-ARIA-OFF-44,Blazer Aria,Off White,44,1299.0,1,45
2025-09-08,BLAZ-ARIA-OFF-44,Blazer Aria,Off White,44,1299.0,1,44
2025-09-15,BLAZ-ARIA-OFF-44,Blazer Aria,Off White,44,1299.0,3,41
2025-09-22,BLAZ-ARIA-OFF-44,Blazer Aria,Off White,44,1299.0,3,38
2025-09-29,BLAZ-ARIA-OFF-44,Blazer Aria,Off White,44,1299.0,1,37
2025-10-06,BLAZ-ARIA-OFF-44,Blazer Aria,Off White,44,1299.0,0,37
2025-10-13,BLAZ-ARIA-OFF-44,Blazer Aria,Off White,44,1299.0,2,35
2025-10-20,BLAZ-ARIA-OFF-44,Blazer Aria,Off White,44,1299.0,0,35
2025-10-27,BLAZ-ARIA-OFF-44,Blazer Aria,Off White,44,1299.0,0,35
2025-11-03,BLAZ-ARIA-OFF-44,Blazer Aria,Off White,44,1299.0,1,34
2025-11-10,BLAZ-ARIA-OFF-44,Blazer Aria,Off White,44,1299.0,7,27
2025-11-17,BLAZ-ARIA-OFF-44,Blazer Aria,Off White,44,1299.0,2,25
2025-11-24,BLAZ-ARIA-OFF-44,Blazer Aria,Off White,44,1299.0,3,22
2025-12-01,BLAZ-ARIA-OFF-44,Blazer Aria,Off White,44,1299.0,4,18
2025-12-08,BLAZ-ARIA-OFF-44,Blazer Aria,Off White,44,1299.0,2,16
2025-12-15,BLAZ-ARIA-OFF-44,Blazer Aria,Off White,44,1299.0,1,15
2025-12-22,BLAZ-ARIA-OFF-44,Blazer Aria,Off White,44,1299.0,5,10
2025-12-29,BLAZ-ARIA-OFF-44,Blazer Aria,Off White,44,1299.0,0,10
2026-01-05,BLAZ-ARIA-OFF-44,Blazer Aria,Off White,44,1299.0,1,9
2026-01-12,BLAZ-ARIA-OFF-44,Blazer Aria,Off White,44,1299.0,2,7
2026-01-19,BLAZ-ARIA-OFF-44,Blazer Aria,Off White,44,1299.0,1,6
2026-01-26,BLAZ-ARIA-OFF-44,Blazer Aria,Off White,44,1299.0,1,5
2026-02-02,BLAZ-ARIA-OFF-44,Blazer Aria,Off White,44,1299.0,2,3
2026-02-09,BLAZ-ARIA-OFF-44,Blazer Aria,Off White,44,1299.0,2,1
2026-02-16,BLAZ-ARIA-OFF-44,Blazer Aria,Off White,44,1299.0,1,0
2026-02-23,BLAZ-ARIA-OFF-44,Blazer Aria,Off White,44,1299.0,2,0
2026-03-02,BLAZ-ARIA-OFF-44,Blazer Aria,Off White,44,1299.0,2,0
2026-03-09,BLAZ-ARIA-OFF-44,Blazer Aria,Off White,44,1299.0,3,0
2026-03-16,BLAZ-ARIA-OFF-44,Blazer Aria,Off White,44,1299.0,0,26
2026-03-23,BLAZ-ARIA-OFF-44,Blazer Aria,Off White,44,1299.0,1,25
2026-03-30,BLAZ-ARIA-OFF-44,Blazer Aria,Off White,44,1299.0,0,25
2026-04-06,BLAZ-ARIA-OFF-44,Blazer Aria,Off White,44,1299.0,1,24
2026-04-13,BLAZ-ARIA-OFF-44,Blazer Aria,Off White,44,1299.0,0,24
2026-04-20,BLAZ-ARIA-OFF-44,Blazer Aria,Off White,44,1299.0,0,24
2026-04-27,BLAZ-ARIA-OFF-44,Blazer Aria,Off White,44,1299.0,0,24
2026-05-04,BLAZ-ARIA-OFF-44,Blazer Aria,Off White,44,1299.0,0,24
2026-05-11,BLAZ-ARIA-OFF-44,Blazer Aria,Off White,44,1299.0,0,24
2026-05-18,BLAZ-ARIA-OFF-44,Blazer Aria,Off White,44,1299.0,0,24
2026-05-25,BLAZ-ARIA-OFF-44,Blazer Aria,Off White,44,1299.0,1,23
2026-06-01,BLAZ-ARIA-OFF-44,Blazer Aria,Off White,44,1299.0,3,20
2026-06-08,BLAZ-ARIA-OFF-44,Blazer Aria,Off White,44,1299.0,1,19
2026-06-15,BLAZ-ARIA-OFF-44,Blazer Aria,Off White,44,1299.0,0,19
2026-06-22,BLAZ-ARIA-OFF-44,Blazer Aria,Off White,44,1299.0,0,19
2026-06-29,BLAZ-ARIA-OFF-44,Blazer Aria,Off White,44,1299.0,2,17
2026-07-06,BLAZ-ARIA-OFF-44,Blazer Aria,Off White,44,1299.0,0,17
2026-07-13,BLAZ-ARIA-OFF-44,Blazer Aria,Off White,44,1299.0,2,15
2026-07-20,BLAZ-ARIA-OFF-44,Blazer Aria,Off White,44,1299.0,2,13
2026-07-27,BLAZ-ARIA-OFF-44,Blazer Aria,Off White,44,1299.0,1,12
2026-08-03,BLAZ-ARIA-OFF-44,Blazer Aria,Off White,44,1299.0,2,10
2026-08-10,BLAZ-ARIA-OFF-44,Blazer Aria,Off White,44,1299.0,3,25
2026-08-17,BLAZ-ARIA-OFF-44,Blazer Aria,Off White,44,1299.0,1,24
2026-08-24,BLAZ-ARIA-OFF-44,Blazer Aria,Off White,44,1299.0,2,22
2025-09-01,BLAZ-ARIA-AZU-34,Blazer Aria,Azul,34,1299.0,1,56
2025-09-08,BLAZ-ARIA-AZU-34,Blazer Aria,Azul,34,1299.0,1,55
2025-09-15,BLAZ-ARIA-AZU-34,Blazer Aria,Azul,34,1299.0,4,51
2025-09-22,BLAZ-ARIA-AZU-34,Blazer Aria,Azul,34,1299.0,4,47
2025-09-29,BLAZ-ARIA-AZU-34,Blazer Aria,Azul,34,1299.0,1,46
2025-10-06,BLAZ-ARIA-AZU-34,Blazer Aria,Azul,34,1299.0,0,46
2025-10-13,BLAZ-ARIA-AZU-34,Blazer Aria,Azul,34,1299.0,2,44
2025-10-20,BLAZ-ARIA-AZU-34,Blazer Aria,Azul,34,1299.0,3,41
2025-10-27,BLAZ-ARIA-AZU-34,Blazer Aria,Azul,34,1299.0,6,35
2025-11-03,BLAZ-ARIA-AZU-34,Blazer Aria,Azul,34,1299.0,3,32
2025-11-10,BLAZ-ARIA-AZU-34,Blazer Aria,Azul,34,1299.0,3,29
2025-11-17,BLAZ-ARIA-AZU-34,Blazer Aria,Azul,34,1299.0,2,27
2025-11-24,BLAZ-ARIA-AZU-34,Blazer Aria,Azul,34,1299.0,7,20
2025-12-01,BLAZ-ARIA-AZU-34,Blazer Aria,Azul,34,1299.0,3,17
2025-12-08,BLAZ-ARIA-AZU-34,Blazer Aria,Azul,34,1299.0,1,16
2025-12-15,BLAZ-ARIA-AZU-34,Blazer Aria,Azul,34,1299.0,1,15
2025-12-22,BLAZ-ARIA-AZU-34,Blazer Aria,Azul,34,1299.0,5,10
2025-12-29,BLAZ-ARIA-AZU-34,Blazer Aria,Azul,34,1299.0,2,8
2026-01-05,BLAZ-ARIA-AZU-34,Blazer Aria,Azul,34,1299.0,4,33
2026-01-12,BLAZ-ARIA-AZU-34,Blazer Aria,Azul,34,1299.0,4,29
2026-01-19,BLAZ-ARIA-AZU-34,Blazer Aria,Azul,34,1299.0,1,28
2026-01-26,BLAZ-ARIA-AZU-34,Blazer Aria,Azul,34,1299.0,4,24
2026-02-02,BLAZ-ARIA-AZU-34,Blazer Aria,Azul,34,1299.0,3,21
2026-02-09,BLAZ-ARIA-AZU-34,Blazer Aria,Azul,34,1299.0,2,19
2026-02-16,BLAZ-ARIA-AZU-34,Blazer Aria,Azul,34,1299.0,6,13
2026-02-23,BLAZ-ARIA-AZU-34,Blazer Aria,Azul,34,1299.0,4,9
2026-03-02,BLAZ-ARIA-AZU-34,Blazer Aria,Azul,34,1299.0,1,8
2026-03-09,BLAZ-ARIA-AZU-34,Blazer Aria,Azul,34,1299.0,3,5
2026-03-16,BLAZ-ARIA-AZU-34,Blazer Aria,Azul,34,1299.0,1,4
2026-03-23,BLAZ-ARIA-AZU-34,Blazer Aria,Azul,34,1299.0,3,1
2026-03-30,BLAZ-ARIA-AZU-34,Blazer Aria,Azul,34,1299.0,2,0
2026-04-06,BLAZ-ARIA-AZU-34,Blazer Aria,Azul,34,1299.0,4,0
2026-04-13,BLAZ-ARIA-AZU-34,Blazer Aria,Azul,34,1299.0,1,0
2026-04-20,BLAZ-ARIA-AZU-34,Blazer Aria,Azul,34,1299.0,1,0
2026-04-27,BLAZ-ARIA-AZU-34,Blazer Aria,Azul,34,1299.0,1,24
2026-05-04,BLAZ-ARIA-AZU-34,Blazer Aria,Azul,34,1299.0,2,22
2026-05-11,BLAZ-ARIA-AZU-34,Blazer Aria,Azul,34,1299.0,0,22
2026-05-18,BLAZ-ARIA-AZU-34,Blazer Aria,Azul,34,1299.0,1,21
2026-05-25,BLAZ-ARIA-AZU-34,Blazer Aria,Azul,34,1299.0,2,19
2026-06-01,BLAZ-ARIA-AZU-34,Blazer Aria,Azul,34,1299.0,4,15
2026-06-08,BLAZ-ARIA-AZU-34,Blazer Aria,Azul,34,1299.0,2,13
2026-06-15,BLAZ-ARIA-AZU-34,Blazer Aria,Azul,34,1299.0,0,13
2026-06-22,BLAZ-ARIA-AZU-34,Blazer Aria,Azul,34,1299.0,2,11
2026-06-29,BLAZ-ARIA-AZU-34,Blazer Aria,Azul,34,1299.0,1,10
2026-07-06,BLAZ-ARIA-AZU-34,Blazer Aria,Azul,34,1299.0,1,9
2026-07-13,BLAZ-ARIA-AZU-34,Blazer Aria,Azul,34,1299.0,1,8
2026-07-20,BLAZ-ARIA-AZU-34,Blazer Aria,Azul,34,1299.0,1,7
2026-07-27,BLAZ-ARIA-AZU-34,Blazer Aria,Azul,34,1299.0,1,6
2026-08-03,BLAZ-ARIA-AZU-34,Blazer Aria,Azul,34,1299.0,2,4
2026-08-10,BLAZ-ARIA-AZU-34,Blazer Aria,Azul,34,1299.0,0,4
2026-08-17,BLAZ-ARIA-AZU-34,Blazer Aria,Azul,34,1299.0,3,31
2026-08-24,BLAZ-ARIA-AZU-34,Blazer Aria,Azul,34,1299.0,2,29
2025-09-01,BLAZ-ARIA-AZU-36,Blazer Aria,Azul,36,1299.0,2,17
2025-09-08,BLAZ-ARIA-AZU-36,Blazer Aria,Azul,36,1299.0,2,15
2025-09-15,BLAZ-ARIA-AZU-36,Blazer Aria,Azul,36,1299.0,2,13
2025-09-22,BLAZ-ARIA-AZU-36,Blazer Aria,Azul,36,1299.0,3,10
2025-09-29,BLAZ-ARIA-AZU-36,Blazer Aria,Azul,36,1299.0,0,10
2025-10-06,BLAZ-ARIA-AZU-36,Blazer Aria,Azul,36,1299.0,2,8
2025-10-13,BLAZ-ARIA-AZU-36,Blazer Aria,Azul,36,1299.0,1,7
2025-10-20,BLAZ-ARIA-AZU-36,Blazer Aria,Azul,36,1299.0,2,5
2025-10-27,BLAZ-ARIA-AZU-36,Blazer Aria,Azul,36,1299.0,4,1
2025-11-03,BLAZ-ARIA-AZU-36,Blazer Aria,Azul,36,1299.0,2,34
2025-11-10,BLAZ-ARIA-AZU-36,Blazer Aria,Azul,36,1299.0,1,33
2025-11-17,BLAZ-ARIA-AZU-36,Blazer Aria,Azul,36,1299.0,3,30
2025-11-24,BLAZ-ARIA-AZU-36,Blazer Aria,Azul,36,1299.0,4,26
2025-12-01,BLAZ-ARIA-AZU-36,Blazer Aria,Azul,36,1299.0,3,23
2025-12-08,BLAZ-ARIA-AZU-36,Blazer Aria,Azul,36,1299.0,2,21
2025-12-15,BLAZ-ARIA-AZU-36,Blazer Aria,Azul,36,1299.0,2,19
2025-12-22,BLAZ-ARIA-AZU-36,Blazer Aria,Azul,36,1299.0,1,18
2025-12-29,BLAZ-ARIA-AZU-36,Blazer Aria,Azul,36,1299.0,6,12
2026-01-05,BLAZ-ARIA-AZU-36,Blazer Aria,Azul,36,1299.0,5,37
2026-01-12,BLAZ-ARIA-AZU-36,Blazer Aria,Azul,36,1299.0,5,32
2026-01-19,BLAZ-ARIA-AZU-36,Blazer Aria,Azul,36,1299.0,1,31
2026-01-26,BLAZ-ARIA-AZU-36,Blazer Aria,Azul,36,1299.0,1,30
2026-02-02,BLAZ-ARIA-AZU-36,Blazer Aria,Azul,36,1299.0,4,26
2026-02-09,BLAZ-ARIA-AZU-36,Blazer Aria,Azul,36,1299.0,4,22
2026-02-16,BLAZ-ARIA-AZU-36,Blazer Aria,Azul,36,1299.0,4,18
2026-02-23,BLAZ-ARIA-AZU-36,Blazer Aria,Azul,36,1299.0,0,18
2026-03-02,BLAZ-ARIA-AZU-36,Blazer Aria,Azul,36,1299.0,4,14
2026-03-09,BLAZ-ARIA-AZU-36,Blazer Aria,Azul,36,1299.0,1,13
2026-03-16,BLAZ-ARIA-AZU-36,Blazer Aria,Azul,36,1299.0,2,11
2026-03-23,BLAZ-ARIA-AZU-36,Blazer Aria,Azul,36,1299.0,5,6
2026-03-30,BLAZ-ARIA-AZU-36,Blazer Aria,Azul,36,1299.0,1,29
2026-04-06,BLAZ-ARIA-AZU-36,Blazer Aria,Azul,36,1299.0,3,26
2026-04-13,BLAZ-ARIA-AZU-36,Blazer Aria,Azul,36,1299.0,2,24
2026-04-20,BLAZ-ARIA-AZU-36,Blazer Aria,Azul,36,1299.0,2,22
2026-04-27,BLAZ-ARIA-AZU-36,Blazer Aria,Azul,36,1299.0,5,17
2026-05-04,BLAZ-ARIA-AZU-36,Blazer Aria,Azul,36,1299.0,0,17
2026-05-11,BLAZ-ARIA-AZU-36,Blazer Aria,Azul,36,1299.0,3,14
2026-05-18,BLAZ-ARIA-AZU-36,Blazer Aria,Azul,36,1299.0,1,13
2026-05-25,BLAZ-ARIA-AZU-36,Blazer Aria,Azul,36,1299.0,0,13
2026-06-01,BLAZ-ARIA-AZU-36,Blazer Aria,Azul,36,1299.0,0,13
2026-06-08,BLAZ-ARIA-AZU-36,Blazer Aria,Azul,36,1299.0,3,10
2026-06-15,BLAZ-ARIA-AZU-36,Blazer Aria,Azul,36,1299.0,1,9
2026-06-22,BLAZ-ARIA-AZU-36,Blazer Aria,Azul,36,1299.0,2,7
2026-06-29,BLAZ-ARIA-AZU-36,Blazer Aria,Azul,36,1299.0,0,22
2026-07-06,BLAZ-ARIA-AZU-36,Blazer Aria,Azul,36,1299.0,4,18
2026-07-13,BLAZ-ARIA-AZU-36,Blazer Aria,Azul,36,1299.0,1,17
2026-07-20,BLAZ-ARIA-AZU-36,Blazer Aria,Azul,36,1299.0,2,15
2026-07-27,BLAZ-ARIA-AZU-36,Blazer Aria,Azul,36,1299.0,1,14
2026-08-03,BLAZ-ARIA-AZU-36,Blazer Aria,Azul,36,1299.0,0,14
2026-08-10,BLAZ-ARIA-AZU-36,Blazer Aria,Azul,36,1299.0,5,9
2026-08-17,BLAZ-ARIA-AZU-36,Blazer Aria,Azul,36,1299.0,4,32
2026-08-24,BLAZ-ARIA-AZU-36,Blazer Aria,Azul,36,1299.0,1,31
2025-09-01,BLAZ-ARIA-AZU-38,Blazer Aria,Azul,38,1299.0,2,30
2025-09-08,BLAZ-ARIA-AZU-38,Blazer Aria,Azul,38,1299.0,6,24
2025-09-15,BLAZ-ARIA-AZU-38,Blazer Aria,Azul,38,1299.0,6,18
2025-09-22,BLAZ-ARIA-AZU-38,Blazer Aria,Azul,38,1299.0,3,15
2025-09-29,BLAZ-ARIA-AZU-38,Blazer Aria,Azul,38,1299.0,5,10
2025-10-06,BLAZ-ARIA-AZU-38,Blazer Aria,Azul,38,1299.0,15,0
2025-10-13,BLAZ-ARIA-AZU-38,Blazer Aria,Azul,38,1299.0,8,32
2025-10-20,BLAZ-ARIA-AZU-38,Blazer Aria,Azul,38,1299.0,8,24
2025-10-27,BLAZ-ARIA-AZU-38,Blazer Aria,Azul,38,1299.0,7,17
2025-11-03,BLAZ-ARIA-AZU-38,Blazer Aria,Azul,38,1299.0,1,16
2025-11-10,BLAZ-ARIA-AZU-38,Blazer Aria,Azul,38,1299.0,11,28
2025-11-17,BLAZ-ARIA-AZU-38,Blazer Aria,Azul,38,1299.0,9,19
2025-11-24,BLAZ-ARIA-AZU-38,Blazer Aria,Azul,38,1299.0,5,14
2025-12-01,BLAZ-ARIA-AZU-38,Blazer Aria,Azul,38,1299.0,5,9
2025-12-08,BLAZ-ARIA-AZU-38,Blazer Aria,Azul,38,1299.0,7,2
2025-12-15,BLAZ-ARIA-AZU-38,Blazer Aria,Azul,38,1299.0,6,0
2025-12-22,BLAZ-ARIA-AZU-38,Blazer Aria,Azul,38,1299.0,9,0
2025-12-29,BLAZ-ARIA-AZU-38,Blazer Aria,Azul,38,1299.0,7,0
2026-01-05,BLAZ-ARIA-AZU-38,Blazer Aria,Azul,38,1299.0,5,34
2026-01-12,BLAZ-ARIA-AZU-38,Blazer Aria,Azul,38,1299.0,3,31
2026-01-19,BLAZ-ARIA-AZU-38,Blazer Aria,Azul,38,1299.0,11,20
2026-01-26,BLAZ-ARIA-AZU-38,Blazer Aria,Azul,38,1299.0,6,14
2026-02-02,BLAZ-ARIA-AZU-38,Blazer Aria,Azul,38,1299.0,3,11
2026-02-09,BLAZ-ARIA-AZU-38,Blazer Aria,Azul,38,1299.0,5,25
2026-02-16,BLAZ-ARIA-AZU-38,Blazer Aria,Azul,38,1299.0,1,24
2026-02-23,BLAZ-ARIA-AZU-38,Blazer Aria,Azul,38,1299.0,2,22
2026-03-02,BLAZ-ARIA-AZU-38,Blazer Aria,Azul,38,1299.0,2,20
2026-03-09,BLAZ-ARIA-AZU-38,Blazer Aria,Azul,38,1299.0,7,13
2026-03-16,BLAZ-ARIA-AZU-38,Blazer Aria,Azul,38,1299.0,4,9
2026-03-23,BLAZ-ARIA-AZU-38,Blazer Aria,Azul,38,1299.0,5,4
2026-03-30,BLAZ-ARIA-AZU-38,Blazer Aria,Azul,38,1299.0,4,32
2026-04-06,BLAZ-ARIA-AZU-38,Blazer Aria,Azul,38,1299.0,4,28
2026-04-13,BLAZ-ARIA-AZU-38,Blazer Aria,Azul,38,1299.0,7,21
2026-04-20,BLAZ-ARIA-AZU-38,Blazer Aria,Azul,38,1299.0,0,21
2026-04-27,BLAZ-ARIA-AZU-38,Blazer Aria,Azul,38,1299.0,4,17
2026-05-04,BLAZ-ARIA-AZU-38,Blazer Aria,Azul,38,1299.0,1,16
2026-05-11,BLAZ-ARIA-AZU-38,Blazer Aria,Azul,38,1299.0,1,15
2026-05-18,BLAZ-ARIA-AZU-38,Blazer Aria,Azul,38,1299.0,1,14
2026-05-25,BLAZ-ARIA-AZU-38,Blazer Aria,Azul,38,1299.0,5,9
2026-06-01,BLAZ-ARIA-AZU-38,Blazer Aria,Azul,38,1299.0,3,6
2026-06-08,BLAZ-ARIA-AZU-38,Blazer Aria,Azul,38,1299.0,2,22
2026-06-15,BLAZ-ARIA-AZU-38,Blazer Aria,Azul,38,1299.0,1,21
2026-06-22,BLAZ-ARIA-AZU-38,Blazer Aria,Azul,38,1299.0,5,16
2026-06-29,BLAZ-ARIA-AZU-38,Blazer Aria,Azul,38,1299.0,5,11
2026-07-06,BLAZ-ARIA-AZU-38,Blazer Aria,Azul,38,1299.0,3,8
2026-07-13,BLAZ-ARIA-AZU-38,Blazer Aria,Azul,38,1299.0,1,7
2026-07-20,BLAZ-ARIA-AZU-38,Blazer Aria,Azul,38,1299.0,1,27
2026-07-27,BLAZ-ARIA-AZU-38,Blazer Aria,Azul,38,1299.0,3,24
2026-08-03,BLAZ-ARIA-AZU-38,Blazer Aria,Azul,38,1299.0,2,22
2026-08-10,BLAZ-ARIA-AZU-38,Blazer Aria,Azul,38,1299.0,4,18
2026-08-17,BLAZ-ARIA-AZU-38,Blazer Aria,Azul,38,1299.0,5,13
2026-08-24,BLAZ-ARIA-AZU-38,Blazer Aria,Azul,38,1299.0,4,9
2025-09-01,BLAZ-ARIA-AZU-40,Blazer Aria,Azul,40,1299.0,6,40
2025-09-08,BLAZ-ARIA-AZU-40,Blazer Aria,Azul,40,1299.0,3,37
2025-09-15,BLAZ-ARIA-AZU-40,Blazer Aria,Azul,40,1299.0,3,34
2025-09-22,BLAZ-ARIA-AZU-40,Blazer Aria,Azul,40,1299.0,14,20
2025-09-29,BLAZ-ARIA-AZU-40,Blazer Aria,Azul,40,1299.0,12,8
2025-10-06,BLAZ-ARIA-AZU-40,Blazer Aria,Azul,40,1299.0,13,0
2025-10-13,BLAZ-ARIA-AZU-40,Blazer Aria,Azul,40,1299.0,9,0
2025-10-20,BLAZ-ARIA-AZU-40,Blazer Aria,Azul,40,1299.0,9,0
2025-10-27,BLAZ-ARIA-AZU-40,Blazer Aria,Azul,40,1299.0,12,0
2025-11-03,BLAZ-ARIA-AZU-40,Blazer Aria,Azul,40,1299.0,4,0
2025-11-10,BLAZ-ARIA-AZU-40,Blazer Aria,Azul,40,1299.0,8,0
2025-11-17,BLAZ-ARIA-AZU-40,Blazer Aria,Azul,40,1299.0,6,0
2025-11-24,BLAZ-ARIA-AZU-40,Blazer Aria,Azul,40,1299.0,7,0
2025-12-01,BLAZ-ARIA-AZU-40,Blazer Aria,Azul,40,1299.0,8,0
2025-12-08,BLAZ-ARIA-AZU-40,Blazer Aria,Azul,40,1299.0,8,0
2025-12-15,BLAZ-ARIA-AZU-40,Blazer Aria,Azul,40,1299.0,7,0
2025-12-22,BLAZ-ARIA-AZU-40,Blazer Aria,Azul,40,1299.0,9,0
2025-12-29,BLAZ-ARIA-AZU-40,Blazer Aria,Azul,40,1299.0,6,27
2026-01-05,BLAZ-ARIA-AZU-40,Blazer Aria,Azul,40,1299.0,6,21
2026-01-12,BLAZ-ARIA-AZU-40,Blazer Aria,Azul,40,1299.0,4,17
2026-01-19,BLAZ-ARIA-AZU-40,Blazer Aria,Azul,40,1299.0,9,8
2026-01-26,BLAZ-ARIA-AZU-40,Blazer Aria,Azul,40,1299.0,7,1
2026-02-02,BLAZ-ARIA-AZU-40,Blazer Aria,Azul,40,1299.0,12,0
2026-02-09,BLAZ-ARIA-AZU-40,Blazer Aria,Azul,40,1299.0,6,0
2026-02-16,BLAZ-ARIA-AZU-40,Blazer Aria,Azul,40,1299.0,6,0
2026-02-23,BLAZ-ARIA-AZU-40,Blazer Aria,Azul,40,1299.0,4,0
2026-03-02,BLAZ-ARIA-AZU-40,Blazer Aria,Azul,40,1299.0,5,0
2026-03-09,BLAZ-ARIA-AZU-40,Blazer Aria,Azul,40,1299.0,4,28
2026-03-16,BLAZ-ARIA-AZU-40,Blazer Aria,Azul,40,1299.0,5,23
2026-03-23,BLAZ-ARIA-AZU-40,Blazer Aria,Azul,40,1299.0,5,18
2026-03-30,BLAZ-ARIA-AZU-40,Blazer Aria,Azul,40,1299.0,2,16
2026-04-06,BLAZ-ARIA-AZU-40,Blazer Aria,Azul,40,1299.0,4,12
2026-04-13,BLAZ-ARIA-AZU-40,Blazer Aria,Azul,40,1299.0,6,6
2026-04-20,BLAZ-ARIA-AZU-40,Blazer Aria,Azul,40,1299.0,5,1
2026-04-27,BLAZ-ARIA-AZU-40,Blazer Aria,Azul,40,1299.0,4,0
2026-05-04,BLAZ-ARIA-AZU-40,Blazer Aria,Azul,40,1299.0,6,0
2026-05-11,BLAZ-ARIA-AZU-40,Blazer Aria,Azul,40,1299.0,3,24
2026-05-18,BLAZ-ARIA-AZU-40,Blazer Aria,Azul,40,1299.0,2,22
2026-05-25,BLAZ-ARIA-AZU-40,Blazer Aria,Azul,40,1299.0,2,20
2026-06-01,BLAZ-ARIA-AZU-40,Blazer Aria,Azul,40,1299.0,2,18
2026-06-08,BLAZ-ARIA-AZU-40,Blazer Aria,Azul,40,1299.0,2,16
2026-06-15,BLAZ-ARIA-AZU-40,Blazer Aria,Azul,40,1299.0,4,12
2026-06-22,BLAZ-ARIA-AZU-40,Blazer Aria,Azul,40,1299.0,4,8
2026-06-29,BLAZ-ARIA-AZU-40,Blazer Aria,Azul,40,1299.0,5,3
2026-07-06,BLAZ-ARIA-AZU-40,Blazer Aria,Azul,40,1299.0,2,1
2026-07-13,BLAZ-ARIA-AZU-40,Blazer Aria,Azul,40,1299.0,10,0
2026-07-20,BLAZ-ARIA-AZU-40,Blazer Aria,Azul,40,1299.0,5,0
2026-07-27,BLAZ-ARIA-AZU-40,Blazer Aria,Azul,40,1299.0,9,25
2026-08-03,BLAZ-ARIA-AZU-40,Blazer Aria,Azul,40,1299.0,7,18
2026-08-10,BLAZ-ARIA-AZU-40,Blazer Aria,Azul,40,1299.0,1,17
2026-08-17,BLAZ-ARIA-AZU-40,Blazer Aria,Azul,40,1299.0,6,11
2026-08-24,BLAZ-ARIA-AZU-40,Blazer Aria,Azul,40,1299.0,8,3
2025-09-01,BLAZ-ARIA-AZU-42,Blazer Aria,Azul,42,1299.0,8,28
2025-09-08,BLAZ-ARIA-AZU-42,Blazer Aria,Azul,42,1299.0,10,18
2025-09-15,BLAZ-ARIA-AZU-42,Blazer Aria,Azul,42,1299.0,4,14
2025-09-22,BLAZ-ARIA-AZU-42,Blazer Aria,Azul,42,1299.0,8,35
2025-09-29,BLAZ-ARIA-AZU-42,Blazer Aria,Azul,42,1299.0,9,26
2025-10-06,BLAZ-ARIA-AZU-42,Blazer Aria,Azul,42,1299.0,6,20
2025-10-13,BLAZ-ARIA-AZU-42,Blazer Aria,Azul,42,1299.0,4,16
2025-10-20,BLAZ-ARIA-AZU-42,Blazer Aria,Azul,42,1299.0,10,38
2025-10-27,BLAZ-ARIA-AZU-42,Blazer Aria,Azul,42,1299.0,2,36
2025-11-03,BLAZ-ARIA-AZU-42,Blazer Aria,Azul,42,1299.0,6,30
2025-11-10,BLAZ-ARIA-AZU-42,Blazer Aria,Azul,42,1299.0,7,23
2025-11-17,BLAZ-ARIA-AZU-42,Blazer Aria,Azul,42,1299.0,7,16
2025-11-24,BLAZ-ARIA-AZU-42,Blazer Aria,Azul,42,1299.0,10,6
2025-12-01,BLAZ-ARIA-AZU-42,Blazer Aria,Azul,42,1299.0,8,0
2025-12-08,BLAZ-ARIA-AZU-42,Blazer Aria,Azul,42,1299.0,6,0
2025-12-15,BLAZ-ARIA-AZU-42,Blazer Aria,Azul,42,1299.0,3,0
2025-12-22,BLAZ-ARIA-AZU-42,Blazer Aria,Azul,42,1299.0,9,0
2025-12-29,BLAZ-ARIA-AZU-42,Blazer Aria,Azul,42,1299.0,12,0
2026-01-05,BLAZ-ARIA-AZU-42,Blazer Aria,Azul,42,1299.0,5,26
2026-01-12,BLAZ-ARIA-AZU-42,Blazer Aria,Azul,42,1299.0,7,19
2026-01-19,BLAZ-ARIA-AZU-42,Blazer Aria,Azul,42,1299.0,9,10
2026-01-26,BLAZ-ARIA-AZU-42,Blazer Aria,Azul,42,1299.0,5,31
2026-02-02,BLAZ-ARIA-AZU-42,Blazer Aria,Azul,42,1299.0,7,24
2026-02-09,BLAZ-ARIA-AZU-42,Blazer Aria,Azul,42,1299.0,6,18
2026-02-16,BLAZ-ARIA-AZU-42,Blazer Aria,Azul,42,1299.0,6,12
2026-02-23,BLAZ-ARIA-AZU-42,Blazer Aria,Azul,42,1299.0,7,5
2026-03-02,BLAZ-ARIA-AZU-42,Blazer Aria,Azul,42,1299.0,5,26
2026-03-09,BLAZ-ARIA-AZU-42,Blazer Aria,Azul,42,1299.0,4,22
2026-03-16,BLAZ-ARIA-AZU-42,Blazer Aria,Azul,42,1299.0,3,19
2026-03-23,BLAZ-ARIA-AZU-42,Blazer Aria,Azul,42,1299.0,3,16
2026-03-30,BLAZ-ARIA-AZU-42,Blazer Aria,Azul,42,1299.0,3,13
2026-04-06,BLAZ-ARIA-AZU-42,Blazer Aria,Azul,42,1299.0,3,10
2026-04-13,BLAZ-ARIA-AZU-42,Blazer Aria,Azul,42,1299.0,4,6
2026-04-20,BLAZ-ARIA-AZU-42,Blazer Aria,Azul,42,1299.0,3,17
2026-04-27,BLAZ-ARIA-AZU-42,Blazer Aria,Azul,42,1299.0,3,14
2026-05-04,BLAZ-ARIA-AZU-42,Blazer Aria,Azul,42,1299.0,2,12
2026-05-11,BLAZ-ARIA-AZU-42,Blazer Aria,Azul,42,1299.0,2,10
2026-05-18,BLAZ-ARIA-AZU-42,Blazer Aria,Azul,42,1299.0,2,8
2026-05-25,BLAZ-ARIA-AZU-42,Blazer Aria,Azul,42,1299.0,1,7
2026-06-01,BLAZ-ARIA-AZU-42,Blazer Aria,Azul,42,1299.0,5,2
2026-06-08,BLAZ-ARIA-AZU-42,Blazer Aria,Azul,42,1299.0,10,0
2026-06-15,BLAZ-ARIA-AZU-42,Blazer Aria,Azul,42,1299.0,3,19
2026-06-22,BLAZ-ARIA-AZU-42,Blazer Aria,Azul,42,1299.0,8,11
2026-06-29,BLAZ-ARIA-AZU-42,Blazer Aria,Azul,42,1299.0,4,7
2026-07-06,BLAZ-ARIA-AZU-42,Blazer Aria,Azul,42,1299.0,3,4
2026-07-13,BLAZ-ARIA-AZU-42,Blazer Aria,Azul,42,1299.0,2,19
2026-07-20,BLAZ-ARIA-AZU-42,Blazer Aria,Azul,42,1299.0,3,16
2026-07-27,BLAZ-ARIA-AZU-42,Blazer Aria,Azul,42,1299.0,6,10
2026-08-03,BLAZ-ARIA-AZU-42,Blazer Aria,Azul,42,1299.0,5,5
2026-08-10,BLAZ-ARIA-AZU-42,Blazer Aria,Azul,42,1299.0,5,0
2026-08-17,BLAZ-ARIA-AZU-42,Blazer Aria,Azul,42,1299.0,3,0
2026-08-24,BLAZ-ARIA-AZU-42,Blazer Aria,Azul,42,1299.0,5,0
2025-09-01,BLAZ-ARIA-AZU-44,Blazer Aria,Azul,44,1299.0,8,14
2025-09-08,BLAZ-ARIA-AZU-44,Blazer Aria,Azul,44,1299.0,3,11
2025-09-15,BLAZ-ARIA-AZU-44,Blazer Aria,Azul,44,1299.0,4,7
2025-09-22,BLAZ-ARIA-AZU-44,Blazer Aria,Azul,44,1299.0,6,14
2025-09-29,BLAZ-ARIA-AZU-44,Blazer Aria,Azul,44,1299.0,5,9
2025-10-06,BLAZ-ARIA-AZU-44,Blazer Aria,Azul,44,1299.0,7,35
2025-10-13,BLAZ-ARIA-AZU-44,Blazer Aria,Azul,44,1299.0,4,31
2025-10-20,BLAZ-ARIA-AZU-44,Blazer Aria,Azul,44,1299.0,2,29
2025-10-27,BLAZ-ARIA-AZU-44,Blazer Aria,Azul,44,1299.0,2,27
2025-11-03,BLAZ-ARIA-AZU-44,Blazer Aria,Azul,44,1299.0,5,22
2025-11-10,BLAZ-ARIA-AZU-44,Blazer Aria,Azul,44,1299.0,5,17
2025-11-17,BLAZ-ARIA-AZU-44,Blazer Aria,Azul,44,1299.0,7,10
2025-11-24,BLAZ-ARIA-AZU-44,Blazer Aria,Azul,44,1299.0,4,6
2025-12-01,BLAZ-ARIA-AZU-44,Blazer Aria,Azul,44,1299.0,1,5
2025-12-08,BLAZ-ARIA-AZU-44,Blazer Aria,Azul,44,1299.0,7,0
2025-12-15,BLAZ-ARIA-AZU-44,Blazer Aria,Azul,44,1299.0,5,13
2025-12-22,BLAZ-ARIA-AZU-44,Blazer Aria,Azul,44,1299.0,6,32
2025-12-29,BLAZ-ARIA-AZU-44,Blazer Aria,Azul,44,1299.0,3,29
2026-01-05,BLAZ-ARIA-AZU-44,Blazer Aria,Azul,44,1299.0,3,26
2026-01-12,BLAZ-ARIA-AZU-44,Blazer Aria,Azul,44,1299.0,6,20
2026-01-19,BLAZ-ARIA-AZU-44,Blazer Aria,Azul,44,1299.0,7,13
2026-01-26,BLAZ-ARIA-AZU-44,Blazer Aria,Azul,44,1299.0,6,27
2026-02-02,BLAZ-ARIA-AZU-44,Blazer Aria,Azul,44,1299.0,2,25
2026-02-09,BLAZ-ARIA-AZU-44,Blazer Aria,Azul,44,1299.0,6,19
2026-02-16,BLAZ-ARIA-AZU-44,Blazer Aria,Azul,44,1299.0,5,14
2026-02-23,BLAZ-ARIA-AZU-44,Blazer Aria,Azul,44,1299.0,5,9
2026-03-02,BLAZ-ARIA-AZU-44,Blazer Aria,Azul,44,1299.0,3,6
2026-03-09,BLAZ-ARIA-AZU-44,Blazer Aria,Azul,44,1299.0,6,0
2026-03-16,BLAZ-ARIA-AZU-44,Blazer Aria,Azul,44,1299.0,4,17
2026-03-23,BLAZ-ARIA-AZU-44,Blazer Aria,Azul,44,1299.0,4,13
2026-03-30,BLAZ-ARIA-AZU-44,Blazer Aria,Azul,44,1299.0,1,12
2026-04-06,BLAZ-ARIA-AZU-44,Blazer Aria,Azul,44,1299.0,2,10
2026-04-13,BLAZ-ARIA-AZU-44,Blazer Aria,Azul,44,1299.0,4,31
2026-04-20,BLAZ-ARIA-AZU-44,Blazer Aria,Azul,44,1299.0,2,29
2026-04-27,BLAZ-ARIA-AZU-44,Blazer Aria,Azul,44,1299.0,1,28
2026-05-04,BLAZ-ARIA-AZU-44,Blazer Aria,Azul,44,1299.0,1,27
2026-05-11,BLAZ-ARIA-AZU-44,Blazer Aria,Azul,44,1299.0,0,27
2026-05-18,BLAZ-ARIA-AZU-44,Blazer Aria,Azul,44,1299.0,4,23
2026-05-25,BLAZ-ARIA-AZU-44,Blazer Aria,Azul,44,1299.0,7,16
2026-06-01,BLAZ-ARIA-AZU-44,Blazer Aria,Azul,44,1299.0,0,16
2026-06-08,BLAZ-ARIA-AZU-44,Blazer Aria,Azul,44,1299.0,1,15
2026-06-15,BLAZ-ARIA-AZU-44,Blazer Aria,Azul,44,1299.0,2,13
2026-06-22,BLAZ-ARIA-AZU-44,Blazer Aria,Azul,44,1299.0,3,10
2026-06-29,BLAZ-ARIA-AZU-44,Blazer Aria,Azul,44,1299.0,0,10
2026-07-06,BLAZ-ARIA-AZU-44,Blazer Aria,Azul,44,1299.0,4,6
2026-07-13,BLAZ-ARIA-AZU-44,Blazer Aria,Azul,44,1299.0,3,17
2026-07-20,BLAZ-ARIA-AZU-44,Blazer Aria,Azul,44,1299.0,4,13
2026-07-27,BLAZ-ARIA-AZU-44,Blazer Aria,Azul,44,1299.0,4,9
2026-08-03,BLAZ-ARIA-AZU-44,Blazer Aria,Azul,44,1299.0,2,7
2026-08-10,BLAZ-ARIA-AZU-44,Blazer Aria,Azul,44,1299.0,3,16
2026-08-17,BLAZ-ARIA-AZU-44,Blazer Aria,Azul,44,1299.0,7,9
2026-08-24,BLAZ-ARIA-AZU-44,Blazer Aria,Azul,44,1299.0,5,4
2025-09-01,CALC-LUME-PRE-34,Calça Lume,Preto,34,899.0,2,61
2025-09-08,CALC-LUME-PRE-34,Calça Lume,Preto,34,899.0,1,60
2025-09-15,CALC-LUME-PRE-34,Calça Lume,Preto,34,899.0,0,60
2025-09-22,CALC-LUME-PRE-34,Calça Lume,Preto,34,899.0,0,60
2025-09-29,CALC-LUME-PRE-34,Calça Lume,Preto,34,899.0,1,59
2025-10-06,CALC-LUME-PRE-34,Calça Lume,Preto,34,899.0,1,58
2025-10-13,CALC-LUME-PRE-34,Calça Lume,Preto,34,899.0,1,57
2025-10-20,CALC-LUME-PRE-34,Calça Lume,Preto,34,899.0,1,56
2025-10-27,CALC-LUME-PRE-34,Calça Lume,Preto,34,899.0,1,55
2025-11-03,CALC-LUME-PRE-34,Calça Lume,Preto,34,899.0,0,55
2025-11-10,CALC-LUME-PRE-34,Calça Lume,Preto,34,899.0,2,53
2025-11-17,CALC-LUME-PRE-34,Calça Lume,Preto,34,899.0,1,52
2025-11-24,CALC-LUME-PRE-34,Calça Lume,Preto,34,899.0,0,52
2025-12-01,CALC-LUME-PRE-34,Calça Lume,Preto,34,899.0,4,48
2025-12-08,CALC-LUME-PRE-34,Calça Lume,Preto,34,899.0,0,48
2025-12-15,CALC-LUME-PRE-34,Calça Lume,Preto,34,899.0,2,46
2025-12-22,CALC-LUME-PRE-34,Calça Lume,Preto,34,899.0,2,44
2025-12-29,CALC-LUME-PRE-34,Calça Lume,Preto,34,899.0,1,43
2026-01-05,CALC-LUME-PRE-34,Calça Lume,Preto,34,899.0,1,42
2026-01-12,CALC-LUME-PRE-34,Calça Lume,Preto,34,899.0,3,39
2026-01-19,CALC-LUME-PRE-34,Calça Lume,Preto,34,899.0,1,38
2026-01-26,CALC-LUME-PRE-34,Calça Lume,Preto,34,899.0,0,38
2026-02-02,CALC-LUME-PRE-34,Calça Lume,Preto,34,899.0,2,36
2026-02-09,CALC-LUME-PRE-34,Calça Lume,Preto,34,899.0,2,34
2026-02-16,CALC-LUME-PRE-34,Calça Lume,Preto,34,899.0,2,32
2026-02-23,CALC-LUME-PRE-34,Calça Lume,Preto,34,899.0,0,32
2026-03-02,CALC-LUME-PRE-34,Calça Lume,Preto,34,899.0,2,30
2026-03-09,CALC-LUME-PRE-34,Calça Lume,Preto,34,899.0,1,29
2026-03-16,CALC-LUME-PRE-34,Calça Lume,Preto,34,899.0,1,28
2026-03-23,CALC-LUME-PRE-34,Calça Lume,Preto,34,899.0,1,27
2026-03-30,CALC-LUME-PRE-34,Calça Lume,Preto,34,899.0,4,23
2026-04-06,CALC-LUME-PRE-34,Calça Lume,Preto,34,899.0,1,22
2026-04-13,CALC-LUME-PRE-34,Calça Lume,Preto,34,899.0,1,21
2026-04-20,CALC-LUME-PRE-34,Calça Lume,Preto,34,899.0,0,21
2026-04-27,CALC-LUME-PRE-34,Calça Lume,Preto,34,899.0,1,20
2026-05-04,CALC-LUME-PRE-34,Calça Lume,Preto,34,899.0,1,19
2026-05-11,CALC-LUME-PRE-34,Calça Lume,Preto,34,899.0,1,18
2026-05-18,CALC-LUME-PRE-34,Calça Lume,Preto,34,899.0,0,18
2026-05-25,CALC-LUME-PRE-34,Calça Lume,Preto,34,899.0,1,17
2026-06-01,CALC-LUME-PRE-34,Calça Lume,Preto,34,899.0,0,17
2026-06-08,CALC-LUME-PRE-34,Calça Lume,Preto,34,899.0,2,15
2026-06-15,CALC-LUME-PRE-34,Calça Lume,Preto,34,899.0,0,15
2026-06-22,CALC-LUME-PRE-34,Calça Lume,Preto,34,899.0,0,15
2026-06-29,CALC-LUME-PRE-34,Calça Lume,Preto,34,899.0,1,14
2026-07-06,CALC-LUME-PRE-34,Calça Lume,Preto,34,899.0,1,13
2026-07-13,CALC-LUME-PRE-34,Calça Lume,Preto,34,899.0,2,11
2026-07-20,CALC-LUME-PRE-34,Calça Lume,Preto,34,899.0,2,9
2026-07-27,CALC-LUME-PRE-34,Calça Lume,Preto,34,899.0,0,9
2026-08-03,CALC-LUME-PRE-34,Calça Lume,Preto,34,899.0,2,7
2026-08-10,CALC-LUME-PRE-34,Calça Lume,Preto,34,899.0,0,31
2026-08-17,CALC-LUME-PRE-34,Calça Lume,Preto,34,899.0,1,30
2026-08-24,CALC-LUME-PRE-34,Calça Lume,Preto,34,899.0,1,29
2025-09-01,CALC-LUME-PRE-36,Calça Lume,Preto,36,899.0,1,26
2025-09-08,CALC-LUME-PRE-36,Calça Lume,Preto,36,899.0,4,22
2025-09-15,CALC-LUME-PRE-36,Calça Lume,Preto,36,899.0,1,21
2025-09-22,CALC-LUME-PRE-36,Calça Lume,Preto,36,899.0,4,17
2025-09-29,CALC-LUME-PRE-36,Calça Lume,Preto,36,899.0,2,15
2025-10-06,CALC-LUME-PRE-36,Calça Lume,Preto,36,899.0,4,11
2025-10-13,CALC-LUME-PRE-36,Calça Lume,Preto,36,899.0,4,7
2025-10-20,CALC-LUME-PRE-36,Calça Lume,Preto,36,899.0,3,21
2025-10-27,CALC-LUME-PRE-36,Calça Lume,Preto,36,899.0,5,16
2025-11-03,CALC-LUME-PRE-36,Calça Lume,Preto,36,899.0,3,13
2025-11-10,CALC-LUME-PRE-36,Calça Lume,Preto,36,899.0,3,10
2025-11-17,CALC-LUME-PRE-36,Calça Lume,Preto,36,899.0,5,5
2025-11-24,CALC-LUME-PRE-36,Calça Lume,Preto,36,899.0,3,2
2025-12-01,CALC-LUME-PRE-36,Calça Lume,Preto,36,899.0,8,33
2025-12-08,CALC-LUME-PRE-36,Calça Lume,Preto,36,899.0,3,30
2025-12-15,CALC-LUME-PRE-36,Calça Lume,Preto,36,899.0,4,26
2025-12-22,CALC-LUME-PRE-36,Calça Lume,Preto,36,899.0,6,20
2025-12-29,CALC-LUME-PRE-36,Calça Lume,Preto,36,899.0,1,19
2026-01-05,CALC-LUME-PRE-36,Calça Lume,Preto,36,899.0,8,11
2026-01-12,CALC-LUME-PRE-36,Calça Lume,Preto,36,899.0,3,8
2026-01-19,CALC-LUME-PRE-36,Calça Lume,Preto,36,899.0,7,23
2026-01-26,CALC-LUME-PRE-36,Calça Lume,Preto,36,899.0,4,19
2026-02-02,CALC-LUME-PRE-36,Calça Lume,Preto,36,899.0,2,17
2026-02-09,CALC-LUME-PRE-36,Calça Lume,Preto,36,899.0,5,12
2026-02-16,CALC-LUME-PRE-36,Calça Lume,Preto,36,899.0,4,8
2026-02-23,CALC-LUME-PRE-36,Calça Lume,Preto,36,899.0,4,4
2026-03-02,CALC-LUME-PRE-36,Calça Lume,Preto,36,899.0,6,0
2026-03-09,CALC-LUME-PRE-36,Calça Lume,Preto,36,899.0,3,0
2026-03-16,CALC-LUME-PRE-36,Calça Lume,Preto,36,899.0,2,0
2026-03-23,CALC-LUME-PRE-36,Calça Lume,Preto,36,899.0,4,0
2026-03-30,CALC-LUME-PRE-36,Calça Lume,Preto,36,899.0,4,30
2026-04-06,CALC-LUME-PRE-36,Calça Lume,Preto,36,899.0,2,28
2026-04-13,CALC-LUME-PRE-36,Calça Lume,Preto,36,899.0,1,27
2026-04-20,CALC-LUME-PRE-36,Calça Lume,Preto,36,899.0,2,25
2026-04-27,CALC-LUME-PRE-36,Calça Lume,Preto,36,899.0,3,22
2026-05-04,CALC-LUME-PRE-36,Calça Lume,Preto,36,899.0,3,19
2026-05-11,CALC-LUME-PRE-36,Calça Lume,Preto,36,899.0,3,16
2026-05-18,CALC-LUME-PRE-36,Calça Lume,Preto,36,899.0,0,16
2026-05-25,CALC-LUME-PRE-36,Calça Lume,Preto,36,899.0,2,14
2026-06-01,CALC-LUME-PRE-36,Calça Lume,Preto,36,899.0,2,12
2026-06-08,CALC-LUME-PRE-36,Calça Lume,Preto,36,899.0,2,10
2026-06-15,CALC-LUME-PRE-36,Calça Lume,Preto,36,899.0,3,38
2026-06-22,CALC-LUME-PRE-36,Calça Lume,Preto,36,899.0,1,37
2026-06-29,CALC-LUME-PRE-36,Calça Lume,Preto,36,899.0,7,30
2026-07-06,CALC-LUME-PRE-36,Calça Lume,Preto,36,899.0,4,26
2026-07-13,CALC-LUME-PRE-36,Calça Lume,Preto,36,899.0,1,25
2026-07-20,CALC-LUME-PRE-36,Calça Lume,Preto,36,899.0,3,22
2026-07-27,CALC-LUME-PRE-36,Calça Lume,Preto,36,899.0,2,20
2026-08-03,CALC-LUME-PRE-36,Calça Lume,Preto,36,899.0,4,16
2026-08-10,CALC-LUME-PRE-36,Calça Lume,Preto,36,899.0,2,14
2026-08-17,CALC-LUME-PRE-36,Calça Lume,Preto,36,899.0,2,12
2026-08-24,CALC-LUME-PRE-36,Calça Lume,Preto,36,899.0,3,9
2025-09-01,CALC-LUME-PRE-38,Calça Lume,Preto,38,899.0,3,34
2025-09-08,CALC-LUME-PRE-38,Calça Lume,Preto,38,899.0,1,33
2025-09-15,CALC-LUME-PRE-38,Calça Lume,Preto,38,899.0,3,30
2025-09-22,CALC-LUME-PRE-38,Calça Lume,Preto,38,899.0,3,27
2025-09-29,CALC-LUME-PRE-38,Calça Lume,Preto,38,899.0,2,25
2025-10-06,CALC-LUME-PRE-38,Calça Lume,Preto,38,899.0,4,21
2025-10-13,CALC-LUME-PRE-38,Calça Lume,Preto,38,899.0,4,17
2025-10-20,CALC-LUME-PRE-38,Calça Lume,Preto,38,899.0,3,14
2025-10-27,CALC-LUME-PRE-38,Calça Lume,Preto,38,899.0,0,14
2025-11-03,CALC-LUME-PRE-38,Calça Lume,Preto,38,899.0,3,11
2025-11-10,CALC-LUME-PRE-38,Calça Lume,Preto,38,899.0,1,10
2025-11-17,CALC-LUME-PRE-38,Calça Lume,Preto,38,899.0,3,7
2025-11-24,CALC-LUME-PRE-38,Calça Lume,Preto,38,899.0,3,38
2025-12-01,CALC-LUME-PRE-38,Calça Lume,Preto,38,899.0,2,36
2025-12-08,CALC-LUME-PRE-38,Calça Lume,Preto,38,899.0,4,32
2025-12-15,CALC-LUME-PRE-38,Calça Lume,Preto,38,899.0,6,26
2025-12-22,CALC-LUME-PRE-38,Calça Lume,Preto,38,899.0,6,20
2025-12-29,CALC-LUME-PRE-38,Calça Lume,Preto,38,899.0,1,19
2026-01-05,CALC-LUME-PRE-38,Calça Lume,Preto,38,899.0,3,16
2026-01-12,CALC-LUME-PRE-38,Calça Lume,Preto,38,899.0,5,11
2026-01-19,CALC-LUME-PRE-38,Calça Lume,Preto,38,899.0,1,10
2026-01-26,CALC-LUME-PRE-38,Calça Lume,Preto,38,899.0,3,7
2026-02-02,CALC-LUME-PRE-38,Calça Lume,Preto,38,899.0,2,5
2026-02-09,CALC-LUME-PRE-38,Calça Lume,Preto,38,899.0,1,4
2026-02-16,CALC-LUME-PRE-38,Calça Lume,Preto,38,899.0,4,0
2026-02-23,CALC-LUME-PRE-38,Calça Lume,Preto,38,899.0,3,20
2026-03-02,CALC-LUME-PRE-38,Calça Lume,Preto,38,899.0,1,19
2026-03-09,CALC-LUME-PRE-38,Calça Lume,Preto,38,899.0,1,18
2026-03-16,CALC-LUME-PRE-38,Calça Lume,Preto,38,899.0,2,16
2026-03-23,CALC-LUME-PRE-38,Calça Lume,Preto,38,899.0,1,15
2026-03-30,CALC-LUME-PRE-38,Calça Lume,Preto,38,899.0,0,15
2026-04-06,CALC-LUME-PRE-38,Calça Lume,Preto,38,899.0,1,14
2026-04-13,CALC-LUME-PRE-38,Calça Lume,Preto,38,899.0,2,12
2026-04-20,CALC-LUME-PRE-38,Calça Lume,Preto,38,899.0,3,9
2026-04-27,CALC-LUME-PRE-38,Calça Lume,Preto,38,899.0,6,17
2026-05-04,CALC-LUME-PRE-38,Calça Lume,Preto,38,899.0,2,15
2026-05-11,CALC-LUME-PRE-38,Calça Lume,Preto,38,899.0,0,15
2026-05-18,CALC-LUME-PRE-38,Calça Lume,Preto,38,899.0,2,13
2026-05-25,CALC-LUME-PRE-38,Calça Lume,Preto,38,899.0,0,13
2026-06-01,CALC-LUME-PRE-38,Calça Lume,Preto,38,899.0,0,13
2026-06-08,CALC-LUME-PRE-38,Calça Lume,Preto,38,899.0,3,10
2026-06-15,CALC-LUME-PRE-38,Calça Lume,Preto,38,899.0,1,9
2026-06-22,CALC-LUME-PRE-38,Calça Lume,Preto,38,899.0,4,34
2026-06-29,CALC-LUME-PRE-38,Calça Lume,Preto,38,899.0,0,34
2026-07-06,CALC-LUME-PRE-38,Calça Lume,Preto,38,899.0,2,32
2026-07-13,CALC-LUME-PRE-38,Calça Lume,Preto,38,899.0,1,31
2026-07-20,CALC-LUME-PRE-38,Calça Lume,Preto,38,899.0,2,29
2026-07-27,CALC-LUME-PRE-38,Calça Lume,Preto,38,899.0,4,25
2026-08-03,CALC-LUME-PRE-38,Calça Lume,Preto,38,899.0,2,23
2026-08-10,CALC-LUME-PRE-38,Calça Lume,Preto,38,899.0,0,23
2026-08-17,CALC-LUME-PRE-38,Calça Lume,Preto,38,899.0,4,19
2026-08-24,CALC-LUME-PRE-38,Calça Lume,Preto,38,899.0,4,15
2025-09-01,CALC-LUME-PRE-40,Calça Lume,Preto,40,899.0,6,57
2025-09-08,CALC-LUME-PRE-40,Calça Lume,Preto,40,899.0,4,53
2025-09-15,CALC-LUME-PRE-40,Calça Lume,Preto,40,899.0,4,49
2025-09-22,CALC-LUME-PRE-40,Calça Lume,Preto,40,899.0,8,41
2025-09-29,CALC-LUME-PRE-40,Calça Lume,Preto,40,899.0,3,38
2025-10-06,CALC-LUME-PRE-40,Calça Lume,Preto,40,899.0,2,36
2025-10-13,CALC-LUME-PRE-40,Calça Lume,Preto,40,899.0,2,34
2025-10-20,CALC-LUME-PRE-40,Calça Lume,Preto,40,899.0,5,29
2025-10-27,CALC-LUME-PRE-40,Calça Lume,Preto,40,899.0,6,23
2025-11-03,CALC-LUME-PRE-40,Calça Lume,Preto,40,899.0,6,17
2025-11-10,CALC-LUME-PRE-40,Calça Lume,Preto,40,899.0,4,13
2025-11-17,CALC-LUME-PRE-40,Calça Lume,Preto,40,899.0,4,9
2025-11-24,CALC-LUME-PRE-40,Calça Lume,Preto,40,899.0,7,23
2025-12-01,CALC-LUME-PRE-40,Calça Lume,Preto,40,899.0,2,21
2025-12-08,CALC-LUME-PRE-40,Calça Lume,Preto,40,899.0,12,9
2025-12-15,CALC-LUME-PRE-40,Calça Lume,Preto,40,899.0,4,36
2025-12-22,CALC-LUME-PRE-40,Calça Lume,Preto,40,899.0,8,28
2025-12-29,CALC-LUME-PRE-40,Calça Lume,Preto,40,899.0,4,24
2026-01-05,CALC-LUME-PRE-40,Calça Lume,Preto,40,899.0,7,17
2026-01-12,CALC-LUME-PRE-40,Calça Lume,Preto,40,899.0,10,7
2026-01-19,CALC-LUME-PRE-40,Calça Lume,Preto,40,899.0,9,0
2026-01-26,CALC-LUME-PRE-40,Calça Lume,Preto,40,899.0,5,0
2026-02-02,CALC-LUME-PRE-40,Calça Lume,Preto,40,899.0,7,0
2026-02-09,CALC-LUME-PRE-40,Calça Lume,Preto,40,899.0,10,28
2026-02-16,CALC-LUME-PRE-40,Calça Lume,Preto,40,899.0,5,23
2026-02-23,CALC-LUME-PRE-40,Calça Lume,Preto,40,899.0,3,20
2026-03-02,CALC-LUME-PRE-40,Calça Lume,Preto,40,899.0,6,14
2026-03-09,CALC-LUME-PRE-40,Calça Lume,Preto,40,899.0,6,8
2026-03-16,CALC-LUME-PRE-40,Calça Lume,Preto,40,899.0,5,3
2026-03-23,CALC-LUME-PRE-40,Calça Lume,Preto,40,899.0,3,0
2026-03-30,CALC-LUME-PRE-40,Calça Lume,Preto,40,899.0,4,0
2026-04-06,CALC-LUME-PRE-40,Calça Lume,Preto,40,899.0,1,0
2026-04-13,CALC-LUME-PRE-40,Calça Lume,Preto,40,899.0,4,0
2026-04-20,CALC-LUME-PRE-40,Calça Lume,Preto,40,899.0,4,12
2026-04-27,CALC-LUME-PRE-40,Calça Lume,Preto,40,899.0,3,9
2026-05-04,CALC-LUME-PRE-40,Calça Lume,Preto,40,899.0,6,3
2026-05-11,CALC-LUME-PRE-40,Calça Lume,Preto,40,899.0,3,0
2026-05-18,CALC-LUME-PRE-40,Calça Lume,Preto,40,899.0,5,0
2026-05-25,CALC-LUME-PRE-40,Calça Lume,Preto,40,899.0,4,0
2026-06-01,CALC-LUME-PRE-40,Calça Lume,Preto,40,899.0,6,19
2026-06-08,CALC-LUME-PRE-40,Calça Lume,Preto,40,899.0,4,15
2026-06-15,CALC-LUME-PRE-40,Calça Lume,Preto,40,899.0,2,13
2026-06-22,CALC-LUME-PRE-40,Calça Lume,Preto,40,899.0,7,26
2026-06-29,CALC-LUME-PRE-40,Calça Lume,Preto,40,899.0,5,21
2026-07-06,CALC-LUME-PRE-40,Calça Lume,Preto,40,899.0,3,18
2026-07-13,CALC-LUME-PRE-40,Calça Lume,Preto,40,899.0,4,14
2026-07-20,CALC-LUME-PRE-40,Calça Lume,Preto,40,899.0,2,12
2026-07-27,CALC-LUME-PRE-40,Calça Lume,Preto,40,899.0,3,9
2026-08-03,CALC-LUME-PRE-40,Calça Lume,Preto,40,899.0,3,6
2026-08-10,CALC-LUME-PRE-40,Calça Lume,Preto,40,899.0,10,0
2026-08-17,CALC-LUME-PRE-40,Calça Lume,Preto,40,899.0,5,0
2026-08-24,CALC-LUME-PRE-40,Calça Lume,Preto,40,899.0,5,0
2025-09-01,CALC-LUME-PRE-42,Calça Lume,Preto,42,899.0,5,23
2025-09-08,CALC-LUME-PRE-42,Calça Lume,Preto,42,899.0,7,16
2025-09-15,CALC-LUME-PRE-42,Calça Lume,Preto,42,899.0,5,11
2025-09-22,CALC-LUME-PRE-42,Calça Lume,Preto,42,899.0,4,7
2025-09-29,CALC-LUME-PRE-42,Calça Lume,Preto,42,899.0,7,0
2025-10-06,CALC-LUME-PRE-42,Calça Lume,Preto,42,899.0,7,0
2025-10-13,CALC-LUME-PRE-42,Calça Lume,Preto,42,899.0,12,0
2025-10-20,CALC-LUME-PRE-42,Calça Lume,Preto,42,899.0,10,0
2025-10-27,CALC-LUME-PRE-42,Calça Lume,Preto,42,899.0,5,14
2025-11-03,CALC-LUME-PRE-42,Calça Lume,Preto,42,899.0,5,9
2025-11-10,CALC-LUME-PRE-42,Calça Lume,Preto,42,899.0,3,6
2025-11-17,CALC-LUME-PRE-42,Calça Lume,Preto,42,899.0,6,0
2025-11-24,CALC-LUME-PRE-42,Calça Lume,Preto,42,899.0,12,0
2025-12-01,CALC-LUME-PRE-42,Calça Lume,Preto,42,899.0,7,19
2025-12-08,CALC-LUME-PRE-42,Calça Lume,Preto,42,899.0,10,9
2025-12-15,CALC-LUME-PRE-42,Calça Lume,Preto,42,899.0,14,19
2025-12-22,CALC-LUME-PRE-42,Calça Lume,Preto,42,899.0,9,10
2025-12-29,CALC-LUME-PRE-42,Calça Lume,Preto,42,899.0,12,0
2026-01-05,CALC-LUME-PRE-42,Calça Lume,Preto,42,899.0,15,0
2026-01-12,CALC-LUME-PRE-42,Calça Lume,Preto,42,899.0,9,0
2026-01-19,CALC-LUME-PRE-42,Calça Lume,Preto,42,899.0,9,27
2026-01-26,CALC-LUME-PRE-42,Calça Lume,Preto,42,899.0,11,16
2026-02-02,CALC-LUME-PRE-42,Calça Lume,Preto,42,899.0,9,7
2026-02-09,CALC-LUME-PRE-42,Calça Lume,Preto,42,899.0,9,0
2026-02-16,CALC-LUME-PRE-42,Calça Lume,Preto,42,899.0,9,23
2026-02-23,CALC-LUME-PRE-42,Calça Lume,Preto,42,899.0,8,15
2026-03-02,CALC-LUME-PRE-42,Calça Lume,Preto,42,899.0,6,9
2026-03-09,CALC-LUME-PRE-42,Calça Lume,Preto,42,899.0,5,4
2026-03-16,CALC-LUME-PRE-42,Calça Lume,Preto,42,899.0,8,0
2026-03-23,CALC-LUME-PRE-42,Calça Lume,Preto,42,899.0,4,0
2026-03-30,CALC-LUME-PRE-42,Calça Lume,Preto,42,899.0,2,0
2026-04-06,CALC-LUME-PRE-42,Calça Lume,Preto,42,899.0,11,0
2026-04-13,CALC-LUME-PRE-42,Calça Lume,Preto,42,899.0,4,19
2026-04-20,CALC-LUME-PRE-42,Calça Lume,Preto,42,899.0,8,11
2026-04-27,CALC-LUME-PRE-42,Calça Lume,Preto,42,899.0,3,8
2026-05-04,CALC-LUME-PRE-42,Calça Lume,Preto,42,899.0,7,1
2026-05-11,CALC-LUME-PRE-42,Calça Lume,Preto,42,899.0,7,0
2026-05-18,CALC-LUME-PRE-42,Calça Lume,Preto,42,899.0,7,0
2026-05-25,CALC-LUME-PRE-42,Calça Lume,Preto,42,899.0,7,0
2026-06-01,CALC-LUME-PRE-42,Calça Lume,Preto,42,899.0,7,0
2026-06-08,CALC-LUME-PRE-42,Calça Lume,Preto,42,899.0,4,0
2026-06-15,CALC-LUME-PRE-42,Calça Lume,Preto,42,899.0,3,0
2026-06-22,CALC-LUME-PRE-42,Calça Lume,Preto,42,899.0,2,19
2026-06-29,CALC-LUME-PRE-42,Calça Lume,Preto,42,899.0,4,15
2026-07-06,CALC-LUME-PRE-42,Calça Lume,Preto,42,899.0,3,12
2026-07-13,CALC-LUME-PRE-42,Calça Lume,Preto,42,899.0,3,9
2026-07-20,CALC-LUME-PRE-42,Calça Lume,Preto,42,899.0,5,4
2026-07-27,CALC-LUME-PRE-42,Calça Lume,Preto,42,899.0,6,21
2026-08-03,CALC-LUME-PRE-42,Calça Lume,Preto,42,899.0,8,13
2026-08-10,CALC-LUME-PRE-42,Calça Lume,Preto,42,899.0,9,4
2026-08-17,CALC-LUME-PRE-42,Calça Lume,Preto,42,899.0,9,0
2026-08-24,CALC-LUME-PRE-42,Calça Lume,Preto,42,899.0,9,22
2025-09-01,CALC-LUME-PRE-44,Calça Lume,Preto,44,899.0,4,57
2025-09-08,CALC-LUME-PRE-44,Calça Lume,Preto,44,899.0,1,56
2025-09-15,CALC-LUME-PRE-44,Calça Lume,Preto,44,899.0,0,56
2025-09-22,CALC-LUME-PRE-44,Calça Lume,Preto,44,899.0,2,54
2025-09-29,CALC-LUME-PRE-44,Calça Lume,Preto,44,899.0,6,48
2025-10-06,CALC-LUME-PRE-44,Calça Lume,Preto,44,899.0,9,39
2025-10-13,CALC-LUME-PRE-44,Calça Lume,Preto,44,899.0,4,35
2025-10-20,CALC-LUME-PRE-44,Calça Lume,Preto,44,899.0,5,30
2025-10-27,CALC-LUME-PRE-44,Calça Lume,Preto,44,899.0,4,26
2025-11-03,CALC-LUME-PRE-44,Calça Lume,Preto,44,899.0,4,22
2025-11-10,CALC-LUME-PRE-44,Calça Lume,Preto,44,899.0,4,18
2025-11-17,CALC-LUME-PRE-44,Calça Lume,Preto,44,899.0,7,11
2025-11-24,CALC-LUME-PRE-44,Calça Lume,Preto,44,899.0,7,19
2025-12-01,CALC-LUME-PRE-44,Calça Lume,Preto,44,899.0,4,15
2025-12-08,CALC-LUME-PRE-44,Calça Lume,Preto,44,899.0,6,9
2025-12-15,CALC-LUME-PRE-44,Calça Lume,Preto,44,899.0,3,6
2025-12-22,CALC-LUME-PRE-44,Calça Lume,Preto,44,899.0,5,1
2025-12-29,CALC-LUME-PRE-44,Calça Lume,Preto,44,899.0,7,0
2026-01-05,CALC-LUME-PRE-44,Calça Lume,Preto,44,899.0,7,0
2026-01-12,CALC-LUME-PRE-44,Calça Lume,Preto,44,899.0,5,30
2026-01-19,CALC-LUME-PRE-44,Calça Lume,Preto,44,899.0,6,24
2026-01-26,CALC-LUME-PRE-44,Calça Lume,Preto,44,899.0,4,20
2026-02-02,CALC-LUME-PRE-44,Calça Lume,Preto,44,899.0,6,14
2026-02-09,CALC-LUME-PRE-44,Calça Lume,Preto,44,899.0,4,10
2026-02-16,CALC-LUME-PRE-44,Calça Lume,Preto,44,899.0,5,5
2026-02-23,CALC-LUME-PRE-44,Calça Lume,Preto,44,899.0,2,3
2026-03-02,CALC-LUME-PRE-44,Calça Lume,Preto,44,899.0,6,17
2026-03-09,CALC-LUME-PRE-44,Calça Lume,Preto,44,899.0,2,15
2026-03-16,CALC-LUME-PRE-44,Calça Lume,Preto,44,899.0,6,9
2026-03-23,CALC-LUME-PRE-44,Calça Lume,Preto,44,899.0,0,9
2026-03-30,CALC-LUME-PRE-44,Calça Lume,Preto,44,899.0,6,3
2026-04-06,CALC-LUME-PRE-44,Calça Lume,Preto,44,899.0,6,0
2026-04-13,CALC-LUME-PRE-44,Calça Lume,Preto,44,899.0,2,0
2026-04-20,CALC-LUME-PRE-44,Calça Lume,Preto,44,899.0,0,32
2026-04-27,CALC-LUME-PRE-44,Calça Lume,Preto,44,899.0,2,30
2026-05-04,CALC-LUME-PRE-44,Calça Lume,Preto,44,899.0,7,23
2026-05-11,CALC-LUME-PRE-44,Calça Lume,Preto,44,899.0,3,20
2026-05-18,CALC-LUME-PRE-44,Calça Lume,Preto,44,899.0,3,17
2026-05-25,CALC-LUME-PRE-44,Calça Lume,Preto,44,899.0,2,15
2026-06-01,CALC-LUME-PRE-44,Calça Lume,Preto,44,899.0,2,13
2026-06-08,CALC-LUME-PRE-44,Calça Lume,Preto,44,899.0,2,11
2026-06-15,CALC-LUME-PRE-44,Calça Lume,Preto,44,899.0,1,10
2026-06-22,CALC-LUME-PRE-44,Calça Lume,Preto,44,899.0,3,7
2026-06-29,CALC-LUME-PRE-44,Calça Lume,Preto,44,899.0,1,6
2026-07-06,CALC-LUME-PRE-44,Calça Lume,Preto,44,899.0,4,2
2026-07-13,CALC-LUME-PRE-44,Calça Lume,Preto,44,899.0,3,0
2026-07-20,CALC-LUME-PRE-44,Calça Lume,Preto,44,899.0,2,0
2026-07-27,CALC-LUME-PRE-44,Calça Lume,Preto,44,899.0,3,15
2026-08-03,CALC-LUME-PRE-44,Calça Lume,Preto,44,899.0,5,10
2026-08-10,CALC-LUME-PRE-44,Calça Lume,Preto,44,899.0,0,10
2026-08-17,CALC-LUME-PRE-44,Calça Lume,Preto,44,899.0,3,7
2026-08-24,CALC-LUME-PRE-44,Calça Lume,Preto,44,899.0,4,3
2025-09-01,CALC-LUME-VER-34,Calça Lume,Vermelho,34,899.0,1,27
2025-09-08,CALC-LUME-VER-34,Calça Lume,Vermelho,34,899.0,4,23
2025-09-15,CALC-LUME-VER-34,Calça Lume,Vermelho,34,899.0,3,20
2025-09-22,CALC-LUME-VER-34,Calça Lume,Vermelho,34,899.0,2,18
2025-09-29,CALC-LUME-VER-34,Calça Lume,Vermelho,34,899.0,2,16
2025-10-06,CALC-LUME-VER-34,Calça Lume,Vermelho,34,899.0,0,16
2025-10-13,CALC-LUME-VER-34,Calça Lume,Vermelho,34,899.0,2,14
2025-10-20,CALC-LUME-VER-34,Calça Lume,Vermelho,34,899.0,3,11
2025-10-27,CALC-LUME-VER-34,Calça Lume,Vermelho,34,899.0,6,5
2025-11-03,CALC-LUME-VER-34,Calça Lume,Vermelho,34,899.0,5,0
2025-11-10,CALC-LUME-VER-34,Calça Lume,Vermelho,34,899.0,2,0
2025-11-17,CALC-LUME-VER-34,Calça Lume,Vermelho,34,899.0,4,0
2025-11-24,CALC-LUME-VER-34,Calça Lume,Vermelho,34,899.0,4,16
2025-12-01,CALC-LUME-VER-34,Calça Lume,Vermelho,34,899.0,4,12
2025-12-08,CALC-LUME-VER-34,Calça Lume,Vermelho,34,899.0,5,7
2025-12-15,CALC-LUME-VER-34,Calça Lume,Vermelho,34,899.0,4,3
2025-12-22,CALC-LUME-VER-34,Calça Lume,Vermelho,34,899.0,0,3
2025-12-29,CALC-LUME-VER-34,Calça Lume,Vermelho,34,899.0,4,29
2026-01-05,CALC-LUME-VER-34,Calça Lume,Vermelho,34,899.0,3,26
2026-01-12,CALC-LUME-VER-34,Calça Lume,Vermelho,34,899.0,8,18
2026-01-19,CALC-LUME-VER-34,Calça Lume,Vermelho,34,899.0,2,16
2026-01-26,CALC-LUME-VER-34,Calça Lume,Vermelho,34,899.0,4,12
2026-02-02,CALC-LUME-VER-34,Calça Lume,Vermelho,34,899.0,2,10
2026-02-09,CALC-LUME-VER-34,Calça Lume,Vermelho,34,899.0,1,9
2026-02-16,CALC-LUME-VER-34,Calça Lume,Vermelho,34,899.0,0,9
2026-02-23,CALC-LUME-VER-34,Calça Lume,Vermelho,34,899.0,1,8
2026-03-02,CALC-LUME-VER-34,Calça Lume,Vermelho,34,899.0,2,6
2026-03-09,CALC-LUME-VER-34,Calça Lume,Vermelho,34,899.0,2,18
2026-03-16,CALC-LUME-VER-34,Calça Lume,Vermelho,34,899.0,3,15
2026-03-23,CALC-LUME-VER-34,Calça Lume,Vermelho,34,899.0,2,13
2026-03-30,CALC-LUME-VER-34,Calça Lume,Vermelho,34,899.0,3,10
2026-04-06,CALC-LUME-VER-34,Calça Lume,Vermelho,34,899.0,3,7
2026-04-13,CALC-LUME-VER-34,Calça Lume,Vermelho,34,899.0,0,7
2026-04-20,CALC-LUME-VER-34,Calça Lume,Vermelho,34,899.0,5,26
2026-04-27,CALC-LUME-VER-34,Calça Lume,Vermelho,34,899.0,4,22
2026-05-04,CALC-LUME-VER-34,Calça Lume,Vermelho,34,899.0,2,20
2026-05-11,CALC-LUME-VER-34,Calça Lume,Vermelho,34,899.0,1,19
2026-05-18,CALC-LUME-VER-34,Calça Lume,Vermelho,34,899.0,0,19
2026-05-25,CALC-LUME-VER-34,Calça Lume,Vermelho,34,899.0,6,13
2026-06-01,CALC-LUME-VER-34,Calça Lume,Vermelho,34,899.0,2,11
2026-06-08,CALC-LUME-VER-34,Calça Lume,Vermelho,34,899.0,2,9
2026-06-15,CALC-LUME-VER-34,Calça Lume,Vermelho,34,899.0,2,7
2026-06-22,CALC-LUME-VER-34,Calça Lume,Vermelho,34,899.0,2,5
2026-06-29,CALC-LUME-VER-34,Calça Lume,Vermelho,34,899.0,5,0
2026-07-06,CALC-LUME-VER-34,Calça Lume,Vermelho,34,899.0,3,33
2026-07-13,CALC-LUME-VER-34,Calça Lume,Vermelho,34,899.0,0,33
2026-07-20,CALC-LUME-VER-34,Calça Lume,Vermelho,34,899.0,1,32
2026-07-27,CALC-LUME-VER-34,Calça Lume,Vermelho,34,899.0,1,31
2026-08-03,CALC-LUME-VER-34,Calça Lume,Vermelho,34,899.0,0,31
2026-08-10,CALC-LUME-VER-34,Calça Lume,Vermelho,34,899.0,4,27
2026-08-17,CALC-LUME-VER-34,Calça Lume,Vermelho,34,899.0,1,26
2026-08-24,CALC-LUME-VER-34,Calça Lume,Vermelho,34,899.0,1,25
2025-09-01,CALC-LUME-VER-36,Calça Lume,Vermelho,36,899.0,1,57
2025-09-08,CALC-LUME-VER-36,Calça Lume,Vermelho,36,899.0,3,54
2025-09-15,CALC-LUME-VER-36,Calça Lume,Vermelho,36,899.0,2,52
2025-09-22,CALC-LUME-VER-36,Calça Lume,Vermelho,36,899.0,1,51
2025-09-29,CALC-LUME-VER-36,Calça Lume,Vermelho,36,899.0,2,49
2025-10-06,CALC-LUME-VER-36,Calça Lume,Vermelho,36,899.0,2,47
2025-10-13,CALC-LUME-VER-36,Calça Lume,Vermelho,36,899.0,0,47
2025-10-20,CALC-LUME-VER-36,Calça Lume,Vermelho,36,899.0,4,43
2025-10-27,CALC-LUME-VER-36,Calça Lume,Vermelho,36,899.0,5,38
2025-11-03,CALC-LUME-VER-36,Calça Lume,Vermelho,36,899.0,2,36
2025-11-10,CALC-LUME-VER-36,Calça Lume,Vermelho,36,899.0,2,34
2025-11-17,CALC-LUME-VER-36,Calça Lume,Vermelho,36,899.0,3,31
2025-11-24,CALC-LUME-VER-36,Calça Lume,Vermelho,36,899.0,4,27
2025-12-01,CALC-LUME-VER-36,Calça Lume,Vermelho,36,899.0,4,23
2025-12-08,CALC-LUME-VER-36,Calça Lume,Vermelho,36,899.0,1,22
2025-12-15,CALC-LUME-VER-36,Calça Lume,Vermelho,36,899.0,6,16
2025-12-22,CALC-LUME-VER-36,Calça Lume,Vermelho,36,899.0,4,12
2025-12-29,CALC-LUME-VER-36,Calça Lume,Vermelho,36,899.0,1,11
2026-01-05,CALC-LUME-VER-36,Calça Lume,Vermelho,36,899.0,2,9
2026-01-12,CALC-LUME-VER-36,Calça Lume,Vermelho,36,899.0,3,34
2026-01-19,CALC-LUME-VER-36,Calça Lume,Vermelho,36,899.0,3,31
2026-01-26,CALC-LUME-VER-36,Calça Lume,Vermelho,36,899.0,2,29
2026-02-02,CALC-LUME-VER-36,Calça Lume,Vermelho,36,899.0,3,26
2026-02-09,CALC-LUME-VER-36,Calça Lume,Vermelho,36,899.0,1,25
2026-02-16,CALC-LUME-VER-36,Calça Lume,Vermelho,36,899.0,2,23
2026-02-23,CALC-LUME-VER-36,Calça Lume,Vermelho,36,899.0,3,20
2026-03-02,CALC-LUME-VER-36,Calça Lume,Vermelho,36,899.0,2,18
2026-03-09,CALC-LUME-VER-36,Calça Lume,Vermelho,36,899.0,0,18
2026-03-16,CALC-LUME-VER-36,Calça Lume,Vermelho,36,899.0,2,16
2026-03-23,CALC-LUME-VER-36,Calça Lume,Vermelho,36,899.0,1,15
2026-03-30,CALC-LUME-VER-36,Calça Lume,Vermelho,36,899.0,2,13
2026-04-06,CALC-LUME-VER-36,Calça Lume,Vermelho,36,899.0,1,12
2026-04-13,CALC-LUME-VER-36,Calça Lume,Vermelho,36,899.0,1,11
2026-04-20,CALC-LUME-VER-36,Calça Lume,Vermelho,36,899.0,1,10
2026-04-27,CALC-LUME-VER-36,Calça Lume,Vermelho,36,899.0,3,30
2026-05-04,CALC-LUME-VER-36,Calça Lume,Vermelho,36,899.0,0,30
2026-05-11,CALC-LUME-VER-36,Calça Lume,Vermelho,36,899.0,1,29
2026-05-18,CALC-LUME-VER-36,Calça Lume,Vermelho,36,899.0,0,29
2026-05-25,CALC-LUME-VER-36,Calça Lume,Vermelho,36,899.0,0,29
2026-06-01,CALC-LUME-VER-36,Calça Lume,Vermelho,36,899.0,2,27
2026-06-08,CALC-LUME-VER-36,Calça Lume,Vermelho,36,899.0,1,26
2026-06-15,CALC-LUME-VER-36,Calça Lume,Vermelho,36,899.0,1,25
2026-06-22,CALC-LUME-VER-36,Calça Lume,Vermelho,36,899.0,1,24
2026-06-29,CALC-LUME-VER-36,Calça Lume,Vermelho,36,899.0,3,21
2026-07-06,CALC-LUME-VER-36,Calça Lume,Vermelho,36,899.0,1,20
2026-07-13,CALC-LUME-VER-36,Calça Lume,Vermelho,36,899.0,2,18
2026-07-20,CALC-LUME-VER-36,Calça Lume,Vermelho,36,899.0,0,18
2026-07-27,CALC-LUME-VER-36,Calça Lume,Vermelho,36,899.0,2,16
2026-08-03,CALC-LUME-VER-36,Calça Lume,Vermelho,36,899.0,1,15
2026-08-10,CALC-LUME-VER-36,Calça Lume,Vermelho,36,899.0,1,14
2026-08-17,CALC-LUME-VER-36,Calça Lume,Vermelho,36,899.0,3,11
2026-08-24,CALC-LUME-VER-36,Calça Lume,Vermelho,36,899.0,1,10
2025-09-01,CALC-LUME-VER-38,Calça Lume,Vermelho,38,899.0,1,25
2025-09-08,CALC-LUME-VER-38,Calça Lume,Vermelho,38,899.0,4,21
2025-09-15,CALC-LUME-VER-38,Calça Lume,Vermelho,38,899.0,0,21
2025-09-22,CALC-LUME-VER-38,Calça Lume,Vermelho,38,899.0,6,15
2025-09-29,CALC-LUME-VER-38,Calça Lume,Vermelho,38,899.0,4,11
2025-10-06,CALC-LUME-VER-38,Calça Lume,Vermelho,38,899.0,5,40
2025-10-13,CALC-LUME-VER-38,Calça Lume,Vermelho,38,899.0,3,37
2025-10-20,CALC-LUME-VER-38,Calça Lume,Vermelho,38,899.0,1,36
2025-10-27,CALC-LUME-VER-38,Calça Lume,Vermelho,38,899.0,2,34
2025-11-03,CALC-LUME-VER-38,Calça Lume,Vermelho,38,899.0,0,34
2025-11-10,CALC-LUME-VER-38,Calça Lume,Vermelho,38,899.0,5,29
2025-11-17,CALC-LUME-VER-38,Calça Lume,Vermelho,38,899.0,3,26
2025-11-24,CALC-LUME-VER-38,Calça Lume,Vermelho,38,899.0,3,23
2025-12-01,CALC-LUME-VER-38,Calça Lume,Vermelho,38,899.0,2,21
2025-12-08,CALC-LUME-VER-38,Calça Lume,Vermelho,38,899.0,8,13
2025-12-15,CALC-LUME-VER-38,Calça Lume,Vermelho,38,899.0,1,12
2025-12-22,CALC-LUME-VER-38,Calça Lume,Vermelho,38,899.0,2,10
2025-12-29,CALC-LUME-VER-38,Calça Lume,Vermelho,38,899.0,2,8
2026-01-05,CALC-LUME-VER-38,Calça Lume,Vermelho,38,899.0,1,29
2026-01-12,CALC-LUME-VER-38,Calça Lume,Vermelho,38,899.0,3,26
2026-01-19,CALC-LUME-VER-38,Calça Lume,Vermelho,38,899.0,3,23
2026-01-26,CALC-LUME-VER-38,Calça Lume,Vermelho,38,899.0,4,19
2026-02-02,CALC-LUME-VER-38,Calça Lume,Vermelho,38,899.0,0,19
2026-02-09,CALC-LUME-VER-38,Calça Lume,Vermelho,38,899.0,2,17
2026-02-16,CALC-LUME-VER-38,Calça Lume,Vermelho,38,899.0,1,16
2026-02-23,CALC-LUME-VER-38,Calça Lume,Vermelho,38,899.0,0,16
2026-03-02,CALC-LUME-VER-38,Calça Lume,Vermelho,38,899.0,2,14
2026-03-09,CALC-LUME-VER-38,Calça Lume,Vermelho,38,899.0,2,12
2026-03-16,CALC-LUME-VER-38,Calça Lume,Vermelho,38,899.0,2,10
2026-03-23,CALC-LUME-VER-38,Calça Lume,Vermelho,38,899.0,3,7
2026-03-30,CALC-LUME-VER-38,Calça Lume,Vermelho,38,899.0,1,6
2026-04-06,CALC-LUME-VER-38,Calça Lume,Vermelho,38,899.0,4,2
2026-04-13,CALC-LUME-VER-38,Calça Lume,Vermelho,38,899.0,0,2
2026-04-20,CALC-LUME-VER-38,Calça Lume,Vermelho,38,899.0,2,0
2026-04-27,CALC-LUME-VER-38,Calça Lume,Vermelho,38,899.0,2,19
2026-05-04,CALC-LUME-VER-38,Calça Lume,Vermelho,38,899.0,2,17
2026-05-11,CALC-LUME-VER-38,Calça Lume,Vermelho,38,899.0,2,15
2026-05-18,CALC-LUME-VER-38,Calça Lume,Vermelho,38,899.0,1,14
2026-05-25,CALC-LUME-VER-38,Calça Lume,Vermelho,38,899.0,1,13
2026-06-01,CALC-LUME-VER-38,Calça Lume,Vermelho,38,899.0,1,12
2026-06-08,CALC-LUME-VER-38,Calça Lume,Vermelho,38,899.0,3,9
2026-06-15,CALC-LUME-VER-38,Calça Lume,Vermelho,38,899.0,0,9
2026-06-22,CALC-LUME-VER-38,Calça Lume,Vermelho,38,899.0,0,9
2026-06-29,CALC-LUME-VER-38,Calça Lume,Vermelho,38,899.0,2,7
2026-07-06,CALC-LUME-VER-38,Calça Lume,Vermelho,38,899.0,2,5
2026-07-13,CALC-LUME-VER-38,Calça Lume,Vermelho,38,899.0,1,30
2026-07-20,CALC-LUME-VER-38,Calça Lume,Vermelho,38,899.0,2,28
2026-07-27,CALC-LUME-VER-38,Calça Lume,Vermelho,38,899.0,1,27
2026-08-03,CALC-LUME-VER-38,Calça Lume,Vermelho,38,899.0,3,24
2026-08-10,CALC-LUME-VER-38,Calça Lume,Vermelho,38,899.0,5,19
2026-08-17,CALC-LUME-VER-38,Calça Lume,Vermelho,38,899.0,3,16
2026-08-24,CALC-LUME-VER-38,Calça Lume,Vermelho,38,899.0,2,14
2025-09-01,CALC-LUME-VER-40,Calça Lume,Vermelho,40,899.0,5,28
2025-09-08,CALC-LUME-VER-40,Calça Lume,Vermelho,40,899.0,8,20
2025-09-15,CALC-LUME-VER-40,Calça Lume,Vermelho,40,899.0,8,12
2025-09-22,CALC-LUME-VER-40,Calça Lume,Vermelho,40,899.0,7,5
2025-09-29,CALC-LUME-VER-40,Calça Lume,Vermelho,40,899.0,11,0
2025-10-06,CALC-LUME-VER-40,Calça Lume,Vermelho,40,899.0,4,0
2025-10-13,CALC-LUME-VER-40,Calça Lume,Vermelho,40,899.0,5,0
2025-10-20,CALC-LUME-VER-40,Calça Lume,Vermelho,40,899.0,9,0
2025-10-27,CALC-LUME-VER-40,Calça Lume,Vermelho,40,899.0,6,0
2025-11-03,CALC-LUME-VER-40,Calça Lume,Vermelho,40,899.0,8,13
2025-11-10,CALC-LUME-VER-40,Calça Lume,Vermelho,40,899.0,3,10
2025-11-17,CALC-LUME-VER-40,Calça Lume,Vermelho,40,899.0,9,26
2025-11-24,CALC-LUME-VER-40,Calça Lume,Vermelho,40,899.0,7,19
2025-12-01,CALC-LUME-VER-40,Calça Lume,Vermelho,40,899.0,3,16
2025-12-08,CALC-LUME-VER-40,Calça Lume,Vermelho,40,899.0,8,8
2025-12-15,CALC-LUME-VER-40,Calça Lume,Vermelho,40,899.0,6,14
2025-12-22,CALC-LUME-VER-40,Calça Lume,Vermelho,40,899.0,5,9
2025-12-29,CALC-LUME-VER-40,Calça Lume,Vermelho,40,899.0,12,0
2026-01-05,CALC-LUME-VER-40,Calça Lume,Vermelho,40,899.0,5,0
2026-01-12,CALC-LUME-VER-40,Calça Lume,Vermelho,40,899.0,2,0
2026-01-19,CALC-LUME-VER-40,Calça Lume,Vermelho,40,899.0,4,0
2026-01-26,CALC-LUME-VER-40,Calça Lume,Vermelho,40,899.0,7,27
2026-02-02,CALC-LUME-VER-40,Calça Lume,Vermelho,40,899.0,6,21
2026-02-09,CALC-LUME-VER-40,Calça Lume,Vermelho,40,899.0,5,16
2026-02-16,CALC-LUME-VER-40,Calça Lume,Vermelho,40,899.0,5,11
2026-02-23,CALC-LUME-VER-40,Calça Lume,Vermelho,40,899.0,6,5
2026-03-02,CALC-LUME-VER-40,Calça Lume,Vermelho,40,899.0,2,3
2026-03-09,CALC-LUME-VER-40,Calça Lume,Vermelho,40,899.0,4,17
2026-03-16,CALC-LUME-VER-40,Calça Lume,Vermelho,40,899.0,5,12
2026-03-23,CALC-LUME-VER-40,Calça Lume,Vermelho,40,899.0,3,9
2026-03-30,CALC-LUME-VER-40,Calça Lume,Vermelho,40,899.0,3,6
2026-04-06,CALC-LUME-VER-40,Calça Lume,Vermelho,40,899.0,2,26
2026-04-13,CALC-LUME-VER-40,Calça Lume,Vermelho,40,899.0,1,25
2026-04-20,CALC-LUME-VER-40,Calça Lume,Vermelho,40,899.0,5,20
2026-04-27,CALC-LUME-VER-40,Calça Lume,Vermelho,40,899.0,3,17
2026-05-04,CALC-LUME-VER-40,Calça Lume,Vermelho,40,899.0,1,16
2026-05-11,CALC-LUME-VER-40,Calça Lume,Vermelho,40,899.0,4,12
2026-05-18,CALC-LUME-VER-40,Calça Lume,Vermelho,40,899.0,1,11
2026-05-25,CALC-LUME-VER-40,Calça Lume,Vermelho,40,899.0,4,36
2026-06-01,CALC-LUME-VER-40,Calça Lume,Vermelho,40,899.0,2,34
2026-06-08,CALC-LUME-VER-40,Calça Lume,Vermelho,40,899.0,3,31
2026-06-15,CALC-LUME-VER-40,Calça Lume,Vermelho,40,899.0,2,29
2026-06-22,CALC-LUME-VER-40,Calça Lume,Vermelho,40,899.0,4,25
2026-06-29,CALC-LUME-VER-40,Calça Lume,Vermelho,40,899.0,7,18
2026-07-06,CALC-LUME-VER-40,Calça Lume,Vermelho,40,899.0,0,18
2026-07-13,CALC-LUME-VER-40,Calça Lume,Vermelho,40,899.0,8,10
2026-07-20,CALC-LUME-VER-40,Calça Lume,Vermelho,40,899.0,8,2
2026-07-27,CALC-LUME-VER-40,Calça Lume,Vermelho,40,899.0,10,16
2026-08-03,CALC-LUME-VER-40,Calça Lume,Vermelho,40,899.0,2,14
2026-08-10,CALC-LUME-VER-40,Calça Lume,Vermelho,40,899.0,6,8
2026-08-17,CALC-LUME-VER-40,Calça Lume,Vermelho,40,899.0,5,3
2026-08-24,CALC-LUME-VER-40,Calça Lume,Vermelho,40,899.0,3,29
2025-09-01,CALC-LUME-VER-42,Calça Lume,Vermelho,42,899.0,8,16
2025-09-08,CALC-LUME-VER-42,Calça Lume,Vermelho,42,899.0,5,11
2025-09-15,CALC-LUME-VER-42,Calça Lume,Vermelho,42,899.0,6,5
2025-09-22,CALC-LUME-VER-42,Calça Lume,Vermelho,42,899.0,9,26
2025-09-29,CALC-LUME-VER-42,Calça Lume,Vermelho,42,899.0,8,18
2025-10-06,CALC-LUME-VER-42,Calça Lume,Vermelho,42,899.0,3,15
2025-10-13,CALC-LUME-VER-42,Calça Lume,Vermelho,42,899.0,8,40
2025-10-20,CALC-LUME-VER-42,Calça Lume,Vermelho,42,899.0,8,32
2025-10-27,CALC-LUME-VER-42,Calça Lume,Vermelho,42,899.0,10,22
2025-11-03,CALC-LUME-VER-42,Calça Lume,Vermelho,42,899.0,11,11
2025-11-10,CALC-LUME-VER-42,Calça Lume,Vermelho,42,899.0,5,6
2025-11-17,CALC-LUME-VER-42,Calça Lume,Vermelho,42,899.0,13,17
2025-11-24,CALC-LUME-VER-42,Calça Lume,Vermelho,42,899.0,9,8
2025-12-01,CALC-LUME-VER-42,Calça Lume,Vermelho,42,899.0,7,35
2025-12-08,CALC-LUME-VER-42,Calça Lume,Vermelho,42,899.0,7,28
2025-12-15,CALC-LUME-VER-42,Calça Lume,Vermelho,42,899.0,6,22
2025-12-22,CALC-LUME-VER-42,Calça Lume,Vermelho,42,899.0,15,35
2025-12-29,CALC-LUME-VER-42,Calça Lume,Vermelho,42,899.0,4,31
2026-01-05,CALC-LUME-VER-42,Calça Lume,Vermelho,42,899.0,9,22
2026-01-12,CALC-LUME-VER-42,Calça Lume,Vermelho,42,899.0,8,14
2026-01-19,CALC-LUME-VER-42,Calça Lume,Vermelho,42,899.0,4,10
2026-01-26,CALC-LUME-VER-42,Calça Lume,Vermelho,42,899.0,6,25
2026-02-02,CALC-LUME-VER-42,Calça Lume,Vermelho,42,899.0,9,16
2026-02-09,CALC-LUME-VER-42,Calça Lume,Vermelho,42,899.0,3,13
2026-02-16,CALC-LUME-VER-42,Calça Lume,Vermelho,42,899.0,8,32
2026-02-23,CALC-LUME-VER-42,Calça Lume,Vermelho,42,899.0,8,24
2026-03-02,CALC-LUME-VER-42,Calça Lume,Vermelho,42,899.0,10,14
2026-03-09,CALC-LUME-VER-42,Calça Lume,Vermelho,42,899.0,6,8
2026-03-16,CALC-LUME-VER-42,Calça Lume,Vermelho,42,899.0,4,27
2026-03-23,CALC-LUME-VER-42,Calça Lume,Vermelho,42,899.0,7,20
2026-03-30,CALC-LUME-VER-42,Calça Lume,Vermelho,42,899.0,4,16
2026-04-06,CALC-LUME-VER-42,Calça Lume,Vermelho,42,899.0,5,11
2026-04-13,CALC-LUME-VER-42,Calça Lume,Vermelho,42,899.0,2,9
2026-04-20,CALC-LUME-VER-42,Calça Lume,Vermelho,42,899.0,4,5
2026-04-27,CALC-LUME-VER-42,Calça Lume,Vermelho,42,899.0,2,16
2026-05-04,CALC-LUME-VER-42,Calça Lume,Vermelho,42,899.0,2,14
2026-05-11,CALC-LUME-VER-42,Calça Lume,Vermelho,42,899.0,3,11
2026-05-18,CALC-LUME-VER-42,Calça Lume,Vermelho,42,899.0,2,9
2026-05-25,CALC-LUME-VER-42,Calça Lume,Vermelho,42,899.0,0,9
2026-06-01,CALC-LUME-VER-42,Calça Lume,Vermelho,42,899.0,0,9
2026-06-08,CALC-LUME-VER-42,Calça Lume,Vermelho,42,899.0,2,7
2026-06-15,CALC-LUME-VER-42,Calça Lume,Vermelho,42,899.0,3,4
2026-06-22,CALC-LUME-VER-42,Calça Lume,Vermelho,42,899.0,1,3
2026-06-29,CALC-LUME-VER-42,Calça Lume,Vermelho,42,899.0,4,33
2026-07-06,CALC-LUME-VER-42,Calça Lume,Vermelho,42,899.0,6,27
2026-07-13,CALC-LUME-VER-42,Calça Lume,Vermelho,42,899.0,6,21
2026-07-20,CALC-LUME-VER-42,Calça Lume,Vermelho,42,899.0,7,14
2026-07-27,CALC-LUME-VER-42,Calça Lume,Vermelho,42,899.0,6,8
2026-08-03,CALC-LUME-VER-42,Calça Lume,Vermelho,42,899.0,3,22
2026-08-10,CALC-LUME-VER-42,Calça Lume,Vermelho,42,899.0,2,20
2026-08-17,CALC-LUME-VER-42,Calça Lume,Vermelho,42,899.0,13,30
2026-08-24,CALC-LUME-VER-42,Calça Lume,Vermelho,42,899.0,2,28
2025-09-01,CALC-LUME-VER-44,Calça Lume,Vermelho,44,899.0,11,28
2025-09-08,CALC-LUME-VER-44,Calça Lume,Vermelho,44,899.0,6,22
2025-09-15,CALC-LUME-VER-44,Calça Lume,Vermelho,44,899.0,8,14
2025-09-22,CALC-LUME-VER-44,Calça Lume,Vermelho,44,899.0,8,6
2025-09-29,CALC-LUME-VER-44,Calça Lume,Vermelho,44,899.0,11,0
2025-10-06,CALC-LUME-VER-44,Calça Lume,Vermelho,44,899.0,12,0
2025-10-13,CALC-LUME-VER-44,Calça Lume,Vermelho,44,899.0,4,16
2025-10-20,CALC-LUME-VER-44,Calça Lume,Vermelho,44,899.0,10,6
2025-10-27,CALC-LUME-VER-44,Calça Lume,Vermelho,44,899.0,10,0
2025-11-03,CALC-LUME-VER-44,Calça Lume,Vermelho,44,899.0,11,0
2025-11-10,CALC-LUME-VER-44,Calça Lume,Vermelho,44,899.0,7,0
2025-11-17,CALC-LUME-VER-44,Calça Lume,Vermelho,44,899.0,10,17
2025-11-24,CALC-LUME-VER-44,Calça Lume,Vermelho,44,899.0,7,10
2025-12-01,CALC-LUME-VER-44,Calça Lume,Vermelho,44,899.0,11,31
2025-12-08,CALC-LUME-VER-44,Calça Lume,Vermelho,44,899.0,13,18
2025-12-15,CALC-LUME-VER-44,Calça Lume,Vermelho,44,899.0,7,11
2025-12-22,CALC-LUME-VER-44,Calça Lume,Vermelho,44,899.0,7,4
2025-12-29,CALC-LUME-VER-44,Calça Lume,Vermelho,44,899.0,4,0
2026-01-05,CALC-LUME-VER-44,Calça Lume,Vermelho,44,899.0,12,0
2026-01-12,CALC-LUME-VER-44,Calça Lume,Vermelho,44,899.0,9,32
2026-01-19,CALC-LUME-VER-44,Calça Lume,Vermelho,44,899.0,10,22
2026-01-26,CALC-LUME-VER-44,Calça Lume,Vermelho,44,899.0,8,14
2026-02-02,CALC-LUME-VER-44,Calça Lume,Vermelho,44,899.0,8,6
2026-02-09,CALC-LUME-VER-44,Calça Lume,Vermelho,44,899.0,6,27
2026-02-16,CALC-LUME-VER-44,Calça Lume,Vermelho,44,899.0,13,14
2026-02-23,CALC-LUME-VER-44,Calça Lume,Vermelho,44,899.0,10,4
2026-03-02,CALC-LUME-VER-44,Calça Lume,Vermelho,44,899.0,6,0
2026-03-09,CALC-LUME-VER-44,Calça Lume,Vermelho,44,899.0,10,34
2026-03-16,CALC-LUME-VER-44,Calça Lume,Vermelho,44,899.0,5,29
2026-03-23,CALC-LUME-VER-44,Calça Lume,Vermelho,44,899.0,4,25
2026-03-30,CALC-LUME-VER-44,Calça Lume,Vermelho,44,899.0,5,20
2026-04-06,CALC-LUME-VER-44,Calça Lume,Vermelho,44,899.0,3,17
2026-04-13,CALC-LUME-VER-44,Calça Lume,Vermelho,44,899.0,9,8
2026-04-20,CALC-LUME-VER-44,Calça Lume,Vermelho,44,899.0,6,15
2026-04-27,CALC-LUME-VER-44,Calça Lume,Vermelho,44,899.0,5,10
2026-05-04,CALC-LUME-VER-44,Calça Lume,Vermelho,44,899.0,2,8
2026-05-11,CALC-LUME-VER-44,Calça Lume,Vermelho,44,899.0,2,6
2026-05-18,CALC-LUME-VER-44,Calça Lume,Vermelho,44,899.0,3,3
2026-05-25,CALC-LUME-VER-44,Calça Lume,Vermelho,44,899.0,4,15
2026-06-01,CALC-LUME-VER-44,Calça Lume,Vermelho,44,899.0,5,10
2026-06-08,CALC-LUME-VER-44,Calça Lume,Vermelho,44,899.0,3,24
2026-06-15,CALC-LUME-VER-44,Calça Lume,Vermelho,44,899.0,2,22
2026-06-22,CALC-LUME-VER-44,Calça Lume,Vermelho,44,899.0,5,17
2026-06-29,CALC-LUME-VER-44,Calça Lume,Vermelho,44,899.0,2,15
2026-07-06,CALC-LUME-VER-44,Calça Lume,Vermelho,44,899.0,3,12
2026-07-13,CALC-LUME-VER-44,Calça Lume,Vermelho,44,899.0,2,10
2026-07-20,CALC-LUME-VER-44,Calça Lume,Vermelho,44,899.0,6,24
2026-07-27,CALC-LUME-VER-44,Calça Lume,Vermelho,44,899.0,4,20
2026-08-03,CALC-LUME-VER-44,Calça Lume,Vermelho,44,899.0,6,14
2026-08-10,CALC-LUME-VER-44,Calça Lume,Vermelho,44,899.0,8,27
2026-08-17,CALC-LUME-VER-44,Calça Lume,Vermelho,44,899.0,1,26
2026-08-24,CALC-LUME-VER-44,Calça Lume,Vermelho,44,899.0,2,24
2025-09-01,CALC-LUME-OFF-34,Calça Lume,Off White,34,899.0,1,57
2025-09-08,CALC-LUME-OFF-34,Calça Lume,Off White,34,899.0,0,57
2025-09-15,CALC-LUME-OFF-34,Calça Lume,Off White,34,899.0,0,57
2025-09-22,CALC-LUME-OFF-34,Calça Lume,Off White,34,899.0,0,57
2025-09-29,CALC-LUME-OFF-34,Calça Lume,Off White,34,899.0,0,57
2025-10-06,CALC-LUME-OFF-34,Calça Lume,Off White,34,899.0,4,53
2025-10-13,CALC-LUME-OFF-34,Calça Lume,Off White,34,899.0,0,53
2025-10-20,CALC-LUME-OFF-34,Calça Lume,Off White,34,899.0,1,52
2025-10-27,CALC-LUME-OFF-34,Calça Lume,Off White,34,899.0,1,51
2025-11-03,CALC-LUME-OFF-34,Calça Lume,Off White,34,899.0,1,50
2025-11-10,CALC-LUME-OFF-34,Calça Lume,Off White,34,899.0,2,48
2025-11-17,CALC-LUME-OFF-34,Calça Lume,Off White,34,899.0,0,48
2025-11-24,CALC-LUME-OFF-34,Calça Lume,Off White,34,899.0,0,48
2025-12-01,CALC-LUME-OFF-34,Calça Lume,Off White,34,899.0,1,47
2025-12-08,CALC-LUME-OFF-34,Calça Lume,Off White,34,899.0,4,43
2025-12-15,CALC-LUME-OFF-34,Calça Lume,Off White,34,899.0,2,41
2025-12-22,CALC-LUME-OFF-34,Calça Lume,Off White,34,899.0,2,39
2025-12-29,CALC-LUME-OFF-34,Calça Lume,Off White,34,899.0,1,38
2026-01-05,CALC-LUME-OFF-34,Calça Lume,Off White,34,899.0,0,38
2026-01-12,CALC-LUME-OFF-34,Calça Lume,Off White,34,899.0,0,38
2026-01-19,CALC-LUME-OFF-34,Calça Lume,Off White,34,899.0,1,37
2026-01-26,CALC-LUME-OFF-34,Calça Lume,Off White,34,899.0,0,37
2026-02-02,CALC-LUME-OFF-34,Calça Lume,Off White,34,899.0,1,36
2026-02-09,CALC-LUME-OFF-34,Calça Lume,Off White,34,899.0,1,35
2026-02-16,CALC-LUME-OFF-34,Calça Lume,Off White,34,899.0,0,35
2026-02-23,CALC-LUME-OFF-34,Calça Lume,Off White,34,899.0,0,35
2026-03-02,CALC-LUME-OFF-34,Calça Lume,Off White,34,899.0,0,35
2026-03-09,CALC-LUME-OFF-34,Calça Lume,Off White,34,899.0,1,34
2026-03-16,CALC-LUME-OFF-34,Calça Lume,Off White,34,899.0,0,34
2026-03-23,CALC-LUME-OFF-34,Calça Lume,Off White,34,899.0,0,34
2026-03-30,CALC-LUME-OFF-34,Calça Lume,Off White,34,899.0,0,34
2026-04-06,CALC-LUME-OFF-34,Calça Lume,Off White,34,899.0,1,33
2026-04-13,CALC-LUME-OFF-34,Calça Lume,Off White,34,899.0,1,32
2026-04-20,CALC-LUME-OFF-34,Calça Lume,Off White,34,899.0,0,32
2026-04-27,CALC-LUME-OFF-34,Calça Lume,Off White,34,899.0,0,32
2026-05-04,CALC-LUME-OFF-34,Calça Lume,Off White,34,899.0,1,31
2026-05-11,CALC-LUME-OFF-34,Calça Lume,Off White,34,899.0,0,31
2026-05-18,CALC-LUME-OFF-34,Calça Lume,Off White,34,899.0,0,31
2026-05-25,CALC-LUME-OFF-34,Calça Lume,Off White,34,899.0,0,31
2026-06-01,CALC-LUME-OFF-34,Calça Lume,Off White,34,899.0,1,30
2026-06-08,CALC-LUME-OFF-34,Calça Lume,Off White,34,899.0,0,30
2026-06-15,CALC-LUME-OFF-34,Calça Lume,Off White,34,899.0,1,29
2026-06-22,CALC-LUME-OFF-34,Calça Lume,Off White,34,899.0,0,29
2026-06-29,CALC-LUME-OFF-34,Calça Lume,Off White,34,899.0,1,28
2026-07-06,CALC-LUME-OFF-34,Calça Lume,Off White,34,899.0,1,27
2026-07-13,CALC-LUME-OFF-34,Calça Lume,Off White,34,899.0,0,27
2026-07-20,CALC-LUME-OFF-34,Calça Lume,Off White,34,899.0,2,25
2026-07-27,CALC-LUME-OFF-34,Calça Lume,Off White,34,899.0,1,24
2026-08-03,CALC-LUME-OFF-34,Calça Lume,Off White,34,899.0,1,23
2026-08-10,CALC-LUME-OFF-34,Calça Lume,Off White,34,899.0,1,22
2026-08-17,CALC-LUME-OFF-34,Calça Lume,Off White,34,899.0,1,21
2026-08-24,CALC-LUME-OFF-34,Calça Lume,Off White,34,899.0,1,20
2025-09-01,CALC-LUME-OFF-36,Calça Lume,Off White,36,899.0,3,48
2025-09-08,CALC-LUME-OFF-36,Calça Lume,Off White,36,899.0,4,44
2025-09-15,CALC-LUME-OFF-36,Calça Lume,Off White,36,899.0,6,38
2025-09-22,CALC-LUME-OFF-36,Calça Lume,Off White,36,899.0,1,37
2025-09-29,CALC-LUME-OFF-36,Calça Lume,Off White,36,899.0,0,37
2025-10-06,CALC-LUME-OFF-36,Calça Lume,Off White,36,899.0,4,33
2025-10-13,CALC-LUME-OFF-36,Calça Lume,Off White,36,899.0,10,23
2025-10-20,CALC-LUME-OFF-36,Calça Lume,Off White,36,899.0,4,19
2025-10-27,CALC-LUME-OFF-36,Calça Lume,Off White,36,899.0,3,16
2025-11-03,CALC-LUME-OFF-36,Calça Lume,Off White,36,899.0,4,12
2025-11-10,CALC-LUME-OFF-36,Calça Lume,Off White,36,899.0,3,9
2025-11-17,CALC-LUME-OFF-36,Calça Lume,Off White,36,899.0,9,17
2025-11-24,CALC-LUME-OFF-36,Calça Lume,Off White,36,899.0,4,13
2025-12-01,CALC-LUME-OFF-36,Calça Lume,Off White,36,899.0,4,9
2025-12-08,CALC-LUME-OFF-36,Calça Lume,Off White,36,899.0,5,4
2025-12-15,CALC-LUME-OFF-36,Calça Lume,Off White,36,899.0,4,24
2025-12-22,CALC-LUME-OFF-36,Calça Lume,Off White,36,899.0,3,21
2025-12-29,CALC-LUME-OFF-36,Calça Lume,Off White,36,899.0,5,16
2026-01-05,CALC-LUME-OFF-36,Calça Lume,Off White,36,899.0,3,13
2026-01-12,CALC-LUME-OFF-36,Calça Lume,Off White,36,899.0,1,12
2026-01-19,CALC-LUME-OFF-36,Calça Lume,Off White,36,899.0,3,9
2026-01-26,CALC-LUME-OFF-36,Calça Lume,Off White,36,899.0,3,37
2026-02-02,CALC-LUME-OFF-36,Calça Lume,Off White,36,899.0,5,32
2026-02-09,CALC-LUME-OFF-36,Calça Lume,Off White,36,899.0,1,31
2026-02-16,CALC-LUME-OFF-36,Calça Lume,Off White,36,899.0,2,29
2026-02-23,CALC-LUME-OFF-36,Calça Lume,Off White,36,899.0,6,23
2026-03-02,CALC-LUME-OFF-36,Calça Lume,Off White,36,899.0,6,17
2026-03-09,CALC-LUME-OFF-36,Calça Lume,Off White,36,899.0,3,14
2026-03-16,CALC-LUME-OFF-36,Calça Lume,Off White,36,899.0,0,14
2026-03-23,CALC-LUME-OFF-36,Calça Lume,Off White,36,899.0,4,10
2026-03-30,CALC-LUME-OFF-36,Calça Lume,Off White,36,899.0,4,32
2026-04-06,CALC-LUME-OFF-36,Calça Lume,Off White,36,899.0,2,30
2026-04-13,CALC-LUME-OFF-36,Calça Lume,Off White,36,899.0,4,26
2026-04-20,CALC-LUME-OFF-36,Calça Lume,Off White,36,899.0,4,22
2026-04-27,CALC-LUME-OFF-36,Calça Lume,Off White,36,899.0,2,20
2026-05-04,CALC-LUME-OFF-36,Calça Lume,Off White,36,899.0,2,18
2026-05-11,CALC-LUME-OFF-36,Calça Lume,Off White,36,899.0,3,15
2026-05-18,CALC-LUME-OFF-36,Calça Lume,Off White,36,899.0,1,14
2026-05-25,CALC-LUME-OFF-36,Calça Lume,Off White,36,899.0,3,11
2026-06-01,CALC-LUME-OFF-36,Calça Lume,Off White,36,899.0,5,39
2026-06-08,CALC-LUME-OFF-36,Calça Lume,Off White,36,899.0,2,37
2026-06-15,CALC-LUME-OFF-36,Calça Lume,Off White,36,899.0,3,34
2026-06-22,CALC-LUME-OFF-36,Calça Lume,Off White,36,899.0,1,33
2026-06-29,CALC-LUME-OFF-36,Calça Lume,Off White,36,899.0,2,31
2026-07-06,CALC-LUME-OFF-36,Calça Lume,Off White,36,899.0,1,30
2026-07-13,CALC-LUME-OFF-36,Calça Lume,Off White,36,899.0,4,26
2026-07-20,CALC-LUME-OFF-36,Calça Lume,Off White,36,899.0,4,22
2026-07-27,CALC-LUME-OFF-36,Calça Lume,Off White,36,899.0,1,21
2026-08-03,CALC-LUME-OFF-36,Calça Lume,Off White,36,899.0,4,17
2026-08-10,CALC-LUME-OFF-36,Calça Lume,Off White,36,899.0,4,13
2026-08-17,CALC-LUME-OFF-36,Calça Lume,Off White,36,899.0,5,8
2026-08-24,CALC-LUME-OFF-36,Calça Lume,Off White,36,899.0,1,7
2025-09-01,CALC-LUME-OFF-38,Calça Lume,Off White,38,899.0,3,58
2025-09-08,CALC-LUME-OFF-38,Calça Lume,Off White,38,899.0,5,53
2025-09-15,CALC-LUME-OFF-38,Calça Lume,Off White,38,899.0,4,49
2025-09-22,CALC-LUME-OFF-38,Calça Lume,Off White,38,899.0,5,44
2025-09-29,CALC-LUME-OFF-38,Calça Lume,Off White,38,899.0,2,42
2025-10-06,CALC-LUME-OFF-38,Calça Lume,Off White,38,899.0,10,32
2025-10-13,CALC-LUME-OFF-38,Calça Lume,Off White,38,899.0,3,29
2025-10-20,CALC-LUME-OFF-38,Calça Lume,Off White,38,899.0,2,27
2025-10-27,CALC-LUME-OFF-38,Calça Lume,Off White,38,899.0,4,23
2025-11-03,CALC-LUME-OFF-38,Calça Lume,Off White,38,899.0,7,16
2025-11-10,CALC-LUME-OFF-38,Calça Lume,Off White,38,899.0,1,15
2025-11-17,CALC-LUME-OFF-38,Calça Lume,Off White,38,899.0,4,11
2025-11-24,CALC-LUME-OFF-38,Calça Lume,Off White,38,899.0,2,9
2025-12-01,CALC-LUME-OFF-38,Calça Lume,Off White,38,899.0,3,6
2025-12-08,CALC-LUME-OFF-38,Calça Lume,Off White,38,899.0,3,35
2025-12-15,CALC-LUME-OFF-38,Calça Lume,Off White,38,899.0,7,28
2025-12-22,CALC-LUME-OFF-38,Calça Lume,Off White,38,899.0,3,25
2025-12-29,CALC-LUME-OFF-38,Calça Lume,Off White,38,899.0,7,18
2026-01-05,CALC-LUME-OFF-38,Calça Lume,Off White,38,899.0,3,15
2026-01-12,CALC-LUME-OFF-38,Calça Lume,Off White,38,899.0,6,9
2026-01-19,CALC-LUME-OFF-38,Calça Lume,Off White,38,899.0,1,8
2026-01-26,CALC-LUME-OFF-38,Calça Lume,Off White,38,899.0,2,6
2026-02-02,CALC-LUME-OFF-38,Calça Lume,Off White,38,899.0,5,35
2026-02-09,CALC-LUME-OFF-38,Calça Lume,Off White,38,899.0,2,33
2026-02-16,CALC-LUME-OFF-38,Calça Lume,Off White,38,899.0,6,27
2026-02-23,CALC-LUME-OFF-38,Calça Lume,Off White,38,899.0,8,19
2026-03-02,CALC-LUME-OFF-38,Calça Lume,Off White,38,899.0,2,17
2026-03-09,CALC-LUME-OFF-38,Calça Lume,Off White,38,899.0,1,16
2026-03-16,CALC-LUME-OFF-38,Calça Lume,Off White,38,899.0,5,11
2026-03-23,CALC-LUME-OFF-38,Calça Lume,Off White,38,899.0,1,10
2026-03-30,CALC-LUME-OFF-38,Calça Lume,Off White,38,899.0,4,6
2026-04-06,CALC-LUME-OFF-38,Calça Lume,Off White,38,899.0,4,2
2026-04-13,CALC-LUME-OFF-38,Calça Lume,Off White,38,899.0,1,16
2026-04-20,CALC-LUME-OFF-38,Calça Lume,Off White,38,899.0,3,13
2026-04-27,CALC-LUME-OFF-38,Calça Lume,Off White,38,899.0,3,10
2026-05-04,CALC-LUME-OFF-38,Calça Lume,Off White,38,899.0,3,7
2026-05-11,CALC-LUME-OFF-38,Calça Lume,Off White,38,899.0,2,34
2026-05-18,CALC-LUME-OFF-38,Calça Lume,Off White,38,899.0,1,33
2026-05-25,CALC-LUME-OFF-38,Calça Lume,Off White,38,899.0,2,31
2026-06-01,CALC-LUME-OFF-38,Calça Lume,Off White,38,899.0,2,29
2026-06-08,CALC-LUME-OFF-38,Calça Lume,Off White,38,899.0,4,25
2026-06-15,CALC-LUME-OFF-38,Calça Lume,Off White,38,899.0,4,21
2026-06-22,CALC-LUME-OFF-38,Calça Lume,Off White,38,899.0,1,20
2026-06-29,CALC-LUME-OFF-38,Calça Lume,Off White,38,899.0,3,17
2026-07-06,CALC-LUME-OFF-38,Calça Lume,Off White,38,899.0,3,14
2026-07-13,CALC-LUME-OFF-38,Calça Lume,Off White,38,899.0,2,12
2026-07-20,CALC-LUME-OFF-38,Calça Lume,Off White,38,899.0,1,11
2026-07-27,CALC-LUME-OFF-38,Calça Lume,Off White,38,899.0,4,7
2026-08-03,CALC-LUME-OFF-38,Calça Lume,Off White,38,899.0,4,3
2026-08-10,CALC-LUME-OFF-38,Calça Lume,Off White,38,899.0,3,29
2026-08-17,CALC-LUME-OFF-38,Calça Lume,Off White,38,899.0,2,27
2026-08-24,CALC-LUME-OFF-38,Calça Lume,Off White,38,899.0,1,26
2025-09-01,CALC-LUME-OFF-40,Calça Lume,Off White,40,899.0,0,59
2025-09-08,CALC-LUME-OFF-40,Calça Lume,Off White,40,899.0,4,55
2025-09-15,CALC-LUME-OFF-40,Calça Lume,Off White,40,899.0,0,55
2025-09-22,CALC-LUME-OFF-40,Calça Lume,Off White,40,899.0,1,54
2025-09-29,CALC-LUME-OFF-40,Calça Lume,Off White,40,899.0,1,53
2025-10-06,CALC-LUME-OFF-40,Calça Lume,Off White,40,899.0,3,50
2025-10-13,CALC-LUME-OFF-40,Calça Lume,Off White,40,899.0,2,48
2025-10-20,CALC-LUME-OFF-40,Calça Lume,Off White,40,899.0,4,44
2025-10-27,CALC-LUME-OFF-40,Calça Lume,Off White,40,899.0,5,39
2025-11-03,CALC-LUME-OFF-40,Calça Lume,Off White,40,899.0,3,36
2025-11-10,CALC-LUME-OFF-40,Calça Lume,Off White,40,899.0,2,34
2025-11-17,CALC-LUME-OFF-40,Calça Lume,Off White,40,899.0,2,32
2025-11-24,CALC-LUME-OFF-40,Calça Lume,Off White,40,899.0,9,23
2025-12-01,CALC-LUME-OFF-40,Calça Lume,Off White,40,899.0,3,20
2025-12-08,CALC-LUME-OFF-40,Calça Lume,Off White,40,899.0,2,18
2025-12-15,CALC-LUME-OFF-40,Calça Lume,Off White,40,899.0,2,16
2025-12-22,CALC-LUME-OFF-40,Calça Lume,Off White,40,899.0,2,14
2025-12-29,CALC-LUME-OFF-40,Calça Lume,Off White,40,899.0,1,13
2026-01-05,CALC-LUME-OFF-40,Calça Lume,Off White,40,899.0,2,11
2026-01-12,CALC-LUME-OFF-40,Calça Lume,Off White,40,899.0,0,11
2026-01-19,CALC-LUME-OFF-40,Calça Lume,Off White,40,899.0,0,11
2026-01-26,CALC-LUME-OFF-40,Calça Lume,Off White,40,899.0,2,9
2026-02-02,CALC-LUME-OFF-40,Calça Lume,Off White,40,899.0,6,25
2026-02-09,CALC-LUME-OFF-40,Calça Lume,Off White,40,899.0,3,22
2026-02-16,CALC-LUME-OFF-40,Calça Lume,Off White,40,899.0,2,20
2026-02-23,CALC-LUME-OFF-40,Calça Lume,Off White,40,899.0,1,19
2026-03-02,CALC-LUME-OFF-40,Calça Lume,Off White,40,899.0,2,17
2026-03-09,CALC-LUME-OFF-40,Calça Lume,Off White,40,899.0,1,16
2026-03-16,CALC-LUME-OFF-40,Calça Lume,Off White,40,899.0,2,14
2026-03-23,CALC-LUME-OFF-40,Calça Lume,Off White,40,899.0,1,13
2026-03-30,CALC-LUME-OFF-40,Calça Lume,Off White,40,899.0,4,9
2026-04-06,CALC-LUME-OFF-40,Calça Lume,Off White,40,899.0,2,7
2026-04-13,CALC-LUME-OFF-40,Calça Lume,Off White,40,899.0,0,25
2026-04-20,CALC-LUME-OFF-40,Calça Lume,Off White,40,899.0,0,25
2026-04-27,CALC-LUME-OFF-40,Calça Lume,Off White,40,899.0,1,24
2026-05-04,CALC-LUME-OFF-40,Calça Lume,Off White,40,899.0,3,21
2026-05-11,CALC-LUME-OFF-40,Calça Lume,Off White,40,899.0,3,18
2026-05-18,CALC-LUME-OFF-40,Calça Lume,Off White,40,899.0,1,17
2026-05-25,CALC-LUME-OFF-40,Calça Lume,Off White,40,899.0,1,16
2026-06-01,CALC-LUME-OFF-40,Calça Lume,Off White,40,899.0,3,13
2026-06-08,CALC-LUME-OFF-40,Calça Lume,Off White,40,899.0,2,11
2026-06-15,CALC-LUME-OFF-40,Calça Lume,Off White,40,899.0,1,10
2026-06-22,CALC-LUME-OFF-40,Calça Lume,Off White,40,899.0,1,9
2026-06-29,CALC-LUME-OFF-40,Calça Lume,Off White,40,899.0,1,8
2026-07-06,CALC-LUME-OFF-40,Calça Lume,Off White,40,899.0,1,40
2026-07-13,CALC-LUME-OFF-40,Calça Lume,Off White,40,899.0,0,40
2026-07-20,CALC-LUME-OFF-40,Calça Lume,Off White,40,899.0,2,38
2026-07-27,CALC-LUME-OFF-40,Calça Lume,Off White,40,899.0,0,38
2026-08-03,CALC-LUME-OFF-40,Calça Lume,Off White,40,899.0,1,37
2026-08-10,CALC-LUME-OFF-40,Calça Lume,Off White,40,899.0,1,36
2026-08-17,CALC-LUME-OFF-40,Calça Lume,Off White,40,899.0,3,33
2026-08-24,CALC-LUME-OFF-40,Calça Lume,Off White,40,899.0,1,32
2025-09-01,CALC-LUME-OFF-42,Calça Lume,Off White,42,899.0,5,29
2025-09-08,CALC-LUME-OFF-42,Calça Lume,Off White,42,899.0,3,26
2025-09-15,CALC-LUME-OFF-42,Calça Lume,Off White,42,899.0,5,21
2025-09-22,CALC-LUME-OFF-42,Calça Lume,Off White,42,899.0,3,18
2025-09-29,CALC-LUME-OFF-42,Calça Lume,Off White,42,899.0,8,10
2025-10-06,CALC-LUME-OFF-42,Calça Lume,Off White,42,899.0,3,31
2025-10-13,CALC-LUME-OFF-42,Calça Lume,Off White,42,899.0,1,30
2025-10-20,CALC-LUME-OFF-42,Calça Lume,Off White,42,899.0,3,27
2025-10-27,CALC-LUME-OFF-42,Calça Lume,Off White,42,899.0,4,23
2025-11-03,CALC-LUME-OFF-42,Calça Lume,Off White,42,899.0,5,18
2025-11-10,CALC-LUME-OFF-42,Calça Lume,Off White,42,899.0,1,17
2025-11-17,CALC-LUME-OFF-42,Calça Lume,Off White,42,899.0,1,16
2025-11-24,CALC-LUME-OFF-42,Calça Lume,Off White,42,899.0,2,14
2025-12-01,CALC-LUME-OFF-42,Calça Lume,Off White,42,899.0,2,12
2025-12-08,CALC-LUME-OFF-42,Calça Lume,Off White,42,899.0,7,5
2025-12-15,CALC-LUME-OFF-42,Calça Lume,Off White,42,899.0,5,28
2025-12-22,CALC-LUME-OFF-42,Calça Lume,Off White,42,899.0,7,21
2025-12-29,CALC-LUME-OFF-42,Calça Lume,Off White,42,899.0,2,19
2026-01-05,CALC-LUME-OFF-42,Calça Lume,Off White,42,899.0,7,12
2026-01-12,CALC-LUME-OFF-42,Calça Lume,Off White,42,899.0,2,10
2026-01-19,CALC-LUME-OFF-42,Calça Lume,Off White,42,899.0,3,7
2026-01-26,CALC-LUME-OFF-42,Calça Lume,Off White,42,899.0,7,0
2026-02-02,CALC-LUME-OFF-42,Calça Lume,Off White,42,899.0,3,0
2026-02-09,CALC-LUME-OFF-42,Calça Lume,Off White,42,899.0,4,0
2026-02-16,CALC-LUME-OFF-42,Calça Lume,Off White,42,899.0,7,24
2026-02-23,CALC-LUME-OFF-42,Calça Lume,Off White,42,899.0,1,23
2026-03-02,CALC-LUME-OFF-42,Calça Lume,Off White,42,899.0,0,23
2026-03-09,CALC-LUME-OFF-42,Calça Lume,Off White,42,899.0,2,21
2026-03-16,CALC-LUME-OFF-42,Calça Lume,Off White,42,899.0,1,20
2026-03-23,CALC-LUME-OFF-42,Calça Lume,Off White,42,899.0,1,19
2026-03-30,CALC-LUME-OFF-42,Calça Lume,Off White,42,899.0,5,14
2026-04-06,CALC-LUME-OFF-42,Calça Lume,Off White,42,899.0,2,12
2026-04-13,CALC-LUME-OFF-42,Calça Lume,Off White,42,899.0,3,9
2026-04-20,CALC-LUME-OFF-42,Calça Lume,Off White,42,899.0,2,7
2026-04-27,CALC-LUME-OFF-42,Calça Lume,Off White,42,899.0,1,6
2026-05-04,CALC-LUME-OFF-42,Calça Lume,Off White,42,899.0,1,5
2026-05-11,CALC-LUME-OFF-42,Calça Lume,Off White,42,899.0,1,25
2026-05-18,CALC-LUME-OFF-42,Calça Lume,Off White,42,899.0,2,23
2026-05-25,CALC-LUME-OFF-42,Calça Lume,Off White,42,899.0,2,21
2026-06-01,CALC-LUME-OFF-42,Calça Lume,Off White,42,899.0,2,19
2026-06-08,CALC-LUME-OFF-42,Calça Lume,Off White,42,899.0,2,17
2026-06-15,CALC-LUME-OFF-42,Calça Lume,Off White,42,899.0,1,16
2026-06-22,CALC-LUME-OFF-42,Calça Lume,Off White,42,899.0,0,16
2026-06-29,CALC-LUME-OFF-42,Calça Lume,Off White,42,899.0,1,15
2026-07-06,CALC-LUME-OFF-42,Calça Lume,Off White,42,899.0,4,11
2026-07-13,CALC-LUME-OFF-42,Calça Lume,Off White,42,899.0,1,10
2026-07-20,CALC-LUME-OFF-42,Calça Lume,Off White,42,899.0,1,9
2026-07-27,CALC-LUME-OFF-42,Calça Lume,Off White,42,899.0,0,9
2026-08-03,CALC-LUME-OFF-42,Calça Lume,Off White,42,899.0,5,4
2026-08-10,CALC-LUME-OFF-42,Calça Lume,Off White,42,899.0,3,33
2026-08-17,CALC-LUME-OFF-42,Calça Lume,Off White,42,899.0,3,30
2026-08-24,CALC-LUME-OFF-42,Calça Lume,Off White,42,899.0,3,27
2025-09-01,CALC-LUME-OFF-44,Calça Lume,Off White,44,899.0,2,25
2025-09-08,CALC-LUME-OFF-44,Calça Lume,Off White,44,899.0,4,21
2025-09-15,CALC-LUME-OFF-44,Calça Lume,Off White,44,899.0,3,18
2025-09-22,CALC-LUME-OFF-44,Calça Lume,Off White,44,899.0,8,10
2025-09-29,CALC-LUME-OFF-44,Calça Lume,Off White,44,899.0,1,9
2025-10-06,CALC-LUME-OFF-44,Calça Lume,Off White,44,899.0,5,4
2025-10-13,CALC-LUME-OFF-44,Calça Lume,Off White,44,899.0,2,2
2025-10-20,CALC-LUME-OFF-44,Calça Lume,Off White,44,899.0,4,0
2025-10-27,CALC-LUME-OFF-44,Calça Lume,Off White,44,899.0,3,0
2025-11-03,CALC-LUME-OFF-44,Calça Lume,Off White,44,899.0,10,27
2025-11-10,CALC-LUME-OFF-44,Calça Lume,Off White,44,899.0,4,23
2025-11-17,CALC-LUME-OFF-44,Calça Lume,Off White,44,899.0,3,20
2025-11-24,CALC-LUME-OFF-44,Calça Lume,Off White,44,899.0,4,16
2025-12-01,CALC-LUME-OFF-44,Calça Lume,Off White,44,899.0,7,9
2025-12-08,CALC-LUME-OFF-44,Calça Lume,Off White,44,899.0,8,1
2025-12-15,CALC-LUME-OFF-44,Calça Lume,Off White,44,899.0,6,0
2025-12-22,CALC-LUME-OFF-44,Calça Lume,Off White,44,899.0,3,0
2025-12-29,CALC-LUME-OFF-44,Calça Lume,Off White,44,899.0,9,18
2026-01-05,CALC-LUME-OFF-44,Calça Lume,Off White,44,899.0,6,12
2026-01-12,CALC-LUME-OFF-44,Calça Lume,Off White,44,899.0,4,8
2026-01-19,CALC-LUME-OFF-44,Calça Lume,Off White,44,899.0,6,2
2026-01-26,CALC-LUME-OFF-44,Calça Lume,Off White,44,899.0,8,0
2026-02-02,CALC-LUME-OFF-44,Calça Lume,Off White,44,899.0,6,20
2026-02-09,CALC-LUME-OFF-44,Calça Lume,Off White,44,899.0,5,15
2026-02-16,CALC-LUME-OFF-44,Calça Lume,Off White,44,899.0,4,11
2026-02-23,CALC-LUME-OFF-44,Calça Lume,Off White,44,899.0,6,5
2026-03-02,CALC-LUME-OFF-44,Calça Lume,Off White,44,899.0,7,19
2026-03-09,CALC-LUME-OFF-44,Calça Lume,Off White,44,899.0,2,17
2026-03-16,CALC-LUME-OFF-44,Calça Lume,Off White,44,899.0,6,11
2026-03-23,CALC-LUME-OFF-44,Calça Lume,Off White,44,899.0,5,6
2026-03-30,CALC-LUME-OFF-44,Calça Lume,Off White,44,899.0,2,24
2026-04-06,CALC-LUME-OFF-44,Calça Lume,Off White,44,899.0,3,21
2026-04-13,CALC-LUME-OFF-44,Calça Lume,Off White,44,899.0,2,19
2026-04-20,CALC-LUME-OFF-44,Calça Lume,Off White,44,899.0,3,16
2026-04-27,CALC-LUME-OFF-44,Calça Lume,Off White,44,899.0,4,12
2026-05-04,CALC-LUME-OFF-44,Calça Lume,Off White,44,899.0,6,6
2026-05-11,CALC-LUME-OFF-44,Calça Lume,Off White,44,899.0,5,22
2026-05-18,CALC-LUME-OFF-44,Calça Lume,Off White,44,899.0,1,21
2026-05-25,CALC-LUME-OFF-44,Calça Lume,Off White,44,899.0,1,20
2026-06-01,CALC-LUME-OFF-44,Calça Lume,Off White,44,899.0,3,17
2026-06-08,CALC-LUME-OFF-44,Calça Lume,Off White,44,899.0,4,13
2026-06-15,CALC-LUME-OFF-44,Calça Lume,Off White,44,899.0,4,9
2026-06-22,CALC-LUME-OFF-44,Calça Lume,Off White,44,899.0,3,6
2026-06-29,CALC-LUME-OFF-44,Calça Lume,Off White,44,899.0,4,34
2026-07-06,CALC-LUME-OFF-44,Calça Lume,Off White,44,899.0,5,29
2026-07-13,CALC-LUME-OFF-44,Calça Lume,Off White,44,899.0,3,26
2026-07-20,CALC-LUME-OFF-44,Calça Lume,Off White,44,899.0,2,24
2026-07-27,CALC-LUME-OFF-44,Calça Lume,Off White,44,899.0,2,22
2026-08-03,CALC-LUME-OFF-44,Calça Lume,Off White,44,899.0,3,19
2026-08-10,CALC-LUME-OFF-44,Calça Lume,Off White,44,899.0,2,17
2026-08-17,CALC-LUME-OFF-44,Calça Lume,Off White,44,899.0,3,14
2026-08-24,CALC-LUME-OFF-44,Calça Lume,Off White,44,899.0,2,12
2025-09-01,CALC-LUME-AZU-34,Calça Lume,Azul,34,899.0,8,22
2025-09-08,CALC-LUME-AZU-34,Calça Lume,Azul,34,899.0,7,15
2025-09-15,CALC-LUME-AZU-34,Calça Lume,Azul,34,899.0,4,11
2025-09-22,CALC-LUME-AZU-34,Calça Lume,Azul,34,899.0,7,4
2025-09-29,CALC-LUME-AZU-34,Calça Lume,Azul,34,899.0,7,0
2025-10-06,CALC-LUME-AZU-34,Calça Lume,Azul,34,899.0,8,0
2025-10-13,CALC-LUME-AZU-34,Calça Lume,Azul,34,899.0,4,0
2025-10-20,CALC-LUME-AZU-34,Calça Lume,Azul,34,899.0,3,0
2025-10-27,CALC-LUME-AZU-34,Calça Lume,Azul,34,899.0,4,0
2025-11-03,CALC-LUME-AZU-34,Calça Lume,Azul,34,899.0,3,17
2025-11-10,CALC-LUME-AZU-34,Calça Lume,Azul,34,899.0,1,16
2025-11-17,CALC-LUME-AZU-34,Calça Lume,Azul,34,899.0,3,13
2025-11-24,CALC-LUME-AZU-34,Calça Lume,Azul,34,899.0,6,7
2025-12-01,CALC-LUME-AZU-34,Calça Lume,Azul,34,899.0,4,21
2025-12-08,CALC-LUME-AZU-34,Calça Lume,Azul,34,899.0,3,18
2025-12-15,CALC-LUME-AZU-34,Calça Lume,Azul,34,899.0,3,15
2025-12-22,CALC-LUME-AZU-34,Calça Lume,Azul,34,899.0,5,10
2025-12-29,CALC-LUME-AZU-34,Calça Lume,Azul,34,899.0,6,38
2026-01-05,CALC-LUME-AZU-34,Calça Lume,Azul,34,899.0,8,30
2026-01-12,CALC-LUME-AZU-34,Calça Lume,Azul,34,899.0,6,24
2026-01-19,CALC-LUME-AZU-34,Calça Lume,Azul,34,899.0,4,20
2026-01-26,CALC-LUME-AZU-34,Calça Lume,Azul,34,899.0,3,17
2026-02-02,CALC-LUME-AZU-34,Calça Lume,Azul,34,899.0,5,12
2026-02-09,CALC-LUME-AZU-34,Calça Lume,Azul,34,899.0,0,12
2026-02-16,CALC-LUME-AZU-34,Calça Lume,Azul,34,899.0,4,8
2026-02-23,CALC-LUME-AZU-34,Calça Lume,Azul,34,899.0,4,4
2026-03-02,CALC-LUME-AZU-34,Calça Lume,Azul,34,899.0,2,2
2026-03-09,CALC-LUME-AZU-34,Calça Lume,Azul,34,899.0,1,18
2026-03-16,CALC-LUME-AZU-34,Calça Lume,Azul,34,899.0,8,10
2026-03-23,CALC-LUME-AZU-34,Calça Lume,Azul,34,899.0,4,6
2026-03-30,CALC-LUME-AZU-34,Calça Lume,Azul,34,899.0,3,3
2026-04-06,CALC-LUME-AZU-34,Calça Lume,Azul,34,899.0,1,28
2026-04-13,CALC-LUME-AZU-34,Calça Lume,Azul,34,899.0,3,25
2026-04-20,CALC-LUME-AZU-34,Calça Lume,Azul,34,899.0,2,23
2026-04-27,CALC-LUME-AZU-34,Calça Lume,Azul,34,899.0,1,22
2026-05-04,CALC-LUME-AZU-34,Calça Lume,Azul,34,899.0,1,21
2026-05-11,CALC-LUME-AZU-34,Calça Lume,Azul,34,899.0,2,19
2026-05-18,CALC-LUME-AZU-34,Calça Lume,Azul,34,899.0,4,15
2026-05-25,CALC-LUME-AZU-34,Calça Lume,Azul,34,899.0,2,13
2026-06-01,CALC-LUME-AZU-34,Calça Lume,Azul,34,899.0,2,11
2026-06-08,CALC-LUME-AZU-34,Calça Lume,Azul,34,899.0,1,10
2026-06-15,CALC-LUME-AZU-34,Calça Lume,Azul,34,899.0,2,8
2026-06-22,CALC-LUME-AZU-34,Calça Lume,Azul,34,899.0,2,6
2026-06-29,CALC-LUME-AZU-34,Calça Lume,Azul,34,899.0,2,4
2026-07-06,CALC-LUME-AZU-34,Calça Lume,Azul,34,899.0,2,2
2026-07-13,CALC-LUME-AZU-34,Calça Lume,Azul,34,899.0,4,0
2026-07-20,CALC-LUME-AZU-34,Calça Lume,Azul,34,899.0,3,28
2026-07-27,CALC-LUME-AZU-34,Calça Lume,Azul,34,899.0,3,25
2026-08-03,CALC-LUME-AZU-34,Calça Lume,Azul,34,899.0,1,24
2026-08-10,CALC-LUME-AZU-34,Calça Lume,Azul,34,899.0,2,22
2026-08-17,CALC-LUME-AZU-34,Calça Lume,Azul,34,899.0,2,20
2026-08-24,CALC-LUME-AZU-34,Calça Lume,Azul,34,899.0,3,17
2025-09-01,CALC-LUME-AZU-36,Calça Lume,Azul,36,899.0,4,27
2025-09-08,CALC-LUME-AZU-36,Calça Lume,Azul,36,899.0,3,24
2025-09-15,CALC-LUME-AZU-36,Calça Lume,Azul,36,899.0,2,22
2025-09-22,CALC-LUME-AZU-36,Calça Lume,Azul,36,899.0,1,21
2025-09-29,CALC-LUME-AZU-36,Calça Lume,Azul,36,899.0,2,19
2025-10-06,CALC-LUME-AZU-36,Calça Lume,Azul,36,899.0,2,17
2025-10-13,CALC-LUME-AZU-36,Calça Lume,Azul,36,899.0,4,13
2025-10-20,CALC-LUME-AZU-36,Calça Lume,Azul,36,899.0,1,12
2025-10-27,CALC-LUME-AZU-36,Calça Lume,Azul,36,899.0,7,5
2025-11-03,CALC-LUME-AZU-36,Calça Lume,Azul,36,899.0,3,34
2025-11-10,CALC-LUME-AZU-36,Calça Lume,Azul,36,899.0,3,31
2025-11-17,CALC-LUME-AZU-36,Calça Lume,Azul,36,899.0,6,25
2025-11-24,CALC-LUME-AZU-36,Calça Lume,Azul,36,899.0,9,16
2025-12-01,CALC-LUME-AZU-36,Calça Lume,Azul,36,899.0,5,11
2025-12-08,CALC-LUME-AZU-36,Calça Lume,Azul,36,899.0,4,7
2025-12-15,CALC-LUME-AZU-36,Calça Lume,Azul,36,899.0,6,1
2025-12-22,CALC-LUME-AZU-36,Calça Lume,Azul,36,899.0,3,0
2025-12-29,CALC-LUME-AZU-36,Calça Lume,Azul,36,899.0,4,0
2026-01-05,CALC-LUME-AZU-36,Calça Lume,Azul,36,899.0,2,34
2026-01-12,CALC-LUME-AZU-36,Calça Lume,Azul,36,899.0,2,32
2026-01-19,CALC-LUME-AZU-36,Calça Lume,Azul,36,899.0,5,27
2026-01-26,CALC-LUME-AZU-36,Calça Lume,Azul,36,899.0,6,21
2026-02-02,CALC-LUME-AZU-36,Calça Lume,Azul,36,899.0,4,17
2026-02-09,CALC-LUME-AZU-36,Calça Lume,Azul,36,899.0,3,14
2026-02-16,CALC-LUME-AZU-36,Calça Lume,Azul,36,899.0,5,9
2026-02-23,CALC-LUME-AZU-36,Calça Lume,Azul,36,899.0,0,9
2026-03-02,CALC-LUME-AZU-36,Calça Lume,Azul,36,899.0,2,7
2026-03-09,CALC-LUME-AZU-36,Calça Lume,Azul,36,899.0,4,37
2026-03-16,CALC-LUME-AZU-36,Calça Lume,Azul,36,899.0,7,30
2026-03-23,CALC-LUME-AZU-36,Calça Lume,Azul,36,899.0,5,25
2026-03-30,CALC-LUME-AZU-36,Calça Lume,Azul,36,899.0,3,22
2026-04-06,CALC-LUME-AZU-36,Calça Lume,Azul,36,899.0,5,17
2026-04-13,CALC-LUME-AZU-36,Calça Lume,Azul,36,899.0,3,14
2026-04-20,CALC-LUME-AZU-36,Calça Lume,Azul,36,899.0,5,9
2026-04-27,CALC-LUME-AZU-36,Calça Lume,Azul,36,899.0,0,9
2026-05-04,CALC-LUME-AZU-36,Calça Lume,Azul,36,899.0,3,6
2026-05-11,CALC-LUME-AZU-36,Calça Lume,Azul,36,899.0,1,31
2026-05-18,CALC-LUME-AZU-36,Calça Lume,Azul,36,899.0,1,30
2026-05-25,CALC-LUME-AZU-36,Calça Lume,Azul,36,899.0,6,24
2026-06-01,CALC-LUME-AZU-36,Calça Lume,Azul,36,899.0,2,22
2026-06-08,CALC-LUME-AZU-36,Calça Lume,Azul,36,899.0,0,22
2026-06-15,CALC-LUME-AZU-36,Calça Lume,Azul,36,899.0,2,20
2026-06-22,CALC-LUME-AZU-36,Calça Lume,Azul,36,899.0,2,18
2026-06-29,CALC-LUME-AZU-36,Calça Lume,Azul,36,899.0,3,15
2026-07-06,CALC-LUME-AZU-36,Calça Lume,Azul,36,899.0,3,12
2026-07-13,CALC-LUME-AZU-36,Calça Lume,Azul,36,899.0,1,11
2026-07-20,CALC-LUME-AZU-36,Calça Lume,Azul,36,899.0,0,11
2026-07-27,CALC-LUME-AZU-36,Calça Lume,Azul,36,899.0,2,9
2026-08-03,CALC-LUME-AZU-36,Calça Lume,Azul,36,899.0,5,25
2026-08-10,CALC-LUME-AZU-36,Calça Lume,Azul,36,899.0,2,23
2026-08-17,CALC-LUME-AZU-36,Calça Lume,Azul,36,899.0,3,20
2026-08-24,CALC-LUME-AZU-36,Calça Lume,Azul,36,899.0,0,20
2025-09-01,CALC-LUME-AZU-38,Calça Lume,Azul,38,899.0,2,41
2025-09-08,CALC-LUME-AZU-38,Calça Lume,Azul,38,899.0,0,41
2025-09-15,CALC-LUME-AZU-38,Calça Lume,Azul,38,899.0,2,39
2025-09-22,CALC-LUME-AZU-38,Calça Lume,Azul,38,899.0,4,35
2025-09-29,CALC-LUME-AZU-38,Calça Lume,Azul,38,899.0,4,31
2025-10-06,CALC-LUME-AZU-38,Calça Lume,Azul,38,899.0,3,28
2025-10-13,CALC-LUME-AZU-38,Calça Lume,Azul,38,899.0,4,24
2025-10-20,CALC-LUME-AZU-38,Calça Lume,Azul,38,899.0,2,22
2025-10-27,CALC-LUME-AZU-38,Calça Lume,Azul,38,899.0,0,22
2025-11-03,CALC-LUME-AZU-38,Calça Lume,Azul,38,899.0,2,20
2025-11-10,CALC-LUME-AZU-38,Calça Lume,Azul,38,899.0,3,17
2025-11-17,CALC-LUME-AZU-38,Calça Lume,Azul,38,899.0,7,10
2025-11-24,CALC-LUME-AZU-38,Calça Lume,Azul,38,899.0,2,8
2025-12-01,CALC-LUME-AZU-38,Calça Lume,Azul,38,899.0,2,6
2025-12-08,CALC-LUME-AZU-38,Calça Lume,Azul,38,899.0,1,5
2025-12-15,CALC-LUME-AZU-38,Calça Lume,Azul,38,899.0,0,5
2025-12-22,CALC-LUME-AZU-38,Calça Lume,Azul,38,899.0,0,5
2025-12-29,CALC-LUME-AZU-38,Calça Lume,Azul,38,899.0,2,30
2026-01-05,CALC-LUME-AZU-38,Calça Lume,Azul,38,899.0,5,25
2026-01-12,CALC-LUME-AZU-38,Calça Lume,Azul,38,899.0,3,22
2026-01-19,CALC-LUME-AZU-38,Calça Lume,Azul,38,899.0,1,21
2026-01-26,CALC-LUME-AZU-38,Calça Lume,Azul,38,899.0,1,20
2026-02-02,CALC-LUME-AZU-38,Calça Lume,Azul,38,899.0,3,17
2026-02-09,CALC-LUME-AZU-38,Calça Lume,Azul,38,899.0,2,15
2026-02-16,CALC-LUME-AZU-38,Calça Lume,Azul,38,899.0,1,14
2026-02-23,CALC-LUME-AZU-38,Calça Lume,Azul,38,899.0,1,13
2026-03-02,CALC-LUME-AZU-38,Calça Lume,Azul,38,899.0,1,12
2026-03-09,CALC-LUME-AZU-38,Calça Lume,Azul,38,899.0,2,10
2026-03-16,CALC-LUME-AZU-38,Calça Lume,Azul,38,899.0,0,10
2026-03-23,CALC-LUME-AZU-38,Calça Lume,Azul,38,899.0,0,10
2026-03-30,CALC-LUME-AZU-38,Calça Lume,Azul,38,899.0,3,19
2026-04-06,CALC-LUME-AZU-38,Calça Lume,Azul,38,899.0,3,16
2026-04-13,CALC-LUME-AZU-38,Calça Lume,Azul,38,899.0,3,13
2026-04-20,CALC-LUME-AZU-38,Calça Lume,Azul,38,899.0,1,12
2026-04-27,CALC-LUME-AZU-38,Calça Lume,Azul,38,899.0,1,11
2026-05-04,CALC-LUME-AZU-38,Calça Lume,Azul,38,899.0,1,10
2026-05-11,CALC-LUME-AZU-38,Calça Lume,Azul,38,899.0,2,8
2026-05-18,CALC-LUME-AZU-38,Calça Lume,Azul,38,899.0,1,27
2026-05-25,CALC-LUME-AZU-38,Calça Lume,Azul,38,899.0,1,26
2026-06-01,CALC-LUME-AZU-38,Calça Lume,Azul,38,899.0,1,25
2026-06-08,CALC-LUME-AZU-38,Calça Lume,Azul,38,899.0,3,22
2026-06-15,CALC-LUME-AZU-38,Calça Lume,Azul,38,899.0,1,21
2026-06-22,CALC-LUME-AZU-38,Calça Lume,Azul,38,899.0,2,19
2026-06-29,CALC-LUME-AZU-38,Calça Lume,Azul,38,899.0,1,18
2026-07-06,CALC-LUME-AZU-38,Calça Lume,Azul,38,899.0,1,17
2026-07-13,CALC-LUME-AZU-38,Calça Lume,Azul,38,899.0,1,16
2026-07-20,CALC-LUME-AZU-38,Calça Lume,Azul,38,899.0,0,16
2026-07-27,CALC-LUME-AZU-38,Calça Lume,Azul,38,899.0,3,13
2026-08-03,CALC-LUME-AZU-38,Calça Lume,Azul,38,899.0,1,12
2026-08-10,CALC-LUME-AZU-38,Calça Lume,Azul,38,899.0,4,8
2026-08-17,CALC-LUME-AZU-38,Calça Lume,Azul,38,899.0,4,4
2026-08-24,CALC-LUME-AZU-38,Calça Lume,Azul,38,899.0,1,3
2025-09-01,CALC-LUME-AZU-40,Calça Lume,Azul,40,899.0,3,25
2025-09-08,CALC-LUME-AZU-40,Calça Lume,Azul,40,899.0,8,17
2025-09-15,CALC-LUME-AZU-40,Calça Lume,Azul,40,899.0,4,13
2025-09-22,CALC-LUME-AZU-40,Calça Lume,Azul,40,899.0,5,8
2025-09-29,CALC-LUME-AZU-40,Calça Lume,Azul,40,899.0,4,4
2025-10-06,CALC-LUME-AZU-40,Calça Lume,Azul,40,899.0,11,0
2025-10-13,CALC-LUME-AZU-40,Calça Lume,Azul,40,899.0,5,0
2025-10-20,CALC-LUME-AZU-40,Calça Lume,Azul,40,899.0,6,0
2025-10-27,CALC-LUME-AZU-40,Calça Lume,Azul,40,899.0,3,0
2025-11-03,CALC-LUME-AZU-40,Calça Lume,Azul,40,899.0,6,0
2025-11-10,CALC-LUME-AZU-40,Calça Lume,Azul,40,899.0,1,0
2025-11-17,CALC-LUME-AZU-40,Calça Lume,Azul,40,899.0,5,0
2025-11-24,CALC-LUME-AZU-40,Calça Lume,Azul,40,899.0,8,0
2025-12-01,CALC-LUME-AZU-40,Calça Lume,Azul,40,899.0,6,0
2025-12-08,CALC-LUME-AZU-40,Calça Lume,Azul,40,899.0,3,0
2025-12-15,CALC-LUME-AZU-40,Calça Lume,Azul,40,899.0,7,0
2025-12-22,CALC-LUME-AZU-40,Calça Lume,Azul,40,899.0,6,15
2025-12-29,CALC-LUME-AZU-40,Calça Lume,Azul,40,899.0,10,5
2026-01-05,CALC-LUME-AZU-40,Calça Lume,Azul,40,899.0,7,0
2026-01-12,CALC-LUME-AZU-40,Calça Lume,Azul,40,899.0,5,27
2026-01-19,CALC-LUME-AZU-40,Calça Lume,Azul,40,899.0,10,17
2026-01-26,CALC-LUME-AZU-40,Calça Lume,Azul,40,899.0,8,9
2026-02-02,CALC-LUME-AZU-40,Calça Lume,Azul,40,899.0,6,36
2026-02-09,CALC-LUME-AZU-40,Calça Lume,Azul,40,899.0,8,28
2026-02-16,CALC-LUME-AZU-40,Calça Lume,Azul,40,899.0,10,18
2026-02-23,CALC-LUME-AZU-40,Calça Lume,Azul,40,899.0,6,12
2026-03-02,CALC-LUME-AZU-40,Calça Lume,Azul,40,899.0,9,21
2026-03-09,CALC-LUME-AZU-40,Calça Lume,Azul,40,899.0,3,18
2026-03-16,CALC-LUME-AZU-40,Calça Lume,Azul,40,899.0,2,16
2026-03-23,CALC-LUME-AZU-40,Calça Lume,Azul,40,899.0,5,11
2026-03-30,CALC-LUME-AZU-40,Calça Lume,Azul,40,899.0,4,7
2026-04-06,CALC-LUME-AZU-40,Calça Lume,Azul,40,899.0,4,26
2026-04-13,CALC-LUME-AZU-40,Calça Lume,Azul,40,899.0,2,24
2026-04-20,CALC-LUME-AZU-40,Calça Lume,Azul,40,899.0,3,21
2026-04-27,CALC-LUME-AZU-40,Calça Lume,Azul,40,899.0,10,11
2026-05-04,CALC-LUME-AZU-40,Calça Lume,Azul,40,899.0,4,7
2026-05-11,CALC-LUME-AZU-40,Calça Lume,Azul,40,899.0,2,23
2026-05-18,CALC-LUME-AZU-40,Calça Lume,Azul,40,899.0,1,22
2026-05-25,CALC-LUME-AZU-40,Calça Lume,Azul,40,899.0,1,21
2026-06-01,CALC-LUME-AZU-40,Calça Lume,Azul,40,899.0,3,18
2026-06-08,CALC-LUME-AZU-40,Calça Lume,Azul,40,899.0,5,13
2026-06-15,CALC-LUME-AZU-40,Calça Lume,Azul,40,899.0,3,10
2026-06-22,CALC-LUME-AZU-40,Calça Lume,Azul,40,899.0,2,8
2026-06-29,CALC-LUME-AZU-40,Calça Lume,Azul,40,899.0,2,6
2026-07-06,CALC-LUME-AZU-40,Calça Lume,Azul,40,899.0,2,4
2026-07-13,CALC-LUME-AZU-40,Calça Lume,Azul,40,899.0,2,2
2026-07-20,CALC-LUME-AZU-40,Calça Lume,Azul,40,899.0,4,25
2026-07-27,CALC-LUME-AZU-40,Calça Lume,Azul,40,899.0,2,23
2026-08-03,CALC-LUME-AZU-40,Calça Lume,Azul,40,899.0,5,18
2026-08-10,CALC-LUME-AZU-40,Calça Lume,Azul,40,899.0,5,13
2026-08-17,CALC-LUME-AZU-40,Calça Lume,Azul,40,899.0,1,12
2026-08-24,CALC-LUME-AZU-40,Calça Lume,Azul,40,899.0,6,6
2025-09-01,CALC-LUME-AZU-42,Calça Lume,Azul,42,899.0,0,34
2025-09-08,CALC-LUME-AZU-42,Calça Lume,Azul,42,899.0,1,33
2025-09-15,CALC-LUME-AZU-42,Calça Lume,Azul,42,899.0,0,33
2025-09-22,CALC-LUME-AZU-42,Calça Lume,Azul,42,899.0,2,31
2025-09-29,CALC-LUME-AZU-42,Calça Lume,Azul,42,899.0,2,29
2025-10-06,CALC-LUME-AZU-42,Calça Lume,Azul,42,899.0,3,26
2025-10-13,CALC-LUME-AZU-42,Calça Lume,Azul,42,899.0,4,22
2025-10-20,CALC-LUME-AZU-42,Calça Lume,Azul,42,899.0,0,22
2025-10-27,CALC-LUME-AZU-42,Calça Lume,Azul,42,899.0,4,18
2025-11-03,CALC-LUME-AZU-42,Calça Lume,Azul,42,899.0,2,16
2025-11-10,CALC-LUME-AZU-42,Calça Lume,Azul,42,899.0,1,15
2025-11-17,CALC-LUME-AZU-42,Calça Lume,Azul,42,899.0,2,13
2025-11-24,CALC-LUME-AZU-42,Calça Lume,Azul,42,899.0,1,12
2025-12-01,CALC-LUME-AZU-42,Calça Lume,Azul,42,899.0,4,8
2025-12-08,CALC-LUME-AZU-42,Calça Lume,Azul,42,899.0,3,5
2025-12-15,CALC-LUME-AZU-42,Calça Lume,Azul,42,899.0,1,34
2025-12-22,CALC-LUME-AZU-42,Calça Lume,Azul,42,899.0,0,34
2025-12-29,CALC-LUME-AZU-42,Calça Lume,Azul,42,899.0,3,31
2026-01-05,CALC-LUME-AZU-42,Calça Lume,Azul,42,899.0,4,27
2026-01-12,CALC-LUME-AZU-42,Calça Lume,Azul,42,899.0,0,27
2026-01-19,CALC-LUME-AZU-42,Calça Lume,Azul,42,899.0,1,26
2026-01-26,CALC-LUME-AZU-42,Calça Lume,Azul,42,899.0,3,23
2026-02-02,CALC-LUME-AZU-42,Calça Lume,Azul,42,899.0,2,21
2026-02-09,CALC-LUME-AZU-42,Calça Lume,Azul,42,899.0,2,19
2026-02-16,CALC-LUME-AZU-42,Calça Lume,Azul,42,899.0,5,14
2026-02-23,CALC-LUME-AZU-42,Calça Lume,Azul,42,899.0,1,13
2026-03-02,CALC-LUME-AZU-42,Calça Lume,Azul,42,899.0,3,10
2026-03-09,CALC-LUME-AZU-42,Calça Lume,Azul,42,899.0,2,8
2026-03-16,CALC-LUME-AZU-42,Calça Lume,Azul,42,899.0,0,8
2026-03-23,CALC-LUME-AZU-42,Calça Lume,Azul,42,899.0,2,6
2026-03-30,CALC-LUME-AZU-42,Calça Lume,Azul,42,899.0,1,37
2026-04-06,CALC-LUME-AZU-42,Calça Lume,Azul,42,899.0,3,34
2026-04-13,CALC-LUME-AZU-42,Calça Lume,Azul,42,899.0,2,32
2026-04-20,CALC-LUME-AZU-42,Calça Lume,Azul,42,899.0,1,31
2026-04-27,CALC-LUME-AZU-42,Calça Lume,Azul,42,899.0,1,30
2026-05-04,CALC-LUME-AZU-42,Calça Lume,Azul,42,899.0,0,30
2026-05-11,CALC-LUME-AZU-42,Calça Lume,Azul,42,899.0,0,30
2026-05-18,CALC-LUME-AZU-42,Calça Lume,Azul,42,899.0,1,29
2026-05-25,CALC-LUME-AZU-42,Calça Lume,Azul,42,899.0,1,28
2026-06-01,CALC-LUME-AZU-42,Calça Lume,Azul,42,899.0,0,28
2026-06-08,CALC-LUME-AZU-42,Calça Lume,Azul,42,899.0,0,28
2026-06-15,CALC-LUME-AZU-42,Calça Lume,Azul,42,899.0,0,28
2026-06-22,CALC-LUME-AZU-42,Calça Lume,Azul,42,899.0,1,27
2026-06-29,CALC-LUME-AZU-42,Calça Lume,Azul,42,899.0,1,26
2026-07-06,CALC-LUME-AZU-42,Calça Lume,Azul,42,899.0,0,26
2026-07-13,CALC-LUME-AZU-42,Calça Lume,Azul,42,899.0,3,23
2026-07-20,CALC-LUME-AZU-42,Calça Lume,Azul,42,899.0,0,23
2026-07-27,CALC-LUME-AZU-42,Calça Lume,Azul,42,899.0,0,23
2026-08-03,CALC-LUME-AZU-42,Calça Lume,Azul,42,899.0,2,21
2026-08-10,CALC-LUME-AZU-42,Calça Lume,Azul,42,899.0,1,20
2026-08-17,CALC-LUME-AZU-42,Calça Lume,Azul,42,899.0,1,19
2026-08-24,CALC-LUME-AZU-42,Calça Lume,Azul,42,899.0,2,17
2025-09-01,CALC-LUME-AZU-44,Calça Lume,Azul,44,899.0,1,23
2025-09-08,CALC-LUME-AZU-44,Calça Lume,Azul,44,899.0,4,19
2025-09-15,CALC-LUME-AZU-44,Calça Lume,Azul,44,899.0,0,19
2025-09-22,CALC-LUME-AZU-44,Calça Lume,Azul,44,899.0,1,18
2025-09-29,CALC-LUME-AZU-44,Calça Lume,Azul,44,899.0,0,18
2025-10-06,CALC-LUME-AZU-44,Calça Lume,Azul,44,899.0,2,16
2025-10-13,CALC-LUME-AZU-44,Calça Lume,Azul,44,899.0,1,15
2025-10-20,CALC-LUME-AZU-44,Calça Lume,Azul,44,899.0,4,11
2025-10-27,CALC-LUME-AZU-44,Calça Lume,Azul,44,899.0,3,8
2025-11-03,CALC-LUME-AZU-44,Calça Lume,Azul,44,899.0,1,7
2025-11-10,CALC-LUME-AZU-44,Calça Lume,Azul,44,899.0,5,2
2025-11-17,CALC-LUME-AZU-44,Calça Lume,Azul,44,899.0,3,18
2025-11-24,CALC-LUME-AZU-44,Calça Lume,Azul,44,899.0,1,17
2025-12-01,CALC-LUME-AZU-44,Calça Lume,Azul,44,899.0,2,15
2025-12-08,CALC-LUME-AZU-44,Calça Lume,Azul,44,899.0,0,15
2025-12-15,CALC-LUME-AZU-44,Calça Lume,Azul,44,899.0,4,11
2025-12-22,CALC-LUME-AZU-44,Calça Lume,Azul,44,899.0,5,22
2025-12-29,CALC-LUME-AZU-44,Calça Lume,Azul,44,899.0,0,22
2026-01-05,CALC-LUME-AZU-44,Calça Lume,Azul,44,899.0,1,21
2026-01-12,CALC-LUME-AZU-44,Calça Lume,Azul,44,899.0,2,19
2026-01-19,CALC-LUME-AZU-44,Calça Lume,Azul,44,899.0,2,17
2026-01-26,CALC-LUME-AZU-44,Calça Lume,Azul,44,899.0,1,16
2026-02-02,CALC-LUME-AZU-44,Calça Lume,Azul,44,899.0,1,15
2026-02-09,CALC-LUME-AZU-44,Calça Lume,Azul,44,899.0,1,14
2026-02-16,CALC-LUME-AZU-44,Calça Lume,Azul,44,899.0,3,11
2026-02-23,CALC-LUME-AZU-44,Calça Lume,Azul,44,899.0,0,11
2026-03-02,CALC-LUME-AZU-44,Calça Lume,Azul,44,899.0,0,11
2026-03-09,CALC-LUME-AZU-44,Calça Lume,Azul,44,899.0,2,9
2026-03-16,CALC-LUME-AZU-44,Calça Lume,Azul,44,899.0,1,8
2026-03-23,CALC-LUME-AZU-44,Calça Lume,Azul,44,899.0,3,5
2026-03-30,CALC-LUME-AZU-44,Calça Lume,Azul,44,899.0,1,4
2026-04-06,CALC-LUME-AZU-44,Calça Lume,Azul,44,899.0,1,3
2026-04-13,CALC-LUME-AZU-44,Calça Lume,Azul,44,899.0,2,1
2026-04-20,CALC-LUME-AZU-44,Calça Lume,Azul,44,899.0,0,34
2026-04-27,CALC-LUME-AZU-44,Calça Lume,Azul,44,899.0,0,34
2026-05-04,CALC-LUME-AZU-44,Calça Lume,Azul,44,899.0,3,31
2026-05-11,CALC-LUME-AZU-44,Calça Lume,Azul,44,899.0,2,29
2026-05-18,CALC-LUME-AZU-44,Calça Lume,Azul,44,899.0,1,28
2026-05-25,CALC-LUME-AZU-44,Calça Lume,Azul,44,899.0,0,28
2026-06-01,CALC-LUME-AZU-44,Calça Lume,Azul,44,899.0,1,27
2026-06-08,CALC-LUME-AZU-44,Calça Lume,Azul,44,899.0,4,23
2026-06-15,CALC-LUME-AZU-44,Calça Lume,Azul,44,899.0,1,22
2026-06-22,CALC-LUME-AZU-44,Calça Lume,Azul,44,899.0,2,20
2026-06-29,CALC-LUME-AZU-44,Calça Lume,Azul,44,899.0,3,17
2026-07-06,CALC-LUME-AZU-44,Calça Lume,Azul,44,899.0,0,17
2026-07-13,CALC-LUME-AZU-44,Calça Lume,Azul,44,899.0,2,15
2026-07-20,CALC-LUME-AZU-44,Calça Lume,Azul,44,899.0,0,15
2026-07-27,CALC-LUME-AZU-44,Calça Lume,Azul,44,899.0,0,15
2026-08-03,CALC-LUME-AZU-44,Calça Lume,Azul,44,899.0,3,12
2026-08-10,CALC-LUME-AZU-44,Calça Lume,Azul,44,899.0,3,9
2026-08-17,CALC-LUME-AZU-44,Calça Lume,Azul,44,899.0,4,36
2026-08-24,CALC-LUME-AZU-44,Calça Lume,Azul,44,899.0,3,33
